Y,A,A_rep,A_hid,L,Q,K,W,P,r,taua,abar,tauk,taul,WtaxRev,KtaxRev,WtaxRev_lost,KtaxRev_lost,G,lump_sum,ylbar,WtaxPct,ShelterPct,ShelterPctP99,TaxEvasionP99,ConcealPctP99,gini,p90,p99,p999,p9999,gini_total,p90_total,p99_total,p999_total,p9999_total,welfare,welfare0,approval,approval0,conceal_share_e,conceal_share_n,evasion_share_e,evasion_share_n,conceal_frac_e,conceal_frac_n,evasion_frac_e,evasion_frac_n,shelter_pct_e,shelter_pct_n,detection_rate,detection_revenue,wtax_evasion_elast
65.57643535,2.85569281,2.85569281,0.00000000,29.60403431,258.82988595,50.97257977,1.28476475,0.15411998,0.04134151,0.03217971,34.51997927,0.25000000,0.18639120,1.80054519,6.93044192,0.00000000,0.00000000,9.18235041,0.01147266,1.01512040,0.84845005,0.00000000,0.00000000,0.00000000,0.00000000,0.75107453,0.38196901,0.70909368,0.84611121,0.93507878,0.75107453,0.38196901,0.70909368,0.84611121,0.93507878,-23.24921038,-46.21376835,0.85367772,0.50626466,-nan,-nan,-nan,-nan,0.00000000,0.00000000,0.00000000,0.00000000,0.00000000,0.00000000,-nan,0.00000000,13.40503995
