Y,A,A_rep,A_hid,L,Q,K,W,P,r,taua,abar,tauk,taul,WtaxRev,KtaxRev,WtaxRev_lost,KtaxRev_lost,G,lump_sum,ylbar,WtaxPct,ShelterPct,ShelterPctP99,TaxEvasionP99,ConcealPctP99,gini,p90,p99,p999,p9999,gini_total,p90_total,p99_total,p999_total,p9999_total,welfare,welfare0,approval,approval0,conceal_share_e,conceal_share_n,evasion_share_e,evasion_share_n,conceal_frac_e,conceal_frac_n,evasion_frac_e,evasion_frac_n,shelter_pct_e,shelter_pct_n,detection_rate,detection_revenue,wtax_evasion_elast
65.60480840,2.85619008,2.85619008,0.00000000,29.61027755,259.03450372,50.99862831,1.28505166,0.15407732,0.04133452,0.03060739,32.06197166,0.25000000,0.18638563,1.78324092,6.92980661,0.00000000,0.00000000,9.18235041,0.01138181,1.01512040,0.80537839,0.00000000,0.00000000,0.00000000,0.00000000,0.75129712,0.38166925,0.70723028,0.84373819,0.93413827,0.75129712,0.38166925,0.70723028,0.84373819,0.93413827,-23.25488869,-46.22157884,0.85288774,0.50601126,-nan,-nan,-nan,-nan,0.00000000,0.00000000,0.00000000,0.00000000,0.00000000,0.00000000,-nan,0.00000000,13.50202811
