Y,A,A_rep,A_hid,L,Q,K,W,P,r,taua,abar,tauk,taul,WtaxRev,KtaxRev,WtaxRev_lost,KtaxRev_lost,G,lump_sum,ylbar,WtaxPct,ShelterPct,ShelterPctP99,TaxEvasionP99,ConcealPctP99,gini,p90,p99,p999,p9999,gini_total,p90_total,p99_total,p999_total,p9999_total,welfare,welfare0,approval,approval0,conceal_share_e,conceal_share_n,evasion_share_e,evasion_share_n,conceal_frac_e,conceal_frac_n,evasion_frac_e,evasion_frac_n,shelter_pct_e,shelter_pct_n,detection_rate,detection_revenue,wtax_evasion_elast
64.94697969,2.82846810,2.82846810,0.00000000,29.51555290,254.02838272,50.00020395,1.27625483,0.15523580,0.04222465,0.04169546,34.11158302,0.25000000,0.18647496,2.12403354,6.96436183,0.00000000,0.00000000,9.18235041,0.01295190,1.01512040,0.80941276,0.00000000,0.00000000,0.00000000,0.00000000,0.74496461,0.39142020,0.72456168,0.85640765,0.93876677,0.74496461,0.39142020,0.72456168,0.85640765,0.93876677,-23.20174201,-46.25003332,0.80478985,0.43557395,-nan,-nan,-nan,-nan,0.00000000,0.00000000,0.00000000,0.00000000,0.00000000,0.00000000,-nan,0.00000000,12.81173683
