Y,A,A_rep,A_hid,L,Q,K,W,P,r,taua,abar,tauk,taul,WtaxRev,KtaxRev,WtaxRev_lost,KtaxRev_lost,G,lump_sum,ylbar,WtaxPct,ShelterPct,ShelterPctP99,TaxEvasionP99,ConcealPctP99,gini,p90,p99,p999,p9999,gini_total,p90_total,p99_total,p999_total,p9999_total,welfare,welfare0,approval,approval0,conceal_share_e,conceal_share_n,evasion_share_e,evasion_share_n,conceal_frac_e,conceal_frac_n,evasion_frac_e,evasion_frac_n,shelter_pct_e,shelter_pct_n,detection_rate,detection_revenue,wtax_evasion_elast
73.71522239,3.12105778,2.98887258,0.13218520,30.15198345,333.40581861,65.72061412,1.41803896,0.13795177,0.02964058,0.00139183,1267.22808351,0.25000000,0.18604431,0.02295118,5.96221953,0.00946518,0.53660849,9.29156816,0.00006713,1.08952447,0.01327365,0.10033474,31.09758028,7.76173040,38.40220826,0.77605532,0.34395889,0.64402398,0.80533603,0.92065405,0.78550246,0.32939131,0.61679212,0.77557812,0.90364684,-23.72372505,-47.57930374,0.63572488,0.31959007,0.29709529,0.70290471,0.90927776,0.09072224,0.03856314,0.04418804,0.05924046,0.00346909,0.38480013,0.03165283,0.67993811,0.03836635,59.15848375
