Y,A,A_rep,A_hid,L,Q,K,W,P,r,taua,abar,tauk,taul,WtaxRev,KtaxRev,WtaxRev_lost,KtaxRev_lost,G,lump_sum,ylbar,WtaxPct,ShelterPct,ShelterPctP99,TaxEvasionP99,ConcealPctP99,gini,p90,p99,p999,p9999,gini_total,p90_total,p99_total,p999_total,p9999_total,welfare,welfare0,approval,approval0,conceal_share_e,conceal_share_n,evasion_share_e,evasion_share_n,conceal_frac_e,conceal_frac_n,evasion_frac_e,evasion_frac_n,shelter_pct_e,shelter_pct_n,detection_rate,detection_revenue,wtax_evasion_elast
65.58799220,2.85654044,2.85654044,0.00000000,29.60493266,258.91954444,51.00026979,1.28495316,0.15409923,0.04130808,0.03248784,35.50079959,0.25000000,0.18639009,1.79520914,6.92936768,0.00000000,0.00000000,9.18235041,0.01144369,1.01512040,0.64028121,0.00000000,0.00000000,0.00000000,0.00000000,0.75118204,0.38182016,0.70927680,0.84668195,0.93531197,0.75118204,0.38182016,0.70927680,0.84668195,0.93531197,-23.24957355,-46.21137852,0.85521372,0.50995681,-nan,-nan,-nan,-nan,0.00000000,0.00000000,0.00000000,0.00000000,0.00000000,0.00000000,-nan,0.00000000,13.39889904
