Y,A,A_rep,A_hid,L,Q,K,W,P,r,taua,abar,tauk,taul,WtaxRev,KtaxRev,WtaxRev_lost,KtaxRev_lost,G,lump_sum,ylbar,WtaxPct,ShelterPct,ShelterPctP99,TaxEvasionP99,ConcealPctP99,gini,p90,p99,p999,p9999,gini_total,p90_total,p99_total,p999_total,p9999_total,welfare,welfare0,approval,approval0,conceal_share_e,conceal_share_n,evasion_share_e,evasion_share_n,conceal_frac_e,conceal_frac_n,evasion_frac_e,evasion_frac_n,shelter_pct_e,shelter_pct_n,detection_rate,detection_revenue,wtax_evasion_elast
65.59364914,2.85683564,2.85683564,0.00000000,29.60552473,258.96506824,51.00997640,1.28503838,0.15408817,0.04129860,0.03255649,35.95275015,0.25000000,0.18638900,1.79168346,6.92901993,0.00000000,0.00000000,9.18235041,0.01142224,1.01512040,0.64327647,0.00000000,0.00000000,0.00000000,0.00000000,0.75122320,0.38173552,0.70924619,0.84682324,0.93538659,0.75122320,0.38173552,0.70924619,0.84682324,0.93538659,-23.25021635,-46.21158933,0.85536639,0.50998983,-nan,-nan,-nan,-nan,0.00000000,0.00000000,0.00000000,0.00000000,0.00000000,0.00000000,-nan,0.00000000,13.38908395
