Y,A,A_rep,A_hid,L,Q,K,W,P,r,taua,abar,tauk,taul,WtaxRev,KtaxRev,WtaxRev_lost,KtaxRev_lost,G,lump_sum,ylbar,WtaxPct,ShelterPct,ShelterPctP99,TaxEvasionP99,ConcealPctP99,gini,p90,p99,p999,p9999,gini_total,p90_total,p99_total,p999_total,p9999_total,welfare,welfare0,approval,approval0,conceal_share_e,conceal_share_n,evasion_share_e,evasion_share_n,conceal_frac_e,conceal_frac_n,evasion_frac_e,evasion_frac_n,shelter_pct_e,shelter_pct_n,detection_rate,detection_revenue,wtax_evasion_elast
65.12237407,2.83833441,2.83833441,0.00000000,29.53750370,255.32349939,50.35839528,1.27876907,0.15494671,0.04181742,0.04629324,48.48633612,0.25000000,0.18643372,2.01079053,6.95184877,0.00000000,0.00000000,9.18235041,0.01220293,1.01512040,0.42509521,0.00000000,0.00000000,0.00000000,0.00000000,0.74672966,0.38839350,0.72396053,0.86323705,0.94205957,0.74672966,0.38839350,0.72396053,0.86323705,0.94205957,-23.23841785,-46.28322229,0.80385688,0.43423996,-nan,-nan,-nan,-nan,0.00000000,0.00000000,0.00000000,0.00000000,0.00000000,0.00000000,-nan,0.00000000,12.62678362
