Y,A,A_rep,A_hid,L,Q,K,W,P,r,taua,abar,tauk,taul,WtaxRev,KtaxRev,WtaxRev_lost,KtaxRev_lost,G,lump_sum,ylbar,WtaxPct,ShelterPct,ShelterPctP99,TaxEvasionP99,ConcealPctP99,gini,p90,p99,p999,p9999,gini_total,p90_total,p99_total,p999_total,p9999_total,welfare,welfare0,approval,approval0,conceal_share_e,conceal_share_n,evasion_share_e,evasion_share_n,conceal_frac_e,conceal_frac_n,evasion_frac_e,evasion_frac_n,shelter_pct_e,shelter_pct_n,detection_rate,detection_revenue,wtax_evasion_elast
73.47434737,3.10980653,2.91403886,0.19576767,30.12099253,331.12980237,65.40348509,1.41478467,0.13834335,0.02976065,0.01343013,986.14887378,0.25000000,0.18607102,0.18694138,5.92283545,0.14833082,0.54302774,9.29156816,0.00088708,1.08952447,0.01405669,0.10453984,39.58852194,8.73302568,55.47431900,0.77026351,0.35288676,0.66209863,0.83010654,0.93929746,0.78468209,0.33067193,0.62046565,0.78238188,0.91065150,-23.70234241,-47.56881835,0.69888824,0.35523603,0.26061381,0.73938619,0.77868485,0.22131515,0.05021399,0.06913300,0.06310013,0.01062674,0.39170264,0.03520666,0.67019811,0.04763782,31.24259338
