Y,A,A_rep,A_hid,L,Q,K,W,P,r,taua,abar,tauk,taul,WtaxRev,KtaxRev,WtaxRev_lost,KtaxRev_lost,G,lump_sum,ylbar,WtaxPct,ShelterPct,ShelterPctP99,TaxEvasionP99,ConcealPctP99,gini,p90,p99,p999,p9999,gini_total,p90_total,p99_total,p999_total,p9999_total,welfare,welfare0,approval,approval0,conceal_share_e,conceal_share_n,evasion_share_e,evasion_share_n,conceal_frac_e,conceal_frac_n,evasion_frac_e,evasion_frac_n,shelter_pct_e,shelter_pct_n,detection_rate,detection_revenue,wtax_evasion_elast
65.42684198,2.84831777,2.84831777,0.00000000,29.58479153,257.69029306,50.71341289,1.28267356,0.15438102,0.04159931,0.03304354,31.95269295,0.25000000,0.18641055,1.87776043,6.93956585,0.00000000,0.00000000,9.18235041,0.01184629,1.01512040,0.79346057,0.00000000,0.00000000,0.00000000,0.00000000,0.74958975,0.38429738,0.71155988,0.84649446,0.93511813,0.74958975,0.38429738,0.71155988,0.84649446,0.93511813,-23.23731996,-46.22366032,0.83845053,0.47196513,-nan,-nan,-nan,-nan,0.00000000,0.00000000,0.00000000,0.00000000,0.00000000,0.00000000,-nan,0.00000000,13.34285913
