Y,A,A_rep,A_hid,L,Q,K,W,P,r,taua,abar,tauk,taul,WtaxRev,KtaxRev,WtaxRev_lost,KtaxRev_lost,G,lump_sum,ylbar,WtaxPct,ShelterPct,ShelterPctP99,TaxEvasionP99,ConcealPctP99,gini,p90,p99,p999,p9999,gini_total,p90_total,p99_total,p999_total,p9999_total,welfare,welfare0,approval,approval0,conceal_share_e,conceal_share_n,evasion_share_e,evasion_share_n,conceal_frac_e,conceal_frac_n,evasion_frac_e,evasion_frac_n,shelter_pct_e,shelter_pct_n,detection_rate,detection_revenue,wtax_evasion_elast
65.62660078,2.85803959,2.85803959,0.00000000,29.61074923,259.21545029,51.05625077,1.28545940,0.15403182,0.04126184,0.03170792,34.97425869,0.25000000,0.18638477,1.77478766,6.92745837,0.00000000,0.00000000,9.18235041,0.01134571,1.01512040,0.86020799,0.00000000,0.00000000,0.00000000,0.00000000,0.75158583,0.38122245,0.70805043,0.84566992,0.93493035,0.75158583,0.38122245,0.70805043,0.84566992,0.93493035,-23.25376293,-46.21227273,0.85821294,0.51015419,-nan,-nan,-nan,-nan,0.00000000,0.00000000,0.00000000,0.00000000,0.00000000,0.00000000,-nan,0.00000000,13.44427633
