Y,A,A_rep,A_hid,L,Q,K,W,P,r,taua,abar,tauk,taul,WtaxRev,KtaxRev,WtaxRev_lost,KtaxRev_lost,G,lump_sum,ylbar,WtaxPct,ShelterPct,ShelterPctP99,TaxEvasionP99,ConcealPctP99,gini,p90,p99,p999,p9999,gini_total,p90_total,p99_total,p999_total,p9999_total,welfare,welfare0,approval,approval0,conceal_share_e,conceal_share_n,evasion_share_e,evasion_share_n,conceal_frac_e,conceal_frac_n,evasion_frac_e,evasion_frac_n,shelter_pct_e,shelter_pct_n,detection_rate,detection_revenue,wtax_evasion_elast
66.17549943,2.88349501,2.88349501,0.00000000,29.68788304,263.35267647,51.98982047,1.29283377,0.15312121,0.04037199,0.03000000,57.53964345,0.25000000,0.18628929,1.46021178,6.89580817,0.00000000,0.00000000,9.18235041,0.00950939,1.01512040,0.39723797,0.00000000,0.00000000,0.00000000,0.00000000,0.75665496,0.37314784,0.69762804,0.84594574,0.93569613,0.75665496,0.37314784,0.69762804,0.84594574,0.93569613,-23.33740012,-46.26750217,0.89941546,0.65798922,-nan,-nan,-nan,-nan,0.00000000,0.00000000,0.00000000,0.00000000,0.00000000,0.00000000,-nan,0.00000000,13.65675172
