Y,A,A_rep,A_hid,L,Q,K,W,P,r,taua,abar,tauk,taul,WtaxRev,KtaxRev,WtaxRev_lost,KtaxRev_lost,G,lump_sum,ylbar,WtaxPct,ShelterPct,ShelterPctP99,TaxEvasionP99,ConcealPctP99,gini,p90,p99,p999,p9999,gini_total,p90_total,p99_total,p999_total,p9999_total,welfare,welfare0,approval,approval0,conceal_share_e,conceal_share_n,evasion_share_e,evasion_share_n,conceal_frac_e,conceal_frac_n,evasion_frac_e,evasion_frac_n,shelter_pct_e,shelter_pct_n,detection_rate,detection_revenue,wtax_evasion_elast
65.61175882,2.85756866,2.85756866,0.00000000,29.60802904,259.10114592,51.03659148,1.28527717,0.15405684,0.04127558,0.03232552,36.07630082,0.25000000,0.18638661,1.78189057,6.92809560,0.00000000,0.00000000,9.18235041,0.01137114,1.01512040,0.64530492,0.00000000,0.00000000,0.00000000,0.00000000,0.75140854,0.38148215,0.70879351,0.84657746,0.93530542,0.75140854,0.38148215,0.70879351,0.84657746,0.93530542,-23.25249793,-46.21290643,0.85602128,0.51003254,-nan,-nan,-nan,-nan,0.00000000,0.00000000,0.00000000,0.00000000,0.00000000,0.00000000,-nan,0.00000000,13.40002163
