Y,A,A_rep,A_hid,L,Q,K,W,P,r,taua,abar,tauk,taul,WtaxRev,KtaxRev,WtaxRev_lost,KtaxRev_lost,G,lump_sum,ylbar,WtaxPct,ShelterPct,ShelterPctP99,TaxEvasionP99,ConcealPctP99,gini,p90,p99,p999,p9999,gini_total,p90_total,p99_total,p999_total,p9999_total,welfare,welfare0,approval,approval0,conceal_share_e,conceal_share_n,evasion_share_e,evasion_share_n,conceal_frac_e,conceal_frac_n,evasion_frac_e,evasion_frac_n,shelter_pct_e,shelter_pct_n,detection_rate,detection_revenue,wtax_evasion_elast
65.57936596,2.85607426,2.85607426,0.00000000,29.60345676,258.83473694,50.98149756,1.28480414,0.15411856,0.04132623,0.03254564,35.20437268,0.25000000,0.18639135,1.80152909,6.93036330,0.00000000,0.00000000,9.18235041,0.01147874,1.01512040,0.63763365,0.00000000,0.00000000,0.00000000,0.00000000,0.75109515,0.38194211,0.70944344,0.84668595,0.93531131,0.75109515,0.38194211,0.70944344,0.84668595,0.93531131,-23.24850077,-46.21161717,0.85380836,0.50707538,-nan,-nan,-nan,-nan,0.00000000,0.00000000,0.00000000,0.00000000,0.00000000,0.00000000,-nan,0.00000000,13.39270113
