Y,A,A_rep,A_hid,L,Q,K,W,P,r,taua,abar,tauk,taul,WtaxRev,KtaxRev,WtaxRev_lost,KtaxRev_lost,G,lump_sum,ylbar,WtaxPct,ShelterPct,ShelterPctP99,TaxEvasionP99,ConcealPctP99,gini,p90,p99,p999,p9999,gini_total,p90_total,p99_total,p999_total,p9999_total,welfare,welfare0,approval,approval0,conceal_share_e,conceal_share_n,evasion_share_e,evasion_share_n,conceal_frac_e,conceal_frac_n,evasion_frac_e,evasion_frac_n,shelter_pct_e,shelter_pct_n,detection_rate,detection_revenue,wtax_evasion_elast
65.25685628,2.83968632,2.83968632,0.00000000,29.56352841,256.38435950,50.41413340,1.28025278,0.15468425,0.04190286,0.03379241,28.74928699,0.25000000,0.18643452,1.96635946,6.95014688,0.00000000,0.00000000,9.18235041,0.01228733,1.01512040,1.09621143,0.00000000,0.00000000,0.00000000,0.00000000,0.74781456,0.38712544,0.71361854,0.84647508,0.93498215,0.74781456,0.38712544,0.71361854,0.84647508,0.93498215,-23.22205810,-46.23304509,0.82522118,0.45741426,-nan,-nan,-nan,-nan,0.00000000,0.00000000,0.00000000,0.00000000,0.00000000,0.00000000,-nan,0.00000000,13.31826929
