Y,A,A_rep,A_hid,L,Q,K,W,P,r,taua,abar,tauk,taul,WtaxRev,KtaxRev,WtaxRev_lost,KtaxRev_lost,G,lump_sum,ylbar,WtaxPct,ShelterPct,ShelterPctP99,TaxEvasionP99,ConcealPctP99,gini,p90,p99,p999,p9999,gini_total,p90_total,p99_total,p999_total,p9999_total,welfare,welfare0,approval,approval0,conceal_share_e,conceal_share_n,evasion_share_e,evasion_share_n,conceal_frac_e,conceal_frac_n,evasion_frac_e,evasion_frac_n,shelter_pct_e,shelter_pct_n,detection_rate,detection_revenue,wtax_evasion_elast
65.54615111,2.85462282,2.85462282,0.00000000,29.59892088,258.59072037,50.92414407,1.28435755,0.15417265,0.04138357,0.03279429,34.79224286,0.25000000,0.18639691,1.81766851,6.93249686,0.00000000,0.00000000,9.18235041,0.01156054,1.01512040,0.85270155,0.00000000,0.00000000,0.00000000,0.00000000,0.75074182,0.38259051,0.71006122,0.84689539,0.93538238,0.75074182,0.38259051,0.71006122,0.84689539,0.93538238,-23.24496360,-46.21231092,0.85125113,0.50125197,-nan,-nan,-nan,-nan,0.00000000,0.00000000,0.00000000,0.00000000,0.00000000,0.00000000,-nan,0.00000000,13.37261605
