Y,A,A_rep,A_hid,L,Q,K,W,P,r,taua,abar,tauk,taul,WtaxRev,KtaxRev,WtaxRev_lost,KtaxRev_lost,G,lump_sum,ylbar,WtaxPct,ShelterPct,ShelterPctP99,TaxEvasionP99,ConcealPctP99,gini,p90,p99,p999,p9999,gini_total,p90_total,p99_total,p999_total,p9999_total,welfare,welfare0,approval,approval0,conceal_share_e,conceal_share_n,evasion_share_e,evasion_share_n,conceal_frac_e,conceal_frac_n,evasion_frac_e,evasion_frac_n,shelter_pct_e,shelter_pct_n,detection_rate,detection_revenue,wtax_evasion_elast
65.70003102,2.86079608,2.86079608,0.00000000,29.62265654,259.76105665,51.16319461,1.28637710,0.15391222,0.04117273,0.03005941,33.77726853,0.25000000,0.18637331,1.73377780,6.92406595,0.00000000,0.00000000,9.18235041,0.01113211,1.01512040,0.83897560,0.00000000,0.00000000,0.00000000,0.00000000,0.75222898,0.38019718,0.70562322,0.84348054,0.93412714,0.75222898,0.38019718,0.70562322,0.84348054,0.93412714,-23.26352749,-46.21851915,0.86431947,0.51957567,-nan,-nan,-nan,-nan,0.00000000,0.00000000,0.00000000,0.00000000,0.00000000,0.00000000,-nan,0.00000000,13.53007305
