Y,A,A_rep,A_hid,L,Q,K,W,P,r,taua,abar,tauk,taul,WtaxRev,KtaxRev,WtaxRev_lost,KtaxRev_lost,G,lump_sum,ylbar,WtaxPct,ShelterPct,ShelterPctP99,TaxEvasionP99,ConcealPctP99,gini,p90,p99,p999,p9999,gini_total,p90_total,p99_total,p999_total,p9999_total,welfare,welfare0,approval,approval0,conceal_share_e,conceal_share_n,evasion_share_e,evasion_share_n,conceal_frac_e,conceal_frac_n,evasion_frac_e,evasion_frac_n,shelter_pct_e,shelter_pct_n,detection_rate,detection_revenue,wtax_evasion_elast
65.55525460,2.85519640,2.85519640,0.00000000,29.60015503,258.66967814,50.94770926,1.28451256,0.15415551,0.04135625,0.03299406,35.61888004,0.25000000,0.18639411,1.81176960,6.93129384,0.00000000,0.00000000,9.18235041,0.01152040,1.01512040,0.63933791,0.00000000,0.00000000,0.00000000,0.00000000,0.75087982,0.38233341,0.71010041,0.84726947,0.93554804,0.75087982,0.38233341,0.71010041,0.84726947,0.93554804,-23.24710346,-46.21319209,0.85180889,0.50624145,-nan,-nan,-nan,-nan,0.00000000,0.00000000,0.00000000,0.00000000,0.00000000,0.00000000,-nan,0.00000000,13.36575872
