Y,A,A_rep,A_hid,L,Q,K,W,P,r,taua,abar,tauk,taul,WtaxRev,KtaxRev,WtaxRev_lost,KtaxRev_lost,G,lump_sum,ylbar,WtaxPct,ShelterPct,ShelterPctP99,TaxEvasionP99,ConcealPctP99,gini,p90,p99,p999,p9999,gini_total,p90_total,p99_total,p999_total,p9999_total,welfare,welfare0,approval,approval0,conceal_share_e,conceal_share_n,evasion_share_e,evasion_share_n,conceal_frac_e,conceal_frac_n,evasion_frac_e,evasion_frac_n,shelter_pct_e,shelter_pct_n,detection_rate,detection_revenue,wtax_evasion_elast
65.58869849,2.85659622,2.85659622,0.00000000,29.60478381,258.92468524,51.00012970,1.28496504,0.15409706,0.04130868,0.03256335,35.74200605,0.25000000,0.18638980,1.79478379,6.92941520,0.00000000,0.00000000,9.18235041,0.01144208,1.01512040,0.64170725,0.00000000,0.00000000,0.00000000,0.00000000,0.75117281,0.38181123,0.70937046,0.84681404,0.93537961,0.75117281,0.38181123,0.70937046,0.84681404,0.93537961,-23.24934002,-46.21082786,0.85532181,0.50995691,-nan,-nan,-nan,-nan,0.00000000,0.00000000,0.00000000,0.00000000,0.00000000,0.00000000,-nan,0.00000000,13.39007216
