Y,A,A_rep,A_hid,L,Q,K,W,P,r,taua,abar,tauk,taul,WtaxRev,KtaxRev,WtaxRev_lost,KtaxRev_lost,G,lump_sum,ylbar,WtaxPct,ShelterPct,ShelterPctP99,TaxEvasionP99,ConcealPctP99,gini,p90,p99,p999,p9999,gini_total,p90_total,p99_total,p999_total,p9999_total,welfare,welfare0,approval,approval0,conceal_share_e,conceal_share_n,evasion_share_e,evasion_share_n,conceal_frac_e,conceal_frac_n,evasion_frac_e,evasion_frac_n,shelter_pct_e,shelter_pct_n,detection_rate,detection_revenue,wtax_evasion_elast
73.38807356,3.10852426,2.87792147,0.23060279,30.12329045,329.74140601,65.64110012,1.41302880,0.13870585,0.02937942,0.02000000,936.71981469,0.25000000,0.18606602,0.20424287,5.89879570,0.28919434,0.54428035,9.29156816,0.00072635,1.08952447,0.01313956,0.10811185,66.10855822,11.98771313,53.72760993,0.76882237,0.35537484,0.66932269,0.84253183,0.95092271,0.78592646,0.32901171,0.61972850,0.78459322,0.91450822,-23.76101356,-47.68543050,0.41707554,0.03424769,0.30689256,0.69310744,0.72437661,0.27562339,0.06939815,0.07652056,0.07003110,0.01590584,0.40416605,0.03663190,0.66013826,0.07050425,38.06818742
