Y,A,A_rep,A_hid,L,Q,K,W,P,r,taua,abar,tauk,taul,WtaxRev,KtaxRev,WtaxRev_lost,KtaxRev_lost,G,lump_sum,ylbar,WtaxPct,ShelterPct,ShelterPctP99,TaxEvasionP99,ConcealPctP99,gini,p90,p99,p999,p9999,gini_total,p90_total,p99_total,p999_total,p9999_total,welfare,welfare0,approval,approval0,conceal_share_e,conceal_share_n,evasion_share_e,evasion_share_n,conceal_frac_e,conceal_frac_n,evasion_frac_e,evasion_frac_n,shelter_pct_e,shelter_pct_n,detection_rate,detection_revenue,wtax_evasion_elast
65.72809379,2.86217013,2.86217013,0.00000000,29.62660344,259.97422928,51.21328079,1.28676256,0.15386524,0.04112301,0.03000000,34.50550736,0.25000000,0.18636775,1.71871508,6.92221984,0.00000000,0.00000000,9.18235041,0.01103988,1.01512040,0.85413622,0.00000000,0.00000000,0.00000000,0.00000000,0.75254451,0.37966626,0.70531534,0.84357946,0.93418067,0.75254451,0.37966626,0.70531534,0.84357946,0.93418067,-23.26837937,-46.22158084,0.86596114,0.52004130,-nan,-nan,-nan,-nan,0.00000000,0.00000000,0.00000000,0.00000000,0.00000000,0.00000000,-nan,0.00000000,13.54792391
