Y,A,A_rep,A_hid,L,Q,K,W,P,r,taua,abar,tauk,taul,WtaxRev,KtaxRev,WtaxRev_lost,KtaxRev_lost,G,lump_sum,ylbar,WtaxPct,ShelterPct,ShelterPctP99,TaxEvasionP99,ConcealPctP99,gini,p90,p99,p999,p9999,gini_total,p90_total,p99_total,p999_total,p9999_total,welfare,welfare0,approval,approval0,conceal_share_e,conceal_share_n,evasion_share_e,evasion_share_n,conceal_frac_e,conceal_frac_n,evasion_frac_e,evasion_frac_n,shelter_pct_e,shelter_pct_n,detection_rate,detection_revenue,wtax_evasion_elast
73.68940331,3.11946556,2.97078020,0.14868536,30.14836528,333.12526283,65.67849901,1.41763648,0.13799989,0.02965907,0.00316211,1376.74741399,0.25000000,0.18604854,0.04483243,5.95437131,0.02316024,0.53480366,9.29156816,0.00017056,1.08952447,0.01123094,0.10049683,31.17243097,7.83789898,44.41156695,0.77468778,0.34607314,0.64808656,0.81080687,0.92605898,0.78538882,0.32957800,0.61723962,0.77652029,0.90470182,-23.72111773,-47.57805931,0.68350651,0.33160907,0.28415274,0.71584726,0.89501177,0.10498823,0.04149760,0.05065125,0.05945555,0.00409991,0.38427841,0.03198002,0.67912170,0.04024676,55.24997993
