Y,A,A_rep,A_hid,L,Q,K,W,P,r,taua,abar,tauk,taul,WtaxRev,KtaxRev,WtaxRev_lost,KtaxRev_lost,G,lump_sum,ylbar,WtaxPct,ShelterPct,ShelterPctP99,TaxEvasionP99,ConcealPctP99,gini,p90,p99,p999,p9999,gini_total,p90_total,p99_total,p999_total,p9999_total,welfare,welfare0,approval,approval0,conceal_share_e,conceal_share_n,evasion_share_e,evasion_share_n,conceal_frac_e,conceal_frac_n,evasion_frac_e,evasion_frac_n,shelter_pct_e,shelter_pct_n,detection_rate,detection_revenue,wtax_evasion_elast
65.54507716,2.85476212,2.85476212,0.00000000,29.59851832,258.59697386,50.93263446,1.28439004,0.15417121,0.04136947,0.03341249,36.39624232,0.25000000,0.18639517,1.81597201,6.93161287,0.00000000,0.00000000,9.18235041,0.01153097,1.01512040,0.64437313,0.00000000,0.00000000,0.00000000,0.00000000,0.75077852,0.38243050,0.71057188,0.84787600,0.93581014,0.75077852,0.38243050,0.71057188,0.84787600,0.93581014,-23.24704409,-46.21499957,0.85109918,0.50167714,-nan,-nan,-nan,-nan,0.00000000,0.00000000,0.00000000,0.00000000,0.00000000,0.00000000,-nan,0.00000000,13.33211617
