Y,A,A_rep,A_hid,L,Q,K,W,P,r,taua,abar,tauk,taul,WtaxRev,KtaxRev,WtaxRev_lost,KtaxRev_lost,G,lump_sum,ylbar,WtaxPct,ShelterPct,ShelterPctP99,TaxEvasionP99,ConcealPctP99,gini,p90,p99,p999,p9999,gini_total,p90_total,p99_total,p999_total,p9999_total,welfare,welfare0,approval,approval0,conceal_share_e,conceal_share_n,evasion_share_e,evasion_share_n,conceal_frac_e,conceal_frac_n,evasion_frac_e,evasion_frac_n,shelter_pct_e,shelter_pct_n,detection_rate,detection_revenue,wtax_evasion_elast
65.53909275,2.85387072,2.85387072,0.00000000,29.59902830,258.54858862,50.90749232,1.28425190,0.15418324,0.04140633,0.03243489,33.96185399,0.25000000,0.18639668,1.82026608,6.93269319,0.00000000,0.00000000,9.18235041,0.01157317,1.01512040,0.83478082,0.00000000,0.00000000,0.00000000,0.00000000,0.75067199,0.38264884,0.70977582,0.84629384,0.93512250,0.75067199,0.38264884,0.70977582,0.84629384,0.93512250,-23.24514338,-46.21439283,0.85078504,0.50100177,-nan,-nan,-nan,-nan,0.00000000,0.00000000,0.00000000,0.00000000,0.00000000,0.00000000,-nan,0.00000000,13.37795498
