Y,A,A_rep,A_hid,L,Q,K,W,P,r,taua,abar,tauk,taul,WtaxRev,KtaxRev,WtaxRev_lost,KtaxRev_lost,G,lump_sum,ylbar,WtaxPct,ShelterPct,ShelterPctP99,TaxEvasionP99,ConcealPctP99,gini,p90,p99,p999,p9999,gini_total,p90_total,p99_total,p999_total,p9999_total,welfare,welfare0,approval,approval0,conceal_share_e,conceal_share_n,evasion_share_e,evasion_share_n,conceal_frac_e,conceal_frac_n,evasion_frac_e,evasion_frac_n,shelter_pct_e,shelter_pct_n,detection_rate,detection_revenue,wtax_evasion_elast
65.70674039,2.86159850,2.86159850,0.00000000,29.62228430,259.81817613,51.18450565,1.28652096,0.15389700,0.04114379,0.03082250,35.80036705,0.25000000,0.18637269,1.73037120,6.92309788,0.00000000,0.00000000,9.18235041,0.01110551,1.01512040,0.64836757,0.00000000,0.00000000,0.00000000,0.00000000,0.75237155,0.37993634,0.70622916,0.84478343,0.93465307,0.75237155,0.37993634,0.70622916,0.84478343,0.93465307,-23.26466244,-46.21710634,0.86598756,0.52046759,-nan,-nan,-nan,-nan,0.00000000,0.00000000,0.00000000,0.00000000,0.00000000,0.00000000,-nan,0.00000000,13.50015642
