Y,A,A_rep,A_hid,L,Q,K,W,P,r,taua,abar,tauk,taul,WtaxRev,KtaxRev,WtaxRev_lost,KtaxRev_lost,G,lump_sum,ylbar,WtaxPct,ShelterPct,ShelterPctP99,TaxEvasionP99,ConcealPctP99,gini,p90,p99,p999,p9999,gini_total,p90_total,p99_total,p999_total,p9999_total,welfare,welfare0,approval,approval0,conceal_share_e,conceal_share_n,evasion_share_e,evasion_share_n,conceal_frac_e,conceal_frac_n,evasion_frac_e,evasion_frac_n,shelter_pct_e,shelter_pct_n,detection_rate,detection_revenue,wtax_evasion_elast
65.60258136,2.85706456,2.85706456,0.00000000,29.60727339,259.03028664,51.02129799,1.28513975,0.15407450,0.04129093,0.03209904,35.04208165,0.25000000,0.18638838,1.78746740,6.92867714,0.00000000,0.00000000,9.18235041,0.01140836,1.01512040,0.86101501,0.00000000,0.00000000,0.00000000,0.00000000,0.75132744,0.38157804,0.70874543,0.84615755,0.93510369,0.75132744,0.38157804,0.70874543,0.84615755,0.93510369,-23.25099447,-46.21165049,0.85588187,0.50985683,-nan,-nan,-nan,-nan,0.00000000,0.00000000,0.00000000,0.00000000,0.00000000,0.00000000,-nan,0.00000000,13.42757386
