Y,A,A_rep,A_hid,L,Q,K,W,P,r,taua,abar,tauk,taul,WtaxRev,KtaxRev,WtaxRev_lost,KtaxRev_lost,G,lump_sum,ylbar,WtaxPct,ShelterPct,ShelterPctP99,TaxEvasionP99,ConcealPctP99,gini,p90,p99,p999,p9999,gini_total,p90_total,p99_total,p999_total,p9999_total,welfare,welfare0,approval,approval0,conceal_share_e,conceal_share_n,evasion_share_e,evasion_share_n,conceal_frac_e,conceal_frac_n,evasion_frac_e,evasion_frac_n,shelter_pct_e,shelter_pct_n,detection_rate,detection_revenue,wtax_evasion_elast
65.38727394,2.84345753,2.84345753,0.00000000,29.58762365,257.35566451,50.57159211,1.28178547,0.15446945,0.04180138,0.03000000,25.42429666,0.25000000,0.18640162,1.88346109,6.94543304,0.00000000,0.00000000,9.18235041,0.01181229,1.01512040,0.97743551,0.00000000,0.00000000,0.00000000,0.00000000,0.74878047,0.38562740,0.70721948,0.84120485,0.93296970,0.74878047,0.38562740,0.70721948,0.84120485,0.93296970,-23.24716462,-46.26275661,0.82428179,0.45880019,-nan,-nan,-nan,-nan,0.00000000,0.00000000,0.00000000,0.00000000,0.00000000,0.00000000,-nan,0.00000000,13.70139320
