Y,A,A_rep,A_hid,L,Q,K,W,P,r,taua,abar,tauk,taul,WtaxRev,KtaxRev,WtaxRev_lost,KtaxRev_lost,G,lump_sum,ylbar,WtaxPct,ShelterPct,ShelterPctP99,TaxEvasionP99,ConcealPctP99,gini,p90,p99,p999,p9999,gini_total,p90_total,p99_total,p999_total,p9999_total,welfare,welfare0,approval,approval0,conceal_share_e,conceal_share_n,evasion_share_e,evasion_share_n,conceal_frac_e,conceal_frac_n,evasion_frac_e,evasion_frac_n,shelter_pct_e,shelter_pct_n,detection_rate,detection_revenue,wtax_evasion_elast
73.45057420,3.10982159,2.90199180,0.20782979,30.12254885,330.71457866,65.52280690,1.41431282,0.13846109,0.02959323,0.01538365,999.37908037,0.25000000,0.18606837,0.18644717,5.91839488,0.18739790,0.53862260,9.29156816,0.00086242,1.08952447,0.01341342,0.10444268,47.29350456,9.80746255,54.22976226,0.76989741,0.35356780,0.66433576,0.83441303,0.94439624,0.78523165,0.32993881,0.61999651,0.78307865,0.91214574,-23.71960466,-47.60037999,0.60837303,0.27849694,0.28231105,0.71768895,0.76444290,0.23555710,0.05765509,0.07129295,0.06486963,0.01187240,0.39040065,0.03540040,0.67042964,0.05745490,35.74728636
