Y,A,A_rep,A_hid,L,Q,K,W,P,r,taua,abar,tauk,taul,WtaxRev,KtaxRev,WtaxRev_lost,KtaxRev_lost,G,lump_sum,ylbar,WtaxPct,ShelterPct,ShelterPctP99,TaxEvasionP99,ConcealPctP99,gini,p90,p99,p999,p9999,gini_total,p90_total,p99_total,p999_total,p9999_total,welfare,welfare0,approval,approval0,conceal_share_e,conceal_share_n,evasion_share_e,evasion_share_n,conceal_frac_e,conceal_frac_n,evasion_frac_e,evasion_frac_n,shelter_pct_e,shelter_pct_n,detection_rate,detection_revenue,wtax_evasion_elast
65.18365557,2.83122539,2.83122539,0.00000000,29.56758497,255.78726501,50.14594690,1.27865028,0.15483678,0.04229161,0.03000000,22.17579150,0.25000000,0.18641511,1.97326805,6.96092418,0.00000000,0.00000000,9.18235041,0.01217185,1.01512040,1.40411856,0.00000000,0.00000000,0.00000000,0.00000000,0.74631322,0.38960489,0.70749111,0.83969845,0.93230126,0.74631322,0.38960489,0.70749111,0.83969845,0.93230126,-23.24351291,-46.30775080,0.80125598,0.43457983,-nan,-nan,-nan,-nan,0.00000000,0.00000000,0.00000000,0.00000000,0.00000000,0.00000000,-nan,0.00000000,13.80643366
