Y,A,A_rep,A_hid,L,Q,K,W,P,r,taua,abar,tauk,taul,WtaxRev,KtaxRev,WtaxRev_lost,KtaxRev_lost,G,lump_sum,ylbar,WtaxPct,ShelterPct,ShelterPctP99,TaxEvasionP99,ConcealPctP99,gini,p90,p99,p999,p9999,gini_total,p90_total,p99_total,p999_total,p9999_total,welfare,welfare0,approval,approval0,conceal_share_e,conceal_share_n,evasion_share_e,evasion_share_n,conceal_frac_e,conceal_frac_n,evasion_frac_e,evasion_frac_n,shelter_pct_e,shelter_pct_n,detection_rate,detection_revenue,wtax_evasion_elast
65.57112518,2.85573510,2.85573510,0.00000000,29.60280998,258.79714280,50.97433475,1.28473249,0.15412741,0.04133237,0.03274188,35.50497129,0.25000000,0.18639129,1.80418966,6.93010839,0.00000000,0.00000000,9.18235041,0.01148048,1.01512040,0.63917247,0.00000000,0.00000000,0.00000000,0.00000000,0.75100937,0.38221752,0.70972449,0.84696742,0.93542425,0.75100937,0.38221752,0.70972449,0.84696742,0.93542425,-23.24852308,-46.21258656,0.85339497,0.50667878,-nan,-nan,-nan,-nan,0.00000000,0.00000000,0.00000000,0.00000000,0.00000000,0.00000000,-nan,0.00000000,13.38408090
