Y,A,A_rep,A_hid,L,Q,K,W,P,r,taua,abar,tauk,taul,WtaxRev,KtaxRev,WtaxRev_lost,KtaxRev_lost,G,lump_sum,ylbar,WtaxPct,ShelterPct,ShelterPctP99,TaxEvasionP99,ConcealPctP99,gini,p90,p99,p999,p9999,gini_total,p90_total,p99_total,p999_total,p9999_total,welfare,welfare0,approval,approval0,conceal_share_e,conceal_share_n,evasion_share_e,evasion_share_n,conceal_frac_e,conceal_frac_n,evasion_frac_e,evasion_frac_n,shelter_pct_e,shelter_pct_n,detection_rate,detection_revenue,wtax_evasion_elast
65.58366788,2.85637908,2.85637908,0.00000000,29.60380608,258.88474685,50.99152012,1.28489944,0.15410536,0.04131634,0.03275048,36.03802752,0.25000000,0.18639074,1.79763774,6.92975137,0.00000000,0.00000000,9.18235041,0.01145495,1.01512040,0.64345967,0.00000000,0.00000000,0.00000000,0.00000000,0.75111519,0.38186292,0.70952152,0.84706540,0.93548886,0.75111519,0.38186292,0.70952152,0.84706540,0.93548886,-23.24869350,-46.21080194,0.85489898,0.50714643,-nan,-nan,-nan,-nan,0.00000000,0.00000000,0.00000000,0.00000000,0.00000000,0.00000000,-nan,0.00000000,13.37269214
