Y,A,A_rep,A_hid,L,Q,K,W,P,r,taua,abar,tauk,taul,WtaxRev,KtaxRev,WtaxRev_lost,KtaxRev_lost,G,lump_sum,ylbar,WtaxPct,ShelterPct,ShelterPctP99,TaxEvasionP99,ConcealPctP99,gini,p90,p99,p999,p9999,gini_total,p90_total,p99_total,p999_total,p9999_total,welfare,welfare0,approval,approval0,conceal_share_e,conceal_share_n,evasion_share_e,evasion_share_n,conceal_frac_e,conceal_frac_n,evasion_frac_e,evasion_frac_n,shelter_pct_e,shelter_pct_n,detection_rate,detection_revenue,wtax_evasion_elast
66.27052810,2.88773399,2.88773399,0.00000000,29.70253923,264.05227740,52.15884255,1.29406163,0.15297656,0.04020918,0.03000000,64.65577387,0.25000000,0.18627338,1.40275282,6.89022744,0.00000000,0.00000000,9.18235041,0.00914757,1.01512040,0.41837120,0.00000000,0.00000000,0.00000000,0.00000000,0.75755397,0.37165266,0.69562157,0.84623873,0.93595473,0.75755397,0.37165266,0.69562157,0.84623873,0.93595473,-23.35679836,-46.28687521,0.90603217,0.81753851,-nan,-nan,-nan,-nan,0.00000000,0.00000000,0.00000000,0.00000000,0.00000000,0.00000000,-nan,0.00000000,13.69832684
