Y,A,A_rep,A_hid,L,Q,K,W,P,r,taua,abar,tauk,taul,WtaxRev,KtaxRev,WtaxRev_lost,KtaxRev_lost,G,lump_sum,ylbar,WtaxPct,ShelterPct,ShelterPctP99,TaxEvasionP99,ConcealPctP99,gini,p90,p99,p999,p9999,gini_total,p90_total,p99_total,p999_total,p9999_total,welfare,welfare0,approval,approval0,conceal_share_e,conceal_share_n,evasion_share_e,evasion_share_n,conceal_frac_e,conceal_frac_n,evasion_frac_e,evasion_frac_n,shelter_pct_e,shelter_pct_n,detection_rate,detection_revenue,wtax_evasion_elast
65.78472580,2.86506545,2.86506545,0.00000000,29.63367552,260.40589805,51.31202869,1.28755508,0.15376697,0.04102537,0.03014155,37.27010778,0.25000000,0.18635850,1.68519712,6.91875859,0.00000000,0.00000000,9.18235041,0.01084382,1.01512040,0.66223391,0.00000000,0.00000000,0.00000000,0.00000000,0.75308328,0.37876936,0.70462167,0.84420037,0.93448870,0.75308328,0.37876936,0.70462167,0.84420037,0.93448870,-23.27635694,-46.22597767,0.86909604,0.52823742,-nan,-nan,-nan,-nan,0.00000000,0.00000000,0.00000000,0.00000000,0.00000000,0.00000000,-nan,0.00000000,13.54594086
