Y,A,A_rep,A_hid,L,Q,K,W,P,r,taua,abar,tauk,taul,WtaxRev,KtaxRev,WtaxRev_lost,KtaxRev_lost,G,lump_sum,ylbar,WtaxPct,ShelterPct,ShelterPctP99,TaxEvasionP99,ConcealPctP99,gini,p90,p99,p999,p9999,gini_total,p90_total,p99_total,p999_total,p9999_total,welfare,welfare0,approval,approval0,conceal_share_e,conceal_share_n,evasion_share_e,evasion_share_n,conceal_frac_e,conceal_frac_n,evasion_frac_e,evasion_frac_n,shelter_pct_e,shelter_pct_n,detection_rate,detection_revenue,wtax_evasion_elast
65.55637442,2.85465374,2.85465374,0.00000000,29.60167666,258.67902513,50.93633311,1.28448116,0.15415460,0.04137908,0.03228104,34.14461556,0.25000000,0.18639277,1.81106111,6.93162605,0.00000000,0.00000000,9.18235041,0.01151614,1.01512040,0.83880821,0.00000000,0.00000000,0.00000000,0.00000000,0.75079803,0.38236949,0.70948856,0.84616337,0.93508141,0.75079803,0.38236949,0.70948856,0.84616337,0.93508141,-23.24756992,-46.21583256,0.85102446,0.50107842,-nan,-nan,-nan,-nan,0.00000000,0.00000000,0.00000000,0.00000000,0.00000000,0.00000000,-nan,0.00000000,13.39386594
