Y,A,A_rep,A_hid,L,Q,K,W,P,r,taua,abar,tauk,taul,WtaxRev,KtaxRev,WtaxRev_lost,KtaxRev_lost,G,lump_sum,ylbar,WtaxPct,ShelterPct,ShelterPctP99,TaxEvasionP99,ConcealPctP99,gini,p90,p99,p999,p9999,gini_total,p90_total,p99_total,p999_total,p9999_total,welfare,welfare0,approval,approval0,conceal_share_e,conceal_share_n,evasion_share_e,evasion_share_n,conceal_frac_e,conceal_frac_n,evasion_frac_e,evasion_frac_n,shelter_pct_e,shelter_pct_n,detection_rate,detection_revenue,wtax_evasion_elast
65.53553368,2.85340473,2.85340473,0.00000000,29.59929597,258.51513450,50.89297713,1.28416292,0.15419192,0.04142690,0.03200952,33.00833005,0.25000000,0.18639679,1.82162124,6.93345597,0.00000000,0.00000000,9.18235041,0.01158301,1.01512040,0.81702224,0.00000000,0.00000000,0.00000000,0.00000000,0.75062929,0.38264887,0.70933492,0.84553636,0.93480455,0.75062929,0.38264887,0.70933492,0.84553636,0.93480455,-23.24559800,-46.21662611,0.84996686,0.49950761,-nan,-nan,-nan,-nan,0.00000000,0.00000000,0.00000000,0.00000000,0.00000000,0.00000000,-nan,0.00000000,13.39597933
