Y,A,A_rep,A_hid,L,Q,K,W,P,r,taua,abar,tauk,taul,WtaxRev,KtaxRev,WtaxRev_lost,KtaxRev_lost,G,lump_sum,ylbar,WtaxPct,ShelterPct,ShelterPctP99,TaxEvasionP99,ConcealPctP99,gini,p90,p99,p999,p9999,gini_total,p90_total,p99_total,p999_total,p9999_total,welfare,welfare0,approval,approval0,conceal_share_e,conceal_share_n,evasion_share_e,evasion_share_n,conceal_frac_e,conceal_frac_n,evasion_frac_e,evasion_frac_n,shelter_pct_e,shelter_pct_n,detection_rate,detection_revenue,wtax_evasion_elast
73.42282453,3.10978912,2.89735257,0.21243655,30.12407238,330.24192753,65.60938835,1.41370789,0.13858731,0.02945831,0.02000000,1176.24378520,0.25000000,0.18606666,0.18146179,5.91623087,0.24099185,0.53797170,9.29156816,0.00076662,1.08952447,0.01050011,0.10535380,57.83436303,11.26880047,52.25257602,0.77007210,0.35335359,0.66491093,0.83619134,0.94905662,0.78573603,0.32921523,0.61954977,0.78352432,0.91345240,-23.74315267,-47.64729322,0.47075829,0.06879658,0.30841970,0.69158030,0.74828097,0.25171903,0.06428597,0.07027504,0.06787553,0.01359907,0.39625777,0.03511734,0.66743525,0.06520910,36.62588928
