Y,A,A_rep,A_hid,L,Q,K,W,P,r,taua,abar,tauk,taul,WtaxRev,KtaxRev,WtaxRev_lost,KtaxRev_lost,G,lump_sum,ylbar,WtaxPct,ShelterPct,ShelterPctP99,TaxEvasionP99,ConcealPctP99,gini,p90,p99,p999,p9999,gini_total,p90_total,p99_total,p999_total,p9999_total,welfare,welfare0,approval,approval0,conceal_share_e,conceal_share_n,evasion_share_e,evasion_share_n,conceal_frac_e,conceal_frac_n,evasion_frac_e,evasion_frac_n,shelter_pct_e,shelter_pct_n,detection_rate,detection_revenue,wtax_evasion_elast
73.50730050,3.11115371,2.90913267,0.20202104,30.12556992,331.38532584,65.46224435,1.41516733,0.13830557,0.02972262,0.01136947,884.05309962,0.25000000,0.18606768,0.17354675,5.91661232,0.13569681,0.54363561,9.29156816,0.00074761,1.08952447,0.01585077,0.10512834,38.93897284,8.68759694,55.95155822,0.76996115,0.35334826,0.66291147,0.83095857,0.93836476,0.78485389,0.33040379,0.61991328,0.78152698,0.90979801,-23.70904409,-47.57849293,0.66973065,0.33410789,0.25744418,0.74255582,0.78953259,0.21046741,0.05116154,0.07161886,0.06297512,0.00994238,0.39330072,0.03555141,0.66787925,0.04757624,34.72975254
