Y,A,A_rep,A_hid,L,Q,K,W,P,r,taua,abar,tauk,taul,WtaxRev,KtaxRev,WtaxRev_lost,KtaxRev_lost,G,lump_sum,ylbar,WtaxPct,ShelterPct,ShelterPctP99,TaxEvasionP99,ConcealPctP99,gini,p90,p99,p999,p9999,gini_total,p90_total,p99_total,p999_total,p9999_total,welfare,welfare0,approval,approval0,conceal_share_e,conceal_share_n,evasion_share_e,evasion_share_n,conceal_frac_e,conceal_frac_n,evasion_frac_e,evasion_frac_n,shelter_pct_e,shelter_pct_n,detection_rate,detection_revenue,wtax_evasion_elast
66.05348615,2.87916211,2.87916211,0.00000000,29.67337671,262.29691696,51.87654863,1.29108743,0.15339324,0.04040280,0.04137079,94.05934526,0.25000000,0.18628653,1.49230038,6.90110809,0.00000000,0.00000000,9.18235041,0.00940299,1.01512040,0.24433511,0.00000000,0.00000000,0.00000000,0.00000000,0.75560040,0.37457326,0.70220697,0.85941087,0.94197402,0.75560040,0.37457326,0.70220697,0.85941087,0.94197402,-23.36255713,-46.34077734,0.84080075,0.47427682,-nan,-nan,-nan,-nan,0.00000000,0.00000000,0.00000000,0.00000000,0.00000000,0.00000000,-nan,0.00000000,13.07563016
