Y,A,A_rep,A_hid,L,Q,K,W,P,r,taua,abar,tauk,taul,WtaxRev,KtaxRev,WtaxRev_lost,KtaxRev_lost,G,lump_sum,ylbar,WtaxPct,ShelterPct,ShelterPctP99,TaxEvasionP99,ConcealPctP99,gini,p90,p99,p999,p9999,gini_total,p90_total,p99_total,p999_total,p9999_total,welfare,welfare0,approval,approval0,conceal_share_e,conceal_share_n,evasion_share_e,evasion_share_n,conceal_frac_e,conceal_frac_n,evasion_frac_e,evasion_frac_n,shelter_pct_e,shelter_pct_n,detection_rate,detection_revenue,wtax_evasion_elast
64.97407953,2.83234573,2.83234573,0.00000000,29.51759422,254.14575269,50.15273710,1.27669979,0.15523609,0.04198256,0.05024903,50.38379079,0.25000000,0.18644901,2.07734233,6.95947815,0.00000000,0.00000000,9.18235041,0.01241500,1.01512040,0.42784940,0.00000000,0.00000000,0.00000000,0.00000000,0.74540194,0.39042922,0.72796314,0.86716906,0.94366746,0.74540194,0.39042922,0.72796314,0.86716906,0.94366746,-23.23992428,-46.31822400,0.79163176,0.41986397,-nan,-nan,-nan,-nan,0.00000000,0.00000000,0.00000000,0.00000000,0.00000000,0.00000000,-nan,0.00000000,12.39871540
