Y,A,A_rep,A_hid,L,Q,K,W,P,r,taua,abar,tauk,taul,WtaxRev,KtaxRev,WtaxRev_lost,KtaxRev_lost,G,lump_sum,ylbar,WtaxPct,ShelterPct,ShelterPctP99,TaxEvasionP99,ConcealPctP99,gini,p90,p99,p999,p9999,gini_total,p90_total,p99_total,p999_total,p9999_total,welfare,welfare0,approval,approval0,conceal_share_e,conceal_share_n,evasion_share_e,evasion_share_n,conceal_frac_e,conceal_frac_n,evasion_frac_e,evasion_frac_n,shelter_pct_e,shelter_pct_n,detection_rate,detection_revenue,wtax_evasion_elast
65.56337550,2.85501561,2.85501561,0.00000000,29.60243175,258.73157582,50.94712559,1.28457784,0.15414194,0.04136892,0.03217778,34.15144214,0.25000000,0.18639290,1.80716843,6.93132774,0.00000000,0.00000000,9.18235041,0.01150588,1.01512040,0.83909012,0.00000000,0.00000000,0.00000000,0.00000000,0.75087464,0.38226433,0.70925772,0.84603027,0.93502898,0.75087464,0.38226433,0.70925772,0.84603027,0.93502898,-23.24742348,-46.21395049,0.85264193,0.50614890,-nan,-nan,-nan,-nan,0.00000000,0.00000000,0.00000000,0.00000000,0.00000000,0.00000000,-nan,0.00000000,13.40023224
