Y,A,A_rep,A_hid,L,Q,K,W,P,r,taua,abar,tauk,taul,WtaxRev,KtaxRev,WtaxRev_lost,KtaxRev_lost,G,lump_sum,ylbar,WtaxPct,ShelterPct,ShelterPctP99,TaxEvasionP99,ConcealPctP99,gini,p90,p99,p999,p9999,gini_total,p90_total,p99_total,p999_total,p9999_total,welfare,welfare0,approval,approval0,conceal_share_e,conceal_share_n,evasion_share_e,evasion_share_n,conceal_frac_e,conceal_frac_n,evasion_frac_e,evasion_frac_n,shelter_pct_e,shelter_pct_n,detection_rate,detection_revenue,wtax_evasion_elast
65.58346379,2.85630623,2.85630623,0.00000000,29.60446656,258.88537553,50.99321918,1.28488962,0.15410752,0.04131477,0.03252387,35.37764133,0.25000000,0.18639010,1.79816533,6.92958780,0.00000000,0.00000000,9.18235041,0.01145414,1.01512040,0.63903695,0.00000000,0.00000000,0.00000000,0.00000000,0.75112939,0.38187984,0.70939141,0.84669484,0.93531718,0.75112939,0.38187984,0.70939141,0.84669484,0.93531718,-23.24938543,-46.21202351,0.85462464,0.50707538,-nan,-nan,-nan,-nan,0.00000000,0.00000000,0.00000000,0.00000000,0.00000000,0.00000000,-nan,0.00000000,13.39732435
