Y,A,A_rep,A_hid,L,Q,K,W,P,r,taua,abar,tauk,taul,WtaxRev,KtaxRev,WtaxRev_lost,KtaxRev_lost,G,lump_sum,ylbar,WtaxPct,ShelterPct,ShelterPctP99,TaxEvasionP99,ConcealPctP99,gini,p90,p99,p999,p9999,gini_total,p90_total,p99_total,p999_total,p9999_total,welfare,welfare0,approval,approval0,conceal_share_e,conceal_share_n,evasion_share_e,evasion_share_n,conceal_frac_e,conceal_frac_n,evasion_frac_e,evasion_frac_n,shelter_pct_e,shelter_pct_n,detection_rate,detection_revenue,wtax_evasion_elast
65.58677063,2.85660050,2.85660050,0.00000000,29.60449039,258.91469293,51.00189931,1.28495561,0.15409983,0.04130398,0.03305129,37.06878037,0.25000000,0.18638773,1.79399007,6.92915260,0.00000000,0.00000000,9.18235041,0.01140934,1.01512040,0.65111023,0.00000000,0.00000000,0.00000000,0.00000000,0.75112197,0.38196929,0.70969134,0.84755588,0.93571386,0.75112197,0.38196929,0.70969134,0.84755588,0.93571386,-23.25168068,-46.21591382,0.85328893,0.50632010,-nan,-nan,-nan,-nan,0.00000000,0.00000000,0.00000000,0.00000000,0.00000000,0.00000000,-nan,0.00000000,13.35027700
