Y,A,A_rep,A_hid,L,Q,K,W,P,r,taua,abar,tauk,taul,WtaxRev,KtaxRev,WtaxRev_lost,KtaxRev_lost,G,lump_sum,ylbar,WtaxPct,ShelterPct,ShelterPctP99,TaxEvasionP99,ConcealPctP99,gini,p90,p99,p999,p9999,gini_total,p90_total,p99_total,p999_total,p9999_total,welfare,welfare0,approval,approval0,conceal_share_e,conceal_share_n,evasion_share_e,evasion_share_n,conceal_frac_e,conceal_frac_n,evasion_frac_e,evasion_frac_n,shelter_pct_e,shelter_pct_n,detection_rate,detection_revenue,wtax_evasion_elast
65.31770030,2.84283394,2.84283394,0.00000000,29.57129913,256.84790125,50.52327230,1.28111285,0.15457766,0.04179025,0.03329334,29.19495288,0.25000000,0.18642662,1.93646545,6.94647906,0.00000000,0.00000000,9.18235041,0.01215407,1.01512040,1.12220308,0.00000000,0.00000000,0.00000000,0.00000000,0.74848769,0.38604543,0.71275877,0.84611540,0.93486534,0.74848769,0.38604543,0.71275877,0.84611540,0.93486534,-23.22656094,-46.22665619,0.82945920,0.46183751,-nan,-nan,-nan,-nan,0.00000000,0.00000000,0.00000000,0.00000000,0.00000000,0.00000000,-nan,0.00000000,13.35538741
