Y,A,A_rep,A_hid,L,Q,K,W,P,r,taua,abar,tauk,taul,WtaxRev,KtaxRev,WtaxRev_lost,KtaxRev_lost,G,lump_sum,ylbar,WtaxPct,ShelterPct,ShelterPctP99,TaxEvasionP99,ConcealPctP99,gini,p90,p99,p999,p9999,gini_total,p90_total,p99_total,p999_total,p9999_total,welfare,welfare0,approval,approval0,conceal_share_e,conceal_share_n,evasion_share_e,evasion_share_n,conceal_frac_e,conceal_frac_n,evasion_frac_e,evasion_frac_n,shelter_pct_e,shelter_pct_n,detection_rate,detection_revenue,wtax_evasion_elast
65.58669609,2.85646650,2.85646650,0.00000000,29.60483129,258.91096348,50.99836403,1.28493608,0.15410133,0.04131001,0.03247193,35.41144951,0.25000000,0.18639077,1.79588324,6.92945852,0.00000000,0.00000000,9.18235041,0.01144965,1.01512040,0.63950898,0.00000000,0.00000000,0.00000000,0.00000000,0.75116931,0.38184589,0.70926518,0.84664308,0.93529985,0.75116931,0.38184589,0.70926518,0.84664308,0.93529985,-23.24921870,-46.21081497,0.85529390,0.50995681,-nan,-nan,-nan,-nan,0.00000000,0.00000000,0.00000000,0.00000000,0.00000000,0.00000000,-nan,0.00000000,13.40007012
