Y,A,A_rep,A_hid,L,Q,K,W,P,r,taua,abar,tauk,taul,WtaxRev,KtaxRev,WtaxRev_lost,KtaxRev_lost,G,lump_sum,ylbar,WtaxPct,ShelterPct,ShelterPctP99,TaxEvasionP99,ConcealPctP99,gini,p90,p99,p999,p9999,gini_total,p90_total,p99_total,p999_total,p9999_total,welfare,welfare0,approval,approval0,conceal_share_e,conceal_share_n,evasion_share_e,evasion_share_n,conceal_frac_e,conceal_frac_n,evasion_frac_e,evasion_frac_n,shelter_pct_e,shelter_pct_n,detection_rate,detection_revenue,wtax_evasion_elast
73.45402782,3.11024928,2.90398781,0.20626147,30.12517693,330.65076159,65.56733334,1.41423713,0.13848950,0.02954169,0.01669044,1139.46783340,0.25000000,0.18606515,0.17496031,5.91780522,0.19204771,0.53983159,9.29156816,0.00074483,1.08952447,0.01122099,0.10460249,50.11244513,10.27018652,52.92473148,0.77021239,0.35317211,0.66369399,0.83386643,0.94569995,0.78540823,0.32975090,0.61973994,0.78299594,0.91241046,-23.73245997,-47.62561909,0.51674608,0.15380201,0.29274002,0.70725998,0.76772042,0.23227958,0.05930038,0.06973166,0.06567183,0.01180734,0.39272875,0.03503670,0.67179161,0.06041402,36.55537526
