Y,A,A_rep,A_hid,L,Q,K,W,P,r,taua,abar,tauk,taul,WtaxRev,KtaxRev,WtaxRev_lost,KtaxRev_lost,G,lump_sum,ylbar,WtaxPct,ShelterPct,ShelterPctP99,TaxEvasionP99,ConcealPctP99,gini,p90,p99,p999,p9999,gini_total,p90_total,p99_total,p999_total,p9999_total,welfare,welfare0,approval,approval0,conceal_share_e,conceal_share_n,evasion_share_e,evasion_share_n,conceal_frac_e,conceal_frac_n,evasion_frac_e,evasion_frac_n,shelter_pct_e,shelter_pct_n,detection_rate,detection_revenue,wtax_evasion_elast
73.57543497,3.11414630,2.93865043,0.17549587,30.13376257,332.09171101,65.52087693,1.41614427,0.13817396,0.02972814,0.00990280,1376.74741399,0.25000000,0.18605914,0.11869733,5.93596054,0.08161824,0.53958585,9.29156816,0.00052499,1.08952447,0.00993556,0.10229889,33.35054570,8.44241273,52.70856430,0.77210040,0.35005208,0.65604460,0.82155374,0.93548143,0.78490279,0.33032510,0.61912017,0.77969769,0.90826308,-23.71116107,-47.57451680,0.69408083,0.33652376,0.26835312,0.73164688,0.83675594,0.16324406,0.04631688,0.06122061,0.06139714,0.00707195,0.38795148,0.03333034,0.67861095,0.04481860,34.69287268
