Y,A,A_rep,A_hid,L,Q,K,W,P,r,taua,abar,tauk,taul,WtaxRev,KtaxRev,WtaxRev_lost,KtaxRev_lost,G,lump_sum,ylbar,WtaxPct,ShelterPct,ShelterPctP99,TaxEvasionP99,ConcealPctP99,gini,p90,p99,p999,p9999,gini_total,p90_total,p99_total,p999_total,p9999_total,welfare,welfare0,approval,approval0,conceal_share_e,conceal_share_n,evasion_share_e,evasion_share_n,conceal_frac_e,conceal_frac_n,evasion_frac_e,evasion_frac_n,shelter_pct_e,shelter_pct_n,detection_rate,detection_revenue,wtax_evasion_elast
65.28894166,2.84575846,2.84575846,0.00000000,29.56093256,256.56505675,50.63123670,1.28100259,0.15466352,0.04155456,0.04601078,55.51249022,0.25000000,0.18640605,1.91704890,6.94277658,0.00000000,0.00000000,9.18235041,0.01169920,1.01512040,0.46700928,0.00000000,0.00000000,0.00000000,0.00000000,0.74833231,0.38578226,0.72040979,0.86344735,0.94241311,0.74833231,0.38578226,0.72040979,0.86344735,0.94241311,-23.26044096,-46.29185319,0.80848567,0.43604275,-nan,-nan,-nan,-nan,0.00000000,0.00000000,0.00000000,0.00000000,0.00000000,0.00000000,-nan,0.00000000,12.65848202
