Y,A,A_rep,A_hid,L,Q,K,W,P,r,taua,abar,tauk,taul,WtaxRev,KtaxRev,WtaxRev_lost,KtaxRev_lost,G,lump_sum,ylbar,WtaxPct,ShelterPct,ShelterPctP99,TaxEvasionP99,ConcealPctP99,gini,p90,p99,p999,p9999,gini_total,p90_total,p99_total,p999_total,p9999_total,welfare,welfare0,approval,approval0,conceal_share_e,conceal_share_n,evasion_share_e,evasion_share_n,conceal_frac_e,conceal_frac_n,evasion_frac_e,evasion_frac_n,shelter_pct_e,shelter_pct_n,detection_rate,detection_revenue,wtax_evasion_elast
65.81932815,2.86698071,2.86698071,0.00000000,29.63766025,260.67387973,51.37739979,1.28806076,0.15370572,0.04095751,0.03054598,39.91388714,0.25000000,0.18635134,1.66399643,6.91636817,0.00000000,0.00000000,9.18235041,0.01070418,1.01512040,0.68538186,0.00000000,0.00000000,0.00000000,0.00000000,0.75338692,0.37828924,0.70442149,0.84506804,0.93487977,0.75338692,0.37828924,0.70442149,0.84506804,0.93487977,-23.28234426,-46.23127890,0.87021409,0.53048059,-nan,-nan,-nan,-nan,0.00000000,0.00000000,0.00000000,0.00000000,0.00000000,0.00000000,-nan,0.00000000,13.53634205
