Y,A,A_rep,A_hid,L,Q,K,W,P,r,taua,abar,tauk,taul,WtaxRev,KtaxRev,WtaxRev_lost,KtaxRev_lost,G,lump_sum,ylbar,WtaxPct,ShelterPct,ShelterPctP99,TaxEvasionP99,ConcealPctP99,gini,p90,p99,p999,p9999,gini_total,p90_total,p99_total,p999_total,p9999_total,welfare,welfare0,approval,approval0,conceal_share_e,conceal_share_n,evasion_share_e,evasion_share_n,conceal_frac_e,conceal_frac_n,evasion_frac_e,evasion_frac_n,shelter_pct_e,shelter_pct_n,detection_rate,detection_revenue,wtax_evasion_elast
64.83183260,2.81521311,2.81521311,0.00000000,29.51785808,253.15546315,49.57151574,1.27390144,0.15544250,0.04285794,0.03407202,21.88970664,0.25000000,0.18646036,2.15350742,6.98077066,0.00000000,0.00000000,9.18235041,0.01299208,1.01512040,1.33608856,0.00000000,0.00000000,0.00000000,0.00000000,0.74259926,0.39530904,0.71524880,0.84402850,0.93376165,0.74259926,0.39530904,0.71524880,0.84402850,0.93376165,-23.21478707,-46.32689852,0.78609287,0.41609715,-nan,-nan,-nan,-nan,0.00000000,0.00000000,0.00000000,0.00000000,0.00000000,0.00000000,-nan,0.00000000,13.55896334
