Y,A,A_rep,A_hid,L,Q,K,W,P,r,taua,abar,tauk,taul,WtaxRev,KtaxRev,WtaxRev_lost,KtaxRev_lost,G,lump_sum,ylbar,WtaxPct,ShelterPct,ShelterPctP99,TaxEvasionP99,ConcealPctP99,gini,p90,p99,p999,p9999,gini_total,p90_total,p99_total,p999_total,p9999_total,welfare,welfare0,approval,approval0,conceal_share_e,conceal_share_n,evasion_share_e,evasion_share_n,conceal_frac_e,conceal_frac_n,evasion_frac_e,evasion_frac_n,shelter_pct_e,shelter_pct_n,detection_rate,detection_revenue,wtax_evasion_elast
73.52059465,3.11176908,2.93435386,0.17741521,30.12701610,331.58126583,65.44509694,1.41540137,0.13826181,0.02976070,0.01322816,1376.74741399,0.25000000,0.18606534,0.15042214,5.93042177,0.10939002,0.54652660,9.29156816,0.00068831,1.08952447,0.00959833,0.10321876,35.01103197,8.79733701,52.49994883,0.77170175,0.35069063,0.65747477,0.82373390,0.93732754,0.78467660,0.33069627,0.62003672,0.78125832,0.90985421,-23.70723280,-47.57467364,0.68919465,0.33239717,0.26903485,0.73096515,0.81242112,0.18757888,0.04697154,0.06188401,0.06270754,0.00856298,0.39077356,0.03379094,0.68183455,0.04693052,29.96393119
