Y,A,A_rep,A_hid,L,Q,K,W,P,r,taua,abar,tauk,taul,WtaxRev,KtaxRev,WtaxRev_lost,KtaxRev_lost,G,lump_sum,ylbar,WtaxPct,ShelterPct,ShelterPctP99,TaxEvasionP99,ConcealPctP99,gini,p90,p99,p999,p9999,gini_total,p90_total,p99_total,p999_total,p9999_total,welfare,welfare0,approval,approval0,conceal_share_e,conceal_share_n,evasion_share_e,evasion_share_n,conceal_frac_e,conceal_frac_n,evasion_frac_e,evasion_frac_n,shelter_pct_e,shelter_pct_n,detection_rate,detection_revenue,wtax_evasion_elast
65.64686045,2.85902939,2.85902939,0.00000000,29.61342712,259.36425420,51.09039588,1.28572959,0.15399851,0.04122823,0.03156565,35.35971861,0.25000000,0.18638192,1.76368273,6.92638470,0.00000000,0.00000000,9.18235041,0.01128545,1.01512040,0.64218207,0.00000000,0.00000000,0.00000000,0.00000000,0.75177284,0.38093706,0.70774260,0.84557591,0.93490872,0.75177284,0.38093706,0.70774260,0.84557591,0.93490872,-23.25611259,-46.21330691,0.85958873,0.51655288,-nan,-nan,-nan,-nan,0.00000000,0.00000000,0.00000000,0.00000000,0.00000000,0.00000000,-nan,0.00000000,13.45617231
