Y,A,A_rep,A_hid,L,Q,K,W,P,r,taua,abar,tauk,taul,WtaxRev,KtaxRev,WtaxRev_lost,KtaxRev_lost,G,lump_sum,ylbar,WtaxPct,ShelterPct,ShelterPctP99,TaxEvasionP99,ConcealPctP99,gini,p90,p99,p999,p9999,gini_total,p90_total,p99_total,p999_total,p9999_total,welfare,welfare0,approval,approval0,conceal_share_e,conceal_share_n,evasion_share_e,evasion_share_n,conceal_frac_e,conceal_frac_n,evasion_frac_e,evasion_frac_n,shelter_pct_e,shelter_pct_n,detection_rate,detection_revenue,wtax_evasion_elast
65.58147996,2.85634879,2.85634879,0.00000000,29.60360757,258.86786594,50.98883004,1.28486756,0.15410972,0.04131838,0.03268442,35.77134551,0.25000000,0.18639083,1.79869837,6.92992870,0.00000000,0.00000000,9.18235041,0.01146226,1.01512040,0.64161410,0.00000000,0.00000000,0.00000000,0.00000000,0.75109869,0.38205618,0.70958388,0.84696367,0.93543927,0.75109869,0.38205618,0.70958388,0.84696367,0.93543927,-23.24837817,-46.21065783,0.85480643,0.50711351,-nan,-nan,-nan,-nan,0.00000000,0.00000000,0.00000000,0.00000000,0.00000000,0.00000000,-nan,0.00000000,13.38249197
