Y,A,A_rep,A_hid,L,Q,K,W,P,r,taua,abar,tauk,taul,WtaxRev,KtaxRev,WtaxRev_lost,KtaxRev_lost,G,lump_sum,ylbar,WtaxPct,ShelterPct,ShelterPctP99,TaxEvasionP99,ConcealPctP99,gini,p90,p99,p999,p9999,gini_total,p90_total,p99_total,p999_total,p9999_total,welfare,welfare0,approval,approval0,conceal_share_e,conceal_share_n,evasion_share_e,evasion_share_n,conceal_frac_e,conceal_frac_n,evasion_frac_e,evasion_frac_n,shelter_pct_e,shelter_pct_n,detection_rate,detection_revenue,wtax_evasion_elast
65.51432949,2.85326421,2.85326421,0.00000000,29.59467556,258.37104417,50.88255076,1.28397680,0.15422309,0.04141824,0.03339802,35.02772445,0.25000000,0.18640025,1.83422751,6.93324033,0.00000000,0.00000000,9.18235041,0.01163121,1.01512040,0.85768934,0.00000000,0.00000000,0.00000000,0.00000000,0.75049879,0.38288291,0.71099150,0.84766649,0.93567939,0.75049879,0.38288291,0.71099150,0.84766649,0.93567939,-23.24294686,-46.21331960,0.84936029,0.49975639,-nan,-nan,-nan,-nan,0.00000000,0.00000000,0.00000000,0.00000000,0.00000000,0.00000000,-nan,0.00000000,13.34783924
