Y,A,A_rep,A_hid,L,Q,K,W,P,r,taua,abar,tauk,taul,WtaxRev,KtaxRev,WtaxRev_lost,KtaxRev_lost,G,lump_sum,ylbar,WtaxPct,ShelterPct,ShelterPctP99,TaxEvasionP99,ConcealPctP99,gini,p90,p99,p999,p9999,gini_total,p90_total,p99_total,p999_total,p9999_total,welfare,welfare0,approval,approval0,conceal_share_e,conceal_share_n,evasion_share_e,evasion_share_n,conceal_frac_e,conceal_frac_n,evasion_frac_e,evasion_frac_n,shelter_pct_e,shelter_pct_n,detection_rate,detection_revenue,wtax_evasion_elast
65.48430983,2.85567961,2.85567961,0.00000000,29.59607310,257.81291820,51.06484033,1.28331015,0.15445040,0.04104878,0.05465682,87.39257690,0.25000000,0.18635300,1.77154157,6.93039077,0.00000000,0.00000000,9.18235041,0.01062007,1.01512040,0.22106571,0.00000000,0.00000000,0.00000000,0.00000000,0.75057490,0.38204312,0.71677587,0.87198680,0.94718218,0.75057490,0.38204312,0.71677587,0.87198680,0.94718218,-23.33578593,-46.39824577,0.78876031,0.42087300,-nan,-nan,-nan,-nan,0.00000000,0.00000000,0.00000000,0.00000000,0.00000000,0.00000000,-nan,0.00000000,12.33414679
