Y,A,A_rep,A_hid,L,Q,K,W,P,r,taua,abar,tauk,taul,WtaxRev,KtaxRev,WtaxRev_lost,KtaxRev_lost,G,lump_sum,ylbar,WtaxPct,ShelterPct,ShelterPctP99,TaxEvasionP99,ConcealPctP99,gini,p90,p99,p999,p9999,gini_total,p90_total,p99_total,p999_total,p9999_total,welfare,welfare0,approval,approval0,conceal_share_e,conceal_share_n,evasion_share_e,evasion_share_n,conceal_frac_e,conceal_frac_n,evasion_frac_e,evasion_frac_n,shelter_pct_e,shelter_pct_n,detection_rate,detection_revenue,wtax_evasion_elast
64.86800218,2.81177201,2.81177201,0.00000000,29.53932182,253.34219922,49.48774147,1.27368814,0.15542621,0.04306712,0.03000000,17.98232703,0.25000000,0.18644737,2.11752359,6.98494153,0.00000000,0.00000000,9.18235041,0.01279064,1.01512040,1.91390010,0.00000000,0.00000000,0.00000000,0.00000000,0.74244934,0.39559052,0.70636661,0.83718049,0.93117734,0.74244934,0.39559052,0.70636661,0.83718049,0.93117734,-23.23525387,-46.37754636,0.77490277,0.40783018,-nan,-nan,-nan,-nan,0.00000000,0.00000000,0.00000000,0.00000000,0.00000000,0.00000000,-nan,0.00000000,14.10016514
