Y,A,A_rep,A_hid,L,Q,K,W,P,r,taua,abar,tauk,taul,WtaxRev,KtaxRev,WtaxRev_lost,KtaxRev_lost,G,lump_sum,ylbar,WtaxPct,ShelterPct,ShelterPctP99,TaxEvasionP99,ConcealPctP99,gini,p90,p99,p999,p9999,gini_total,p90_total,p99_total,p999_total,p9999_total,welfare,welfare0,approval,approval0,conceal_share_e,conceal_share_n,evasion_share_e,evasion_share_n,conceal_frac_e,conceal_frac_n,evasion_frac_e,evasion_frac_n,shelter_pct_e,shelter_pct_n,detection_rate,detection_revenue,wtax_evasion_elast
73.44261413,3.11048558,2.90734860,0.20313698,30.12487416,330.45139138,65.60053933,1.41399652,0.13853971,0.02948708,0.02000000,1321.75813817,0.25000000,0.18606667,0.16914867,5.92439031,0.21716692,0.53616580,9.29156816,0.00076410,1.08952447,0.00912070,0.10476850,54.19292421,10.91406348,50.80643252,0.77073124,0.35231880,0.66266309,0.83297134,0.94739373,0.78566199,0.32930986,0.61944616,0.78302349,0.91295987,-23.73777650,-47.63516385,0.49303477,0.09732755,0.31034798,0.68965202,0.76201951,0.23798049,0.06186836,0.06698256,0.06697588,0.01244541,0.39536721,0.03460575,0.66816977,0.06352253,36.08506571
