Y,A,A_rep,A_hid,L,Q,K,W,P,r,taua,abar,tauk,taul,WtaxRev,KtaxRev,WtaxRev_lost,KtaxRev_lost,G,lump_sum,ylbar,WtaxPct,ShelterPct,ShelterPctP99,TaxEvasionP99,ConcealPctP99,gini,p90,p99,p999,p9999,gini_total,p90_total,p99_total,p999_total,p9999_total,welfare,welfare0,approval,approval0,conceal_share_e,conceal_share_n,evasion_share_e,evasion_share_n,conceal_frac_e,conceal_frac_n,evasion_frac_e,evasion_frac_n,shelter_pct_e,shelter_pct_n,detection_rate,detection_revenue,wtax_evasion_elast
65.79423168,2.86627591,2.86627591,0.00000000,29.63249327,260.49544571,51.34788313,1.28779483,0.15374191,0.04097514,0.03231192,44.04405171,0.25000000,0.18635292,1.67501735,6.91722278,0.00000000,0.00000000,9.18235041,0.01073614,1.01512040,0.55280340,0.00000000,0.00000000,0.00000000,0.00000000,0.75308369,0.37873279,0.70590804,0.84765570,0.93596533,0.75308369,0.37873279,0.70590804,0.84765570,0.93596533,-23.28030910,-46.23153828,0.86762948,0.52293451,-nan,-nan,-nan,-nan,0.00000000,0.00000000,0.00000000,0.00000000,0.00000000,0.00000000,-nan,0.00000000,13.43146308
