Y,A,A_rep,A_hid,L,Q,K,W,P,r,taua,abar,tauk,taul,WtaxRev,KtaxRev,WtaxRev_lost,KtaxRev_lost,G,lump_sum,ylbar,WtaxPct,ShelterPct,ShelterPctP99,TaxEvasionP99,ConcealPctP99,gini,p90,p99,p999,p9999,gini_total,p90_total,p99_total,p999_total,p9999_total,welfare,welfare0,approval,approval0,conceal_share_e,conceal_share_n,evasion_share_e,evasion_share_n,conceal_frac_e,conceal_frac_n,evasion_frac_e,evasion_frac_n,shelter_pct_e,shelter_pct_n,detection_rate,detection_revenue,wtax_evasion_elast
65.24768019,2.84460482,2.84460482,0.00000000,29.55716982,256.17385813,50.61222858,1.28035483,0.15477806,0.04153098,0.05043729,63.50106180,0.25000000,0.18640238,1.92229528,6.94424932,0.00000000,0.00000000,9.18235041,0.01159080,1.01512040,0.38737387,0.00000000,0.00000000,0.00000000,0.00000000,0.74806138,0.38607271,0.72201315,0.86801569,0.94455185,0.74806138,0.38607271,0.72201315,0.86801569,0.94455185,-23.27649090,-46.33121251,0.79701753,0.42632800,-nan,-nan,-nan,-nan,0.00000000,0.00000000,0.00000000,0.00000000,0.00000000,0.00000000,-nan,0.00000000,12.43228815
