Y,A,A_rep,A_hid,L,Q,K,W,P,r,taua,abar,tauk,taul,WtaxRev,KtaxRev,WtaxRev_lost,KtaxRev_lost,G,lump_sum,ylbar,WtaxPct,ShelterPct,ShelterPctP99,TaxEvasionP99,ConcealPctP99,gini,p90,p99,p999,p9999,gini_total,p90_total,p99_total,p999_total,p9999_total,welfare,welfare0,approval,approval0,conceal_share_e,conceal_share_n,evasion_share_e,evasion_share_n,conceal_frac_e,conceal_frac_n,evasion_frac_e,evasion_frac_n,shelter_pct_e,shelter_pct_n,detection_rate,detection_revenue,wtax_evasion_elast
73.44616306,3.11038139,2.89980213,0.21057926,30.12552248,330.50441057,65.59634601,1.41405593,0.13852856,0.02949725,0.01760574,1131.70425837,0.25000000,0.18606507,0.17801992,5.91586171,0.20984579,0.53898318,9.29156816,0.00073325,1.08952447,0.01107420,0.10540290,54.65398625,10.58782834,52.10254009,0.77005273,0.35335180,0.66450087,0.83515856,0.94688923,0.78557730,0.32942915,0.61957259,0.78307180,0.91265266,-23.73847087,-47.63692426,0.48377203,0.07963448,0.29858128,0.70141872,0.76065936,0.23934064,0.06171453,0.07061859,0.06648544,0.01244262,0.39593763,0.03525560,0.66737718,0.06116363,36.94129846
