Y,A,A_rep,A_hid,L,Q,K,W,P,r,taua,abar,tauk,taul,WtaxRev,KtaxRev,WtaxRev_lost,KtaxRev_lost,G,lump_sum,ylbar,WtaxPct,ShelterPct,ShelterPctP99,TaxEvasionP99,ConcealPctP99,gini,p90,p99,p999,p9999,gini_total,p90_total,p99_total,p999_total,p9999_total,welfare,welfare0,approval,approval0,conceal_share_e,conceal_share_n,evasion_share_e,evasion_share_n,conceal_frac_e,conceal_frac_n,evasion_frac_e,evasion_frac_n,shelter_pct_e,shelter_pct_n,detection_rate,detection_revenue,wtax_evasion_elast
65.59068071,2.85658961,2.85658961,0.00000000,29.60552205,258.93749797,51.00342579,1.28497906,0.15409580,0.04130610,0.03228828,35.06394358,0.25000000,0.18639001,1.79396305,6.92934482,0.00000000,0.00000000,9.18235041,0.01144167,1.01512040,0.86105749,0.00000000,0.00000000,0.00000000,0.00000000,0.75121414,0.38180943,0.70908339,0.84637206,0.93518579,0.75121414,0.38180943,0.70908339,0.84637206,0.93518579,-23.24972148,-46.21121407,0.85538328,0.50985428,-nan,-nan,-nan,-nan,0.00000000,0.00000000,0.00000000,0.00000000,0.00000000,0.00000000,-nan,0.00000000,13.41559203
