Y,A,A_rep,A_hid,L,Q,K,W,P,r,taua,abar,tauk,taul,WtaxRev,KtaxRev,WtaxRev_lost,KtaxRev_lost,G,lump_sum,ylbar,WtaxPct,ShelterPct,ShelterPctP99,TaxEvasionP99,ConcealPctP99,gini,p90,p99,p999,p9999,gini_total,p90_total,p99_total,p999_total,p9999_total,welfare,welfare0,approval,approval0,conceal_share_e,conceal_share_n,evasion_share_e,evasion_share_n,conceal_frac_e,conceal_frac_n,evasion_frac_e,evasion_frac_n,shelter_pct_e,shelter_pct_n,detection_rate,detection_revenue,wtax_evasion_elast
73.69485298,3.11911131,2.94237695,0.17673436,30.15061925,333.07600501,65.71192683,1.41757610,0.13802211,0.02962076,0.00310322,842.02272625,0.25000000,0.18604398,0.05905987,5.93194612,0.03390394,0.53748120,9.29156816,0.00006076,1.08952447,0.01979219,0.10149665,32.66652239,8.16543860,55.08072906,0.77258728,0.34930916,0.65419768,0.81868870,0.93087268,0.78543234,0.32951669,0.61717430,0.77668590,0.90507332,-23.73248679,-47.60059795,0.37702313,0.03227673,0.26775172,0.73224828,0.88808473,0.11191527,0.04646503,0.06160517,0.06034403,0.00447770,0.38616823,0.03276496,0.68099574,0.04241164,65.02039177
