Y,A,A_rep,A_hid,L,Q,K,W,P,r,taua,abar,tauk,taul,WtaxRev,KtaxRev,WtaxRev_lost,KtaxRev_lost,G,lump_sum,ylbar,WtaxPct,ShelterPct,ShelterPctP99,TaxEvasionP99,ConcealPctP99,gini,p90,p99,p999,p9999,gini_total,p90_total,p99_total,p999_total,p9999_total,welfare,welfare0,approval,approval0,conceal_share_e,conceal_share_n,evasion_share_e,evasion_share_n,conceal_frac_e,conceal_frac_n,evasion_frac_e,evasion_frac_n,shelter_pct_e,shelter_pct_n,detection_rate,detection_revenue,wtax_evasion_elast
65.56120125,2.85537283,2.85537283,0.00000000,29.60133171,258.72364452,50.95970011,1.28460505,0.15414392,0.04134503,0.03303707,35.98012005,0.25000000,0.18639209,1.80836526,6.93061264,0.00000000,0.00000000,9.18235041,0.01149348,1.01512040,0.64177590,0.00000000,0.00000000,0.00000000,0.00000000,0.75089775,0.38233011,0.71010071,0.84737163,0.93559983,0.75089775,0.38233011,0.71010071,0.84737163,0.93559983,-23.24819104,-46.21388073,0.85184010,0.50624742,-nan,-nan,-nan,-nan,0.00000000,0.00000000,0.00000000,0.00000000,0.00000000,0.00000000,-nan,0.00000000,13.36002883
