Y,A,A_rep,A_hid,L,Q,K,W,P,r,taua,abar,tauk,taul,WtaxRev,KtaxRev,WtaxRev_lost,KtaxRev_lost,G,lump_sum,ylbar,WtaxPct,ShelterPct,ShelterPctP99,TaxEvasionP99,ConcealPctP99,gini,p90,p99,p999,p9999,gini_total,p90_total,p99_total,p999_total,p9999_total,welfare,welfare0,approval,approval0,conceal_share_e,conceal_share_n,evasion_share_e,evasion_share_n,conceal_frac_e,conceal_frac_n,evasion_frac_e,evasion_frac_n,shelter_pct_e,shelter_pct_n,detection_rate,detection_revenue,wtax_evasion_elast
65.62406905,2.85817588,2.85817588,0.00000000,29.60983271,259.19752395,51.05678238,1.28544624,0.15403504,0.04125711,0.03233522,36.68058380,0.25000000,0.18638404,1.77402042,6.92733316,0.00000000,0.00000000,9.18235041,0.01132110,1.01512040,0.65030968,0.00000000,0.00000000,0.00000000,0.00000000,0.75153011,0.38127661,0.70861513,0.84667630,0.93535997,0.75153011,0.38127661,0.70861513,0.84667630,0.93535997,-23.25508390,-46.21533796,0.85617008,0.51003451,-nan,-nan,-nan,-nan,0.00000000,0.00000000,0.00000000,0.00000000,0.00000000,0.00000000,-nan,0.00000000,13.39649907
