Y,A,A_rep,A_hid,L,Q,K,W,P,r,taua,abar,tauk,taul,WtaxRev,KtaxRev,WtaxRev_lost,KtaxRev_lost,G,lump_sum,ylbar,WtaxPct,ShelterPct,ShelterPctP99,TaxEvasionP99,ConcealPctP99,gini,p90,p99,p999,p9999,gini_total,p90_total,p99_total,p999_total,p9999_total,welfare,welfare0,approval,approval0,conceal_share_e,conceal_share_n,evasion_share_e,evasion_share_n,conceal_frac_e,conceal_frac_n,evasion_frac_e,evasion_frac_n,shelter_pct_e,shelter_pct_n,detection_rate,detection_revenue,wtax_evasion_elast
65.58110149,2.85605251,2.85605251,0.00000000,29.60436667,258.86441924,50.98324878,1.28483752,0.15411195,0.04132860,0.03226697,34.79744468,0.25000000,0.18639072,1.79837599,6.93009481,0.00000000,0.00000000,9.18235041,0.01146166,1.01512040,0.85423736,0.00000000,0.00000000,0.00000000,0.00000000,0.75111366,0.38197691,0.70921003,0.84628427,0.93514576,0.75111366,0.38197691,0.70921003,0.84628427,0.93514576,-23.24923233,-46.21270616,0.85423343,0.50670530,-nan,-nan,-nan,-nan,0.00000000,0.00000000,0.00000000,0.00000000,0.00000000,0.00000000,-nan,0.00000000,13.40824111
