Y,A,A_rep,A_hid,L,Q,K,W,P,r,taua,abar,tauk,taul,WtaxRev,KtaxRev,WtaxRev_lost,KtaxRev_lost,G,lump_sum,ylbar,WtaxPct,ShelterPct,ShelterPctP99,TaxEvasionP99,ConcealPctP99,gini,p90,p99,p999,p9999,gini_total,p90_total,p99_total,p999_total,p9999_total,welfare,welfare0,approval,approval0,conceal_share_e,conceal_share_n,evasion_share_e,evasion_share_n,conceal_frac_e,conceal_frac_n,evasion_frac_e,evasion_frac_n,shelter_pct_e,shelter_pct_n,detection_rate,detection_revenue,wtax_evasion_elast
65.93480905,2.87283118,2.87283118,0.00000000,29.65217670,261.55259427,51.58877161,1.28968535,0.15350930,0.04074350,0.03195502,50.12077882,0.25000000,0.18632824,1.59409455,6.90910499,0.00000000,0.00000000,9.18235041,0.01026175,1.01512040,0.46366282,0.00000000,0.00000000,0.00000000,0.00000000,0.75439969,0.37668495,0.70319476,0.84782928,0.93619912,0.75439969,0.37668495,0.70319476,0.84782928,0.93619912,-23.30220867,-46.24636699,0.87570571,0.60399193,-nan,-nan,-nan,-nan,0.00000000,0.00000000,0.00000000,0.00000000,0.00000000,0.00000000,-nan,0.00000000,13.49260060
