Y,A,A_rep,A_hid,L,Q,K,W,P,r,taua,abar,tauk,taul,WtaxRev,KtaxRev,WtaxRev_lost,KtaxRev_lost,G,lump_sum,ylbar,WtaxPct,ShelterPct,ShelterPctP99,TaxEvasionP99,ConcealPctP99,gini,p90,p99,p999,p9999,gini_total,p90_total,p99_total,p999_total,p9999_total,welfare,welfare0,approval,approval0,conceal_share_e,conceal_share_n,evasion_share_e,evasion_share_n,conceal_frac_e,conceal_frac_n,evasion_frac_e,evasion_frac_n,shelter_pct_e,shelter_pct_n,detection_rate,detection_revenue,wtax_evasion_elast
73.51643606,3.11147413,2.91658528,0.19488884,30.12676038,331.51806406,65.46726797,1.41534558,0.13827897,0.02972991,0.01137591,981.72016687,0.25000000,0.18606529,0.16388462,5.92087958,0.12534060,0.54343616,9.29156816,0.00071739,1.08952447,0.01430719,0.10412506,38.03262935,8.75741545,55.41811248,0.77046184,0.35255895,0.66127194,0.82879401,0.93811003,0.78479566,0.33047623,0.61990063,0.78137016,0.90970821,-23.70805118,-47.57522029,0.68140937,0.33619259,0.26006899,0.73993101,0.79816967,0.20183033,0.04986346,0.06883235,0.06274150,0.00939012,0.39076586,0.03491791,0.67347217,0.04760000,34.11576237
