Y,A,A_rep,A_hid,L,Q,K,W,P,r,taua,abar,tauk,taul,WtaxRev,KtaxRev,WtaxRev_lost,KtaxRev_lost,G,lump_sum,ylbar,WtaxPct,ShelterPct,ShelterPctP99,TaxEvasionP99,ConcealPctP99,gini,p90,p99,p999,p9999,gini_total,p90_total,p99_total,p999_total,p9999_total,welfare,welfare0,approval,approval0,conceal_share_e,conceal_share_n,evasion_share_e,evasion_share_n,conceal_frac_e,conceal_frac_n,evasion_frac_e,evasion_frac_n,shelter_pct_e,shelter_pct_n,detection_rate,detection_revenue,wtax_evasion_elast
65.42612812,2.84812493,2.84812493,0.00000000,29.58528132,257.68205945,50.70837895,1.28264063,0.15438413,0.04160762,0.03269318,31.14600113,0.25000000,0.18641006,1.87811659,6.93984615,0.00000000,0.00000000,9.18235041,0.01185145,1.01512040,0.78109997,0.00000000,0.00000000,0.00000000,0.00000000,0.74958252,0.38430452,0.71129360,0.84591145,0.93486483,0.74958252,0.38430452,0.71129360,0.84591145,0.93486483,-23.23756199,-46.22453530,0.83824938,0.47196430,-nan,-nan,-nan,-nan,0.00000000,0.00000000,0.00000000,0.00000000,0.00000000,0.00000000,-nan,0.00000000,13.37728206
