Y,A,A_rep,A_hid,L,Q,K,W,P,r,taua,abar,tauk,taul,WtaxRev,KtaxRev,WtaxRev_lost,KtaxRev_lost,G,lump_sum,ylbar,WtaxPct,ShelterPct,ShelterPctP99,TaxEvasionP99,ConcealPctP99,gini,p90,p99,p999,p9999,gini_total,p90_total,p99_total,p999_total,p9999_total,welfare,welfare0,approval,approval0,conceal_share_e,conceal_share_n,evasion_share_e,evasion_share_n,conceal_frac_e,conceal_frac_n,evasion_frac_e,evasion_frac_n,shelter_pct_e,shelter_pct_n,detection_rate,detection_revenue,wtax_evasion_elast
66.22630902,2.88610006,2.88610006,0.00000000,29.69592036,263.70410143,52.10005748,1.29348249,0.15305578,0.04025050,0.03256488,72.86735387,0.25000000,0.18627610,1.42021221,6.89248733,0.00000000,0.00000000,9.18235041,0.00919835,1.01512040,0.34946948,0.00000000,0.00000000,0.00000000,0.00000000,0.75711650,0.37226819,0.69706993,0.84957454,0.93746751,0.75711650,0.37226819,0.69706993,0.84957454,0.93746751,-23.35695648,-46.29581657,0.88686676,0.61672055,-nan,-nan,-nan,-nan,0.00000000,0.00000000,0.00000000,0.00000000,0.00000000,0.00000000,-nan,0.00000000,13.54572990
