Y,A,A_rep,A_hid,L,Q,K,W,P,r,taua,abar,tauk,taul,WtaxRev,KtaxRev,WtaxRev_lost,KtaxRev_lost,G,lump_sum,ylbar,WtaxPct,ShelterPct,ShelterPctP99,TaxEvasionP99,ConcealPctP99,gini,p90,p99,p999,p9999,gini_total,p90_total,p99_total,p999_total,p9999_total,welfare,welfare0,approval,approval0,conceal_share_e,conceal_share_n,evasion_share_e,evasion_share_n,conceal_frac_e,conceal_frac_n,evasion_frac_e,evasion_frac_n,shelter_pct_e,shelter_pct_n,detection_rate,detection_revenue,wtax_evasion_elast
73.52742084,3.11200498,2.93260652,0.17939847,30.12828211,331.63275927,65.46001497,1.41547598,0.13825558,0.02975008,0.01243365,1308.86580127,0.25000000,0.18606374,0.14784946,5.92795392,0.10755625,0.54721208,9.29156816,0.00064673,1.08952447,0.00976158,0.10329380,35.31942484,8.83484097,52.91340683,0.77159874,0.35080170,0.65778923,0.82411099,0.93725524,0.78472385,0.33057895,0.61991689,0.78109199,0.90964599,-23.71001307,-47.57929210,0.67544698,0.33028569,0.26788237,0.73211763,0.81442120,0.18557880,0.04728753,0.06267101,0.06277411,0.00845883,0.39071241,0.03389886,0.68245679,0.04721706,31.20262430
