Y,A,A_rep,A_hid,L,Q,K,W,P,r,taua,abar,tauk,taul,WtaxRev,KtaxRev,WtaxRev_lost,KtaxRev_lost,G,lump_sum,ylbar,WtaxPct,ShelterPct,ShelterPctP99,TaxEvasionP99,ConcealPctP99,gini,p90,p99,p999,p9999,gini_total,p90_total,p99_total,p999_total,p9999_total,welfare,welfare0,approval,approval0,conceal_share_e,conceal_share_n,evasion_share_e,evasion_share_n,conceal_frac_e,conceal_frac_n,evasion_frac_e,evasion_frac_n,shelter_pct_e,shelter_pct_n,detection_rate,detection_revenue,wtax_evasion_elast
65.58268417,2.85616471,2.85616471,0.00000000,29.60486493,258.88807139,50.99196807,1.28488259,0.15410757,0.04131790,0.03234784,34.98473418,0.25000000,0.18638988,1.79759808,6.92949120,0.00000000,0.00000000,9.18235041,0.01145028,1.01512040,0.85870465,0.00000000,0.00000000,0.00000000,0.00000000,0.75112817,0.38193184,0.70920099,0.84642733,0.93520104,0.75112817,0.38193184,0.70920099,0.84642733,0.93520104,-23.24979649,-46.21287664,0.85441809,0.50688250,-nan,-nan,-nan,-nan,0.00000000,0.00000000,0.00000000,0.00000000,0.00000000,0.00000000,-nan,0.00000000,13.41070017
