Y,A,A_rep,A_hid,L,Q,K,W,P,r,taua,abar,tauk,taul,WtaxRev,KtaxRev,WtaxRev_lost,KtaxRev_lost,G,lump_sum,ylbar,WtaxPct,ShelterPct,ShelterPctP99,TaxEvasionP99,ConcealPctP99,gini,p90,p99,p999,p9999,gini_total,p90_total,p99_total,p999_total,p9999_total,welfare,welfare0,approval,approval0,conceal_share_e,conceal_share_n,evasion_share_e,evasion_share_n,conceal_frac_e,conceal_frac_n,evasion_frac_e,evasion_frac_n,shelter_pct_e,shelter_pct_n,detection_rate,detection_revenue,wtax_evasion_elast
65.82813908,2.86715061,2.86715061,0.00000000,29.63936555,260.74269498,51.38608102,1.28816372,0.15369034,0.04095465,0.03000000,38.73451657,0.25000000,0.18635095,1.66031138,6.91605147,0.00000000,0.00000000,9.18235041,0.01069841,1.01512040,0.67569330,0.00000000,0.00000000,0.00000000,0.00000000,0.75348610,0.37818862,0.70389945,0.84425469,0.93456508,0.75348610,0.37818862,0.70389945,0.84425469,0.93456508,-23.28236001,-46.22965635,0.87286583,0.59737676,-nan,-nan,-nan,-nan,0.00000000,0.00000000,0.00000000,0.00000000,0.00000000,0.00000000,-nan,0.00000000,13.55899583
