Y,A,A_rep,A_hid,L,Q,K,W,P,r,taua,abar,tauk,taul,WtaxRev,KtaxRev,WtaxRev_lost,KtaxRev_lost,G,lump_sum,ylbar,WtaxPct,ShelterPct,ShelterPctP99,TaxEvasionP99,ConcealPctP99,gini,p90,p99,p999,p9999,gini_total,p90_total,p99_total,p999_total,p9999_total,welfare,welfare0,approval,approval0,conceal_share_e,conceal_share_n,evasion_share_e,evasion_share_n,conceal_frac_e,conceal_frac_n,evasion_frac_e,evasion_frac_n,shelter_pct_e,shelter_pct_n,detection_rate,detection_revenue,wtax_evasion_elast
73.61467947,3.11568743,2.93812791,0.17755952,30.13983042,332.42146274,65.58857180,1.41661926,0.13812468,0.02968859,0.00734571,1233.83284435,0.25000000,0.18605352,0.09870050,5.93365342,0.06623118,0.53850320,9.29156816,0.00035169,1.08952447,0.01142840,0.10210300,33.42949804,8.32332660,53.70691975,0.77212424,0.35005566,0.65585650,0.82113398,0.93472791,0.78506999,0.33010638,0.61852567,0.77875897,0.90726668,-23.71978983,-47.58611216,0.63587467,0.31040594,0.26739627,0.73260373,0.85256273,0.14743727,0.04667013,0.06199160,0.06103727,0.00622646,0.38747949,0.03320111,0.67863957,0.04389969,41.79261844
