Y,A,A_rep,A_hid,L,Q,K,W,P,r,taua,abar,tauk,taul,WtaxRev,KtaxRev,WtaxRev_lost,KtaxRev_lost,G,lump_sum,ylbar,WtaxPct,ShelterPct,ShelterPctP99,TaxEvasionP99,ConcealPctP99,gini,p90,p99,p999,p9999,gini_total,p90_total,p99_total,p999_total,p9999_total,welfare,welfare0,approval,approval0,conceal_share_e,conceal_share_n,evasion_share_e,evasion_share_n,conceal_frac_e,conceal_frac_n,evasion_frac_e,evasion_frac_n,shelter_pct_e,shelter_pct_n,detection_rate,detection_revenue,wtax_evasion_elast
65.57317983,2.85585856,2.85585856,0.00000000,29.60295176,258.80901723,50.97736031,1.28475657,0.15412459,0.04132905,0.03276464,35.64401922,0.25000000,0.18639115,1.80313224,6.93008841,0.00000000,0.00000000,9.18235041,0.01147435,1.01512040,0.64023288,0.00000000,0.00000000,0.00000000,0.00000000,0.75102017,0.38218356,0.70971640,0.84701990,0.93545246,0.75102017,0.38218356,0.70971640,0.84701990,0.93545246,-23.24869467,-46.21274305,0.85340516,0.50667907,-nan,-nan,-nan,-nan,0.00000000,0.00000000,0.00000000,0.00000000,0.00000000,0.00000000,-nan,0.00000000,13.38110695
