Y,A,A_rep,A_hid,L,Q,K,W,P,r,taua,abar,tauk,taul,WtaxRev,KtaxRev,WtaxRev_lost,KtaxRev_lost,G,lump_sum,ylbar,WtaxPct,ShelterPct,ShelterPctP99,TaxEvasionP99,ConcealPctP99,gini,p90,p99,p999,p9999,gini_total,p90_total,p99_total,p999_total,p9999_total,welfare,welfare0,approval,approval0,conceal_share_e,conceal_share_n,evasion_share_e,evasion_share_n,conceal_frac_e,conceal_frac_n,evasion_frac_e,evasion_frac_n,shelter_pct_e,shelter_pct_n,detection_rate,detection_revenue,wtax_evasion_elast
65.47743717,2.85176773,2.85176773,0.00000000,29.58889149,258.09323487,50.82581858,1.28349916,0.15428482,0.04146831,0.03438943,36.21053850,0.25000000,0.18640397,1.85231496,6.93514004,0.00000000,0.00000000,9.18235041,0.01170512,1.01512040,0.63952252,0.00000000,0.00000000,0.00000000,0.00000000,0.75010894,0.38341724,0.71222510,0.84895335,0.93620284,0.75010894,0.38341724,0.71222510,0.84895335,0.93620284,-23.24020125,-46.21536420,0.84597808,0.49528107,-nan,-nan,-nan,-nan,0.00000000,0.00000000,0.00000000,0.00000000,0.00000000,0.00000000,-nan,0.00000000,13.27334808
