Y,A,A_rep,A_hid,L,Q,K,W,P,r,taua,abar,tauk,taul,WtaxRev,KtaxRev,WtaxRev_lost,KtaxRev_lost,G,lump_sum,ylbar,WtaxPct,ShelterPct,ShelterPctP99,TaxEvasionP99,ConcealPctP99,gini,p90,p99,p999,p9999,gini_total,p90_total,p99_total,p999_total,p9999_total,welfare,welfare0,approval,approval0,conceal_share_e,conceal_share_n,evasion_share_e,evasion_share_n,conceal_frac_e,conceal_frac_n,evasion_frac_e,evasion_frac_n,shelter_pct_e,shelter_pct_n,detection_rate,detection_revenue,wtax_evasion_elast
65.75362039,2.86531965,2.86531965,0.00000000,29.62515110,260.17312918,51.31418259,1.28731308,0.15381754,0.04097824,0.03615750,53.57852479,0.25000000,0.18635207,1.68816846,6.91846678,0.00000000,0.00000000,9.18235041,0.01071970,1.01512040,0.47090319,0.00000000,0.00000000,0.00000000,0.00000000,0.75264314,0.37931398,0.70828394,0.85287298,0.93825522,0.75264314,0.37931398,0.70828394,0.85287298,0.93825522,-23.28415415,-46.24596085,0.85533558,0.50740179,-nan,-nan,-nan,-nan,0.00000000,0.00000000,0.00000000,0.00000000,0.00000000,0.00000000,-nan,0.00000000,13.21987232
