Y,A,A_rep,A_hid,L,Q,K,W,P,r,taua,abar,tauk,taul,WtaxRev,KtaxRev,WtaxRev_lost,KtaxRev_lost,G,lump_sum,ylbar,WtaxPct,ShelterPct,ShelterPctP99,TaxEvasionP99,ConcealPctP99,gini,p90,p99,p999,p9999,gini_total,p90_total,p99_total,p999_total,p9999_total,welfare,welfare0,approval,approval0,conceal_share_e,conceal_share_n,evasion_share_e,evasion_share_n,conceal_frac_e,conceal_frac_n,evasion_frac_e,evasion_frac_n,shelter_pct_e,shelter_pct_n,detection_rate,detection_revenue,wtax_evasion_elast
73.58981653,3.11453936,2.91877453,0.19576484,30.13762075,332.15611250,65.58693953,1.41626332,0.13817935,0.02966484,0.00736195,849.99179073,0.25000000,0.18605386,0.12376140,5.91920719,0.08775816,0.54087739,9.29156816,0.00040402,1.08952447,0.01807777,0.10409807,35.77220218,8.38012474,55.34272044,0.77074989,0.35210807,0.66013350,0.82680830,0.93564690,0.78511588,0.32997627,0.61868734,0.77933120,0.90767453,-23.72250938,-47.59326016,0.58317910,0.29207208,0.25993164,0.74006836,0.83267559,0.16732441,0.05001541,0.06908414,0.06182158,0.00733865,0.39212881,0.03455533,0.67062195,0.04519629,43.62525658
