Y,A,A_rep,A_hid,L,Q,K,W,P,r,taua,abar,tauk,taul,WtaxRev,KtaxRev,WtaxRev_lost,KtaxRev_lost,G,lump_sum,ylbar,WtaxPct,ShelterPct,ShelterPctP99,TaxEvasionP99,ConcealPctP99,gini,p90,p99,p999,p9999,gini_total,p90_total,p99_total,p999_total,p9999_total,welfare,welfare0,approval,approval0,conceal_share_e,conceal_share_n,evasion_share_e,evasion_share_n,conceal_frac_e,conceal_frac_n,evasion_frac_e,evasion_frac_n,shelter_pct_e,shelter_pct_n,detection_rate,detection_revenue,wtax_evasion_elast
73.54465104,3.11270025,2.91960659,0.19309366,30.12971833,331.73476664,65.49953794,1.41566750,0.13824190,0.02971613,0.01003048,982.12361566,0.25000000,0.18606369,0.14806623,5.92438486,0.10968507,0.54055262,9.29156816,0.00063788,1.08952447,0.01465274,0.10368515,36.66944288,8.53232432,55.35014262,0.77072639,0.35217499,0.66042785,0.82750475,0.93727048,0.78490616,0.33032812,0.61950615,0.78065425,0.90900285,-23.71051869,-47.57701574,0.67451180,0.33544509,0.26050660,0.73949340,0.81117531,0.18882469,0.04947026,0.06812948,0.06211052,0.00855102,0.38991341,0.03457760,0.67251531,0.04622910,36.21801861
