Y,A,A_rep,A_hid,L,Q,K,W,P,r,taua,abar,tauk,taul,WtaxRev,KtaxRev,WtaxRev_lost,KtaxRev_lost,G,lump_sum,ylbar,WtaxPct,ShelterPct,ShelterPctP99,TaxEvasionP99,ConcealPctP99,gini,p90,p99,p999,p9999,gini_total,p90_total,p99_total,p999_total,p9999_total,welfare,welfare0,approval,approval0,conceal_share_e,conceal_share_n,evasion_share_e,evasion_share_n,conceal_frac_e,conceal_frac_n,evasion_frac_e,evasion_frac_n,shelter_pct_e,shelter_pct_n,detection_rate,detection_revenue,wtax_evasion_elast
73.73116068,3.12197921,2.99728049,0.12469872,30.15341689,333.52346843,65.73706681,1.41821574,0.13793121,0.02963406,0.00067940,1310.54641296,0.25000000,0.18604331,0.01138998,5.96672893,0.00417643,0.53715164,9.29156816,0.00002528,1.08952447,0.01262503,0.10002394,30.67186817,7.77734311,36.49694386,0.77673563,0.34292206,0.64203950,0.80277255,0.91866737,0.78561631,0.32922500,0.61643943,0.77504092,0.90307539,-23.72530279,-47.58059828,0.53996002,0.12884900,0.30476590,0.69523410,0.91463254,0.08536746,0.03731029,0.04121673,0.05912615,0.00323702,0.38443865,0.03135426,0.68134102,0.03786360,61.22448853
