Y,A,A_rep,A_hid,L,Q,K,W,P,r,taua,abar,tauk,taul,WtaxRev,KtaxRev,WtaxRev_lost,KtaxRev_lost,G,lump_sum,ylbar,WtaxPct,ShelterPct,ShelterPctP99,TaxEvasionP99,ConcealPctP99,gini,p90,p99,p999,p9999,gini_total,p90_total,p99_total,p999_total,p9999_total,welfare,welfare0,approval,approval0,conceal_share_e,conceal_share_n,evasion_share_e,evasion_share_n,conceal_frac_e,conceal_frac_n,evasion_frac_e,evasion_frac_n,shelter_pct_e,shelter_pct_n,detection_rate,detection_revenue,wtax_evasion_elast
65.69712832,2.86199259,2.86199259,0.00000000,29.61863423,259.75357943,51.19067369,1.28648672,0.15390841,0.04111917,0.03298575,41.23717463,0.25000000,0.18636977,1.73001050,6.92273313,0.00000000,0.00000000,9.18235041,0.01104547,1.01512040,0.69456510,0.00000000,0.00000000,0.00000000,0.00000000,0.75219300,0.38021346,0.70795948,0.84817521,0.93609193,0.75219300,0.38021346,0.70795948,0.84817521,0.93609193,-23.26725115,-46.22387391,0.85929007,0.51062466,-nan,-nan,-nan,-nan,0.00000000,0.00000000,0.00000000,0.00000000,0.00000000,0.00000000,-nan,0.00000000,13.40118250
