Y,A,A_rep,A_hid,L,Q,K,W,P,r,taua,abar,tauk,taul,WtaxRev,KtaxRev,WtaxRev_lost,KtaxRev_lost,G,lump_sum,ylbar,WtaxPct,ShelterPct,ShelterPctP99,TaxEvasionP99,ConcealPctP99,gini,p90,p99,p999,p9999,gini_total,p90_total,p99_total,p999_total,p9999_total,welfare,welfare0,approval,approval0,conceal_share_e,conceal_share_n,evasion_share_e,evasion_share_n,conceal_frac_e,conceal_frac_n,evasion_frac_e,evasion_frac_n,shelter_pct_e,shelter_pct_n,detection_rate,detection_revenue,wtax_evasion_elast
73.38539010,3.10838913,2.87068247,0.23770666,30.12444111,329.68909332,65.65590445,1.41294762,0.13872327,0.02936016,0.01940999,866.45971584,0.25000000,0.18606369,0.21016334,5.88831801,0.29442825,0.54965010,9.29156816,0.00066096,1.08952447,0.01437600,0.10867696,66.03219378,12.12480232,54.15022127,0.76821089,0.35628859,0.67108955,0.84478550,0.95086659,0.78588940,0.32904227,0.61982897,0.78477909,0.91456883,-23.76706777,-47.69828026,0.39780163,0.03049373,0.30259824,0.69740176,0.72143066,0.27856934,0.07053019,0.07937432,0.07060193,0.01627852,0.40503702,0.03712317,0.66367835,0.07155410,38.67388058
