Y,A,A_rep,A_hid,L,Q,K,W,P,r,taua,abar,tauk,taul,WtaxRev,KtaxRev,WtaxRev_lost,KtaxRev_lost,G,lump_sum,ylbar,WtaxPct,ShelterPct,ShelterPctP99,TaxEvasionP99,ConcealPctP99,gini,p90,p99,p999,p9999,gini_total,p90_total,p99_total,p999_total,p9999_total,welfare,welfare0,approval,approval0,conceal_share_e,conceal_share_n,evasion_share_e,evasion_share_n,conceal_frac_e,conceal_frac_n,evasion_frac_e,evasion_frac_n,shelter_pct_e,shelter_pct_n,detection_rate,detection_revenue,wtax_evasion_elast
65.55676332,2.85458454,2.85458454,0.00000000,29.60176856,258.68228679,50.93494804,1.28448303,0.15415350,0.04138195,0.03219272,33.96107313,0.25000000,0.18639294,1.81133274,6.93170030,0.00000000,0.00000000,9.18235041,0.01152152,1.01512040,0.83535447,0.00000000,0.00000000,0.00000000,0.00000000,0.75079796,0.38239336,0.70937648,0.84600230,0.93500993,0.75079796,0.38239336,0.70937648,0.84600230,0.93500993,-23.24721677,-46.21521459,0.85126375,0.50518664,-nan,-nan,-nan,-nan,0.00000000,0.00000000,0.00000000,0.00000000,0.00000000,0.00000000,-nan,0.00000000,13.39356762
