Y,A,A_rep,A_hid,L,Q,K,W,P,r,taua,abar,tauk,taul,WtaxRev,KtaxRev,WtaxRev_lost,KtaxRev_lost,G,lump_sum,ylbar,WtaxPct,ShelterPct,ShelterPctP99,TaxEvasionP99,ConcealPctP99,gini,p90,p99,p999,p9999,gini_total,p90_total,p99_total,p999_total,p9999_total,welfare,welfare0,approval,approval0,conceal_share_e,conceal_share_n,evasion_share_e,evasion_share_n,conceal_frac_e,conceal_frac_n,evasion_frac_e,evasion_frac_n,shelter_pct_e,shelter_pct_n,detection_rate,detection_revenue,wtax_evasion_elast
65.57846643,2.85612276,2.85612276,0.00000000,29.60356367,258.85188165,50.98583641,1.28483460,0.15411419,0.04132132,0.03275075,35.82561136,0.25000000,0.18639039,1.80021784,6.92976525,0.00000000,0.00000000,9.18235041,0.01145894,1.01512040,0.64169752,0.00000000,0.00000000,0.00000000,0.00000000,0.75106188,0.38211099,0.70967863,0.84704376,0.93546788,0.75106188,0.38211099,0.70967863,0.84704376,0.93546788,-23.24909254,-46.21246848,0.85379137,0.50668504,-nan,-nan,-nan,-nan,0.00000000,0.00000000,0.00000000,0.00000000,0.00000000,0.00000000,-nan,0.00000000,13.37969895
