Y,A,A_rep,A_hid,L,Q,K,W,P,r,taua,abar,tauk,taul,WtaxRev,KtaxRev,WtaxRev_lost,KtaxRev_lost,G,lump_sum,ylbar,WtaxPct,ShelterPct,ShelterPctP99,TaxEvasionP99,ConcealPctP99,gini,p90,p99,p999,p9999,gini_total,p90_total,p99_total,p999_total,p9999_total,welfare,welfare0,approval,approval0,conceal_share_e,conceal_share_n,evasion_share_e,evasion_share_n,conceal_frac_e,conceal_frac_n,evasion_frac_e,evasion_frac_n,shelter_pct_e,shelter_pct_n,detection_rate,detection_revenue,wtax_evasion_elast
65.58604521,2.85647425,2.85647425,0.00000000,29.60448951,258.90649403,50.99690991,1.28493258,0.15410145,0.04131127,0.03259459,35.72883460,0.25000000,0.18639039,1.79601202,6.92949152,0.00000000,0.00000000,9.18235041,0.01144736,1.01512040,0.64150425,0.00000000,0.00000000,0.00000000,0.00000000,0.75114794,0.38184820,0.70944670,0.84684167,0.93538473,0.75114794,0.38184820,0.70944670,0.84684167,0.93538473,-23.24912513,-46.21099581,0.85523369,0.50995691,-nan,-nan,-nan,-nan,0.00000000,0.00000000,0.00000000,0.00000000,0.00000000,0.00000000,-nan,0.00000000,13.38949436
