Y,A,A_rep,A_hid,L,Q,K,W,P,r,taua,abar,tauk,taul,WtaxRev,KtaxRev,WtaxRev_lost,KtaxRev_lost,G,lump_sum,ylbar,WtaxPct,ShelterPct,ShelterPctP99,TaxEvasionP99,ConcealPctP99,gini,p90,p99,p999,p9999,gini_total,p90_total,p99_total,p999_total,p9999_total,welfare,welfare0,approval,approval0,conceal_share_e,conceal_share_n,evasion_share_e,evasion_share_n,conceal_frac_e,conceal_frac_n,evasion_frac_e,evasion_frac_n,shelter_pct_e,shelter_pct_n,detection_rate,detection_revenue,wtax_evasion_elast
73.44955436,3.11028277,2.89981945,0.21046333,30.12573716,330.54777024,65.58859210,1.41410475,0.13851796,0.02950995,0.01697456,1106.54413976,0.25000000,0.18606455,0.17708586,5.91376226,0.20365708,0.54127625,9.29156816,0.00071703,1.08952447,0.01112879,0.10522683,52.28609493,10.54811447,52.84308323,0.77001174,0.35339985,0.66452059,0.83512391,0.94660740,0.78553093,0.32948636,0.61961437,0.78307238,0.91256988,-23.73848307,-47.63710312,0.48352462,0.08010906,0.29604403,0.70395597,0.76301713,0.23698287,0.06116638,0.07083274,0.06637768,0.01225838,0.39498207,0.03526773,0.67058152,0.06220366,37.34919659
