Y,A,A_rep,A_hid,L,Q,K,W,P,r,taua,abar,tauk,taul,WtaxRev,KtaxRev,WtaxRev_lost,KtaxRev_lost,G,lump_sum,ylbar,WtaxPct,ShelterPct,ShelterPctP99,TaxEvasionP99,ConcealPctP99,gini,p90,p99,p999,p9999,gini_total,p90_total,p99_total,p999_total,p9999_total,welfare,welfare0,approval,approval0,conceal_share_e,conceal_share_n,evasion_share_e,evasion_share_n,conceal_frac_e,conceal_frac_n,evasion_frac_e,evasion_frac_n,shelter_pct_e,shelter_pct_n,detection_rate,detection_revenue,wtax_evasion_elast
65.60297127,2.85729596,2.85729596,0.00000000,29.60673566,259.03674036,51.02497567,1.28516749,0.15407155,0.04128465,0.03266281,36.69163134,0.25000000,0.18638687,1.78531940,6.92843512,0.00000000,0.00000000,9.18235041,0.01137723,1.01512040,0.64927558,0.00000000,0.00000000,0.00000000,0.00000000,0.75129669,0.38159045,0.70917064,0.84706663,0.93551137,0.75129669,0.38159045,0.70917064,0.84706663,0.93551137,-23.25242524,-46.21457719,0.85532270,0.51003451,-nan,-nan,-nan,-nan,0.00000000,0.00000000,0.00000000,0.00000000,0.00000000,0.00000000,-nan,0.00000000,13.37945357
