Y,A,A_rep,A_hid,L,Q,K,W,P,r,taua,abar,tauk,taul,WtaxRev,KtaxRev,WtaxRev_lost,KtaxRev_lost,G,lump_sum,ylbar,WtaxPct,ShelterPct,ShelterPctP99,TaxEvasionP99,ConcealPctP99,gini,p90,p99,p999,p9999,gini_total,p90_total,p99_total,p999_total,p9999_total,welfare,welfare0,approval,approval0,conceal_share_e,conceal_share_n,evasion_share_e,evasion_share_n,conceal_frac_e,conceal_frac_n,evasion_frac_e,evasion_frac_n,shelter_pct_e,shelter_pct_n,detection_rate,detection_revenue,wtax_evasion_elast
65.59545666,2.85686337,2.85686337,0.00000000,29.60600233,258.97598117,51.01213488,1.28505250,0.15408650,0.04129721,0.03234065,35.38518663,0.25000000,0.18638954,1.79149177,6.92899292,0.00000000,0.00000000,9.18235041,0.01142885,1.01512040,0.63980067,0.00000000,0.00000000,0.00000000,0.00000000,0.75125353,0.38173306,0.70905965,0.84649136,0.93523871,0.75125353,0.38173306,0.70905965,0.84649136,0.93523871,-23.24988617,-46.21052949,0.85572525,0.50995681,-nan,-nan,-nan,-nan,0.00000000,0.00000000,0.00000000,0.00000000,0.00000000,0.00000000,-nan,0.00000000,13.40848447
