Y,A,A_rep,A_hid,L,Q,K,W,P,r,taua,abar,tauk,taul,WtaxRev,KtaxRev,WtaxRev_lost,KtaxRev_lost,G,lump_sum,ylbar,WtaxPct,ShelterPct,ShelterPctP99,TaxEvasionP99,ConcealPctP99,gini,p90,p99,p999,p9999,gini_total,p90_total,p99_total,p999_total,p9999_total,welfare,welfare0,approval,approval0,conceal_share_e,conceal_share_n,evasion_share_e,evasion_share_n,conceal_frac_e,conceal_frac_n,evasion_frac_e,evasion_frac_n,shelter_pct_e,shelter_pct_n,detection_rate,detection_revenue,wtax_evasion_elast
65.59717223,2.85722181,2.85722181,0.00000000,29.60545696,258.99569817,51.01937743,1.28510884,0.15407994,0.04128662,0.03312052,37.69152491,0.25000000,0.18638645,1.78762714,6.92866641,0.00000000,0.00000000,9.18235041,0.01137988,1.01512040,0.65657760,0.00000000,0.00000000,0.00000000,0.00000000,0.75121810,0.38180550,0.70959794,0.84775441,0.93580575,0.75121810,0.38180550,0.70959794,0.84775441,0.93580575,-23.25217370,-46.21503120,0.85403862,0.50711075,-nan,-nan,-nan,-nan,0.00000000,0.00000000,0.00000000,0.00000000,0.00000000,0.00000000,-nan,0.00000000,13.34544783
