Y,A,A_rep,A_hid,L,Q,K,W,P,r,taua,abar,tauk,taul,WtaxRev,KtaxRev,WtaxRev_lost,KtaxRev_lost,G,lump_sum,ylbar,WtaxPct,ShelterPct,ShelterPctP99,TaxEvasionP99,ConcealPctP99,gini,p90,p99,p999,p9999,gini_total,p90_total,p99_total,p999_total,p9999_total,welfare,welfare0,approval,approval0,conceal_share_e,conceal_share_n,evasion_share_e,evasion_share_n,conceal_frac_e,conceal_frac_n,evasion_frac_e,evasion_frac_n,shelter_pct_e,shelter_pct_n,detection_rate,detection_revenue,wtax_evasion_elast
65.55692213,2.85527853,2.85527853,0.00000000,29.60005519,258.67116812,50.94743847,1.28451917,0.15415466,0.04135670,0.03297391,35.59741746,0.25000000,0.18639233,1.81156248,6.93153783,0.00000000,0.00000000,9.18235041,0.01152365,1.01512040,0.63936859,0.00000000,0.00000000,0.00000000,0.00000000,0.75090263,0.38230330,0.71005108,0.84723698,0.93552560,0.75090263,0.38230330,0.71005108,0.84723698,0.93552560,-23.24698180,-46.21298148,0.85180930,0.50624145,-nan,-nan,-nan,-nan,0.00000000,0.00000000,0.00000000,0.00000000,0.00000000,0.00000000,-nan,0.00000000,13.36325298
