Y,A,A_rep,A_hid,L,Q,K,W,P,r,taua,abar,tauk,taul,WtaxRev,KtaxRev,WtaxRev_lost,KtaxRev_lost,G,lump_sum,ylbar,WtaxPct,ShelterPct,ShelterPctP99,TaxEvasionP99,ConcealPctP99,gini,p90,p99,p999,p9999,gini_total,p90_total,p99_total,p999_total,p9999_total,welfare,welfare0,approval,approval0,conceal_share_e,conceal_share_n,evasion_share_e,evasion_share_n,conceal_frac_e,conceal_frac_n,evasion_frac_e,evasion_frac_n,shelter_pct_e,shelter_pct_n,detection_rate,detection_revenue,wtax_evasion_elast
65.59391646,2.85678891,2.85678891,0.00000000,29.60579760,258.95686839,51.00768048,1.28501603,0.15409119,0.04130190,0.03233338,35.30784462,0.25000000,0.18639013,1.79233272,6.92928531,0.00000000,0.00000000,9.18235041,0.01143088,1.01512040,0.63909413,0.00000000,0.00000000,0.00000000,0.00000000,0.75124342,0.38175275,0.70908757,0.84646139,0.93522254,0.75124342,0.38175275,0.70908757,0.84646139,0.93522254,-23.25025542,-46.21182471,0.85531372,0.50995652,-nan,-nan,-nan,-nan,0.00000000,0.00000000,0.00000000,0.00000000,0.00000000,0.00000000,-nan,0.00000000,13.40861680
