Y,A,A_rep,A_hid,L,Q,K,W,P,r,taua,abar,tauk,taul,WtaxRev,KtaxRev,WtaxRev_lost,KtaxRev_lost,G,lump_sum,ylbar,WtaxPct,ShelterPct,ShelterPctP99,TaxEvasionP99,ConcealPctP99,gini,p90,p99,p999,p9999,gini_total,p90_total,p99_total,p999_total,p9999_total,welfare,welfare0,approval,approval0,conceal_share_e,conceal_share_n,evasion_share_e,evasion_share_n,conceal_frac_e,conceal_frac_n,evasion_frac_e,evasion_frac_n,shelter_pct_e,shelter_pct_n,detection_rate,detection_revenue,wtax_evasion_elast
65.57908574,2.85670996,2.85670996,0.00000000,29.60243425,258.87725082,51.00294915,1.28492605,0.15410613,0.04129395,0.03415951,39.62602284,0.25000000,0.18638591,1.79478919,6.92891269,0.00000000,0.00000000,9.18235041,0.01138961,1.01512040,0.67324102,0.00000000,0.00000000,0.00000000,0.00000000,0.75101597,0.38199366,0.71056531,0.84923478,0.93642166,0.75101597,0.38199366,0.71056531,0.84923478,0.93642166,-23.25198345,-46.21701531,0.85218822,0.50631881,-nan,-nan,-nan,-nan,0.00000000,0.00000000,0.00000000,0.00000000,0.00000000,0.00000000,-nan,0.00000000,13.29061070
