Y,A,A_rep,A_hid,L,Q,K,W,P,r,taua,abar,tauk,taul,WtaxRev,KtaxRev,WtaxRev_lost,KtaxRev_lost,G,lump_sum,ylbar,WtaxPct,ShelterPct,ShelterPctP99,TaxEvasionP99,ConcealPctP99,gini,p90,p99,p999,p9999,gini_total,p90_total,p99_total,p999_total,p9999_total,welfare,welfare0,approval,approval0,conceal_share_e,conceal_share_n,evasion_share_e,evasion_share_n,conceal_frac_e,conceal_frac_n,evasion_frac_e,evasion_frac_n,shelter_pct_e,shelter_pct_n,detection_rate,detection_revenue,wtax_evasion_elast
65.33986254,2.84585800,2.84585800,0.00000000,29.56942256,257.03639819,50.61166075,1.28163365,0.15452868,0.04166141,0.03662070,36.56532485,0.25000000,0.18642238,1.92218702,6.94264935,0.00000000,0.00000000,9.18235041,0.01202448,1.01512040,0.63530985,0.00000000,0.00000000,0.00000000,0.00000000,0.74878297,0.38542700,0.71566812,0.85148402,0.93714462,0.74878297,0.38542700,0.71566812,0.85148402,0.93714462,-23.22999171,-46.22439941,0.83063935,0.46305331,-nan,-nan,-nan,-nan,0.00000000,0.00000000,0.00000000,0.00000000,0.00000000,0.00000000,-nan,0.00000000,13.12805315
