Y,A,A_rep,A_hid,L,Q,K,W,P,r,taua,abar,tauk,taul,WtaxRev,KtaxRev,WtaxRev_lost,KtaxRev_lost,G,lump_sum,ylbar,WtaxPct,ShelterPct,ShelterPctP99,TaxEvasionP99,ConcealPctP99,gini,p90,p99,p999,p9999,gini_total,p90_total,p99_total,p999_total,p9999_total,welfare,welfare0,approval,approval0,conceal_share_e,conceal_share_n,evasion_share_e,evasion_share_n,conceal_frac_e,conceal_frac_n,evasion_frac_e,evasion_frac_n,shelter_pct_e,shelter_pct_n,detection_rate,detection_revenue,wtax_evasion_elast
65.01225520,2.83177102,2.83177102,0.00000000,29.52371779,254.52399834,50.11757448,1.27718736,0.15511987,0.04210138,0.04149617,35.42652256,0.25000000,0.18646744,2.09075750,6.96019710,0.00000000,0.00000000,9.18235041,0.01279707,1.01512040,0.60902953,0.00000000,0.00000000,0.00000000,0.00000000,0.74573419,0.39021724,0.72359576,0.85651419,0.93887140,0.74573419,0.39021724,0.72359576,0.85651419,0.93887140,-23.20668749,-46.24565247,0.81007283,0.44504755,-nan,-nan,-nan,-nan,0.00000000,0.00000000,0.00000000,0.00000000,0.00000000,0.00000000,-nan,0.00000000,12.84110956
