Y,A,A_rep,A_hid,L,Q,K,W,P,r,taua,abar,tauk,taul,WtaxRev,KtaxRev,WtaxRev_lost,KtaxRev_lost,G,lump_sum,ylbar,WtaxPct,ShelterPct,ShelterPctP99,TaxEvasionP99,ConcealPctP99,gini,p90,p99,p999,p9999,gini_total,p90_total,p99_total,p999_total,p9999_total,welfare,welfare0,approval,approval0,conceal_share_e,conceal_share_n,evasion_share_e,evasion_share_n,conceal_frac_e,conceal_frac_n,evasion_frac_e,evasion_frac_n,shelter_pct_e,shelter_pct_n,detection_rate,detection_revenue,wtax_evasion_elast
65.90304730,2.87136877,2.87136877,0.00000000,29.64779860,261.31305747,51.53481776,1.28925709,0.15356226,0.04079493,0.03193663,48.12994861,0.25000000,0.18633395,1.61327555,6.91089192,0.00000000,0.00000000,9.18235041,0.01037889,1.01512040,0.58088729,0.00000000,0.00000000,0.00000000,0.00000000,0.75410018,0.37714689,0.70375795,0.84765810,0.93607412,0.75410018,0.37714689,0.70375795,0.84765810,0.93607412,-23.29651969,-46.24124204,0.87526957,0.60357882,-nan,-nan,-nan,-nan,0.00000000,0.00000000,0.00000000,0.00000000,0.00000000,0.00000000,-nan,0.00000000,13.49433222
