Y,A,A_rep,A_hid,L,Q,K,W,P,r,taua,abar,tauk,taul,WtaxRev,KtaxRev,WtaxRev_lost,KtaxRev_lost,G,lump_sum,ylbar,WtaxPct,ShelterPct,ShelterPctP99,TaxEvasionP99,ConcealPctP99,gini,p90,p99,p999,p9999,gini_total,p90_total,p99_total,p999_total,p9999_total,welfare,welfare0,approval,approval0,conceal_share_e,conceal_share_n,evasion_share_e,evasion_share_n,conceal_frac_e,conceal_frac_n,evasion_frac_e,evasion_frac_n,shelter_pct_e,shelter_pct_n,detection_rate,detection_revenue,wtax_evasion_elast
65.58254388,2.85623955,2.85623955,0.00000000,29.60442799,258.87833792,50.99167128,1.28487536,0.15410938,0.04131641,0.03250871,35.29611746,0.25000000,0.18639016,1.79867435,6.92962384,0.00000000,0.00000000,9.18235041,0.01145616,1.01512040,0.63852583,0.00000000,0.00000000,0.00000000,0.00000000,0.75112253,0.38189633,0.70937878,0.84667219,0.93530340,0.75112253,0.38189633,0.70937878,0.84667219,0.93530340,-23.24941742,-46.21224989,0.85414823,0.50707538,-nan,-nan,-nan,-nan,0.00000000,0.00000000,0.00000000,0.00000000,0.00000000,0.00000000,-nan,0.00000000,13.39974043
