Y,A,A_rep,A_hid,L,Q,K,W,P,r,taua,abar,tauk,taul,WtaxRev,KtaxRev,WtaxRev_lost,KtaxRev_lost,G,lump_sum,ylbar,WtaxPct,ShelterPct,ShelterPctP99,TaxEvasionP99,ConcealPctP99,gini,p90,p99,p999,p9999,gini_total,p90_total,p99_total,p999_total,p9999_total,welfare,welfare0,approval,approval0,conceal_share_e,conceal_share_n,evasion_share_e,evasion_share_n,conceal_frac_e,conceal_frac_n,evasion_frac_e,evasion_frac_n,shelter_pct_e,shelter_pct_n,detection_rate,detection_revenue,wtax_evasion_elast
65.64973523,2.85921038,2.85921038,0.00000000,29.61360960,259.39209061,51.09586783,1.28578377,0.15399113,0.04122289,0.03171121,35.92792817,0.25000000,0.18638106,1.76159942,6.92608493,0.00000000,0.00000000,9.18235041,0.01127051,1.01512040,0.64607067,0.00000000,0.00000000,0.00000000,0.00000000,0.75178885,0.38087858,0.70776251,0.84583539,0.93502107,0.75178885,0.38087858,0.70776251,0.84583539,0.93502107,-23.25646987,-46.21337635,0.85979520,0.51656744,-nan,-nan,-nan,-nan,0.00000000,0.00000000,0.00000000,0.00000000,0.00000000,0.00000000,-nan,0.00000000,13.44030840
