Y,A,A_rep,A_hid,L,Q,K,W,P,r,taua,abar,tauk,taul,WtaxRev,KtaxRev,WtaxRev_lost,KtaxRev_lost,G,lump_sum,ylbar,WtaxPct,ShelterPct,ShelterPctP99,TaxEvasionP99,ConcealPctP99,gini,p90,p99,p999,p9999,gini_total,p90_total,p99_total,p999_total,p9999_total,welfare,welfare0,approval,approval0,conceal_share_e,conceal_share_n,evasion_share_e,evasion_share_n,conceal_frac_e,conceal_frac_n,evasion_frac_e,evasion_frac_n,shelter_pct_e,shelter_pct_n,detection_rate,detection_revenue,wtax_evasion_elast
65.58676528,2.85651175,2.85651175,0.00000000,29.60463434,258.90990838,50.99802508,1.28493784,0.15410101,0.04131010,0.03253773,35.59418496,0.25000000,0.18639052,1.79581092,6.92950408,0.00000000,0.00000000,9.18235041,0.01144788,1.01512040,0.64068971,0.00000000,0.00000000,0.00000000,0.00000000,0.75116446,0.38183233,0.70931506,0.84674886,0.93534897,0.75116446,0.38183233,0.70931506,0.84674886,0.93534897,-23.24923951,-46.21094753,0.85522500,0.50995681,-nan,-nan,-nan,-nan,0.00000000,0.00000000,0.00000000,0.00000000,0.00000000,0.00000000,-nan,0.00000000,13.39384570
