Y,A,A_rep,A_hid,L,Q,K,W,P,r,taua,abar,tauk,taul,WtaxRev,KtaxRev,WtaxRev_lost,KtaxRev_lost,G,lump_sum,ylbar,WtaxPct,ShelterPct,ShelterPctP99,TaxEvasionP99,ConcealPctP99,gini,p90,p99,p999,p9999,gini_total,p90_total,p99_total,p999_total,p9999_total,welfare,welfare0,approval,approval0,conceal_share_e,conceal_share_n,evasion_share_e,evasion_share_n,conceal_frac_e,conceal_frac_n,evasion_frac_e,evasion_frac_n,shelter_pct_e,shelter_pct_n,detection_rate,detection_revenue,wtax_evasion_elast
73.57328179,3.11389197,2.92157915,0.19231282,30.13466251,332.00251430,65.55379226,1.41604557,0.13820174,0.02968486,0.00839195,942.26076762,0.25000000,0.18605816,0.13042866,5.92218169,0.09402268,0.54153459,9.29156816,0.00048304,1.08952447,0.01497482,0.10383759,36.67380949,8.47345396,54.89101668,0.77097950,0.35179048,0.65964851,0.82632588,0.93616452,0.78508077,0.33006403,0.61895552,0.77977826,0.90815629,-23.71884284,-47.58862739,0.63664082,0.30116179,0.26136532,0.73863468,0.82672963,0.17327037,0.04941460,0.06774865,0.06199811,0.00767852,0.39156304,0.03436857,0.67305761,0.04556757,40.20471073
