Y,A,A_rep,A_hid,L,Q,K,W,P,r,taua,abar,tauk,taul,WtaxRev,KtaxRev,WtaxRev_lost,KtaxRev_lost,G,lump_sum,ylbar,WtaxPct,ShelterPct,ShelterPctP99,TaxEvasionP99,ConcealPctP99,gini,p90,p99,p999,p9999,gini_total,p90_total,p99_total,p999_total,p9999_total,welfare,welfare0,approval,approval0,conceal_share_e,conceal_share_n,evasion_share_e,evasion_share_n,conceal_frac_e,conceal_frac_n,evasion_frac_e,evasion_frac_n,shelter_pct_e,shelter_pct_n,detection_rate,detection_revenue,wtax_evasion_elast
65.48720569,2.85122404,2.85122404,0.00000000,29.59282126,258.14460400,50.81337617,1.28349502,0.15427710,0.04150252,0.03253773,32.75001221,0.25000000,0.18640315,1.84539109,6.93628024,0.00000000,0.00000000,9.18235041,0.01169030,1.01512040,0.80905453,0.00000000,0.00000000,0.00000000,0.00000000,0.75016099,0.38340082,0.71038900,0.84609566,0.93499630,0.75016099,0.38340082,0.71038900,0.84609566,0.93499630,-23.24259917,-46.22083575,0.84535788,0.48022188,-nan,-nan,-nan,-nan,0.00000000,0.00000000,0.00000000,0.00000000,0.00000000,0.00000000,-nan,0.00000000,13.37013328
