Y,A,A_rep,A_hid,L,Q,K,W,P,r,taua,abar,tauk,taul,WtaxRev,KtaxRev,WtaxRev_lost,KtaxRev_lost,G,lump_sum,ylbar,WtaxPct,ShelterPct,ShelterPctP99,TaxEvasionP99,ConcealPctP99,gini,p90,p99,p999,p9999,gini_total,p90_total,p99_total,p999_total,p9999_total,welfare,welfare0,approval,approval0,conceal_share_e,conceal_share_n,evasion_share_e,evasion_share_n,conceal_frac_e,conceal_frac_n,evasion_frac_e,evasion_frac_n,shelter_pct_e,shelter_pct_n,detection_rate,detection_revenue,wtax_evasion_elast
73.52188261,3.11174572,2.91733363,0.19441209,30.12762979,331.57769581,65.47787669,1.41543154,0.13826918,0.02972425,0.01102434,982.12361566,0.25000000,0.18606484,0.15986741,5.92209290,0.12112708,0.54205721,9.29156816,0.00069801,1.08952447,0.01437927,0.10404339,37.84918294,8.67370670,55.39557138,0.77053523,0.35245508,0.66105247,0.82845583,0.93782043,0.78482814,0.33043479,0.61979923,0.78118443,0.90953870,-23.70862882,-47.57526083,0.68167540,0.33617822,0.26015195,0.73984805,0.80159336,0.19840664,0.04975463,0.06864919,0.06251513,0.00915606,0.39074956,0.03482046,0.67232579,0.04699568,34.57980183
