Y,A,A_rep,A_hid,L,Q,K,W,P,r,taua,abar,tauk,taul,WtaxRev,KtaxRev,WtaxRev_lost,KtaxRev_lost,G,lump_sum,ylbar,WtaxPct,ShelterPct,ShelterPctP99,TaxEvasionP99,ConcealPctP99,gini,p90,p99,p999,p9999,gini_total,p90_total,p99_total,p999_total,p9999_total,welfare,welfare0,approval,approval0,conceal_share_e,conceal_share_n,evasion_share_e,evasion_share_n,conceal_frac_e,conceal_frac_n,evasion_frac_e,evasion_frac_n,shelter_pct_e,shelter_pct_n,detection_rate,detection_revenue,wtax_evasion_elast
73.64306521,3.11685846,2.93818790,0.17867056,30.14385768,332.66634821,65.63588173,1.41697595,0.13808641,0.02966187,0.00532941,1017.48184077,0.25000000,0.18605097,0.08504358,5.93227068,0.05413445,0.53777260,9.29156816,0.00025466,1.08952447,0.01446147,0.10200320,33.50402854,8.21835759,54.85420384,0.77221380,0.34990108,0.65556223,0.82061567,0.93332233,0.78523068,0.32984338,0.61802776,0.77799234,0.90631203,-23.72401502,-47.58957486,0.55627872,0.15919294,0.26791243,0.73208757,0.86678022,0.13321978,0.04703253,0.06231380,0.06084270,0.00551191,0.38770420,0.03302295,0.67923018,0.04343910,49.19364148
