Y,A,A_rep,A_hid,L,Q,K,W,P,r,taua,abar,tauk,taul,WtaxRev,KtaxRev,WtaxRev_lost,KtaxRev_lost,G,lump_sum,ylbar,WtaxPct,ShelterPct,ShelterPctP99,TaxEvasionP99,ConcealPctP99,gini,p90,p99,p999,p9999,gini_total,p90_total,p99_total,p999_total,p9999_total,welfare,welfare0,approval,approval0,conceal_share_e,conceal_share_n,evasion_share_e,evasion_share_n,conceal_frac_e,conceal_frac_n,evasion_frac_e,evasion_frac_n,shelter_pct_e,shelter_pct_n,detection_rate,detection_revenue,wtax_evasion_elast
66.08789092,2.87998549,2.87998549,0.00000000,29.67499144,262.66469957,51.86888339,1.29167687,0.15327809,0.04046229,0.03378991,66.81951647,0.25000000,0.18629574,1.49799050,6.90023834,0.00000000,0.00000000,9.18235041,0.00963319,1.01512040,0.33304179,0.00000000,0.00000000,0.00000000,0.00000000,0.75577815,0.37440527,0.70048408,0.85086305,0.93780838,0.75577815,0.37440527,0.70048408,0.85086305,0.93780838,-23.33590080,-46.28284881,0.87470866,0.58973461,-nan,-nan,-nan,-nan,0.00000000,0.00000000,0.00000000,0.00000000,0.00000000,0.00000000,-nan,0.00000000,13.45663841
