Y,A,A_rep,A_hid,L,Q,K,W,P,r,taua,abar,tauk,taul,WtaxRev,KtaxRev,WtaxRev_lost,KtaxRev_lost,G,lump_sum,ylbar,WtaxPct,ShelterPct,ShelterPctP99,TaxEvasionP99,ConcealPctP99,gini,p90,p99,p999,p9999,gini_total,p90_total,p99_total,p999_total,p9999_total,welfare,welfare0,approval,approval0,conceal_share_e,conceal_share_n,evasion_share_e,evasion_share_n,conceal_frac_e,conceal_frac_n,evasion_frac_e,evasion_frac_n,shelter_pct_e,shelter_pct_n,detection_rate,detection_revenue,wtax_evasion_elast
65.61486534,2.85861752,2.85861752,0.00000000,29.60563805,259.11919336,51.05915240,1.28539485,0.15404855,0.04123606,0.03449178,41.60512301,0.25000000,0.18638115,1.77622019,6.92756662,0.00000000,0.00000000,9.18235041,0.01128657,1.01512040,0.53301748,0.00000000,0.00000000,0.00000000,0.00000000,0.75138537,0.38145844,0.71020692,0.84991257,0.93675841,0.75138537,0.38145844,0.71020692,0.84991257,0.93675841,-23.25654856,-46.21991693,0.85419493,0.50668409,-nan,-nan,-nan,-nan,0.00000000,0.00000000,0.00000000,0.00000000,0.00000000,0.00000000,-nan,0.00000000,13.29068702
