Y,A,A_rep,A_hid,L,Q,K,W,P,r,taua,abar,tauk,taul,WtaxRev,KtaxRev,WtaxRev_lost,KtaxRev_lost,G,lump_sum,ylbar,WtaxPct,ShelterPct,ShelterPctP99,TaxEvasionP99,ConcealPctP99,gini,p90,p99,p999,p9999,gini_total,p90_total,p99_total,p999_total,p9999_total,welfare,welfare0,approval,approval0,conceal_share_e,conceal_share_n,evasion_share_e,evasion_share_n,conceal_frac_e,conceal_frac_n,evasion_frac_e,evasion_frac_n,shelter_pct_e,shelter_pct_n,detection_rate,detection_revenue,wtax_evasion_elast
65.81941254,2.86737289,2.86737289,0.00000000,29.63635174,260.68270317,51.38556490,1.28811419,0.15370066,0.04094283,0.03156574,42.90068330,0.25000000,0.18634964,1.66253977,6.91602172,0.00000000,0.00000000,9.18235041,0.01067977,1.01512040,0.54854366,0.00000000,0.00000000,0.00000000,0.00000000,0.75336708,0.37833572,0.70505409,0.84666428,0.93555110,0.75336708,0.37833572,0.70505409,0.84666428,0.93555110,-23.28296797,-46.23153284,0.87005171,0.52881400,-nan,-nan,-nan,-nan,0.00000000,0.00000000,0.00000000,0.00000000,0.00000000,0.00000000,-nan,0.00000000,13.48183047
