Y,A,A_rep,A_hid,L,Q,K,W,P,r,taua,abar,tauk,taul,WtaxRev,KtaxRev,WtaxRev_lost,KtaxRev_lost,G,lump_sum,ylbar,WtaxPct,ShelterPct,ShelterPctP99,TaxEvasionP99,ConcealPctP99,gini,p90,p99,p999,p9999,gini_total,p90_total,p99_total,p999_total,p9999_total,welfare,welfare0,approval,approval0,conceal_share_e,conceal_share_n,evasion_share_e,evasion_share_n,conceal_frac_e,conceal_frac_n,evasion_frac_e,evasion_frac_n,shelter_pct_e,shelter_pct_n,detection_rate,detection_revenue,wtax_evasion_elast
73.73734256,3.12217748,2.99895531,0.12322216,30.15459462,333.59845486,65.75375995,1.41832807,0.13791974,0.02962333,0.00044335,1276.45243536,0.25000000,0.18604035,0.00765632,5.96712471,0.00273362,0.53681064,9.29156816,0.00000408,1.08952447,0.01351643,0.09985093,30.69124737,7.77712442,35.96406197,0.77687077,0.34272441,0.64162772,0.80223459,0.91811420,0.78564008,0.32919819,0.61634911,0.77489903,0.90290882,-23.72566456,-47.57983393,0.40482270,0.08172339,0.30641098,0.69358902,0.91630255,0.08369745,0.03706616,0.04062920,0.05905824,0.00316366,0.38387776,0.03127491,0.68194744,0.03769589,69.07277035
