Y,A,A_rep,A_hid,L,Q,K,W,P,r,taua,abar,tauk,taul,WtaxRev,KtaxRev,WtaxRev_lost,KtaxRev_lost,G,lump_sum,ylbar,WtaxPct,ShelterPct,ShelterPctP99,TaxEvasionP99,ConcealPctP99,gini,p90,p99,p999,p9999,gini_total,p90_total,p99_total,p999_total,p9999_total,welfare,welfare0,approval,approval0,conceal_share_e,conceal_share_n,evasion_share_e,evasion_share_n,conceal_frac_e,conceal_frac_n,evasion_frac_e,evasion_frac_n,shelter_pct_e,shelter_pct_n,detection_rate,detection_revenue,wtax_evasion_elast
64.97984861,2.83045849,2.83045849,0.00000000,29.51903859,254.26659831,50.07090814,1.27673916,0.15518185,0.04214011,0.04241299,36.12156858,0.25000000,0.18647040,2.10668622,6.96185025,0.00000000,0.00000000,9.18235041,0.01285006,1.01512040,0.61341474,0.00000000,0.00000000,0.00000000,0.00000000,0.74537650,0.39073366,0.72464974,0.85761760,0.93934785,0.74537650,0.39073366,0.72464974,0.85761760,0.93934785,-23.20588813,-46.25086899,0.80620347,0.43735909,-nan,-nan,-nan,-nan,0.00000000,0.00000000,0.00000000,0.00000000,0.00000000,0.00000000,-nan,0.00000000,12.77875743
