Y,A,A_rep,A_hid,L,Q,K,W,P,r,taua,abar,tauk,taul,WtaxRev,KtaxRev,WtaxRev_lost,KtaxRev_lost,G,lump_sum,ylbar,WtaxPct,ShelterPct,ShelterPctP99,TaxEvasionP99,ConcealPctP99,gini,p90,p99,p999,p9999,gini_total,p90_total,p99_total,p999_total,p9999_total,welfare,welfare0,approval,approval0,conceal_share_e,conceal_share_n,evasion_share_e,evasion_share_n,conceal_frac_e,conceal_frac_n,evasion_frac_e,evasion_frac_n,shelter_pct_e,shelter_pct_n,detection_rate,detection_revenue,wtax_evasion_elast
65.54275856,2.85456826,2.85456826,0.00000000,29.59839931,258.58081871,50.92833145,1.28435687,0.15417523,0.04137444,0.03336412,36.12156858,0.25000000,0.18639509,1.81792856,6.93165395,0.00000000,0.00000000,9.18235041,0.01153654,1.01512040,0.64190553,0.00000000,0.00000000,0.00000000,0.00000000,0.75074568,0.38247808,0.71059062,0.84776579,0.93575148,0.75074568,0.38247808,0.71059062,0.84776579,0.93575148,-23.24708984,-46.21565605,0.85072312,0.50167631,-nan,-nan,-nan,-nan,0.00000000,0.00000000,0.00000000,0.00000000,0.00000000,0.00000000,-nan,0.00000000,13.33889520
