Y,A,A_rep,A_hid,L,Q,K,W,P,r,taua,abar,tauk,taul,WtaxRev,KtaxRev,WtaxRev_lost,KtaxRev_lost,G,lump_sum,ylbar,WtaxPct,ShelterPct,ShelterPctP99,TaxEvasionP99,ConcealPctP99,gini,p90,p99,p999,p9999,gini_total,p90_total,p99_total,p999_total,p9999_total,welfare,welfare0,approval,approval0,conceal_share_e,conceal_share_n,evasion_share_e,evasion_share_n,conceal_frac_e,conceal_frac_n,evasion_frac_e,evasion_frac_n,shelter_pct_e,shelter_pct_n,detection_rate,detection_revenue,wtax_evasion_elast
65.42389476,2.84759694,2.84759694,0.00000000,29.58615482,257.66222627,50.69531335,1.28256606,0.15439050,0.04162866,0.03198974,29.43426382,0.25000000,0.18641078,1.88057709,6.94044659,0.00000000,0.00000000,9.18235041,0.01188309,1.01512040,1.13720629,0.00000000,0.00000000,0.00000000,0.00000000,0.74958414,0.38434256,0.71047568,0.84473567,0.93437525,0.74958414,0.38434256,0.71047568,0.84473567,0.93437525,-23.23673240,-46.22373991,0.83856083,0.47184972,-nan,-nan,-nan,-nan,0.00000000,0.00000000,0.00000000,0.00000000,0.00000000,0.00000000,-nan,0.00000000,13.44616603
