Y,A,A_rep,A_hid,L,Q,K,W,P,r,taua,abar,tauk,taul,WtaxRev,KtaxRev,WtaxRev_lost,KtaxRev_lost,G,lump_sum,ylbar,WtaxPct,ShelterPct,ShelterPctP99,TaxEvasionP99,ConcealPctP99,gini,p90,p99,p999,p9999,gini_total,p90_total,p99_total,p999_total,p9999_total,welfare,welfare0,approval,approval0,conceal_share_e,conceal_share_n,evasion_share_e,evasion_share_n,conceal_frac_e,conceal_frac_n,evasion_frac_e,evasion_frac_n,shelter_pct_e,shelter_pct_n,detection_rate,detection_revenue,wtax_evasion_elast
73.47223613,3.10983294,2.92071392,0.18911902,30.12092248,331.10680181,65.41299405,1.41476512,0.13834988,0.02974784,0.01461954,1147.03355714,0.25000000,0.18607140,0.17985172,5.92999496,0.14616352,0.54057706,9.29156816,0.00089908,1.08952447,0.01159653,0.10408400,39.49795515,8.73389967,53.59715580,0.77084920,0.35198614,0.66050952,0.82822082,0.93985537,0.78474201,0.33058072,0.62038903,0.78238067,0.91094006,-23.70248790,-47.56874404,0.69714264,0.35365522,0.26859941,0.73140059,0.78249838,0.21750162,0.04999096,0.06606558,0.06299476,0.01037570,0.39162397,0.03465976,0.67033783,0.04829096,30.45244279
