Y,A,A_rep,A_hid,L,Q,K,W,P,r,taua,abar,tauk,taul,WtaxRev,KtaxRev,WtaxRev_lost,KtaxRev_lost,G,lump_sum,ylbar,WtaxPct,ShelterPct,ShelterPctP99,TaxEvasionP99,ConcealPctP99,gini,p90,p99,p999,p9999,gini_total,p90_total,p99_total,p999_total,p9999_total,welfare,welfare0,approval,approval0,conceal_share_e,conceal_share_n,evasion_share_e,evasion_share_n,conceal_frac_e,conceal_frac_n,evasion_frac_e,evasion_frac_n,shelter_pct_e,shelter_pct_n,detection_rate,detection_revenue,wtax_evasion_elast
73.63162107,3.11646983,2.94172709,0.17474274,30.14216714,332.57426470,65.60886711,1.41683153,0.13809895,0.02968205,0.00668636,1320.29037299,0.25000000,0.18605176,0.08678151,5.93603389,0.05669894,0.53733072,9.29156816,0.00028522,1.08952447,0.01053743,0.10171987,32.46433436,8.24922883,53.66299993,0.77240236,0.34957027,0.65495193,0.81986369,0.93404838,0.78512368,0.32996961,0.61827328,0.77830822,0.90683492,-23.72212547,-47.58880636,0.57457071,0.20152619,0.26874973,0.73125027,0.86277217,0.13722783,0.04615487,0.06087748,0.06075092,0.00569655,0.38687467,0.03287151,0.67971019,0.04352864,43.94863387
