Y,A,A_rep,A_hid,L,Q,K,W,P,r,taua,abar,tauk,taul,WtaxRev,KtaxRev,WtaxRev_lost,KtaxRev_lost,G,lump_sum,ylbar,WtaxPct,ShelterPct,ShelterPctP99,TaxEvasionP99,ConcealPctP99,gini,p90,p99,p999,p9999,gini_total,p90_total,p99_total,p999_total,p9999_total,welfare,welfare0,approval,approval0,conceal_share_e,conceal_share_n,evasion_share_e,evasion_share_n,conceal_frac_e,conceal_frac_n,evasion_frac_e,evasion_frac_n,shelter_pct_e,shelter_pct_n,detection_rate,detection_revenue,wtax_evasion_elast
65.56584409,2.85512725,2.85512725,0.00000000,29.60296804,258.75145416,50.95416372,1.28461471,0.15413855,0.04136061,0.03221293,34.27196842,0.25000000,0.18639164,1.80629043,6.93098969,0.00000000,0.00000000,9.18235041,0.01149294,1.01512040,0.84216353,0.00000000,0.00000000,0.00000000,0.00000000,0.75091238,0.38229130,0.70925376,0.84609707,0.93506762,0.75091238,0.38229130,0.70925376,0.84609707,0.93506762,-23.24856576,-46.21538383,0.85221735,0.50615141,-nan,-nan,-nan,-nan,0.00000000,0.00000000,0.00000000,0.00000000,0.00000000,0.00000000,-nan,0.00000000,13.39899594
