Y,A,A_rep,A_hid,L,Q,K,W,P,r,taua,abar,tauk,taul,WtaxRev,KtaxRev,WtaxRev_lost,KtaxRev_lost,G,lump_sum,ylbar,WtaxPct,ShelterPct,ShelterPctP99,TaxEvasionP99,ConcealPctP99,gini,p90,p99,p999,p9999,gini_total,p90_total,p99_total,p999_total,p9999_total,welfare,welfare0,approval,approval0,conceal_share_e,conceal_share_n,evasion_share_e,evasion_share_n,conceal_frac_e,conceal_frac_n,evasion_frac_e,evasion_frac_n,shelter_pct_e,shelter_pct_n,detection_rate,detection_revenue,wtax_evasion_elast
65.63689838,2.85860052,2.85860052,0.00000000,29.61198350,259.29160730,51.07468384,1.28560177,0.15401456,0.04124280,0.03177107,35.56465104,0.25000000,0.18638268,1.76862547,6.92686924,0.00000000,0.00000000,9.18235041,0.01130749,1.01512040,0.64305898,0.00000000,0.00000000,0.00000000,0.00000000,0.75168847,0.38104837,0.70797945,0.84583908,0.93500959,0.75168847,0.38104837,0.70797945,0.84583908,0.93500959,-23.25554924,-46.21393370,0.85859463,0.51037703,-nan,-nan,-nan,-nan,0.00000000,0.00000000,0.00000000,0.00000000,0.00000000,0.00000000,-nan,0.00000000,13.43952707
