Y,A,A_rep,A_hid,L,Q,K,W,P,r,taua,abar,tauk,taul,WtaxRev,KtaxRev,WtaxRev_lost,KtaxRev_lost,G,lump_sum,ylbar,WtaxPct,ShelterPct,ShelterPctP99,TaxEvasionP99,ConcealPctP99,gini,p90,p99,p999,p9999,gini_total,p90_total,p99_total,p999_total,p9999_total,welfare,welfare0,approval,approval0,conceal_share_e,conceal_share_n,evasion_share_e,evasion_share_n,conceal_frac_e,conceal_frac_n,evasion_frac_e,evasion_frac_n,shelter_pct_e,shelter_pct_n,detection_rate,detection_revenue,wtax_evasion_elast
73.44544869,3.11053840,2.90810662,0.20243178,30.12494227,330.49000764,65.59881906,1.41405096,0.13853071,0.02949237,0.02000000,1337.92605911,0.25000000,0.18606683,0.16838176,5.92530993,0.21476483,0.53554238,9.29156816,0.00077174,1.08952447,0.00915618,0.10464650,54.09269967,10.90567157,50.56910008,0.77079095,0.35227495,0.66246086,0.83265915,0.94716119,0.78566567,0.32934913,0.61940811,0.78291518,0.91284833,-23.73635708,-47.63182537,0.50335246,0.13872874,0.31000956,0.68999044,0.76310039,0.23689961,0.06158750,0.06678049,0.06681460,0.01234008,0.39504309,0.03453255,0.66808478,0.06303950,35.87790125
