Y,A,A_rep,A_hid,L,Q,K,W,P,r,taua,abar,tauk,taul,WtaxRev,KtaxRev,WtaxRev_lost,KtaxRev_lost,G,lump_sum,ylbar,WtaxPct,ShelterPct,ShelterPctP99,TaxEvasionP99,ConcealPctP99,gini,p90,p99,p999,p9999,gini_total,p90_total,p99_total,p999_total,p9999_total,welfare,welfare0,approval,approval0,conceal_share_e,conceal_share_n,evasion_share_e,evasion_share_n,conceal_frac_e,conceal_frac_n,evasion_frac_e,evasion_frac_n,shelter_pct_e,shelter_pct_n,detection_rate,detection_revenue,wtax_evasion_elast
65.46481765,2.85005206,2.85005206,0.00000000,29.59002373,257.97914723,50.77726914,1.28319467,0.15431536,0.04153746,0.03280181,32.62221730,0.25000000,0.18640461,1.85732085,6.93730423,0.00000000,0.00000000,9.18235041,0.01173975,1.01512040,0.80546432,0.00000000,0.00000000,0.00000000,0.00000000,0.74995310,0.38375408,0.71089014,0.84635566,0.93508885,0.74995310,0.38375408,0.71089014,0.84635566,0.93508885,-23.24141593,-46.22353020,0.84295966,0.47305845,-nan,-nan,-nan,-nan,0.00000000,0.00000000,0.00000000,0.00000000,0.00000000,0.00000000,-nan,0.00000000,13.35440209
