Y,A,A_rep,A_hid,L,Q,K,W,P,r,taua,abar,tauk,taul,WtaxRev,KtaxRev,WtaxRev_lost,KtaxRev_lost,G,lump_sum,ylbar,WtaxPct,ShelterPct,ShelterPctP99,TaxEvasionP99,ConcealPctP99,gini,p90,p99,p999,p9999,gini_total,p90_total,p99_total,p999_total,p9999_total,welfare,welfare0,approval,approval0,conceal_share_e,conceal_share_n,evasion_share_e,evasion_share_n,conceal_frac_e,conceal_frac_n,evasion_frac_e,evasion_frac_n,shelter_pct_e,shelter_pct_n,detection_rate,detection_revenue,wtax_evasion_elast
65.66047382,2.85991086,2.85991086,0.00000000,29.61432478,259.47380566,51.11921148,1.28595508,0.15397155,0.04119550,0.03242466,38.43640844,0.25000000,0.18637691,1.75287834,6.92521178,0.00000000,0.00000000,9.18235041,0.01119302,1.01512040,0.66566098,0.00000000,0.00000000,0.00000000,0.00000000,0.75184902,0.38072401,0.70812251,0.84703211,0.93554350,0.75184902,0.38072401,0.70812251,0.84703211,0.93554350,-23.26042303,-46.21878791,0.85832215,0.51005069,-nan,-nan,-nan,-nan,0.00000000,0.00000000,0.00000000,0.00000000,0.00000000,0.00000000,-nan,0.00000000,13.38759672
