Y,A,A_rep,A_hid,L,Q,K,W,P,r,taua,abar,tauk,taul,WtaxRev,KtaxRev,WtaxRev_lost,KtaxRev_lost,G,lump_sum,ylbar,WtaxPct,ShelterPct,ShelterPctP99,TaxEvasionP99,ConcealPctP99,gini,p90,p99,p999,p9999,gini_total,p90_total,p99_total,p999_total,p9999_total,welfare,welfare0,approval,approval0,conceal_share_e,conceal_share_n,evasion_share_e,evasion_share_n,conceal_frac_e,conceal_frac_n,evasion_frac_e,evasion_frac_n,shelter_pct_e,shelter_pct_n,detection_rate,detection_revenue,wtax_evasion_elast
73.49010352,3.11050102,2.92891723,0.18158379,30.12288133,331.30030066,65.41551251,1.41501892,0.13831095,0.02976426,0.01487395,1314.40930102,0.25000000,0.18606968,0.16875172,5.92934444,0.13013771,0.54583324,9.29156816,0.00081935,1.08952447,0.00958495,0.10337313,36.98131300,8.97972557,53.00642649,0.77133549,0.35126704,0.65881025,0.82576700,0.93899693,0.78464275,0.33076089,0.62039827,0.78204368,0.91068481,-23.70288254,-47.56909176,0.70173566,0.35640652,0.26952274,0.73047726,0.79584480,0.20415520,0.04817112,0.06332852,0.06315632,0.00959305,0.39055228,0.03403601,0.68072860,0.04828520,29.03715991
