Y,A,A_rep,A_hid,L,Q,K,W,P,r,taua,abar,tauk,taul,WtaxRev,KtaxRev,WtaxRev_lost,KtaxRev_lost,G,lump_sum,ylbar,WtaxPct,ShelterPct,ShelterPctP99,TaxEvasionP99,ConcealPctP99,gini,p90,p99,p999,p9999,gini_total,p90_total,p99_total,p999_total,p9999_total,welfare,welfare0,approval,approval0,conceal_share_e,conceal_share_n,evasion_share_e,evasion_share_n,conceal_frac_e,conceal_frac_n,evasion_frac_e,evasion_frac_n,shelter_pct_e,shelter_pct_n,detection_rate,detection_revenue,wtax_evasion_elast
65.60270320,2.85719445,2.85719445,0.00000000,29.60719201,259.03293959,51.02383772,1.28514947,0.15407393,0.04128689,0.03234119,35.72493561,0.25000000,0.18638642,1.78684645,6.92856203,0.00000000,0.00000000,9.18235041,0.01138950,1.01512040,0.64229517,0.00000000,0.00000000,0.00000000,0.00000000,0.75130830,0.38164188,0.70897918,0.84655707,0.93528080,0.75130830,0.38164188,0.70897918,0.84655707,0.93528080,-23.25221799,-46.21414724,0.85533676,0.50995691,-nan,-nan,-nan,-nan,0.00000000,0.00000000,0.00000000,0.00000000,0.00000000,0.00000000,-nan,0.00000000,13.40754478
