Y,A,A_rep,A_hid,L,Q,K,W,P,r,taua,abar,tauk,taul,WtaxRev,KtaxRev,WtaxRev_lost,KtaxRev_lost,G,lump_sum,ylbar,WtaxPct,ShelterPct,ShelterPctP99,TaxEvasionP99,ConcealPctP99,gini,p90,p99,p999,p9999,gini_total,p90_total,p99_total,p999_total,p9999_total,welfare,welfare0,approval,approval0,conceal_share_e,conceal_share_n,evasion_share_e,evasion_share_n,conceal_frac_e,conceal_frac_n,evasion_frac_e,evasion_frac_n,shelter_pct_e,shelter_pct_n,detection_rate,detection_revenue,wtax_evasion_elast
65.59126853,2.85662180,2.85662180,0.00000000,29.60581873,258.94583455,51.00648827,1.28499275,0.15409462,0.04130256,0.03238680,35.34539740,0.25000000,0.18638891,1.79359106,6.92908358,0.00000000,0.00000000,9.18235041,0.01142715,1.01512040,0.63922156,0.00000000,0.00000000,0.00000000,0.00000000,0.75120778,0.38179832,0.70916650,0.84653564,0.93525399,0.75120778,0.38179832,0.70916650,0.84653564,0.93525399,-23.25080890,-46.21325156,0.85484119,0.50711311,-nan,-nan,-nan,-nan,0.00000000,0.00000000,0.00000000,0.00000000,0.00000000,0.00000000,-nan,0.00000000,13.40771555
