Y,A,A_rep,A_hid,L,Q,K,W,P,r,taua,abar,tauk,taul,WtaxRev,KtaxRev,WtaxRev_lost,KtaxRev_lost,G,lump_sum,ylbar,WtaxPct,ShelterPct,ShelterPctP99,TaxEvasionP99,ConcealPctP99,gini,p90,p99,p999,p9999,gini_total,p90_total,p99_total,p999_total,p9999_total,welfare,welfare0,approval,approval0,conceal_share_e,conceal_share_n,evasion_share_e,evasion_share_n,conceal_frac_e,conceal_frac_n,evasion_frac_e,evasion_frac_n,shelter_pct_e,shelter_pct_n,detection_rate,detection_revenue,wtax_evasion_elast
73.51123834,3.11127016,2.92970401,0.18156615,30.12573276,331.49570183,65.43910005,1.41529029,0.13827715,0.02975834,0.01289303,1236.67680746,0.25000000,0.18606616,0.15811302,5.93010637,0.11758162,0.54420110,9.29156816,0.00073762,1.08952447,0.01071750,0.10334653,36.05815054,8.70410653,53.44579348,0.77139689,0.35112844,0.65849770,0.82514402,0.93781729,0.78469585,0.33063744,0.62011661,0.78147522,0.90996681,-23.70602753,-47.57275756,0.69351889,0.34767199,0.26657706,0.73342294,0.80460744,0.19539256,0.04763300,0.06355892,0.06260910,0.00899544,0.39033521,0.03405539,0.67841436,0.04690258,30.80596849
