Y,A,A_rep,A_hid,L,Q,K,W,P,r,taua,abar,tauk,taul,WtaxRev,KtaxRev,WtaxRev_lost,KtaxRev_lost,G,lump_sum,ylbar,WtaxPct,ShelterPct,ShelterPctP99,TaxEvasionP99,ConcealPctP99,gini,p90,p99,p999,p9999,gini_total,p90_total,p99_total,p999_total,p9999_total,welfare,welfare0,approval,approval0,conceal_share_e,conceal_share_n,evasion_share_e,evasion_share_n,conceal_frac_e,conceal_frac_n,evasion_frac_e,evasion_frac_n,shelter_pct_e,shelter_pct_n,detection_rate,detection_revenue,wtax_evasion_elast
65.59002394,2.85662326,2.85662326,0.00000000,29.60530429,258.92939013,51.00265286,1.28496785,0.15409763,0.04130600,0.03236515,35.23746792,0.25000000,0.18639049,1.79440911,6.92943565,0.00000000,0.00000000,9.18235041,0.01144425,1.01512040,0.63857971,0.00000000,0.00000000,0.00000000,0.00000000,0.75120747,0.38180464,0.70914249,0.84648152,0.93522521,0.75120747,0.38180464,0.70914249,0.84648152,0.93522521,-23.24956816,-46.21108770,0.85529588,0.50995652,-nan,-nan,-nan,-nan,0.00000000,0.00000000,0.00000000,0.00000000,0.00000000,0.00000000,-nan,0.00000000,13.40756556
