Y,A,A_rep,A_hid,L,Q,K,W,P,r,taua,abar,tauk,taul,WtaxRev,KtaxRev,WtaxRev_lost,KtaxRev_lost,G,lump_sum,ylbar,WtaxPct,ShelterPct,ShelterPctP99,TaxEvasionP99,ConcealPctP99,gini,p90,p99,p999,p9999,gini_total,p90_total,p99_total,p999_total,p9999_total,welfare,welfare0,approval,approval0,conceal_share_e,conceal_share_n,evasion_share_e,evasion_share_n,conceal_frac_e,conceal_frac_n,evasion_frac_e,evasion_frac_n,shelter_pct_e,shelter_pct_n,detection_rate,detection_revenue,wtax_evasion_elast
73.44737760,3.11059207,2.91052480,0.20006727,30.12545081,330.50396926,65.60473246,1.41407021,0.13852973,0.02948766,0.02000000,1358.05251839,0.25000000,0.18606553,0.16578650,5.92616050,0.21264318,0.53633293,9.29156816,0.00075330,1.08952447,0.00893635,0.10455529,53.94271891,10.92374197,49.78421705,0.77098178,0.35198051,0.66190321,0.83196205,0.94675124,0.78566996,0.32934181,0.61939063,0.78289571,0.91281766,-23.73784243,-47.63456720,0.49205544,0.09722742,0.31229735,0.68770265,0.76534378,0.23465622,0.06131575,0.06578075,0.06690569,0.01220264,0.39487689,0.03445944,0.66971193,0.06354176,36.12321441
