Y,A,A_rep,A_hid,L,Q,K,W,P,r,taua,abar,tauk,taul,WtaxRev,KtaxRev,WtaxRev_lost,KtaxRev_lost,G,lump_sum,ylbar,WtaxPct,ShelterPct,ShelterPctP99,TaxEvasionP99,ConcealPctP99,gini,p90,p99,p999,p9999,gini_total,p90_total,p99_total,p999_total,p9999_total,welfare,welfare0,approval,approval0,conceal_share_e,conceal_share_n,evasion_share_e,evasion_share_n,conceal_frac_e,conceal_frac_n,evasion_frac_e,evasion_frac_n,shelter_pct_e,shelter_pct_n,detection_rate,detection_revenue,wtax_evasion_elast
65.60406052,2.85731890,2.85731890,0.00000000,29.60679149,259.03882920,51.02515895,1.28517162,0.15407107,0.04128470,0.03249249,36.20813747,0.25000000,0.18638748,1.78599578,6.92858643,0.00000000,0.00000000,9.18235041,0.01139132,1.01512040,0.64592230,0.00000000,0.00000000,0.00000000,0.00000000,0.75132101,0.38158476,0.70904546,0.84678984,0.93538793,0.75132101,0.38158476,0.70904546,0.84678984,0.93538793,-23.25156056,-46.21270186,0.85578490,0.51003327,-nan,-nan,-nan,-nan,0.00000000,0.00000000,0.00000000,0.00000000,0.00000000,0.00000000,-nan,0.00000000,13.39007004
