Y,A,A_rep,A_hid,L,Q,K,W,P,r,taua,abar,tauk,taul,WtaxRev,KtaxRev,WtaxRev_lost,KtaxRev_lost,G,lump_sum,ylbar,WtaxPct,ShelterPct,ShelterPctP99,TaxEvasionP99,ConcealPctP99,gini,p90,p99,p999,p9999,gini_total,p90_total,p99_total,p999_total,p9999_total,welfare,welfare0,approval,approval0,conceal_share_e,conceal_share_n,evasion_share_e,evasion_share_n,conceal_frac_e,conceal_frac_n,evasion_frac_e,evasion_frac_n,shelter_pct_e,shelter_pct_n,detection_rate,detection_revenue,wtax_evasion_elast
65.61677155,2.85763197,2.85763197,0.00000000,29.60940574,259.14001583,51.04252333,1.28532875,0.15404953,0.04127296,0.03190211,35.04305590,0.25000000,0.18638541,1.78043725,6.92789855,0.00000000,0.00000000,9.18235041,0.01136630,1.01512040,0.86152850,0.00000000,0.00000000,0.00000000,0.00000000,0.75147483,0.38135989,0.70839042,0.84593135,0.93502370,0.75147483,0.38135989,0.70839042,0.84593135,0.93502370,-23.25318375,-46.21334356,0.85695493,0.50992008,-nan,-nan,-nan,-nan,0.00000000,0.00000000,0.00000000,0.00000000,0.00000000,0.00000000,-nan,0.00000000,13.43661941
