Y,A,A_rep,A_hid,L,Q,K,W,P,r,taua,abar,tauk,taul,WtaxRev,KtaxRev,WtaxRev_lost,KtaxRev_lost,G,lump_sum,ylbar,WtaxPct,ShelterPct,ShelterPctP99,TaxEvasionP99,ConcealPctP99,gini,p90,p99,p999,p9999,gini_total,p90_total,p99_total,p999_total,p9999_total,welfare,welfare0,approval,approval0,conceal_share_e,conceal_share_n,evasion_share_e,evasion_share_n,conceal_frac_e,conceal_frac_n,evasion_frac_e,evasion_frac_n,shelter_pct_e,shelter_pct_n,detection_rate,detection_revenue,wtax_evasion_elast
65.43909351,2.84927249,2.84927249,0.00000000,29.58549096,257.79118291,50.74628434,1.28289434,0.15435694,0.04155795,0.03366510,33.60712904,0.25000000,0.18640942,1.87136317,6.93822177,0.00000000,0.00000000,9.18235041,0.01180808,1.01512040,0.82333013,0.00000000,0.00000000,0.00000000,0.00000000,0.74972851,0.38405522,0.71196767,0.84755409,0.93557928,0.74972851,0.38405522,0.71196767,0.84755409,0.93557928,-23.23810690,-46.22127725,0.84057944,0.47245874,-nan,-nan,-nan,-nan,0.00000000,0.00000000,0.00000000,0.00000000,0.00000000,0.00000000,-nan,0.00000000,13.29783890
