Y,A,A_rep,A_hid,L,Q,K,W,P,r,taua,abar,tauk,taul,WtaxRev,KtaxRev,WtaxRev_lost,KtaxRev_lost,G,lump_sum,ylbar,WtaxPct,ShelterPct,ShelterPctP99,TaxEvasionP99,ConcealPctP99,gini,p90,p99,p999,p9999,gini_total,p90_total,p99_total,p999_total,p9999_total,welfare,welfare0,approval,approval0,conceal_share_e,conceal_share_n,evasion_share_e,evasion_share_n,conceal_frac_e,conceal_frac_n,evasion_frac_e,evasion_frac_n,shelter_pct_e,shelter_pct_n,detection_rate,detection_revenue,wtax_evasion_elast
65.75958857,2.86383343,2.86383343,0.00000000,29.63059412,260.22261921,51.27161365,1.28722170,0.15380875,0.04106416,0.03000000,35.58335989,0.25000000,0.18636315,1.70175776,6.91992360,0.00000000,0.00000000,9.18235041,0.01094639,1.01512040,0.64971146,0.00000000,0.00000000,0.00000000,0.00000000,0.75287573,0.37915020,0.70487540,0.84381141,0.93430204,0.75287573,0.37915020,0.70487540,0.84381141,0.93430204,-23.27179470,-46.22142188,0.86887242,0.52945624,-nan,-nan,-nan,-nan,0.00000000,0.00000000,0.00000000,0.00000000,0.00000000,0.00000000,-nan,0.00000000,13.56220236
