Y,A,A_rep,A_hid,L,Q,K,W,P,r,taua,abar,tauk,taul,WtaxRev,KtaxRev,WtaxRev_lost,KtaxRev_lost,G,lump_sum,ylbar,WtaxPct,ShelterPct,ShelterPctP99,TaxEvasionP99,ConcealPctP99,gini,p90,p99,p999,p9999,gini_total,p90_total,p99_total,p999_total,p9999_total,welfare,welfare0,approval,approval0,conceal_share_e,conceal_share_n,evasion_share_e,evasion_share_n,conceal_frac_e,conceal_frac_n,evasion_frac_e,evasion_frac_n,shelter_pct_e,shelter_pct_n,detection_rate,detection_revenue,wtax_evasion_elast
65.56868365,2.85559200,2.85559200,0.00000000,29.60290379,258.80279288,50.97661605,1.28474102,0.15412633,0.04132943,0.03281970,35.66534480,0.25000000,0.18638961,1.80449130,6.92941699,0.00000000,0.00000000,9.18235041,0.01147838,1.01512040,0.64020305,0.00000000,0.00000000,0.00000000,0.00000000,0.75098287,0.38224291,0.70982695,0.84709870,0.93547853,0.75098287,0.38224291,0.70982695,0.84709870,0.93547853,-23.24815752,-46.21153783,0.85377995,0.50707567,-nan,-nan,-nan,-nan,0.00000000,0.00000000,0.00000000,0.00000000,0.00000000,0.00000000,-nan,0.00000000,13.38331602
