Y,A,A_rep,A_hid,L,Q,K,W,P,r,taua,abar,tauk,taul,WtaxRev,KtaxRev,WtaxRev_lost,KtaxRev_lost,G,lump_sum,ylbar,WtaxPct,ShelterPct,ShelterPctP99,TaxEvasionP99,ConcealPctP99,gini,p90,p99,p999,p9999,gini_total,p90_total,p99_total,p999_total,p9999_total,welfare,welfare0,approval,approval0,conceal_share_e,conceal_share_n,evasion_share_e,evasion_share_n,conceal_frac_e,conceal_frac_n,evasion_frac_e,evasion_frac_n,shelter_pct_e,shelter_pct_n,detection_rate,detection_revenue,wtax_evasion_elast
65.58282516,2.85628632,2.85628632,0.00000000,29.60439292,258.88043973,50.99239838,1.28488080,0.15410874,0.04131540,0.03251692,35.33102544,0.25000000,0.18639025,1.79850941,6.92962075,0.00000000,0.00000000,9.18235041,0.01145649,1.01512040,0.63876510,0.00000000,0.00000000,0.00000000,0.00000000,0.75112604,0.38188708,0.70941600,0.84668925,0.93531167,0.75112604,0.38188708,0.70941600,0.84668925,0.93531167,-23.24929428,-46.21193010,0.85462302,0.50707538,-nan,-nan,-nan,-nan,0.00000000,0.00000000,0.00000000,0.00000000,0.00000000,0.00000000,-nan,0.00000000,13.39874481
