Y,A,A_rep,A_hid,L,Q,K,W,P,r,taua,abar,tauk,taul,WtaxRev,KtaxRev,WtaxRev_lost,KtaxRev_lost,G,lump_sum,ylbar,WtaxPct,ShelterPct,ShelterPctP99,TaxEvasionP99,ConcealPctP99,gini,p90,p99,p999,p9999,gini_total,p90_total,p99_total,p999_total,p9999_total,welfare,welfare0,approval,approval0,conceal_share_e,conceal_share_n,evasion_share_e,evasion_share_n,conceal_frac_e,conceal_frac_n,evasion_frac_e,evasion_frac_n,shelter_pct_e,shelter_pct_n,detection_rate,detection_revenue,wtax_evasion_elast
63.47817543,2.73884422,2.73884422,0.00000000,29.38306083,242.70499030,47.02642713,1.25301418,0.15808100,0.04583881,0.04025694,13.82229221,0.25000000,0.18660175,2.78940274,7.07641021,0.00000000,0.00000000,9.18235041,0.01546837,1.01512040,3.61217197,0.00000000,0.00000000,0.00000000,0.00000000,0.72595501,0.42055826,0.72218592,0.84328394,0.93272257,0.72595501,0.42055826,0.72218592,0.84328394,0.93272257,-23.18963970,-46.62747895,0.71104142,0.36395559,-nan,-nan,-nan,-nan,0.00000000,0.00000000,0.00000000,0.00000000,0.00000000,0.00000000,-nan,0.00000000,13.82058339
