Y,A,A_rep,A_hid,L,Q,K,W,P,r,taua,abar,tauk,taul,WtaxRev,KtaxRev,WtaxRev_lost,KtaxRev_lost,G,lump_sum,ylbar,WtaxPct,ShelterPct,ShelterPctP99,TaxEvasionP99,ConcealPctP99,gini,p90,p99,p999,p9999,gini_total,p90_total,p99_total,p999_total,p9999_total,welfare,welfare0,approval,approval0,conceal_share_e,conceal_share_n,evasion_share_e,evasion_share_n,conceal_frac_e,conceal_frac_n,evasion_frac_e,evasion_frac_n,shelter_pct_e,shelter_pct_n,detection_rate,detection_revenue,wtax_evasion_elast
65.61360162,2.85799548,2.85799548,0.00000000,29.60752500,259.12360449,51.04766533,1.28534379,0.15405033,0.04125904,0.03322011,38.66445768,0.25000000,0.18638302,1.77706469,6.92754510,0.00000000,0.00000000,9.18235041,0.01131035,1.01512040,0.66561611,0.00000000,0.00000000,0.00000000,0.00000000,0.75138337,0.38150745,0.70938330,0.84801454,0.93594013,0.75138337,0.38150745,0.70938330,0.84801454,0.93594013,-23.25568060,-46.21855573,0.85451744,0.50717284,-nan,-nan,-nan,-nan,0.00000000,0.00000000,0.00000000,0.00000000,0.00000000,0.00000000,-nan,0.00000000,13.34325224
