Y,A,A_rep,A_hid,L,Q,K,W,P,r,taua,abar,tauk,taul,WtaxRev,KtaxRev,WtaxRev_lost,KtaxRev_lost,G,lump_sum,ylbar,WtaxPct,ShelterPct,ShelterPctP99,TaxEvasionP99,ConcealPctP99,gini,p90,p99,p999,p9999,gini_total,p90_total,p99_total,p999_total,p9999_total,welfare,welfare0,approval,approval0,conceal_share_e,conceal_share_n,evasion_share_e,evasion_share_n,conceal_frac_e,conceal_frac_n,evasion_frac_e,evasion_frac_n,shelter_pct_e,shelter_pct_n,detection_rate,detection_revenue,wtax_evasion_elast
65.52713249,2.85438453,2.85438453,0.00000000,29.59473934,258.46206541,50.91322237,1.28419086,0.15419995,0.04137842,0.03476605,39.13598575,0.25000000,0.18639594,1.82247823,6.93226177,0.00000000,0.00000000,9.18235041,0.01153167,1.01512040,0.66630431,0.00000000,0.00000000,0.00000000,0.00000000,0.75054978,0.38272717,0.71176345,0.84980613,0.93664223,0.75054978,0.38272717,0.71176345,0.84980613,0.93664223,-23.24725932,-46.21926951,0.84785955,0.49892929,-nan,-nan,-nan,-nan,0.00000000,0.00000000,0.00000000,0.00000000,0.00000000,0.00000000,-nan,0.00000000,13.24777230
