Y,A,A_rep,A_hid,L,Q,K,W,P,r,taua,abar,tauk,taul,WtaxRev,KtaxRev,WtaxRev_lost,KtaxRev_lost,G,lump_sum,ylbar,WtaxPct,ShelterPct,ShelterPctP99,TaxEvasionP99,ConcealPctP99,gini,p90,p99,p999,p9999,gini_total,p90_total,p99_total,p999_total,p9999_total,welfare,welfare0,approval,approval0,conceal_share_e,conceal_share_n,evasion_share_e,evasion_share_n,conceal_frac_e,conceal_frac_n,evasion_frac_e,evasion_frac_n,shelter_pct_e,shelter_pct_n,detection_rate,detection_revenue,wtax_evasion_elast
66.38948290,2.89345035,2.89345035,0.00000000,29.72196795,264.87660298,52.39745317,1.29553360,0.15282150,0.03995937,0.03374723,94.10837599,0.25000000,0.18624419,1.32113858,6.88324322,0.00000000,0.00000000,9.18235041,0.00855764,1.01512040,0.25201299,0.00000000,0.00000000,0.00000000,0.00000000,0.75868411,0.36982613,0.69351089,0.85108629,0.93856956,0.75868411,0.36982613,0.69351089,0.85108629,0.93856956,-23.39375352,-46.33540682,0.88450993,0.61098211,-nan,-nan,-nan,-nan,0.00000000,0.00000000,0.00000000,0.00000000,0.00000000,0.00000000,-nan,0.00000000,13.55510062
