Y,A,A_rep,A_hid,L,Q,K,W,P,r,taua,abar,tauk,taul,WtaxRev,KtaxRev,WtaxRev_lost,KtaxRev_lost,G,lump_sum,ylbar,WtaxPct,ShelterPct,ShelterPctP99,TaxEvasionP99,ConcealPctP99,gini,p90,p99,p999,p9999,gini_total,p90_total,p99_total,p999_total,p9999_total,welfare,welfare0,approval,approval0,conceal_share_e,conceal_share_n,evasion_share_e,evasion_share_n,conceal_frac_e,conceal_frac_n,evasion_frac_e,evasion_frac_n,shelter_pct_e,shelter_pct_n,detection_rate,detection_revenue,wtax_evasion_elast
65.60866395,2.85737383,2.85737383,0.00000000,29.60797830,259.07605712,51.03108093,1.28522392,0.15406373,0.04128156,0.03207666,35.19842578,0.25000000,0.18638768,1.78439212,6.92835291,0.00000000,0.00000000,9.18235041,0.01139338,1.01512040,0.63931787,0.00000000,0.00000000,0.00000000,0.00000000,0.75139220,0.38146913,0.70867772,0.84615601,0.93510940,0.75139220,0.38146913,0.70867772,0.84615601,0.93510940,-23.25142668,-46.21147825,0.85624629,0.51001832,-nan,-nan,-nan,-nan,0.00000000,0.00000000,0.00000000,0.00000000,0.00000000,0.00000000,-nan,0.00000000,13.42740004
