Y,A,A_rep,A_hid,L,Q,K,W,P,r,taua,abar,tauk,taul,WtaxRev,KtaxRev,WtaxRev_lost,KtaxRev_lost,G,lump_sum,ylbar,WtaxPct,ShelterPct,ShelterPctP99,TaxEvasionP99,ConcealPctP99,gini,p90,p99,p999,p9999,gini_total,p90_total,p99_total,p999_total,p9999_total,welfare,welfare0,approval,approval0,conceal_share_e,conceal_share_n,evasion_share_e,evasion_share_n,conceal_frac_e,conceal_frac_n,evasion_frac_e,evasion_frac_n,shelter_pct_e,shelter_pct_n,detection_rate,detection_revenue,wtax_evasion_elast
65.20272747,2.83237241,2.83237241,0.00000000,29.56973165,255.93184055,50.18599197,1.27893565,0.15480387,0.04224526,0.03000000,22.49794909,0.25000000,0.18641478,1.96439901,6.95944276,0.00000000,0.00000000,9.18235041,0.01213535,1.01512040,1.42759219,0.00000000,0.00000000,0.00000000,0.00000000,0.74656162,0.38930596,0.70760560,0.83982620,0.93234026,0.74656162,0.38930596,0.70760560,0.83982620,0.93234026,-23.24427945,-46.30467751,0.80405916,0.43596333,-nan,-nan,-nan,-nan,0.00000000,0.00000000,0.00000000,0.00000000,0.00000000,0.00000000,-nan,0.00000000,13.78809410
