Y,A,A_rep,A_hid,L,Q,K,W,P,r,taua,abar,tauk,taul,WtaxRev,KtaxRev,WtaxRev_lost,KtaxRev_lost,G,lump_sum,ylbar,WtaxPct,ShelterPct,ShelterPctP99,TaxEvasionP99,ConcealPctP99,gini,p90,p99,p999,p9999,gini_total,p90_total,p99_total,p999_total,p9999_total,welfare,welfare0,approval,approval0,conceal_share_e,conceal_share_n,evasion_share_e,evasion_share_n,conceal_frac_e,conceal_frac_n,evasion_frac_e,evasion_frac_n,shelter_pct_e,shelter_pct_n,detection_rate,detection_revenue,wtax_evasion_elast
65.73907044,2.86317893,2.86317893,0.00000000,29.62645126,260.06958298,51.24103507,1.28697967,0.15383962,0.04108855,0.03098171,37.72130452,0.25000000,0.18636610,1.71084277,6.92103478,0.00000000,0.00000000,9.18235041,0.01098452,1.01512040,0.66354581,0.00000000,0.00000000,0.00000000,0.00000000,0.75263235,0.37949667,0.70590579,0.84526010,0.93486878,0.75263235,0.37949667,0.70590579,0.84526010,0.93486878,-23.26951627,-46.22052730,0.86677325,0.52234714,-nan,-nan,-nan,-nan,0.00000000,0.00000000,0.00000000,0.00000000,0.00000000,0.00000000,-nan,0.00000000,13.48047752
