Y,A,A_rep,A_hid,L,Q,K,W,P,r,taua,abar,tauk,taul,WtaxRev,KtaxRev,WtaxRev_lost,KtaxRev_lost,G,lump_sum,ylbar,WtaxPct,ShelterPct,ShelterPctP99,TaxEvasionP99,ConcealPctP99,gini,p90,p99,p999,p9999,gini_total,p90_total,p99_total,p999_total,p9999_total,welfare,welfare0,approval,approval0,conceal_share_e,conceal_share_n,evasion_share_e,evasion_share_n,conceal_frac_e,conceal_frac_n,evasion_frac_e,evasion_frac_n,shelter_pct_e,shelter_pct_n,detection_rate,detection_revenue,wtax_evasion_elast
65.09219935,2.83367273,2.83367273,0.00000000,29.53778289,255.14483505,50.18915288,1.27814717,0.15497029,0.04208302,0.03713945,30.07266086,0.25000000,0.18645919,2.05580858,6.95791774,0.00000000,0.00000000,9.18235041,0.01272231,1.01512040,0.74673411,0.00000000,0.00000000,0.00000000,0.00000000,0.74631733,0.38945601,0.71913174,0.85066116,0.93654014,0.74631733,0.38945601,0.71913174,0.85066116,0.93654014,-23.20449749,-46.22883540,0.81851248,0.44964415,-nan,-nan,-nan,-nan,0.00000000,0.00000000,0.00000000,0.00000000,0.00000000,0.00000000,-nan,0.00000000,13.11392123
