Y,A,A_rep,A_hid,L,Q,K,W,P,r,taua,abar,tauk,taul,WtaxRev,KtaxRev,WtaxRev_lost,KtaxRev_lost,G,lump_sum,ylbar,WtaxPct,ShelterPct,ShelterPctP99,TaxEvasionP99,ConcealPctP99,gini,p90,p99,p999,p9999,gini_total,p90_total,p99_total,p999_total,p9999_total,welfare,welfare0,approval,approval0,conceal_share_e,conceal_share_n,evasion_share_e,evasion_share_n,conceal_frac_e,conceal_frac_n,evasion_frac_e,evasion_frac_n,shelter_pct_e,shelter_pct_n,detection_rate,detection_revenue,wtax_evasion_elast
65.59215270,2.85673937,2.85673937,0.00000000,29.60500025,258.93315682,51.00239592,1.28498322,0.15409543,0.04130634,0.03247250,35.56556232,0.25000000,0.18638999,1.79409560,6.92968214,0.00000000,0.00000000,9.18235041,0.01144243,1.01512040,0.64077451,0.00000000,0.00000000,0.00000000,0.00000000,0.75121048,0.38176864,0.70920737,0.84666136,0.93531145,0.75121048,0.38176864,0.70920737,0.84666136,0.93531145,-23.24957227,-46.21118618,0.85530602,0.50995681,-nan,-nan,-nan,-nan,0.00000000,0.00000000,0.00000000,0.00000000,0.00000000,0.00000000,-nan,0.00000000,13.39331896
