Y,A,A_rep,A_hid,L,Q,K,W,P,r,taua,abar,tauk,taul,WtaxRev,KtaxRev,WtaxRev_lost,KtaxRev_lost,G,lump_sum,ylbar,WtaxPct,ShelterPct,ShelterPctP99,TaxEvasionP99,ConcealPctP99,gini,p90,p99,p999,p9999,gini_total,p90_total,p99_total,p999_total,p9999_total,welfare,welfare0,approval,approval0,conceal_share_e,conceal_share_n,evasion_share_e,evasion_share_n,conceal_frac_e,conceal_frac_n,evasion_frac_e,evasion_frac_n,shelter_pct_e,shelter_pct_n,detection_rate,detection_revenue,wtax_evasion_elast
65.60243607,2.85713109,2.85713109,0.00000000,29.60714288,259.02813626,51.02254024,1.28514065,0.15407508,0.04128837,0.03219640,35.28232827,0.25000000,0.18638837,1.78743760,6.92863148,0.00000000,0.00000000,9.18235041,0.01140575,1.01512040,0.63940873,0.00000000,0.00000000,0.00000000,0.00000000,0.75132043,0.38165558,0.70886265,0.84631221,0.93516623,0.75132043,0.38165558,0.70886265,0.84631221,0.93516623,-23.25104707,-46.21181886,0.85586355,0.50999923,-nan,-nan,-nan,-nan,0.00000000,0.00000000,0.00000000,0.00000000,0.00000000,0.00000000,-nan,0.00000000,13.42226792
