Y,A,A_rep,A_hid,L,Q,K,W,P,r,taua,abar,tauk,taul,WtaxRev,KtaxRev,WtaxRev_lost,KtaxRev_lost,G,lump_sum,ylbar,WtaxPct,ShelterPct,ShelterPctP99,TaxEvasionP99,ConcealPctP99,gini,p90,p99,p999,p9999,gini_total,p90_total,p99_total,p999_total,p9999_total,welfare,welfare0,approval,approval0,conceal_share_e,conceal_share_n,evasion_share_e,evasion_share_n,conceal_frac_e,conceal_frac_n,evasion_frac_e,evasion_frac_n,shelter_pct_e,shelter_pct_n,detection_rate,detection_revenue,wtax_evasion_elast
64.82617834,2.82719145,2.82719145,0.00000000,29.50021787,252.87953202,50.01070284,1.27453671,0.15557942,0.04203317,0.05747325,56.60758392,0.25000000,0.18645005,2.12962952,6.96584645,0.00000000,0.00000000,9.18235041,0.01240879,1.01512040,0.34654272,0.00000000,0.00000000,0.00000000,0.00000000,0.74427281,0.39209498,0.73241779,0.87404687,0.94681444,0.74427281,0.39209498,0.73241779,0.87404687,0.94681444,-23.26396389,-46.39522175,0.76607537,0.39864114,-nan,-nan,-nan,-nan,0.00000000,0.00000000,0.00000000,0.00000000,0.00000000,0.00000000,-nan,0.00000000,12.06488581
