Y,A,A_rep,A_hid,L,Q,K,W,P,r,taua,abar,tauk,taul,WtaxRev,KtaxRev,WtaxRev_lost,KtaxRev_lost,G,lump_sum,ylbar,WtaxPct,ShelterPct,ShelterPctP99,TaxEvasionP99,ConcealPctP99,gini,p90,p99,p999,p9999,gini_total,p90_total,p99_total,p999_total,p9999_total,welfare,welfare0,approval,approval0,conceal_share_e,conceal_share_n,evasion_share_e,evasion_share_n,conceal_frac_e,conceal_frac_n,evasion_frac_e,evasion_frac_n,shelter_pct_e,shelter_pct_n,detection_rate,detection_revenue,wtax_evasion_elast
65.58130424,2.85616465,2.85616465,0.00000000,29.60411257,258.87543640,50.99026380,1.28487375,0.15410907,0.04131783,0.03264391,35.62761878,0.25000000,0.18639057,1.79908923,6.92948086,0.00000000,0.00000000,9.18235041,0.01145563,1.01512040,0.64066635,0.00000000,0.00000000,0.00000000,0.00000000,0.75109891,0.38190745,0.70948798,0.84688951,0.93540557,0.75109891,0.38190745,0.70948798,0.84688951,0.93540557,-23.24920892,-46.21190505,0.85448806,0.50707567,-nan,-nan,-nan,-nan,0.00000000,0.00000000,0.00000000,0.00000000,0.00000000,0.00000000,-nan,0.00000000,13.38777669
