Y,A,A_rep,A_hid,L,Q,K,W,P,r,taua,abar,tauk,taul,WtaxRev,KtaxRev,WtaxRev_lost,KtaxRev_lost,G,lump_sum,ylbar,WtaxPct,ShelterPct,ShelterPctP99,TaxEvasionP99,ConcealPctP99,gini,p90,p99,p999,p9999,gini_total,p90_total,p99_total,p999_total,p9999_total,welfare,welfare0,approval,approval0,conceal_share_e,conceal_share_n,evasion_share_e,evasion_share_n,conceal_frac_e,conceal_frac_n,evasion_frac_e,evasion_frac_n,shelter_pct_e,shelter_pct_n,detection_rate,detection_revenue,wtax_evasion_elast
65.58480076,2.85637255,2.85637255,0.00000000,29.60451739,258.89707278,50.99487853,1.28491210,0.15410419,0.04131354,0.03256695,35.55045087,0.25000000,0.18638972,1.79748669,6.92951646,0.00000000,0.00000000,9.18235041,0.01144984,1.01512040,0.64041146,0.00000000,0.00000000,0.00000000,0.00000000,0.75113750,0.38187180,0.70937604,0.84678351,0.93536040,0.75113750,0.38187180,0.70937604,0.84678351,0.93536040,-23.24946969,-46.21189484,0.85478790,0.50711340,-nan,-nan,-nan,-nan,0.00000000,0.00000000,0.00000000,0.00000000,0.00000000,0.00000000,-nan,0.00000000,13.39129182
