Y,A,A_rep,A_hid,L,Q,K,W,P,r,taua,abar,tauk,taul,WtaxRev,KtaxRev,WtaxRev_lost,KtaxRev_lost,G,lump_sum,ylbar,WtaxPct,ShelterPct,ShelterPctP99,TaxEvasionP99,ConcealPctP99,gini,p90,p99,p999,p9999,gini_total,p90_total,p99_total,p999_total,p9999_total,welfare,welfare0,approval,approval0,conceal_share_e,conceal_share_n,evasion_share_e,evasion_share_n,conceal_frac_e,conceal_frac_n,evasion_frac_e,evasion_frac_n,shelter_pct_e,shelter_pct_n,detection_rate,detection_revenue,wtax_evasion_elast
65.57956070,2.85606414,2.85606414,0.00000000,29.60396340,258.85546370,50.98660617,1.28483611,0.15411439,0.04132119,0.03255412,35.28299051,0.25000000,0.18639124,1.80045854,6.92973156,0.00000000,0.00000000,9.18235041,0.01146679,1.01512040,0.63837760,0.00000000,0.00000000,0.00000000,0.00000000,0.75109662,0.38193517,0.70946301,0.84672927,0.93533227,0.75109662,0.38193517,0.70946301,0.84672927,0.93533227,-23.24896320,-46.21182992,0.85413593,0.50707538,-nan,-nan,-nan,-nan,0.00000000,0.00000000,0.00000000,0.00000000,0.00000000,0.00000000,-nan,0.00000000,13.39727367
