Y,A,A_rep,A_hid,L,Q,K,W,P,r,taua,abar,tauk,taul,WtaxRev,KtaxRev,WtaxRev_lost,KtaxRev_lost,G,lump_sum,ylbar,WtaxPct,ShelterPct,ShelterPctP99,TaxEvasionP99,ConcealPctP99,gini,p90,p99,p999,p9999,gini_total,p90_total,p99_total,p999_total,p9999_total,welfare,welfare0,approval,approval0,conceal_share_e,conceal_share_n,evasion_share_e,evasion_share_n,conceal_frac_e,conceal_frac_n,evasion_frac_e,evasion_frac_n,shelter_pct_e,shelter_pct_n,detection_rate,detection_revenue,wtax_evasion_elast
65.58399658,2.85622989,2.85622989,0.00000000,29.60491890,258.91261815,50.99907147,1.28493661,0.15410120,0.04130920,0.03257285,35.58651989,0.25000000,0.18638891,1.79690229,6.92875289,0.00000000,0.00000000,9.18235041,0.01144460,1.01512040,0.64047233,0.00000000,0.00000000,0.00000000,0.00000000,0.75113948,0.38188345,0.70939322,0.84679891,0.93536525,0.75113948,0.38188345,0.70939322,0.84679891,0.93536525,-23.24952132,-46.21121047,0.85523846,0.50995681,-nan,-nan,-nan,-nan,0.00000000,0.00000000,0.00000000,0.00000000,0.00000000,0.00000000,-nan,0.00000000,13.39638501
