Y,A,A_rep,A_hid,L,Q,K,W,P,r,taua,abar,tauk,taul,WtaxRev,KtaxRev,WtaxRev_lost,KtaxRev_lost,G,lump_sum,ylbar,WtaxPct,ShelterPct,ShelterPctP99,TaxEvasionP99,ConcealPctP99,gini,p90,p99,p999,p9999,gini_total,p90_total,p99_total,p999_total,p9999_total,welfare,welfare0,approval,approval0,conceal_share_e,conceal_share_n,evasion_share_e,evasion_share_n,conceal_frac_e,conceal_frac_n,evasion_frac_e,evasion_frac_n,shelter_pct_e,shelter_pct_n,detection_rate,detection_revenue,wtax_evasion_elast
64.92376610,2.82754241,2.82754241,0.00000000,29.51216774,253.85189557,49.96957195,1.27595134,0.15527817,0.04224865,0.04219595,34.26185369,0.25000000,0.18647678,2.13563351,6.96537383,0.00000000,0.00000000,9.18235041,0.01299761,1.01512040,0.81268631,0.00000000,0.00000000,0.00000000,0.00000000,0.74479996,0.39167762,0.72523417,0.85700847,0.93899757,0.74479996,0.39167762,0.72523417,0.85700847,0.93899757,-23.20106630,-46.25318493,0.80373759,0.43310851,-nan,-nan,-nan,-nan,0.00000000,0.00000000,0.00000000,0.00000000,0.00000000,0.00000000,-nan,0.00000000,12.78359388
