Y,A,A_rep,A_hid,L,Q,K,W,P,r,taua,abar,tauk,taul,WtaxRev,KtaxRev,WtaxRev_lost,KtaxRev_lost,G,lump_sum,ylbar,WtaxPct,ShelterPct,ShelterPctP99,TaxEvasionP99,ConcealPctP99,gini,p90,p99,p999,p9999,gini_total,p90_total,p99_total,p999_total,p9999_total,welfare,welfare0,approval,approval0,conceal_share_e,conceal_share_n,evasion_share_e,evasion_share_n,conceal_frac_e,conceal_frac_n,evasion_frac_e,evasion_frac_n,shelter_pct_e,shelter_pct_n,detection_rate,detection_revenue,wtax_evasion_elast
65.57997339,2.85608372,2.85608372,0.00000000,29.60404296,258.85940006,50.98746917,1.28484269,0.15411352,0.04132038,0.03257599,35.37726638,0.25000000,0.18639109,1.79993626,6.92970599,0.00000000,0.00000000,9.18235041,0.01146181,1.01512040,0.63887559,0.00000000,0.00000000,0.00000000,0.00000000,0.75109474,0.38193170,0.70949946,0.84676628,0.93534882,0.75109474,0.38193170,0.70949946,0.84676628,0.93534882,-23.24920618,-46.21229035,0.85382346,0.50707538,-nan,-nan,-nan,-nan,0.00000000,0.00000000,0.00000000,0.00000000,0.00000000,0.00000000,-nan,0.00000000,13.39584955
