Y,A,A_rep,A_hid,L,Q,K,W,P,r,taua,abar,tauk,taul,WtaxRev,KtaxRev,WtaxRev_lost,KtaxRev_lost,G,lump_sum,ylbar,WtaxPct,ShelterPct,ShelterPctP99,TaxEvasionP99,ConcealPctP99,gini,p90,p99,p999,p9999,gini_total,p90_total,p99_total,p999_total,p9999_total,welfare,welfare0,approval,approval0,conceal_share_e,conceal_share_n,evasion_share_e,evasion_share_n,conceal_frac_e,conceal_frac_n,evasion_frac_e,evasion_frac_n,shelter_pct_e,shelter_pct_n,detection_rate,detection_revenue,wtax_evasion_elast
65.58102361,2.85631897,2.85631897,0.00000000,29.60368077,258.86743030,50.98883453,1.28486456,0.15411009,0.04131845,0.03264407,35.64422198,0.25000000,0.18639070,1.79898237,6.92987968,0.00000000,0.00000000,9.18235041,0.01146378,1.01512040,0.64086808,0.00000000,0.00000000,0.00000000,0.00000000,0.75110119,0.38206689,0.70949831,0.84689760,0.93540779,0.75110119,0.38206689,0.70949831,0.84689760,0.93540779,-23.24837359,-46.21060842,0.85482124,0.50711340,-nan,-nan,-nan,-nan,0.00000000,0.00000000,0.00000000,0.00000000,0.00000000,0.00000000,-nan,0.00000000,13.38605592
