Y,A,A_rep,A_hid,L,Q,K,W,P,r,taua,abar,tauk,taul,WtaxRev,KtaxRev,WtaxRev_lost,KtaxRev_lost,G,lump_sum,ylbar,WtaxPct,ShelterPct,ShelterPctP99,TaxEvasionP99,ConcealPctP99,gini,p90,p99,p999,p9999,gini_total,p90_total,p99_total,p999_total,p9999_total,welfare,welfare0,approval,approval0,conceal_share_e,conceal_share_n,evasion_share_e,evasion_share_n,conceal_frac_e,conceal_frac_n,evasion_frac_e,evasion_frac_n,shelter_pct_e,shelter_pct_n,detection_rate,detection_revenue,wtax_evasion_elast
65.60915384,2.85749094,2.85749094,0.00000000,29.60787947,259.08807868,51.03514337,1.28525298,0.15406036,0.04127611,0.03250431,36.48302254,0.25000000,0.18638505,1.78282401,6.92796695,0.00000000,0.00000000,9.18235041,0.01135992,1.01512040,0.64816610,0.00000000,0.00000000,0.00000000,0.00000000,0.75136531,0.38151213,0.70893377,0.84685208,0.93542173,0.75136531,0.38151213,0.70893377,0.84685208,0.93542173,-23.25357069,-46.21540166,0.85541209,0.51003410,-nan,-nan,-nan,-nan,0.00000000,0.00000000,0.00000000,0.00000000,0.00000000,0.00000000,-nan,0.00000000,13.38535767
