Y,A,A_rep,A_hid,L,Q,K,W,P,r,taua,abar,tauk,taul,WtaxRev,KtaxRev,WtaxRev_lost,KtaxRev_lost,G,lump_sum,ylbar,WtaxPct,ShelterPct,ShelterPctP99,TaxEvasionP99,ConcealPctP99,gini,p90,p99,p999,p9999,gini_total,p90_total,p99_total,p999_total,p9999_total,welfare,welfare0,approval,approval0,conceal_share_e,conceal_share_n,evasion_share_e,evasion_share_n,conceal_frac_e,conceal_frac_n,evasion_frac_e,evasion_frac_n,shelter_pct_e,shelter_pct_n,detection_rate,detection_revenue,wtax_evasion_elast
73.44406404,3.10981798,2.90045145,0.20936653,30.12443843,330.56373772,65.56166480,1.41411003,0.13850677,0.02953964,0.01643198,1053.94090934,0.25000000,0.18606501,0.18186032,5.91438873,0.20065068,0.54114298,9.29156816,0.00076605,1.08952447,0.01239462,0.10497080,51.56456438,10.37295530,53.43364849,0.76996214,0.35358197,0.66452043,0.83501728,0.94604037,0.78540598,0.32977729,0.61984188,0.78323401,0.91256236,-23.73277862,-47.62667369,0.51759729,0.15383813,0.29100633,0.70899367,0.76159850,0.23840150,0.05983854,0.07096841,0.06598232,0.01227653,0.39333806,0.03534681,0.67143950,0.06115019,36.94797589
