Y,A,A_rep,A_hid,L,Q,K,W,P,r,taua,abar,tauk,taul,WtaxRev,KtaxRev,WtaxRev_lost,KtaxRev_lost,G,lump_sum,ylbar,WtaxPct,ShelterPct,ShelterPctP99,TaxEvasionP99,ConcealPctP99,gini,p90,p99,p999,p9999,gini_total,p90_total,p99_total,p999_total,p9999_total,welfare,welfare0,approval,approval0,conceal_share_e,conceal_share_n,evasion_share_e,evasion_share_n,conceal_frac_e,conceal_frac_n,evasion_frac_e,evasion_frac_n,shelter_pct_e,shelter_pct_n,detection_rate,detection_revenue,wtax_evasion_elast
65.60876178,2.85737139,2.85737139,0.00000000,29.60784638,259.07870934,51.03154621,1.28523238,0.15406256,0.04128088,0.03223915,35.69923404,0.25000000,0.18638737,1.78371028,6.92824732,0.00000000,0.00000000,9.18235041,0.01138366,1.01512040,0.64238494,0.00000000,0.00000000,0.00000000,0.00000000,0.75138161,0.38154293,0.70878833,0.84642108,0.93522588,0.75138161,0.38154293,0.70878833,0.84642108,0.93522588,-23.25194710,-46.21240384,0.85596698,0.51001872,-nan,-nan,-nan,-nan,0.00000000,0.00000000,0.00000000,0.00000000,0.00000000,0.00000000,-nan,0.00000000,13.41088432
