Y,A,A_rep,A_hid,L,Q,K,W,P,r,taua,abar,tauk,taul,WtaxRev,KtaxRev,WtaxRev_lost,KtaxRev_lost,G,lump_sum,ylbar,WtaxPct,ShelterPct,ShelterPctP99,TaxEvasionP99,ConcealPctP99,gini,p90,p99,p999,p9999,gini_total,p90_total,p99_total,p999_total,p9999_total,welfare,welfare0,approval,approval0,conceal_share_e,conceal_share_n,evasion_share_e,evasion_share_n,conceal_frac_e,conceal_frac_n,evasion_frac_e,evasion_frac_n,shelter_pct_e,shelter_pct_n,detection_rate,detection_revenue,wtax_evasion_elast
73.57931386,3.11428392,2.93921424,0.17506968,30.13387786,332.13276252,65.52342610,1.41620752,0.13816524,0.02972887,0.00969342,1376.74741399,0.25000000,0.18605952,0.11662925,5.93783541,0.07981695,0.53792874,9.29156816,0.00053414,1.08952447,0.00997194,0.10216866,33.18569816,8.34287653,52.67524043,0.77215722,0.34996261,0.65586517,0.82132933,0.93534937,0.78492479,0.33028943,0.61904145,0.77958742,0.90816303,-23.70972618,-47.57103869,0.71227462,0.35737953,0.26812420,0.73187580,0.83805295,0.16194705,0.04616386,0.06108776,0.06116425,0.00697748,0.38750641,0.03327613,0.67721814,0.04433198,35.04385908
