Y,A,A_rep,A_hid,L,Q,K,W,P,r,taua,abar,tauk,taul,WtaxRev,KtaxRev,WtaxRev_lost,KtaxRev_lost,G,lump_sum,ylbar,WtaxPct,ShelterPct,ShelterPctP99,TaxEvasionP99,ConcealPctP99,gini,p90,p99,p999,p9999,gini_total,p90_total,p99_total,p999_total,p9999_total,welfare,welfare0,approval,approval0,conceal_share_e,conceal_share_n,evasion_share_e,evasion_share_n,conceal_frac_e,conceal_frac_n,evasion_frac_e,evasion_frac_n,shelter_pct_e,shelter_pct_n,detection_rate,detection_revenue,wtax_evasion_elast
65.56332182,2.85544246,2.85544246,0.00000000,29.60156507,258.73993855,50.96326543,1.28463659,0.15414005,0.04134152,0.03311322,36.26724448,0.25000000,0.18639122,1.80707901,6.93036450,0.00000000,0.00000000,9.18235041,0.01148223,1.01512040,0.64410932,0.00000000,0.00000000,0.00000000,0.00000000,0.75090975,0.38229481,0.71017224,0.84751537,0.93565844,0.75090975,0.38229481,0.71017224,0.84751537,0.93565844,-23.24873981,-46.21465803,0.85181772,0.50625537,-nan,-nan,-nan,-nan,0.00000000,0.00000000,0.00000000,0.00000000,0.00000000,0.00000000,-nan,0.00000000,13.35366189
