Y,A,A_rep,A_hid,L,Q,K,W,P,r,taua,abar,tauk,taul,WtaxRev,KtaxRev,WtaxRev_lost,KtaxRev_lost,G,lump_sum,ylbar,WtaxPct,ShelterPct,ShelterPctP99,TaxEvasionP99,ConcealPctP99,gini,p90,p99,p999,p9999,gini_total,p90_total,p99_total,p999_total,p9999_total,welfare,welfare0,approval,approval0,conceal_share_e,conceal_share_n,evasion_share_e,evasion_share_n,conceal_frac_e,conceal_frac_n,evasion_frac_e,evasion_frac_n,shelter_pct_e,shelter_pct_n,detection_rate,detection_revenue,wtax_evasion_elast
65.60377378,2.85609620,2.85609620,0.00000000,29.61021083,259.02551182,50.99535200,1.28503175,0.15407937,0.04133875,0.03052130,31.81083977,0.25000000,0.18638591,1.78408118,6.92994102,0.00000000,0.00000000,9.18235041,0.01138978,1.01512040,0.80180674,0.00000000,0.00000000,0.00000000,0.00000000,0.75129480,0.38170085,0.70713977,0.84357109,0.93406719,0.75129480,0.38170085,0.70713977,0.84357109,0.93406719,-23.25463183,-46.22128221,0.85293345,0.50601126,-nan,-nan,-nan,-nan,0.00000000,0.00000000,0.00000000,0.00000000,0.00000000,0.00000000,-nan,0.00000000,13.50719625
