Y,A,A_rep,A_hid,L,Q,K,W,P,r,taua,abar,tauk,taul,WtaxRev,KtaxRev,WtaxRev_lost,KtaxRev_lost,G,lump_sum,ylbar,WtaxPct,ShelterPct,ShelterPctP99,TaxEvasionP99,ConcealPctP99,gini,p90,p99,p999,p9999,gini_total,p90_total,p99_total,p999_total,p9999_total,welfare,welfare0,approval,approval0,conceal_share_e,conceal_share_n,evasion_share_e,evasion_share_n,conceal_frac_e,conceal_frac_n,evasion_frac_e,evasion_frac_n,shelter_pct_e,shelter_pct_n,detection_rate,detection_revenue,wtax_evasion_elast
65.62060087,2.85668335,2.85668335,0.00000000,29.61317576,259.14324042,51.02019340,1.28522635,0.15405507,0.04131721,0.03000000,31.07948833,0.25000000,0.18638354,1.77478168,6.92929925,0.00000000,0.00000000,9.18235041,0.01134274,1.01512040,0.79278458,0.00000000,0.00000000,0.00000000,0.00000000,0.75146868,0.38141097,0.70644407,0.84283183,0.93378165,0.75146868,0.38141097,0.70644407,0.84283183,0.93378165,-23.25733209,-46.22378326,0.85322850,0.50640476,-nan,-nan,-nan,-nan,0.00000000,0.00000000,0.00000000,0.00000000,0.00000000,0.00000000,-nan,0.00000000,13.55573265
