Y,A,A_rep,A_hid,L,Q,K,W,P,r,taua,abar,tauk,taul,WtaxRev,KtaxRev,WtaxRev_lost,KtaxRev_lost,G,lump_sum,ylbar,WtaxPct,ShelterPct,ShelterPctP99,TaxEvasionP99,ConcealPctP99,gini,p90,p99,p999,p9999,gini_total,p90_total,p99_total,p999_total,p9999_total,welfare,welfare0,approval,approval0,conceal_share_e,conceal_share_n,evasion_share_e,evasion_share_n,conceal_frac_e,conceal_frac_n,evasion_frac_e,evasion_frac_n,shelter_pct_e,shelter_pct_n,detection_rate,detection_revenue,wtax_evasion_elast
65.58097594,2.85623287,2.85623287,0.00000000,29.60383390,258.86483990,50.98815626,1.28485693,0.15411126,0.04131953,0.03257249,35.43572655,0.25000000,0.18639146,1.79913377,6.92987883,0.00000000,0.00000000,9.18235041,0.01146715,1.01512040,0.63941719,0.00000000,0.00000000,0.00000000,0.00000000,0.75111021,0.38190419,0.70943730,0.84676741,0.93534748,0.75111021,0.38190419,0.70943730,0.84676741,0.93534748,-23.24837067,-46.21049401,0.85491756,0.50995652,-nan,-nan,-nan,-nan,0.00000000,0.00000000,0.00000000,0.00000000,0.00000000,0.00000000,-nan,0.00000000,13.39395914
