Y,A,A_rep,A_hid,L,Q,K,W,P,r,taua,abar,tauk,taul,WtaxRev,KtaxRev,WtaxRev_lost,KtaxRev_lost,G,lump_sum,ylbar,WtaxPct,ShelterPct,ShelterPctP99,TaxEvasionP99,ConcealPctP99,gini,p90,p99,p999,p9999,gini_total,p90_total,p99_total,p999_total,p9999_total,welfare,welfare0,approval,approval0,conceal_share_e,conceal_share_n,evasion_share_e,evasion_share_n,conceal_frac_e,conceal_frac_n,evasion_frac_e,evasion_frac_n,shelter_pct_e,shelter_pct_n,detection_rate,detection_revenue,wtax_evasion_elast
65.58697003,2.85646465,2.85646465,0.00000000,29.60493178,258.91375412,50.99910543,1.28494079,0.15410088,0.04130930,0.03252513,35.53559960,0.25000000,0.18638922,1.79613653,6.92933658,0.00000000,0.00000000,9.18235041,0.01144149,1.01512040,0.64043212,0.00000000,0.00000000,0.00000000,0.00000000,0.75116313,0.38183969,0.70931443,0.84672954,0.93534017,0.75116313,0.38183969,0.70931443,0.84672954,0.93534017,-23.25002287,-46.21235913,0.85479019,0.50711340,-nan,-nan,-nan,-nan,0.00000000,0.00000000,0.00000000,0.00000000,0.00000000,0.00000000,-nan,0.00000000,13.39499963
