Y,A,A_rep,A_hid,L,Q,K,W,P,r,taua,abar,tauk,taul,WtaxRev,KtaxRev,WtaxRev_lost,KtaxRev_lost,G,lump_sum,ylbar,WtaxPct,ShelterPct,ShelterPctP99,TaxEvasionP99,ConcealPctP99,gini,p90,p99,p999,p9999,gini_total,p90_total,p99_total,p999_total,p9999_total,welfare,welfare0,approval,approval0,conceal_share_e,conceal_share_n,evasion_share_e,evasion_share_n,conceal_frac_e,conceal_frac_n,evasion_frac_e,evasion_frac_n,shelter_pct_e,shelter_pct_n,detection_rate,detection_revenue,wtax_evasion_elast
65.82880052,2.86718122,2.86718122,0.00000000,29.63940100,260.74751185,51.38678891,1.28817290,0.15368904,0.04095413,0.03000000,38.75518428,0.25000000,0.18635097,1.66004901,6.91603123,0.00000000,0.00000000,9.18235041,0.01069771,1.01512040,0.67587128,0.00000000,0.00000000,0.00000000,0.00000000,0.75349168,0.37817853,0.70387824,0.84429922,0.93456949,0.75349168,0.37817853,0.70387824,0.84429922,0.93456949,-23.28233460,-46.22948267,0.87372387,0.59737676,-nan,-nan,-nan,-nan,0.00000000,0.00000000,0.00000000,0.00000000,0.00000000,0.00000000,-nan,0.00000000,13.55868692
