Y,A,A_rep,A_hid,L,Q,K,W,P,r,taua,abar,tauk,taul,WtaxRev,KtaxRev,WtaxRev_lost,KtaxRev_lost,G,lump_sum,ylbar,WtaxPct,ShelterPct,ShelterPctP99,TaxEvasionP99,ConcealPctP99,gini,p90,p99,p999,p9999,gini_total,p90_total,p99_total,p999_total,p9999_total,welfare,welfare0,approval,approval0,conceal_share_e,conceal_share_n,evasion_share_e,evasion_share_n,conceal_frac_e,conceal_frac_n,evasion_frac_e,evasion_frac_n,shelter_pct_e,shelter_pct_n,detection_rate,detection_revenue,wtax_evasion_elast
64.92477889,2.82780811,2.82780811,0.00000000,29.51176583,253.85558518,49.97757085,1.27597974,0.15527747,0.04223468,0.04246150,34.62097726,0.25000000,0.18647703,2.13503249,6.96521969,0.00000000,0.00000000,9.18235041,0.01299171,1.01512040,0.82287247,0.00000000,0.00000000,0.00000000,0.00000000,0.74483633,0.39158766,0.72542637,0.85735464,0.93916856,0.74483633,0.39158766,0.72542637,0.85735464,0.93916856,-23.20141034,-46.25319428,0.80373965,0.43311299,-nan,-nan,-nan,-nan,0.00000000,0.00000000,0.00000000,0.00000000,0.00000000,0.00000000,-nan,0.00000000,12.77733502
