Y,A,A_rep,A_hid,L,Q,K,W,P,r,taua,abar,tauk,taul,WtaxRev,KtaxRev,WtaxRev_lost,KtaxRev_lost,G,lump_sum,ylbar,WtaxPct,ShelterPct,ShelterPctP99,TaxEvasionP99,ConcealPctP99,gini,p90,p99,p999,p9999,gini_total,p90_total,p99_total,p999_total,p9999_total,welfare,welfare0,approval,approval0,conceal_share_e,conceal_share_n,evasion_share_e,evasion_share_n,conceal_frac_e,conceal_frac_n,evasion_frac_e,evasion_frac_n,shelter_pct_e,shelter_pct_n,detection_rate,detection_revenue,wtax_evasion_elast
73.53321987,3.11220030,2.92898059,0.18321971,30.12907392,331.68018246,65.47575501,1.41555502,0.13824916,0.02973747,0.01138780,1170.80514206,0.25000000,0.18606267,0.14806972,5.92702213,0.10855641,0.54507565,9.29156816,0.00063720,1.08952447,0.01185105,0.10352750,35.42775051,8.67606865,53.62429502,0.77137091,0.35118627,0.65848294,0.82500629,0.93718596,0.78478863,0.33051143,0.61976448,0.78092835,0.90937403,-23.71084588,-47.57927151,0.67339971,0.32851483,0.26558612,0.73441388,0.81293816,0.18706184,0.04787333,0.06420554,0.06255811,0.00851222,0.39097299,0.03412606,0.67849665,0.04640998,33.01266488
