Y,A,A_rep,A_hid,L,Q,K,W,P,r,taua,abar,tauk,taul,WtaxRev,KtaxRev,WtaxRev_lost,KtaxRev_lost,G,lump_sum,ylbar,WtaxPct,ShelterPct,ShelterPctP99,TaxEvasionP99,ConcealPctP99,gini,p90,p99,p999,p9999,gini_total,p90_total,p99_total,p999_total,p9999_total,welfare,welfare0,approval,approval0,conceal_share_e,conceal_share_n,evasion_share_e,evasion_share_n,conceal_frac_e,conceal_frac_n,evasion_frac_e,evasion_frac_n,shelter_pct_e,shelter_pct_n,detection_rate,detection_revenue,wtax_evasion_elast
65.61421705,2.85756623,2.85756623,0.00000000,29.60887751,259.12179280,51.04008139,1.28530292,0.15405338,0.04127384,0.03212909,35.59657553,0.25000000,0.18638556,1.78111638,6.92788928,0.00000000,0.00000000,9.18235041,0.01136307,1.01512040,0.64207592,0.00000000,0.00000000,0.00000000,0.00000000,0.75143850,0.38138206,0.70864968,0.84627241,0.93516302,0.75143850,0.38138206,0.70864968,0.84627241,0.93516302,-23.25338046,-46.21419530,0.85595955,0.51001872,-nan,-nan,-nan,-nan,0.00000000,0.00000000,0.00000000,0.00000000,0.00000000,0.00000000,-nan,0.00000000,13.41826985
