Y,A,A_rep,A_hid,L,Q,K,W,P,r,taua,abar,tauk,taul,WtaxRev,KtaxRev,WtaxRev_lost,KtaxRev_lost,G,lump_sum,ylbar,WtaxPct,ShelterPct,ShelterPctP99,TaxEvasionP99,ConcealPctP99,gini,p90,p99,p999,p9999,gini_total,p90_total,p99_total,p999_total,p9999_total,welfare,welfare0,approval,approval0,conceal_share_e,conceal_share_n,evasion_share_e,evasion_share_n,conceal_frac_e,conceal_frac_n,evasion_frac_e,evasion_frac_n,shelter_pct_e,shelter_pct_n,detection_rate,detection_revenue,wtax_evasion_elast
65.31355594,2.84304400,2.84304400,0.00000000,29.56990450,256.81731885,50.52997368,1.28109661,0.15458503,0.04177262,0.03373475,29.78019069,0.25000000,0.18642774,1.93883478,6.94617043,0.00000000,0.00000000,9.18235041,0.01216162,1.01512040,0.75779284,0.00000000,0.00000000,0.00000000,0.00000000,0.74848321,0.38605269,0.71348678,0.84678211,0.93513733,0.74848321,0.38605269,0.71348678,0.84678211,0.93513733,-23.22584266,-46.22560394,0.82958938,0.46234776,-nan,-nan,-nan,-nan,0.00000000,0.00000000,0.00000000,0.00000000,0.00000000,0.00000000,-nan,0.00000000,13.34355870
