Y,A,A_rep,A_hid,L,Q,K,W,P,r,taua,abar,tauk,taul,WtaxRev,KtaxRev,WtaxRev_lost,KtaxRev_lost,G,lump_sum,ylbar,WtaxPct,ShelterPct,ShelterPctP99,TaxEvasionP99,ConcealPctP99,gini,p90,p99,p999,p9999,gini_total,p90_total,p99_total,p999_total,p9999_total,welfare,welfare0,approval,approval0,conceal_share_e,conceal_share_n,evasion_share_e,evasion_share_n,conceal_frac_e,conceal_frac_n,evasion_frac_e,evasion_frac_n,shelter_pct_e,shelter_pct_n,detection_rate,detection_revenue,wtax_evasion_elast
73.51672204,3.11155125,2.92483427,0.18671698,30.12632422,331.54265794,65.45508709,1.41537226,0.13827033,0.02974509,0.01196730,1120.65601199,0.25000000,0.18606617,0.15823353,5.92875014,0.11869627,0.54147834,9.29156816,0.00073771,1.08952447,0.01181098,0.10356085,36.89790122,8.59078791,54.41735390,0.77106747,0.35166260,0.65946446,0.82640244,0.93789451,0.78476293,0.33056015,0.61993875,0.78129258,0.90972241,-23.70552899,-47.57030538,0.70067123,0.35637896,0.26358712,0.73641288,0.80285172,0.19714828,0.04842595,0.06562555,0.06232846,0.00905535,0.39007705,0.03438378,0.67381183,0.04630783,32.45407603
