Y,A,A_rep,A_hid,L,Q,K,W,P,r,taua,abar,tauk,taul,WtaxRev,KtaxRev,WtaxRev_lost,KtaxRev_lost,G,lump_sum,ylbar,WtaxPct,ShelterPct,ShelterPctP99,TaxEvasionP99,ConcealPctP99,gini,p90,p99,p999,p9999,gini_total,p90_total,p99_total,p999_total,p9999_total,welfare,welfare0,approval,approval0,conceal_share_e,conceal_share_n,evasion_share_e,evasion_share_n,conceal_frac_e,conceal_frac_n,evasion_frac_e,evasion_frac_n,shelter_pct_e,shelter_pct_n,detection_rate,detection_revenue,wtax_evasion_elast
64.37054897,2.80303812,2.80303812,0.00000000,29.43942055,249.57332266,49.13127092,1.26819574,0.15632725,0.04302248,0.04947335,30.83074463,0.25000000,0.18654244,2.41212495,6.99617958,0.00000000,0.00000000,9.18235041,0.01414314,1.01512040,0.71232863,0.00000000,0.00000000,0.00000000,0.00000000,0.73918215,0.40016519,0.73710095,0.86314603,0.94111594,0.73918215,0.40016519,0.73710095,0.86314603,0.94111594,-23.17607402,-46.31965782,0.77175443,0.40492733,-nan,-nan,-nan,-nan,0.00000000,0.00000000,0.00000000,0.00000000,0.00000000,0.00000000,-nan,0.00000000,12.37171088
