Y,A,A_rep,A_hid,L,Q,K,W,P,r,taua,abar,tauk,taul,WtaxRev,KtaxRev,WtaxRev_lost,KtaxRev_lost,G,lump_sum,ylbar,WtaxPct,ShelterPct,ShelterPctP99,TaxEvasionP99,ConcealPctP99,gini,p90,p99,p999,p9999,gini_total,p90_total,p99_total,p999_total,p9999_total,welfare,welfare0,approval,approval0,conceal_share_e,conceal_share_n,evasion_share_e,evasion_share_n,conceal_frac_e,conceal_frac_n,evasion_frac_e,evasion_frac_n,shelter_pct_e,shelter_pct_n,detection_rate,detection_revenue,wtax_evasion_elast
73.44705567,3.11049696,2.90651536,0.20398160,30.12525292,330.51411481,65.60093249,1.41408333,0.13852629,0.02949249,0.01942666,1299.37312845,0.25000000,0.18606570,0.16948460,5.92394781,0.21234255,0.53559182,9.29156816,0.00076206,1.08952447,0.00972227,0.10473721,54.11753498,10.79526493,50.89778564,0.77066182,0.35246459,0.66282737,0.83309496,0.94709456,0.78565920,0.32935050,0.61941994,0.78290819,0.91278098,-23.73674905,-47.63247029,0.49885442,0.10782288,0.30756071,0.69243929,0.76319866,0.23680134,0.06157120,0.06753064,0.06662375,0.01229691,0.39506711,0.03463935,0.66751988,0.06277247,36.17423316
