Y,A,A_rep,A_hid,L,Q,K,W,P,r,taua,abar,tauk,taul,WtaxRev,KtaxRev,WtaxRev_lost,KtaxRev_lost,G,lump_sum,ylbar,WtaxPct,ShelterPct,ShelterPctP99,TaxEvasionP99,ConcealPctP99,gini,p90,p99,p999,p9999,gini_total,p90_total,p99_total,p999_total,p9999_total,welfare,welfare0,approval,approval0,conceal_share_e,conceal_share_n,evasion_share_e,evasion_share_n,conceal_frac_e,conceal_frac_n,evasion_frac_e,evasion_frac_n,shelter_pct_e,shelter_pct_n,detection_rate,detection_revenue,wtax_evasion_elast
73.66754514,3.11800840,2.94368932,0.17431908,30.14697547,332.88528428,65.66464245,1.41728505,0.13804894,0.02965252,0.00435708,1091.07295574,0.25000000,0.18604860,0.06812175,5.93568757,0.04142677,0.53634936,9.29156816,0.00016825,1.08952447,0.01419608,0.10149071,32.22048043,8.14222074,55.22637565,0.77259662,0.34926575,0.65421596,0.81870701,0.93242079,0.78527001,0.32973929,0.61768509,0.77733816,0.90577272,-23.72600937,-47.59088396,0.50901198,0.11132751,0.27000043,0.72999957,0.88057518,0.11942482,0.04623470,0.06059591,0.06043976,0.00482762,0.38687496,0.03258694,0.68044442,0.04279297,54.50773186
