Y,A,A_rep,A_hid,L,Q,K,W,P,r,taua,abar,tauk,taul,WtaxRev,KtaxRev,WtaxRev_lost,KtaxRev_lost,G,lump_sum,ylbar,WtaxPct,ShelterPct,ShelterPctP99,TaxEvasionP99,ConcealPctP99,gini,p90,p99,p999,p9999,gini_total,p90_total,p99_total,p999_total,p9999_total,welfare,welfare0,approval,approval0,conceal_share_e,conceal_share_n,evasion_share_e,evasion_share_n,conceal_frac_e,conceal_frac_n,evasion_frac_e,evasion_frac_n,shelter_pct_e,shelter_pct_n,detection_rate,detection_revenue,wtax_evasion_elast
66.33112404,2.89050126,2.89050126,0.00000000,29.71182967,264.49681578,52.26526511,1.29483823,0.15288469,0.04010774,0.03000000,69.86566705,0.25000000,0.18626092,1.36664611,6.88690145,0.00000000,0.00000000,9.18235041,0.00892188,1.01512040,0.34635721,0.00000000,0.00000000,0.00000000,0.00000000,0.75815129,0.37074433,0.69425160,0.84642157,0.93615222,0.75815129,0.37074433,0.69425160,0.84642157,0.93615222,-23.36956138,-46.29908367,0.90767962,0.81783204,-nan,-nan,-nan,-nan,0.00000000,0.00000000,0.00000000,0.00000000,0.00000000,0.00000000,-nan,0.00000000,13.70625137
