Y,A,A_rep,A_hid,L,Q,K,W,P,r,taua,abar,tauk,taul,WtaxRev,KtaxRev,WtaxRev_lost,KtaxRev_lost,G,lump_sum,ylbar,WtaxPct,ShelterPct,ShelterPctP99,TaxEvasionP99,ConcealPctP99,gini,p90,p99,p999,p9999,gini_total,p90_total,p99_total,p999_total,p9999_total,welfare,welfare0,approval,approval0,conceal_share_e,conceal_share_n,evasion_share_e,evasion_share_n,conceal_frac_e,conceal_frac_n,evasion_frac_e,evasion_frac_n,shelter_pct_e,shelter_pct_n,detection_rate,detection_revenue,wtax_evasion_elast
73.56735195,3.11357112,2.92072928,0.19284184,30.13392000,331.96226338,65.54602288,1.41598779,0.13820783,0.02968912,0.00877568,953.69479987,0.25000000,0.18605851,0.13458383,5.92194207,0.09770844,0.54139387,9.29156816,0.00051068,1.08952447,0.01495314,0.10389783,36.82793413,8.50263618,55.12744373,0.77089489,0.35191478,0.65989234,0.82666992,0.93641388,0.78504166,0.33011862,0.61906798,0.77995765,0.90833826,-23.71737474,-47.58627566,0.64319065,0.30865298,0.26110802,0.73889198,0.82321677,0.17678323,0.04950618,0.06796613,0.06205113,0.00787578,0.39158003,0.03443925,0.67254127,0.04591507,39.13330534
