Y,A,A_rep,A_hid,L,Q,K,W,P,r,taua,abar,tauk,taul,WtaxRev,KtaxRev,WtaxRev_lost,KtaxRev_lost,G,lump_sum,ylbar,WtaxPct,ShelterPct,ShelterPctP99,TaxEvasionP99,ConcealPctP99,gini,p90,p99,p999,p9999,gini_total,p90_total,p99_total,p999_total,p9999_total,welfare,welfare0,approval,approval0,conceal_share_e,conceal_share_n,evasion_share_e,evasion_share_n,conceal_frac_e,conceal_frac_n,evasion_frac_e,evasion_frac_n,shelter_pct_e,shelter_pct_n,detection_rate,detection_revenue,wtax_evasion_elast
73.53550031,3.11229582,2.92977155,0.18252427,30.12947914,331.69787417,65.47725930,1.41557604,0.13824640,0.02973787,0.01126114,1184.95800863,0.25000000,0.18606211,0.14560738,5.92746828,0.10611669,0.54506069,9.29156816,0.00061741,1.08952447,0.01161475,0.10343344,35.94369921,8.66506491,53.56319975,0.77142541,0.35109907,0.65831051,0.82474374,0.93715760,0.78478858,0.33050845,0.61975049,0.78086405,0.90929583,-23.71202624,-47.58160408,0.66521743,0.32069995,0.26594994,0.73405006,0.81510027,0.18489973,0.04775602,0.06392784,0.06250602,0.00838351,0.39088661,0.03403015,0.67894116,0.04634571,33.15132481
