Y,A,A_rep,A_hid,L,Q,K,W,P,r,taua,abar,tauk,taul,WtaxRev,KtaxRev,WtaxRev_lost,KtaxRev_lost,G,lump_sum,ylbar,WtaxPct,ShelterPct,ShelterPctP99,TaxEvasionP99,ConcealPctP99,gini,p90,p99,p999,p9999,gini_total,p90_total,p99_total,p999_total,p9999_total,welfare,welfare0,approval,approval0,conceal_share_e,conceal_share_n,evasion_share_e,evasion_share_n,conceal_frac_e,conceal_frac_n,evasion_frac_e,evasion_frac_n,shelter_pct_e,shelter_pct_n,detection_rate,detection_revenue,wtax_evasion_elast
65.58205895,2.85638003,2.85638003,0.00000000,29.60375864,258.87441006,50.99020602,1.28487795,0.15410833,0.04131717,0.03267087,35.75968890,0.25000000,0.18639051,1.79832865,6.92985069,0.00000000,0.00000000,9.18235041,0.01145869,1.01512040,0.64156895,0.00000000,0.00000000,0.00000000,0.00000000,0.75110318,0.38204899,0.70957240,0.84694890,0.93544404,0.75110318,0.38204899,0.70957240,0.84694890,0.93544404,-23.24857063,-46.21088590,0.85480645,0.50711351,-nan,-nan,-nan,-nan,0.00000000,0.00000000,0.00000000,0.00000000,0.00000000,0.00000000,-nan,0.00000000,13.38418942
