Y,A,A_rep,A_hid,L,Q,K,W,P,r,taua,abar,tauk,taul,WtaxRev,KtaxRev,WtaxRev_lost,KtaxRev_lost,G,lump_sum,ylbar,WtaxPct,ShelterPct,ShelterPctP99,TaxEvasionP99,ConcealPctP99,gini,p90,p99,p999,p9999,gini_total,p90_total,p99_total,p999_total,p9999_total,welfare,welfare0,approval,approval0,conceal_share_e,conceal_share_n,evasion_share_e,evasion_share_n,conceal_frac_e,conceal_frac_n,evasion_frac_e,evasion_frac_n,shelter_pct_e,shelter_pct_n,detection_rate,detection_revenue,wtax_evasion_elast
65.75595751,2.86367013,2.86367013,0.00000000,29.62994590,260.19129683,51.26383440,1.28716634,0.15381534,0.04107201,0.03000000,35.37618895,0.25000000,0.18636406,1.70447125,6.92030439,0.00000000,0.00000000,9.18235041,0.01096467,1.01512040,0.64807851,0.00000000,0.00000000,0.00000000,0.00000000,0.75283464,0.37922040,0.70495328,0.84377417,0.93428200,0.75283464,0.37922040,0.70495328,0.84377417,0.93428200,-23.27083530,-46.22039282,0.86885991,0.52944862,-nan,-nan,-nan,-nan,0.00000000,0.00000000,0.00000000,0.00000000,0.00000000,0.00000000,-nan,0.00000000,13.56224823
