Y,A,A_rep,A_hid,L,Q,K,W,P,r,taua,abar,tauk,taul,WtaxRev,KtaxRev,WtaxRev_lost,KtaxRev_lost,G,lump_sum,ylbar,WtaxPct,ShelterPct,ShelterPctP99,TaxEvasionP99,ConcealPctP99,gini,p90,p99,p999,p9999,gini_total,p90_total,p99_total,p999_total,p9999_total,welfare,welfare0,approval,approval0,conceal_share_e,conceal_share_n,evasion_share_e,evasion_share_n,conceal_frac_e,conceal_frac_n,evasion_frac_e,evasion_frac_n,shelter_pct_e,shelter_pct_n,detection_rate,detection_revenue,wtax_evasion_elast
65.57001926,2.85552133,2.85552133,0.00000000,29.60310596,258.78620632,50.96687544,1.28469457,0.15413029,0.04134397,0.03243386,34.80094547,0.25000000,0.18639122,1.80449876,6.93048746,0.00000000,0.00000000,9.18235041,0.01148468,1.01512040,0.85390319,0.00000000,0.00000000,0.00000000,0.00000000,0.75100574,0.38212579,0.70950760,0.84647859,0.93521820,0.75100574,0.38212579,0.70950760,0.84647859,0.93521820,-23.24880570,-46.21378291,0.85303006,0.50627097,-nan,-nan,-nan,-nan,0.00000000,0.00000000,0.00000000,0.00000000,0.00000000,0.00000000,-nan,0.00000000,13.39564389
