Y,A,A_rep,A_hid,L,Q,K,W,P,r,taua,abar,tauk,taul,WtaxRev,KtaxRev,WtaxRev_lost,KtaxRev_lost,G,lump_sum,ylbar,WtaxPct,ShelterPct,ShelterPctP99,TaxEvasionP99,ConcealPctP99,gini,p90,p99,p999,p9999,gini_total,p90_total,p99_total,p999_total,p9999_total,welfare,welfare0,approval,approval0,conceal_share_e,conceal_share_n,evasion_share_e,evasion_share_n,conceal_frac_e,conceal_frac_n,evasion_frac_e,evasion_frac_n,shelter_pct_e,shelter_pct_n,detection_rate,detection_revenue,wtax_evasion_elast
65.55904588,2.85519607,2.85519607,0.00000000,29.60107595,258.70045077,50.95288683,1.28455904,0.15414930,0.04135306,0.03279043,35.15530738,0.25000000,0.18639346,1.81066741,6.93092505,0.00000000,0.00000000,9.18235041,0.01151525,1.01512040,0.63618418,0.00000000,0.00000000,0.00000000,0.00000000,0.75090862,0.38236637,0.70988659,0.84697900,0.93542284,0.75090862,0.38236637,0.70988659,0.84697900,0.93542284,-23.24742961,-46.21293348,0.85280784,0.50624740,-nan,-nan,-nan,-nan,0.00000000,0.00000000,0.00000000,0.00000000,0.00000000,0.00000000,-nan,0.00000000,13.38424366
