Y,A,A_rep,A_hid,L,Q,K,W,P,r,taua,abar,tauk,taul,WtaxRev,KtaxRev,WtaxRev_lost,KtaxRev_lost,G,lump_sum,ylbar,WtaxPct,ShelterPct,ShelterPctP99,TaxEvasionP99,ConcealPctP99,gini,p90,p99,p999,p9999,gini_total,p90_total,p99_total,p999_total,p9999_total,welfare,welfare0,approval,approval0,conceal_share_e,conceal_share_n,evasion_share_e,evasion_share_n,conceal_frac_e,conceal_frac_n,evasion_frac_e,evasion_frac_n,shelter_pct_e,shelter_pct_n,detection_rate,detection_revenue,wtax_evasion_elast
73.66155821,3.11795931,2.94792393,0.17003539,30.14659058,332.89190099,65.65236873,1.41727590,0.13804457,0.02966631,0.00480025,1335.95795678,0.25000000,0.18604762,0.06471401,5.94147806,0.03909902,0.53290330,9.29156816,0.00017624,1.08952447,0.01078560,0.10097895,31.84462741,8.00132372,54.11681768,0.77284467,0.34886488,0.65339080,0.81763597,0.93228543,0.78519297,0.32983982,0.61780270,0.77741387,0.90583054,-23.72439059,-47.58823075,0.53402218,0.13070847,0.27132423,0.72867577,0.88213602,0.11786398,0.04532820,0.05899564,0.05996071,0.00471672,0.38526159,0.03234116,0.67874551,0.04192726,51.50677662
