Y,A,A_rep,A_hid,L,Q,K,W,P,r,taua,abar,tauk,taul,WtaxRev,KtaxRev,WtaxRev_lost,KtaxRev_lost,G,lump_sum,ylbar,WtaxPct,ShelterPct,ShelterPctP99,TaxEvasionP99,ConcealPctP99,gini,p90,p99,p999,p9999,gini_total,p90_total,p99_total,p999_total,p9999_total,welfare,welfare0,approval,approval0,conceal_share_e,conceal_share_n,evasion_share_e,evasion_share_n,conceal_frac_e,conceal_frac_n,evasion_frac_e,evasion_frac_n,shelter_pct_e,shelter_pct_n,detection_rate,detection_revenue,wtax_evasion_elast
73.51645608,3.11149621,2.91697868,0.19451753,30.12663117,331.51108635,65.46577674,1.41533647,0.13828001,0.02973081,0.01138294,986.19473038,0.25000000,0.18606607,0.16353838,5.92076841,0.12491690,0.54396977,9.29156816,0.00071860,1.08952447,0.01434852,0.10410151,38.02636663,8.79105571,55.36049730,0.77049265,0.35251117,0.66118315,0.82868765,0.93807723,0.78479710,0.33047367,0.61989660,0.78136682,0.90971750,-23.70790153,-47.57509712,0.68168103,0.33619276,0.26022062,0.73977938,0.79865054,0.20134946,0.04979751,0.06868638,0.06279106,0.00936947,0.39070444,0.03490351,0.67425045,0.04771963,34.08260665
