Y,A,A_rep,A_hid,L,Q,K,W,P,r,taua,abar,tauk,taul,WtaxRev,KtaxRev,WtaxRev_lost,KtaxRev_lost,G,lump_sum,ylbar,WtaxPct,ShelterPct,ShelterPctP99,TaxEvasionP99,ConcealPctP99,gini,p90,p99,p999,p9999,gini_total,p90_total,p99_total,p999_total,p9999_total,welfare,welfare0,approval,approval0,conceal_share_e,conceal_share_n,evasion_share_e,evasion_share_n,conceal_frac_e,conceal_frac_n,evasion_frac_e,evasion_frac_n,shelter_pct_e,shelter_pct_n,detection_rate,detection_revenue,wtax_evasion_elast
65.59502969,2.85609029,2.85609029,0.00000000,29.60759409,258.96956539,50.99002162,1.28497290,0.15408866,0.04133605,0.03130294,33.28025843,0.25000000,0.18638813,1.79005407,6.92999234,0.00000000,0.00000000,9.18235041,0.01142366,1.01512040,0.82560372,0.00000000,0.00000000,0.00000000,0.00000000,0.75119499,0.38181978,0.70801292,0.84479434,0.93455142,0.75119499,0.38181978,0.70801292,0.84479434,0.93455142,-23.25139541,-46.21578713,0.85419874,0.50652254,-nan,-nan,-nan,-nan,0.00000000,0.00000000,0.00000000,0.00000000,0.00000000,0.00000000,-nan,0.00000000,13.44574782
