Y,A,A_rep,A_hid,L,Q,K,W,P,r,taua,abar,tauk,taul,WtaxRev,KtaxRev,WtaxRev_lost,KtaxRev_lost,G,lump_sum,ylbar,WtaxPct,ShelterPct,ShelterPctP99,TaxEvasionP99,ConcealPctP99,gini,p90,p99,p999,p9999,gini_total,p90_total,p99_total,p999_total,p9999_total,welfare,welfare0,approval,approval0,conceal_share_e,conceal_share_n,evasion_share_e,evasion_share_n,conceal_frac_e,conceal_frac_n,evasion_frac_e,evasion_frac_n,shelter_pct_e,shelter_pct_n,detection_rate,detection_revenue,wtax_evasion_elast
65.09909460,2.83702986,2.83702986,0.00000000,29.53381737,255.14370993,50.30650025,1.27843266,0.15498429,0.04187616,0.04563296,46.54683638,0.25000000,0.18644304,2.02666336,6.95373093,0.00000000,0.00000000,9.18235041,0.01232047,1.01512040,0.54269319,0.00000000,0.00000000,0.00000000,0.00000000,0.74649985,0.38875743,0.72412828,0.86235887,0.94163869,0.74649985,0.38875743,0.72412828,0.86235887,0.94163869,-23.23153466,-46.27628851,0.80490564,0.43423199,-nan,-nan,-nan,-nan,0.00000000,0.00000000,0.00000000,0.00000000,0.00000000,0.00000000,-nan,0.00000000,12.62603112
