Y,A,A_rep,A_hid,L,Q,K,W,P,r,taua,abar,tauk,taul,WtaxRev,KtaxRev,WtaxRev_lost,KtaxRev_lost,G,lump_sum,ylbar,WtaxPct,ShelterPct,ShelterPctP99,TaxEvasionP99,ConcealPctP99,gini,p90,p99,p999,p9999,gini_total,p90_total,p99_total,p999_total,p9999_total,welfare,welfare0,approval,approval0,conceal_share_e,conceal_share_n,evasion_share_e,evasion_share_n,conceal_frac_e,conceal_frac_n,evasion_frac_e,evasion_frac_n,shelter_pct_e,shelter_pct_n,detection_rate,detection_revenue,wtax_evasion_elast
65.59154151,2.85664814,2.85664814,0.00000000,29.60568933,258.94668704,51.00643506,1.28499732,0.15409394,0.04130252,0.03242924,35.46335428,0.25000000,0.18638853,1.79360587,6.92908670,0.00000000,0.00000000,9.18235041,0.01142715,1.01512040,0.63998314,0.00000000,0.00000000,0.00000000,0.00000000,0.75121449,0.38178170,0.70919895,0.84660328,0.93528802,0.75121449,0.38178170,0.70919895,0.84660328,0.93528802,-23.25080690,-46.21310060,0.85486103,0.50711340,-nan,-nan,-nan,-nan,0.00000000,0.00000000,0.00000000,0.00000000,0.00000000,0.00000000,-nan,0.00000000,13.40265377
