Y,A,A_rep,A_hid,L,Q,K,W,P,r,taua,abar,tauk,taul,WtaxRev,KtaxRev,WtaxRev_lost,KtaxRev_lost,G,lump_sum,ylbar,WtaxPct,ShelterPct,ShelterPctP99,TaxEvasionP99,ConcealPctP99,gini,p90,p99,p999,p9999,gini_total,p90_total,p99_total,p999_total,p9999_total,welfare,welfare0,approval,approval0,conceal_share_e,conceal_share_n,evasion_share_e,evasion_share_n,conceal_frac_e,conceal_frac_n,evasion_frac_e,evasion_frac_n,shelter_pct_e,shelter_pct_n,detection_rate,detection_revenue,wtax_evasion_elast
73.68762157,3.11931289,2.96365551,0.15565738,30.14905074,333.10050309,65.68036451,1.41758707,0.13800764,0.02965595,0.00311742,1215.94004564,0.25000000,0.18604659,0.04802542,5.94881813,0.02544043,0.53528440,9.29156816,0.00012609,1.08952447,0.01254970,0.10064037,31.34562129,7.90758616,48.25385593,0.77412684,0.34692448,0.64968385,0.81284925,0.92761858,0.78535954,0.32961254,0.61730741,0.77665062,0.90483779,-23.72523731,-47.58691941,0.52381230,0.11678454,0.27945411,0.72054589,0.89403310,0.10596690,0.04272500,0.05337834,0.05967285,0.00415903,0.38472425,0.03205057,0.68025938,0.04075617,57.56605834
