Y,A,A_rep,A_hid,L,Q,K,W,P,r,taua,abar,tauk,taul,WtaxRev,KtaxRev,WtaxRev_lost,KtaxRev_lost,G,lump_sum,ylbar,WtaxPct,ShelterPct,ShelterPctP99,TaxEvasionP99,ConcealPctP99,gini,p90,p99,p999,p9999,gini_total,p90_total,p99_total,p999_total,p9999_total,welfare,welfare0,approval,approval0,conceal_share_e,conceal_share_n,evasion_share_e,evasion_share_n,conceal_frac_e,conceal_frac_n,evasion_frac_e,evasion_frac_n,shelter_pct_e,shelter_pct_n,detection_rate,detection_revenue,wtax_evasion_elast
65.60376055,2.85718057,2.85718057,0.00000000,29.60728792,259.04058381,51.02442744,1.28516294,0.15407184,0.04128702,0.03223940,35.48631386,0.25000000,0.18638791,1.78643839,6.92850992,0.00000000,0.00000000,9.18235041,0.01139847,1.01512040,0.64091388,0.00000000,0.00000000,0.00000000,0.00000000,0.75133420,0.38162292,0.70882912,0.84638996,0.93521000,0.75133420,0.38162292,0.70882912,0.84638996,0.93521000,-23.25138122,-46.21225182,0.85587404,0.51001861,-nan,-nan,-nan,-nan,0.00000000,0.00000000,0.00000000,0.00000000,0.00000000,0.00000000,-nan,0.00000000,13.41502458
