Y,A,A_rep,A_hid,L,Q,K,W,P,r,taua,abar,tauk,taul,WtaxRev,KtaxRev,WtaxRev_lost,KtaxRev_lost,G,lump_sum,ylbar,WtaxPct,ShelterPct,ShelterPctP99,TaxEvasionP99,ConcealPctP99,gini,p90,p99,p999,p9999,gini_total,p90_total,p99_total,p999_total,p9999_total,welfare,welfare0,approval,approval0,conceal_share_e,conceal_share_n,evasion_share_e,evasion_share_n,conceal_frac_e,conceal_frac_n,evasion_frac_e,evasion_frac_n,shelter_pct_e,shelter_pct_n,detection_rate,detection_revenue,wtax_evasion_elast
73.55334568,3.11304793,2.92930659,0.18374134,30.13223080,331.85273751,65.50610414,1.41579642,0.13822249,0.02972246,0.01003757,1143.86528301,0.25000000,0.18605904,0.13525359,5.92660974,0.09726350,0.54404958,9.29156816,0.00053201,1.08952447,0.01218575,0.10341365,34.98844728,8.55231489,54.23763000,0.77145294,0.35106311,0.65820514,0.82451779,0.93661836,0.78490058,0.33034232,0.61940260,0.78033599,0.90876391,-23.71648351,-47.58805438,0.64729711,0.31123906,0.26510727,0.73489273,0.82300873,0.17699127,0.04791069,0.06441234,0.06223398,0.00790920,0.39071665,0.03404661,0.67774245,0.04612060,35.46860205
