Y,A,A_rep,A_hid,L,Q,K,W,P,r,taua,abar,tauk,taul,WtaxRev,KtaxRev,WtaxRev_lost,KtaxRev_lost,G,lump_sum,ylbar,WtaxPct,ShelterPct,ShelterPctP99,TaxEvasionP99,ConcealPctP99,gini,p90,p99,p999,p9999,gini_total,p90_total,p99_total,p999_total,p9999_total,welfare,welfare0,approval,approval0,conceal_share_e,conceal_share_n,evasion_share_e,evasion_share_n,conceal_frac_e,conceal_frac_n,evasion_frac_e,evasion_frac_n,shelter_pct_e,shelter_pct_n,detection_rate,detection_revenue,wtax_evasion_elast
65.56545276,2.85555581,2.85555581,0.00000000,29.60173386,258.74867726,50.96396864,1.28465041,0.15413784,0.04134173,0.03288279,35.71692507,0.25000000,0.18639272,1.80643368,6.93061054,0.00000000,0.00000000,9.18235041,0.01149469,1.01512040,0.64035672,0.00000000,0.00000000,0.00000000,0.00000000,0.75094912,0.38227752,0.70987974,0.84715641,0.93550281,0.75094912,0.38227752,0.70987974,0.84715641,0.93550281,-23.24769647,-46.21241011,0.85309866,0.50628511,-nan,-nan,-nan,-nan,0.00000000,0.00000000,0.00000000,0.00000000,0.00000000,0.00000000,-nan,0.00000000,13.37245886
