Y,A,A_rep,A_hid,L,Q,K,W,P,r,taua,abar,tauk,taul,WtaxRev,KtaxRev,WtaxRev_lost,KtaxRev_lost,G,lump_sum,ylbar,WtaxPct,ShelterPct,ShelterPctP99,TaxEvasionP99,ConcealPctP99,gini,p90,p99,p999,p9999,gini_total,p90_total,p99_total,p999_total,p9999_total,welfare,welfare0,approval,approval0,conceal_share_e,conceal_share_n,evasion_share_e,evasion_share_n,conceal_frac_e,conceal_frac_n,evasion_frac_e,evasion_frac_n,shelter_pct_e,shelter_pct_n,detection_rate,detection_revenue,wtax_evasion_elast
65.58978845,2.85652418,2.85652418,0.00000000,29.60556972,258.93088937,51.00254911,1.28496519,0.15409792,0.04130683,0.03232645,35.09574101,0.25000000,0.18638916,1.79480646,6.92930559,0.00000000,0.00000000,9.18235041,0.01143771,1.01512040,0.63734980,0.00000000,0.00000000,0.00000000,0.00000000,0.75120203,0.38182319,0.70914731,0.84641887,0.93519755,0.75120203,0.38182319,0.70914731,0.84641887,0.93519755,-23.25039334,-46.21273324,0.85490785,0.50990669,-nan,-nan,-nan,-nan,0.00000000,0.00000000,0.00000000,0.00000000,0.00000000,0.00000000,-nan,0.00000000,13.41282042
