Y,A,A_rep,A_hid,L,Q,K,W,P,r,taua,abar,tauk,taul,WtaxRev,KtaxRev,WtaxRev_lost,KtaxRev_lost,G,lump_sum,ylbar,WtaxPct,ShelterPct,ShelterPctP99,TaxEvasionP99,ConcealPctP99,gini,p90,p99,p999,p9999,gini_total,p90_total,p99_total,p999_total,p9999_total,welfare,welfare0,approval,approval0,conceal_share_e,conceal_share_n,evasion_share_e,evasion_share_n,conceal_frac_e,conceal_frac_n,evasion_frac_e,evasion_frac_n,shelter_pct_e,shelter_pct_n,detection_rate,detection_revenue,wtax_evasion_elast
65.11911470,2.83822238,2.83822238,0.00000000,29.53690815,255.28791255,50.35445578,1.27871273,0.15495594,0.04181855,0.04672226,49.29787915,0.25000000,0.18643456,2.01179602,6.95209868,0.00000000,0.00000000,9.18235041,0.01219991,1.01512040,0.42855856,0.00000000,0.00000000,0.00000000,0.00000000,0.74670724,0.38839703,0.72413319,0.86371359,0.94227931,0.74670724,0.38839703,0.72413319,0.86371359,0.94227931,-23.23934937,-46.28569519,0.80253579,0.43432059,-nan,-nan,-nan,-nan,0.00000000,0.00000000,0.00000000,0.00000000,0.00000000,0.00000000,-nan,0.00000000,12.59351321
