Y,A,A_rep,A_hid,L,Q,K,W,P,r,taua,abar,tauk,taul,WtaxRev,KtaxRev,WtaxRev_lost,KtaxRev_lost,G,lump_sum,ylbar,WtaxPct,ShelterPct,ShelterPctP99,TaxEvasionP99,ConcealPctP99,gini,p90,p99,p999,p9999,gini_total,p90_total,p99_total,p999_total,p9999_total,welfare,welfare0,approval,approval0,conceal_share_e,conceal_share_n,evasion_share_e,evasion_share_n,conceal_frac_e,conceal_frac_n,evasion_frac_e,evasion_frac_n,shelter_pct_e,shelter_pct_n,detection_rate,detection_revenue,wtax_evasion_elast
62.70164580,2.67764976,2.67764976,0.00000000,29.38156622,236.27323801,45.14882937,1.23776442,0.15996959,0.04860454,0.03565685,7.61887714,0.25000000,0.18675761,3.20933742,7.15257351,0.00000000,0.00000000,9.18235041,0.01775432,1.01512040,5.10827607,0.00000000,0.00000000,0.00000000,0.00000000,0.71850769,0.43111122,0.70052916,0.82719662,0.92643857,0.71850769,0.43111122,0.70052916,0.82719662,0.92643857,-23.20321100,-46.88031030,0.67702141,0.34101950,-nan,-nan,-nan,-nan,0.00000000,0.00000000,0.00000000,0.00000000,0.00000000,0.00000000,-nan,0.00000000,14.78006726
