Y,A,A_rep,A_hid,L,Q,K,W,P,r,taua,abar,tauk,taul,WtaxRev,KtaxRev,WtaxRev_lost,KtaxRev_lost,G,lump_sum,ylbar,WtaxPct,ShelterPct,ShelterPctP99,TaxEvasionP99,ConcealPctP99,gini,p90,p99,p999,p9999,gini_total,p90_total,p99_total,p999_total,p9999_total,welfare,welfare0,approval,approval0,conceal_share_e,conceal_share_n,evasion_share_e,evasion_share_n,conceal_frac_e,conceal_frac_n,evasion_frac_e,evasion_frac_n,shelter_pct_e,shelter_pct_n,detection_rate,detection_revenue,wtax_evasion_elast
73.40560639,3.10872832,2.87542575,0.23330257,30.12463584,329.97514598,65.61211494,1.41330729,0.13865095,0.02943370,0.01685806,803.69626317,0.25000000,0.18606381,0.20727819,5.89027280,0.25827029,0.55027728,9.29156816,0.00066698,1.08952447,0.01654863,0.10756350,61.90234061,11.40911056,54.08258834,0.76835440,0.35601211,0.67012164,0.84309274,0.94893272,0.78569245,0.32929426,0.61989100,0.78434376,0.91361387,-23.75775770,-47.67977117,0.41887307,0.04062647,0.29321433,0.70678567,0.73378429,0.26621571,0.06711474,0.07891733,0.06897706,0.01491525,0.40027174,0.03689142,0.67017846,0.06714876,39.65442824
