Y,A,A_rep,A_hid,L,Q,K,W,P,r,taua,abar,tauk,taul,WtaxRev,KtaxRev,WtaxRev_lost,KtaxRev_lost,G,lump_sum,ylbar,WtaxPct,ShelterPct,ShelterPctP99,TaxEvasionP99,ConcealPctP99,gini,p90,p99,p999,p9999,gini_total,p90_total,p99_total,p999_total,p9999_total,welfare,welfare0,approval,approval0,conceal_share_e,conceal_share_n,evasion_share_e,evasion_share_n,conceal_frac_e,conceal_frac_n,evasion_frac_e,evasion_frac_n,shelter_pct_e,shelter_pct_n,detection_rate,detection_revenue,wtax_evasion_elast
65.57362279,2.85592283,2.85592283,0.00000000,29.60265801,258.79977685,50.97405652,1.28474185,0.15412602,0.04133288,0.03264797,35.30829129,0.25000000,0.18639270,1.80358682,6.93057791,0.00000000,0.00000000,9.18235041,0.01148994,1.01512040,0.63829451,0.00000000,0.00000000,0.00000000,0.00000000,0.75103908,0.38217965,0.70961660,0.84683505,0.93536869,0.75103908,0.38217965,0.70961660,0.84683505,0.93536869,-23.24772221,-46.21103298,0.85378165,0.50707538,-nan,-nan,-nan,-nan,0.00000000,0.00000000,0.00000000,0.00000000,0.00000000,0.00000000,-nan,0.00000000,13.38961854
