Y,A,A_rep,A_hid,L,Q,K,W,P,r,taua,abar,tauk,taul,WtaxRev,KtaxRev,WtaxRev_lost,KtaxRev_lost,G,lump_sum,ylbar,WtaxPct,ShelterPct,ShelterPctP99,TaxEvasionP99,ConcealPctP99,gini,p90,p99,p999,p9999,gini_total,p90_total,p99_total,p999_total,p9999_total,welfare,welfare0,approval,approval0,conceal_share_e,conceal_share_n,evasion_share_e,evasion_share_n,conceal_frac_e,conceal_frac_n,evasion_frac_e,evasion_frac_n,shelter_pct_e,shelter_pct_n,detection_rate,detection_revenue,wtax_evasion_elast
65.61577519,2.85769163,2.85769163,0.00000000,29.60898295,259.12911701,51.04177266,1.28531641,0.15405167,0.04127212,0.03197575,35.22030356,0.25000000,0.18638654,1.78057295,6.92804540,0.00000000,0.00000000,9.18235041,0.01137420,1.01512040,0.63982316,0.00000000,0.00000000,0.00000000,0.00000000,0.75147552,0.38134767,0.70844434,0.84604668,0.93506927,0.75147552,0.38134767,0.70844434,0.84604668,0.93506927,-23.25241965,-46.21194745,0.85741100,0.51001861,-nan,-nan,-nan,-nan,0.00000000,0.00000000,0.00000000,0.00000000,0.00000000,0.00000000,-nan,0.00000000,13.43112176
