Y,A,A_rep,A_hid,L,Q,K,W,P,r,taua,abar,tauk,taul,WtaxRev,KtaxRev,WtaxRev_lost,KtaxRev_lost,G,lump_sum,ylbar,WtaxPct,ShelterPct,ShelterPctP99,TaxEvasionP99,ConcealPctP99,gini,p90,p99,p999,p9999,gini_total,p90_total,p99_total,p999_total,p9999_total,welfare,welfare0,approval,approval0,conceal_share_e,conceal_share_n,evasion_share_e,evasion_share_n,conceal_frac_e,conceal_frac_n,evasion_frac_e,evasion_frac_n,shelter_pct_e,shelter_pct_n,detection_rate,detection_revenue,wtax_evasion_elast
73.40395425,3.10809359,2.86091641,0.24717718,30.12541718,329.96496541,65.59931659,1.41325532,0.13865347,0.02944844,0.01409834,584.32897880,0.25000000,0.18606218,0.22042065,5.87128204,0.24913453,0.55950865,9.29156816,0.00059051,1.08952447,0.02524558,0.10867540,59.16534221,11.22047947,56.35842138,0.76702529,0.35802195,0.67377582,0.84754317,0.94727719,0.78550355,0.32954956,0.62025302,0.78467387,0.91329199,-23.76224825,-47.69109854,0.40366107,0.03358207,0.27906947,0.72093053,0.73533442,0.26466558,0.06770440,0.08529225,0.06916911,0.01483242,0.40058450,0.03819627,0.67494003,0.06889027,42.97028978
