Y,A,A_rep,A_hid,L,Q,K,W,P,r,taua,abar,tauk,taul,WtaxRev,KtaxRev,WtaxRev_lost,KtaxRev_lost,G,lump_sum,ylbar,WtaxPct,ShelterPct,ShelterPctP99,TaxEvasionP99,ConcealPctP99,gini,p90,p99,p999,p9999,gini_total,p90_total,p99_total,p999_total,p9999_total,welfare,welfare0,approval,approval0,conceal_share_e,conceal_share_n,evasion_share_e,evasion_share_n,conceal_frac_e,conceal_frac_n,evasion_frac_e,evasion_frac_n,shelter_pct_e,shelter_pct_n,detection_rate,detection_revenue,wtax_evasion_elast
65.60577826,2.85741690,2.85741690,0.00000000,29.60705831,259.06098621,51.02919970,1.28521095,0.15406548,0.04128119,0.03262388,36.68685415,0.25000000,0.18638662,1.78406278,6.92825202,0.00000000,0.00000000,9.18235041,0.01137328,1.01512040,0.64940074,0.00000000,0.00000000,0.00000000,0.00000000,0.75132470,0.38155138,0.70909968,0.84702004,0.93549028,0.75132470,0.38155138,0.70909968,0.84702004,0.93549028,-23.25229597,-46.21376267,0.85556085,0.51003451,-nan,-nan,-nan,-nan,0.00000000,0.00000000,0.00000000,0.00000000,0.00000000,0.00000000,-nan,0.00000000,13.38074981
