Y,A,A_rep,A_hid,L,Q,K,W,P,r,taua,abar,tauk,taul,WtaxRev,KtaxRev,WtaxRev_lost,KtaxRev_lost,G,lump_sum,ylbar,WtaxPct,ShelterPct,ShelterPctP99,TaxEvasionP99,ConcealPctP99,gini,p90,p99,p999,p9999,gini_total,p90_total,p99_total,p999_total,p9999_total,welfare,welfare0,approval,approval0,conceal_share_e,conceal_share_n,evasion_share_e,evasion_share_n,conceal_frac_e,conceal_frac_n,evasion_frac_e,evasion_frac_n,shelter_pct_e,shelter_pct_n,detection_rate,detection_revenue,wtax_evasion_elast
73.55700433,3.11323364,2.93149791,0.18173573,30.13265499,331.87868695,65.50815372,1.41583066,0.13821797,0.02972297,0.01005405,1191.35945936,0.25000000,0.18605908,0.13182026,5.92650374,0.09424761,0.54560606,9.29156816,0.00050999,1.08952447,0.01177638,0.10326708,34.46084838,8.64106940,54.18061251,0.77160674,0.35079456,0.65772053,0.82386025,0.93654276,0.78489759,0.33031684,0.61937267,0.78025301,0.90870304,-23.71730915,-47.58963859,0.64119126,0.31052376,0.26623639,0.73376361,0.82630628,0.17369372,0.04758883,0.06360620,0.06236092,0.00774550,0.39069468,0.03386997,0.68057274,0.04644827,35.38518404
