Y,A,A_rep,A_hid,L,Q,K,W,P,r,taua,abar,tauk,taul,WtaxRev,KtaxRev,WtaxRev_lost,KtaxRev_lost,G,lump_sum,ylbar,WtaxPct,ShelterPct,ShelterPctP99,TaxEvasionP99,ConcealPctP99,gini,p90,p99,p999,p9999,gini_total,p90_total,p99_total,p999_total,p9999_total,welfare,welfare0,approval,approval0,conceal_share_e,conceal_share_n,evasion_share_e,evasion_share_n,conceal_frac_e,conceal_frac_n,evasion_frac_e,evasion_frac_n,shelter_pct_e,shelter_pct_n,detection_rate,detection_revenue,wtax_evasion_elast
65.51662267,2.85348732,2.85348732,0.00000000,29.59437822,258.38296141,50.88722286,1.28401310,0.15421927,0.04141138,0.03368855,35.93025170,0.25000000,0.18640044,1.83193579,6.93318261,0.00000000,0.00000000,9.18235041,0.01161878,1.01512040,0.63941673,0.00000000,0.00000000,0.00000000,0.00000000,0.75051018,0.38287016,0.71117474,0.84811667,0.93588401,0.75051018,0.38287016,0.71117474,0.84811667,0.93588401,-23.24318621,-46.21324050,0.84944948,0.49999647,-nan,-nan,-nan,-nan,0.00000000,0.00000000,0.00000000,0.00000000,0.00000000,0.00000000,-nan,0.00000000,13.31992730
