Y,A,A_rep,A_hid,L,Q,K,W,P,r,taua,abar,tauk,taul,WtaxRev,KtaxRev,WtaxRev_lost,KtaxRev_lost,G,lump_sum,ylbar,WtaxPct,ShelterPct,ShelterPctP99,TaxEvasionP99,ConcealPctP99,gini,p90,p99,p999,p9999,gini_total,p90_total,p99_total,p999_total,p9999_total,welfare,welfare0,approval,approval0,conceal_share_e,conceal_share_n,evasion_share_e,evasion_share_n,conceal_frac_e,conceal_frac_n,evasion_frac_e,evasion_frac_n,shelter_pct_e,shelter_pct_n,detection_rate,detection_revenue,wtax_evasion_elast
65.98462385,2.87471268,2.87471268,0.00000000,29.66049203,261.92545323,51.66062686,1.29030249,0.15342896,0.04068605,0.03000000,46.14054061,0.25000000,0.18632389,1.57130194,6.90662387,0.00000000,0.00000000,9.18235041,0.01017632,1.01512040,0.57145224,0.00000000,0.00000000,0.00000000,0.00000000,0.75491436,0.37588207,0.70133240,0.84514837,0.93508842,0.75491436,0.37588207,0.70133240,0.84514837,0.93508842,-23.30531968,-46.24202960,0.88582404,0.61624335,-nan,-nan,-nan,-nan,0.00000000,0.00000000,0.00000000,0.00000000,0.00000000,0.00000000,-nan,0.00000000,13.59174023
