Y,A,A_rep,A_hid,L,Q,K,W,P,r,taua,abar,tauk,taul,WtaxRev,KtaxRev,WtaxRev_lost,KtaxRev_lost,G,lump_sum,ylbar,WtaxPct,ShelterPct,ShelterPctP99,TaxEvasionP99,ConcealPctP99,gini,p90,p99,p999,p9999,gini_total,p90_total,p99_total,p999_total,p9999_total,welfare,welfare0,approval,approval0,conceal_share_e,conceal_share_n,evasion_share_e,evasion_share_n,conceal_frac_e,conceal_frac_n,evasion_frac_e,evasion_frac_n,shelter_pct_e,shelter_pct_n,detection_rate,detection_revenue,wtax_evasion_elast
73.75034570,3.12300590,3.00486167,0.11814423,30.15533172,333.67937907,65.76941671,1.41846128,0.13790560,0.02961359,0.00000000,867.22652701,0.25000000,0.18604244,0.00000000,5.97233728,0.00000000,0.53567196,9.29156816,0.00000340,1.08952447,0.02168746,0.09972506,30.78457392,7.67121771,33.64375506,0.77733928,0.34202125,0.64025828,0.80049745,0.91648812,0.78572597,0.32908249,0.61608146,0.77453728,0.90255465,-23.72457921,-47.57637371,0.76269744,0.98672538,0.31235404,0.68764596,0.91885614,0.08114386,0.03622000,0.03861001,0.05882635,0.00304574,0.38375125,0.03114919,0.68058078,0.03703603,-3926649.47113771
