Y,A,A_rep,A_hid,L,Q,K,W,P,r,taua,abar,tauk,taul,WtaxRev,KtaxRev,WtaxRev_lost,KtaxRev_lost,G,lump_sum,ylbar,WtaxPct,ShelterPct,ShelterPctP99,TaxEvasionP99,ConcealPctP99,gini,p90,p99,p999,p9999,gini_total,p90_total,p99_total,p999_total,p9999_total,welfare,welfare0,approval,approval0,conceal_share_e,conceal_share_n,evasion_share_e,evasion_share_n,conceal_frac_e,conceal_frac_n,evasion_frac_e,evasion_frac_n,shelter_pct_e,shelter_pct_n,detection_rate,detection_revenue,wtax_evasion_elast
65.65425953,2.85998888,2.85998888,0.00000000,29.61289486,259.43425269,51.12062574,1.28591370,0.15398048,0.04118575,0.03338719,40.61140775,0.25000000,0.18637462,1.75369521,6.92492646,0.00000000,0.00000000,9.18235041,0.01116212,1.01512040,0.68597963,0.00000000,0.00000000,0.00000000,0.00000000,0.75178457,0.38080794,0.70887643,0.84849830,0.93618033,0.75178457,0.38080794,0.70887643,0.84849830,0.93618033,-23.26276657,-46.22378061,0.85613523,0.51009019,-nan,-nan,-nan,-nan,0.00000000,0.00000000,0.00000000,0.00000000,0.00000000,0.00000000,-nan,0.00000000,13.35504298
