Y,A,A_rep,A_hid,L,Q,K,W,P,r,taua,abar,tauk,taul,WtaxRev,KtaxRev,WtaxRev_lost,KtaxRev_lost,G,lump_sum,ylbar,WtaxPct,ShelterPct,ShelterPctP99,TaxEvasionP99,ConcealPctP99,gini,p90,p99,p999,p9999,gini_total,p90_total,p99_total,p999_total,p9999_total,welfare,welfare0,approval,approval0,conceal_share_e,conceal_share_n,evasion_share_e,evasion_share_n,conceal_frac_e,conceal_frac_n,evasion_frac_e,evasion_frac_n,shelter_pct_e,shelter_pct_n,detection_rate,detection_revenue,wtax_evasion_elast
73.49766623,3.11062329,2.90034242,0.21028087,30.12435039,331.25342300,65.46220489,1.41500298,0.13833265,0.02970972,0.01123261,751.44514324,0.25000000,0.18606808,0.18592109,5.91262032,0.15007564,0.54193789,9.29156816,0.00079420,1.08952447,0.01948843,0.10464548,40.13240214,8.72846917,56.92763947,0.76934418,0.35429401,0.66493990,0.83395210,0.93913338,0.78489128,0.33034343,0.62003653,0.78206488,0.91009343,-23.70961772,-47.58022554,0.66138563,0.32321899,0.25428952,0.74571048,0.77736329,0.22263671,0.05259561,0.07488631,0.06307907,0.01070694,0.38909765,0.03596675,0.66956454,0.04809499,36.44528609
