Y,A,A_rep,A_hid,L,Q,K,W,P,r,taua,abar,tauk,taul,WtaxRev,KtaxRev,WtaxRev_lost,KtaxRev_lost,G,lump_sum,ylbar,WtaxPct,ShelterPct,ShelterPctP99,TaxEvasionP99,ConcealPctP99,gini,p90,p99,p999,p9999,gini_total,p90_total,p99_total,p999_total,p9999_total,welfare,welfare0,approval,approval0,conceal_share_e,conceal_share_n,evasion_share_e,evasion_share_n,conceal_frac_e,conceal_frac_n,evasion_frac_e,evasion_frac_n,shelter_pct_e,shelter_pct_n,detection_rate,detection_revenue,wtax_evasion_elast
66.10745667,2.88035430,2.88035430,0.00000000,29.67803925,262.84697681,51.87211318,1.29193864,0.15322932,0.04048435,0.03000000,53.30226134,0.25000000,0.18630076,1.49930117,6.89964090,0.00000000,0.00000000,9.18235041,0.00974061,1.01512040,0.48132609,0.00000000,0.00000000,0.00000000,0.00000000,0.75604243,0.37414140,0.69901535,0.84566207,0.93548037,0.75604243,0.37414140,0.69901535,0.84566207,0.93548037,-23.32623350,-46.25955097,0.89413873,0.64582978,-nan,-nan,-nan,-nan,0.00000000,0.00000000,0.00000000,0.00000000,0.00000000,0.00000000,-nan,0.00000000,13.62748968
