Y,A,A_rep,A_hid,L,Q,K,W,P,r,taua,abar,tauk,taul,WtaxRev,KtaxRev,WtaxRev_lost,KtaxRev_lost,G,lump_sum,ylbar,WtaxPct,ShelterPct,ShelterPctP99,TaxEvasionP99,ConcealPctP99,gini,p90,p99,p999,p9999,gini_total,p90_total,p99_total,p999_total,p9999_total,welfare,welfare0,approval,approval0,conceal_share_e,conceal_share_n,evasion_share_e,evasion_share_n,conceal_frac_e,conceal_frac_n,evasion_frac_e,evasion_frac_n,shelter_pct_e,shelter_pct_n,detection_rate,detection_revenue,wtax_evasion_elast
65.55049885,2.85484053,2.85484053,0.00000000,29.59985935,258.64019556,50.94024004,1.28445342,0.15416270,0.04136453,0.03291171,35.14005169,0.25000000,0.18639448,1.81524677,6.93127404,0.00000000,0.00000000,9.18235041,0.01153650,1.01512040,0.63575739,0.00000000,0.00000000,0.00000000,0.00000000,0.75085204,0.38240888,0.71009377,0.84711639,0.93547156,0.75085204,0.38240888,0.71009377,0.84711639,0.93547156,-23.24680929,-46.21342286,0.85171636,0.50616201,-nan,-nan,-nan,-nan,0.00000000,0.00000000,0.00000000,0.00000000,0.00000000,0.00000000,-nan,0.00000000,13.37620637
