Y,A,A_rep,A_hid,L,Q,K,W,P,r,taua,abar,tauk,taul,WtaxRev,KtaxRev,WtaxRev_lost,KtaxRev_lost,G,lump_sum,ylbar,WtaxPct,ShelterPct,ShelterPctP99,TaxEvasionP99,ConcealPctP99,gini,p90,p99,p999,p9999,gini_total,p90_total,p99_total,p999_total,p9999_total,welfare,welfare0,approval,approval0,conceal_share_e,conceal_share_n,evasion_share_e,evasion_share_n,conceal_frac_e,conceal_frac_n,evasion_frac_e,evasion_frac_n,shelter_pct_e,shelter_pct_n,detection_rate,detection_revenue,wtax_evasion_elast
73.52580613,3.11196341,2.93502847,0.17693494,30.12779704,331.62499644,65.45150031,1.41546143,0.13825480,0.02975832,0.01285031,1376.74741399,0.25000000,0.18606445,0.14693323,5.93079285,0.10613195,0.54630588,9.29156816,0.00066210,1.08952447,0.00964291,0.10306334,34.56889997,8.79104462,52.47503286,0.77176391,0.35059224,0.65728805,0.82345719,0.93710736,0.78469925,0.33065884,0.61996443,0.78112460,0.90971689,-23.70867926,-47.57693533,0.68381949,0.33219005,0.26907404,0.73092596,0.81542140,0.18457860,0.04684933,0.06170866,0.06263096,0.00838317,0.39028852,0.03371510,0.68266766,0.04677568,30.41660297
