Y,A,A_rep,A_hid,L,Q,K,W,P,r,taua,abar,tauk,taul,WtaxRev,KtaxRev,WtaxRev_lost,KtaxRev_lost,G,lump_sum,ylbar,WtaxPct,ShelterPct,ShelterPctP99,TaxEvasionP99,ConcealPctP99,gini,p90,p99,p999,p9999,gini_total,p90_total,p99_total,p999_total,p9999_total,welfare,welfare0,approval,approval0,conceal_share_e,conceal_share_n,evasion_share_e,evasion_share_n,conceal_frac_e,conceal_frac_n,evasion_frac_e,evasion_frac_n,shelter_pct_e,shelter_pct_n,detection_rate,detection_revenue,wtax_evasion_elast
65.73808960,2.86306994,2.86306994,0.00000000,29.62663621,260.06061898,51.23843556,1.28695605,0.15384254,0.04109208,0.03088895,37.37870994,0.25000000,0.18636566,1.71202088,6.92111054,0.00000000,0.00000000,9.18235041,0.01098537,1.01512040,0.66070904,0.00000000,0.00000000,0.00000000,0.00000000,0.75262086,0.37950626,0.70592876,0.84508764,0.93480707,0.75262086,0.37950626,0.70592876,0.84508764,0.93480707,-23.27004715,-46.22180702,0.86646115,0.52046883,-nan,-nan,-nan,-nan,0.00000000,0.00000000,0.00000000,0.00000000,0.00000000,0.00000000,-nan,0.00000000,13.48697969
