Y,A,A_rep,A_hid,L,Q,K,W,P,r,taua,abar,tauk,taul,WtaxRev,KtaxRev,WtaxRev_lost,KtaxRev_lost,G,lump_sum,ylbar,WtaxPct,ShelterPct,ShelterPctP99,TaxEvasionP99,ConcealPctP99,gini,p90,p99,p999,p9999,gini_total,p90_total,p99_total,p999_total,p9999_total,welfare,welfare0,approval,approval0,conceal_share_e,conceal_share_n,evasion_share_e,evasion_share_n,conceal_frac_e,conceal_frac_n,evasion_frac_e,evasion_frac_n,shelter_pct_e,shelter_pct_n,detection_rate,detection_revenue,wtax_evasion_elast
65.68655353,2.86075390,2.86075390,0.00000000,29.61905937,259.66950970,51.15218077,1.28626442,0.15392892,0.04117333,0.03108422,35.71472511,0.25000000,0.18637448,1.74136912,6.92428370,0.00000000,0.00000000,9.18235041,0.01116472,1.01512040,0.64655034,0.00000000,0.00000000,0.00000000,0.00000000,0.75214708,0.38026004,0.70670680,0.84506081,0.93474848,0.75214708,0.38026004,0.70670680,0.84506081,0.93474848,-23.26130237,-46.21542950,0.86408895,0.52007092,-nan,-nan,-nan,-nan,0.00000000,0.00000000,0.00000000,0.00000000,0.00000000,0.00000000,-nan,0.00000000,13.48174199
