Y,A,A_rep,A_hid,L,Q,K,W,P,r,taua,abar,tauk,taul,WtaxRev,KtaxRev,WtaxRev_lost,KtaxRev_lost,G,lump_sum,ylbar,WtaxPct,ShelterPct,ShelterPctP99,TaxEvasionP99,ConcealPctP99,gini,p90,p99,p999,p9999,gini_total,p90_total,p99_total,p999_total,p9999_total,welfare,welfare0,approval,approval0,conceal_share_e,conceal_share_n,evasion_share_e,evasion_share_n,conceal_frac_e,conceal_frac_n,evasion_frac_e,evasion_frac_n,shelter_pct_e,shelter_pct_n,detection_rate,detection_revenue,wtax_evasion_elast
65.57474447,2.85592746,2.85592746,0.00000000,29.60315162,258.81986603,50.97944854,1.28477559,0.15412208,0.04132727,0.03271804,35.56761020,0.25000000,0.18639113,1.80245660,6.93005171,0.00000000,0.00000000,9.18235041,0.01147242,1.01512040,0.63992987,0.00000000,0.00000000,0.00000000,0.00000000,0.75103593,0.38216345,0.70965518,0.84695788,0.93542636,0.75103593,0.38216345,0.70965518,0.84695788,0.93542636,-23.24871022,-46.21251687,0.85353220,0.50667907,-nan,-nan,-nan,-nan,0.00000000,0.00000000,0.00000000,0.00000000,0.00000000,0.00000000,-nan,0.00000000,13.38533257
