Y,A,A_rep,A_hid,L,Q,K,W,P,r,taua,abar,tauk,taul,WtaxRev,KtaxRev,WtaxRev_lost,KtaxRev_lost,G,lump_sum,ylbar,WtaxPct,ShelterPct,ShelterPctP99,TaxEvasionP99,ConcealPctP99,gini,p90,p99,p999,p9999,gini_total,p90_total,p99_total,p999_total,p9999_total,welfare,welfare0,approval,approval0,conceal_share_e,conceal_share_n,evasion_share_e,evasion_share_n,conceal_frac_e,conceal_frac_n,evasion_frac_e,evasion_frac_n,shelter_pct_e,shelter_pct_n,detection_rate,detection_revenue,wtax_evasion_elast
65.58033815,2.85608324,2.85608324,0.00000000,29.60428521,258.87716366,50.99099579,1.28487337,0.15410918,0.04131713,0.03262962,35.56861626,0.25000000,0.18638926,1.79920193,6.92920538,0.00000000,0.00000000,9.18235041,0.01145346,1.01512040,0.64017848,0.00000000,0.00000000,0.00000000,0.00000000,0.75109231,0.38192484,0.70952204,0.84686692,0.93538845,0.75109231,0.38192484,0.70952204,0.84686692,0.93538845,-23.24934843,-46.21206142,0.85447699,0.50707567,-nan,-nan,-nan,-nan,0.00000000,0.00000000,0.00000000,0.00000000,0.00000000,0.00000000,-nan,0.00000000,13.39232258
