Y,A,A_rep,A_hid,L,Q,K,W,P,r,taua,abar,tauk,taul,WtaxRev,KtaxRev,WtaxRev_lost,KtaxRev_lost,G,lump_sum,ylbar,WtaxPct,ShelterPct,ShelterPctP99,TaxEvasionP99,ConcealPctP99,gini,p90,p99,p999,p9999,gini_total,p90_total,p99_total,p999_total,p9999_total,welfare,welfare0,approval,approval0,conceal_share_e,conceal_share_n,evasion_share_e,evasion_share_n,conceal_frac_e,conceal_frac_n,evasion_frac_e,evasion_frac_n,shelter_pct_e,shelter_pct_n,detection_rate,detection_revenue,wtax_evasion_elast
65.68862872,2.86160171,2.86160171,0.00000000,29.61739185,259.69619721,51.17750255,1.28638633,0.15392059,0.04113171,0.03315516,41.34655870,0.25000000,0.18636963,1.73422026,6.92299883,0.00000000,0.00000000,9.18235041,0.01106330,1.01512040,0.53525095,0.00000000,0.00000000,0.00000000,0.00000000,0.75213359,0.38028521,0.70817123,0.84837201,0.93616925,0.75213359,0.38028521,0.70817123,0.84837201,0.93616925,-23.26681236,-46.22415872,0.85893009,0.51031003,-nan,-nan,-nan,-nan,0.00000000,0.00000000,0.00000000,0.00000000,0.00000000,0.00000000,-nan,0.00000000,13.39007916
