Y,A,A_rep,A_hid,L,Q,K,W,P,r,taua,abar,tauk,taul,WtaxRev,KtaxRev,WtaxRev_lost,KtaxRev_lost,G,lump_sum,ylbar,WtaxPct,ShelterPct,ShelterPctP99,TaxEvasionP99,ConcealPctP99,gini,p90,p99,p999,p9999,gini_total,p90_total,p99_total,p999_total,p9999_total,welfare,welfare0,approval,approval0,conceal_share_e,conceal_share_n,evasion_share_e,evasion_share_n,conceal_frac_e,conceal_frac_n,evasion_frac_e,evasion_frac_n,shelter_pct_e,shelter_pct_n,detection_rate,detection_revenue,wtax_evasion_elast
65.45142607,2.84861757,2.84861757,0.00000000,29.59044215,257.86417947,50.73401573,1.28290973,0.15434520,0.04159646,0.03147818,29.20280431,0.25000000,0.18640685,1.86619660,6.93919999,0.00000000,0.00000000,9.18235041,0.01181491,1.01512040,1.12930204,0.00000000,0.00000000,0.00000000,0.00000000,0.74978025,0.38405831,0.70953801,0.84409311,0.93414624,0.74978025,0.38405831,0.70953801,0.84409311,0.93414624,-23.23886644,-46.22315231,0.84190332,0.47255734,-nan,-nan,-nan,-nan,0.00000000,0.00000000,0.00000000,0.00000000,0.00000000,0.00000000,-nan,0.00000000,13.47472189
