Y,A,A_rep,A_hid,L,Q,K,W,P,r,taua,abar,tauk,taul,WtaxRev,KtaxRev,WtaxRev_lost,KtaxRev_lost,G,lump_sum,ylbar,WtaxPct,ShelterPct,ShelterPctP99,TaxEvasionP99,ConcealPctP99,gini,p90,p99,p999,p9999,gini_total,p90_total,p99_total,p999_total,p9999_total,welfare,welfare0,approval,approval0,conceal_share_e,conceal_share_n,evasion_share_e,evasion_share_n,conceal_frac_e,conceal_frac_n,evasion_frac_e,evasion_frac_n,shelter_pct_e,shelter_pct_n,detection_rate,detection_revenue,wtax_evasion_elast
65.40669378,2.84715899,2.84715899,0.00000000,29.58292880,257.53327036,50.67479459,1.28236461,0.15441889,0.04164131,0.03273668,30.63295250,0.25000000,0.18641280,1.88801549,6.94098658,0.00000000,0.00000000,9.18235041,0.01189911,1.01512040,0.77295191,0.00000000,0.00000000,0.00000000,0.00000000,0.74941921,0.38457001,0.71144738,0.84584097,0.93481244,0.74941921,0.38457001,0.71144738,0.84584097,0.93481244,-23.23666704,-46.22665219,0.83658198,0.47148162,-nan,-nan,-nan,-nan,0.00000000,0.00000000,0.00000000,0.00000000,0.00000000,0.00000000,-nan,0.00000000,13.38594985
