Y,A,A_rep,A_hid,L,Q,K,W,P,r,taua,abar,tauk,taul,WtaxRev,KtaxRev,WtaxRev_lost,KtaxRev_lost,G,lump_sum,ylbar,WtaxPct,ShelterPct,ShelterPctP99,TaxEvasionP99,ConcealPctP99,gini,p90,p99,p999,p9999,gini_total,p90_total,p99_total,p999_total,p9999_total,welfare,welfare0,approval,approval0,conceal_share_e,conceal_share_n,evasion_share_e,evasion_share_n,conceal_frac_e,conceal_frac_n,evasion_frac_e,evasion_frac_n,shelter_pct_e,shelter_pct_n,detection_rate,detection_revenue,wtax_evasion_elast
65.69261859,2.86156956,2.86156956,0.00000000,29.61873109,259.71500244,51.17692569,1.28639361,0.15391836,0.04113736,0.03255649,40.11973719,0.25000000,0.18637079,1.73264589,6.92328369,0.00000000,0.00000000,9.18235041,0.01106488,1.01512040,0.68218759,0.00000000,0.00000000,0.00000000,0.00000000,0.75216466,0.38019116,0.70771989,0.84745677,0.93577068,0.75216466,0.38019116,0.70771989,0.84745677,0.93577068,-23.26711436,-46.22463272,0.85882663,0.51008516,-nan,-nan,-nan,-nan,0.00000000,0.00000000,0.00000000,0.00000000,0.00000000,0.00000000,-nan,0.00000000,13.40214868
