Y,A,A_rep,A_hid,L,Q,K,W,P,r,taua,abar,tauk,taul,WtaxRev,KtaxRev,WtaxRev_lost,KtaxRev_lost,G,lump_sum,ylbar,WtaxPct,ShelterPct,ShelterPctP99,TaxEvasionP99,ConcealPctP99,gini,p90,p99,p999,p9999,gini_total,p90_total,p99_total,p999_total,p9999_total,welfare,welfare0,approval,approval0,conceal_share_e,conceal_share_n,evasion_share_e,evasion_share_n,conceal_frac_e,conceal_frac_n,evasion_frac_e,evasion_frac_n,shelter_pct_e,shelter_pct_n,detection_rate,detection_revenue,wtax_evasion_elast
65.11597951,2.83823128,2.83823128,0.00000000,29.53646610,255.25867440,50.35129006,1.27866236,0.15496368,0.04181944,0.04693236,49.57636442,0.25000000,0.18643246,2.01342071,6.95250184,0.00000000,0.00000000,9.18235041,0.01219644,1.01512040,0.42967755,0.00000000,0.00000000,0.00000000,0.00000000,0.74664294,0.38856255,0.72426702,0.86393929,0.94237360,0.74664294,0.38856255,0.72426702,0.86393929,0.94237360,-23.23978349,-46.28797012,0.80190659,0.43435332,-nan,-nan,-nan,-nan,0.00000000,0.00000000,0.00000000,0.00000000,0.00000000,0.00000000,-nan,0.00000000,12.57975852
