Y,A,A_rep,A_hid,L,Q,K,W,P,r,taua,abar,tauk,taul,WtaxRev,KtaxRev,WtaxRev_lost,KtaxRev_lost,G,lump_sum,ylbar,WtaxPct,ShelterPct,ShelterPctP99,TaxEvasionP99,ConcealPctP99,gini,p90,p99,p999,p9999,gini_total,p90_total,p99_total,p999_total,p9999_total,welfare,welfare0,approval,approval0,conceal_share_e,conceal_share_n,evasion_share_e,evasion_share_n,conceal_frac_e,conceal_frac_n,evasion_frac_e,evasion_frac_n,shelter_pct_e,shelter_pct_n,detection_rate,detection_revenue,wtax_evasion_elast
65.58529849,2.85642397,2.85642397,0.00000000,29.60444971,258.89245625,50.99467842,1.28490596,0.15410546,0.04131318,0.03247520,35.33349906,0.25000000,0.18639129,1.79704504,6.92973239,0.00000000,0.00000000,9.18235041,0.01145737,1.01512040,0.63894318,0.00000000,0.00000000,0.00000000,0.00000000,0.75115162,0.38186067,0.70933188,0.84664070,0.93529821,0.75115162,0.38186067,0.70933188,0.84664070,0.93529821,-23.24886165,-46.21077973,0.85520627,0.50995652,-nan,-nan,-nan,-nan,0.00000000,0.00000000,0.00000000,0.00000000,0.00000000,0.00000000,-nan,0.00000000,13.40033246
