Y,A,A_rep,A_hid,L,Q,K,W,P,r,taua,abar,tauk,taul,WtaxRev,KtaxRev,WtaxRev_lost,KtaxRev_lost,G,lump_sum,ylbar,WtaxPct,ShelterPct,ShelterPctP99,TaxEvasionP99,ConcealPctP99,gini,p90,p99,p999,p9999,gini_total,p90_total,p99_total,p999_total,p9999_total,welfare,welfare0,approval,approval0,conceal_share_e,conceal_share_n,evasion_share_e,evasion_share_n,conceal_frac_e,conceal_frac_n,evasion_frac_e,evasion_frac_n,shelter_pct_e,shelter_pct_n,detection_rate,detection_revenue,wtax_evasion_elast
73.45318173,3.10973320,2.90333669,0.20639652,30.12244847,330.75005067,65.50590502,1.41434367,0.13845011,0.02961514,0.01488769,985.20226710,0.25000000,0.18606952,0.18635601,5.91823216,0.18034091,0.53987983,9.29156816,0.00085461,1.08952447,0.01381730,0.10437660,46.25257891,9.66425751,54.75668424,0.76996040,0.35346218,0.66402741,0.83383818,0.94362144,0.78518475,0.33000249,0.62001348,0.78294778,0.91189647,-23.71900135,-47.59984082,0.61342208,0.28124725,0.27921318,0.72078682,0.76743409,0.23256591,0.05664379,0.07110098,0.06463667,0.01162958,0.38999467,0.03541638,0.67183250,0.05638266,35.38581564
