Y,A,A_rep,A_hid,L,Q,K,W,P,r,taua,abar,tauk,taul,WtaxRev,KtaxRev,WtaxRev_lost,KtaxRev_lost,G,lump_sum,ylbar,WtaxPct,ShelterPct,ShelterPctP99,TaxEvasionP99,ConcealPctP99,gini,p90,p99,p999,p9999,gini_total,p90_total,p99_total,p999_total,p9999_total,welfare,welfare0,approval,approval0,conceal_share_e,conceal_share_n,evasion_share_e,evasion_share_n,conceal_frac_e,conceal_frac_n,evasion_frac_e,evasion_frac_n,shelter_pct_e,shelter_pct_n,detection_rate,detection_revenue,wtax_evasion_elast
73.66659529,3.11792179,2.94242664,0.17549515,30.14691452,332.84345584,65.66304008,1.41722651,0.13805810,0.02965074,0.00430577,1024.20843804,0.25000000,0.18604878,0.07011103,5.93383539,0.04277327,0.53774984,9.29156816,0.00015850,1.08952447,0.01474750,0.10181180,33.12170928,8.21529146,55.11354982,0.77249663,0.34941271,0.65451869,0.81913689,0.93233934,0.78526149,0.32974569,0.61772355,0.77744020,0.90580388,-23.72779346,-47.59523469,0.47888582,0.08519073,0.26976008,0.73023992,0.87961493,0.12038507,0.04650342,0.06102847,0.06064905,0.00488938,0.38792422,0.03273222,0.68039157,0.04311604,55.20596306
