Y,A,A_rep,A_hid,L,Q,K,W,P,r,taua,abar,tauk,taul,WtaxRev,KtaxRev,WtaxRev_lost,KtaxRev_lost,G,lump_sum,ylbar,WtaxPct,ShelterPct,ShelterPctP99,TaxEvasionP99,ConcealPctP99,gini,p90,p99,p999,p9999,gini_total,p90_total,p99_total,p999_total,p9999_total,welfare,welfare0,approval,approval0,conceal_share_e,conceal_share_n,evasion_share_e,evasion_share_n,conceal_frac_e,conceal_frac_n,evasion_frac_e,evasion_frac_n,shelter_pct_e,shelter_pct_n,detection_rate,detection_revenue,wtax_evasion_elast
65.59797170,2.85695585,2.85695585,0.00000000,29.60635901,258.99393181,51.01571797,1.28508374,0.15408246,0.04129410,0.03229900,35.37040568,0.25000000,0.18638910,1.79019233,6.92890172,0.00000000,0.00000000,9.18235041,0.01142182,1.01512040,0.63979183,0.00000000,0.00000000,0.00000000,0.00000000,0.75127472,0.38170719,0.70897370,0.84643408,0.93521401,0.75127472,0.38170719,0.70897370,0.84643408,0.93521401,-23.25020807,-46.21079001,0.85583139,0.50995681,-nan,-nan,-nan,-nan,0.00000000,0.00000000,0.00000000,0.00000000,0.00000000,0.00000000,-nan,0.00000000,13.41108757
