Y,A,A_rep,A_hid,L,Q,K,W,P,r,taua,abar,tauk,taul,WtaxRev,KtaxRev,WtaxRev_lost,KtaxRev_lost,G,lump_sum,ylbar,WtaxPct,ShelterPct,ShelterPctP99,TaxEvasionP99,ConcealPctP99,gini,p90,p99,p999,p9999,gini_total,p90_total,p99_total,p999_total,p9999_total,welfare,welfare0,approval,approval0,conceal_share_e,conceal_share_n,evasion_share_e,evasion_share_n,conceal_frac_e,conceal_frac_n,evasion_frac_e,evasion_frac_n,shelter_pct_e,shelter_pct_n,detection_rate,detection_revenue,wtax_evasion_elast
64.52295480,2.80850584,2.80850584,0.00000000,29.46109234,250.76871200,49.31760045,1.27026207,0.15602469,0.04289028,0.04534298,29.13739811,0.25000000,0.18652541,2.33795380,6.98925920,0.00000000,0.00000000,9.18235041,0.01387479,1.01512040,1.07336671,0.00000000,0.00000000,0.00000000,0.00000000,0.74059018,0.39808157,0.73183324,0.85874428,0.93942141,0.74059018,0.39808157,0.73183324,0.85874428,0.93942141,-23.17967307,-46.29781179,0.78175069,0.41684161,-nan,-nan,-nan,-nan,0.00000000,0.00000000,0.00000000,0.00000000,0.00000000,0.00000000,-nan,0.00000000,12.62000789
