Y,A,A_rep,A_hid,L,Q,K,W,P,r,taua,abar,tauk,taul,WtaxRev,KtaxRev,WtaxRev_lost,KtaxRev_lost,G,lump_sum,ylbar,WtaxPct,ShelterPct,ShelterPctP99,TaxEvasionP99,ConcealPctP99,gini,p90,p99,p999,p9999,gini_total,p90_total,p99_total,p999_total,p9999_total,welfare,welfare0,approval,approval0,conceal_share_e,conceal_share_n,evasion_share_e,evasion_share_n,conceal_frac_e,conceal_frac_n,evasion_frac_e,evasion_frac_n,shelter_pct_e,shelter_pct_n,detection_rate,detection_revenue,wtax_evasion_elast
65.71137639,2.86190188,2.86190188,0.00000000,29.62287910,259.85426820,51.19414754,1.28658901,0.15388907,0.04113333,0.03104294,36.72433480,0.25000000,0.18637078,1.72642742,6.92273475,0.00000000,0.00000000,9.18235041,0.01107187,1.01512040,0.65506273,0.00000000,0.00000000,0.00000000,0.00000000,0.75238569,0.37988732,0.70636838,0.84516289,0.93481433,0.75238569,0.37988732,0.70636838,0.84516289,0.93481433,-23.26628354,-46.21960377,0.86447487,0.52007912,-nan,-nan,-nan,-nan,0.00000000,0.00000000,0.00000000,0.00000000,0.00000000,0.00000000,-nan,0.00000000,13.47988410
