Y,A,A_rep,A_hid,L,Q,K,W,P,r,taua,abar,tauk,taul,WtaxRev,KtaxRev,WtaxRev_lost,KtaxRev_lost,G,lump_sum,ylbar,WtaxPct,ShelterPct,ShelterPctP99,TaxEvasionP99,ConcealPctP99,gini,p90,p99,p999,p9999,gini_total,p90_total,p99_total,p999_total,p9999_total,welfare,welfare0,approval,approval0,conceal_share_e,conceal_share_n,evasion_share_e,evasion_share_n,conceal_frac_e,conceal_frac_n,evasion_frac_e,evasion_frac_n,shelter_pct_e,shelter_pct_n,detection_rate,detection_revenue,wtax_evasion_elast
65.85585179,2.86978815,2.86978815,0.00000000,29.64031297,260.94119150,51.48482965,1.28866438,0.15364970,0.04081837,0.03557212,57.65052035,0.25000000,0.18633322,1.62839962,6.91275086,0.00000000,0.00000000,9.18235041,0.01036838,1.01512040,0.38640337,0.00000000,0.00000000,0.00000000,0.00000000,0.75363127,0.37771197,0.70591404,0.85248208,0.93820615,0.75363127,0.37771197,0.70591404,0.85248208,0.93820615,-23.30177052,-46.26004570,0.85865073,0.51132339,-nan,-nan,-nan,-nan,0.00000000,0.00000000,0.00000000,0.00000000,0.00000000,0.00000000,-nan,0.00000000,13.29620832
