Y,A,A_rep,A_hid,L,Q,K,W,P,r,taua,abar,tauk,taul,WtaxRev,KtaxRev,WtaxRev_lost,KtaxRev_lost,G,lump_sum,ylbar,WtaxPct,ShelterPct,ShelterPctP99,TaxEvasionP99,ConcealPctP99,gini,p90,p99,p999,p9999,gini_total,p90_total,p99_total,p999_total,p9999_total,welfare,welfare0,approval,approval0,conceal_share_e,conceal_share_n,evasion_share_e,evasion_share_n,conceal_frac_e,conceal_frac_n,evasion_frac_e,evasion_frac_n,shelter_pct_e,shelter_pct_n,detection_rate,detection_revenue,wtax_evasion_elast
65.08987045,2.83554357,2.83554357,0.00000000,29.53362563,255.11818142,50.24542091,1.27827824,0.15497889,0.04197636,0.04165654,38.45905044,0.25000000,0.18645365,2.04715978,6.95559047,0.00000000,0.00000000,9.18235041,0.01256006,1.01512040,0.64032953,0.00000000,0.00000000,0.00000000,0.00000000,0.74641649,0.38911334,0.72260789,0.85722660,0.93930109,0.74641649,0.38911334,0.72260789,0.85722660,0.93930109,-23.21482718,-46.24601359,0.81288977,0.44543394,-nan,-nan,-nan,-nan,0.00000000,0.00000000,0.00000000,0.00000000,0.00000000,0.00000000,-nan,0.00000000,12.81304802
