Y,A,A_rep,A_hid,L,Q,K,W,P,r,taua,abar,tauk,taul,WtaxRev,KtaxRev,WtaxRev_lost,KtaxRev_lost,G,lump_sum,ylbar,WtaxPct,ShelterPct,ShelterPctP99,TaxEvasionP99,ConcealPctP99,gini,p90,p99,p999,p9999,gini_total,p90_total,p99_total,p999_total,p9999_total,welfare,welfare0,approval,approval0,conceal_share_e,conceal_share_n,evasion_share_e,evasion_share_n,conceal_frac_e,conceal_frac_n,evasion_frac_e,evasion_frac_n,shelter_pct_e,shelter_pct_n,detection_rate,detection_revenue,wtax_evasion_elast
65.61180941,2.85771836,2.85771836,0.00000000,29.60798549,259.10417397,51.03972075,1.28528766,0.15405639,0.04127068,0.03265157,37.06642379,0.25000000,0.18638506,1.77975921,6.92789829,0.00000000,0.00000000,9.18235041,0.01134137,1.01512040,0.65241053,0.00000000,0.00000000,0.00000000,0.00000000,0.75138602,0.38144468,0.70903721,0.84711170,0.93554290,0.75138602,0.38144468,0.70903721,0.84711170,0.93554290,-23.25430877,-46.21655328,0.85536155,0.51003451,-nan,-nan,-nan,-nan,0.00000000,0.00000000,0.00000000,0.00000000,0.00000000,0.00000000,-nan,0.00000000,13.37889755
