Y,A,A_rep,A_hid,L,Q,K,W,P,r,taua,abar,tauk,taul,WtaxRev,KtaxRev,WtaxRev_lost,KtaxRev_lost,G,lump_sum,ylbar,WtaxPct,ShelterPct,ShelterPctP99,TaxEvasionP99,ConcealPctP99,gini,p90,p99,p999,p9999,gini_total,p90_total,p99_total,p999_total,p9999_total,welfare,welfare0,approval,approval0,conceal_share_e,conceal_share_n,evasion_share_e,evasion_share_n,conceal_frac_e,conceal_frac_n,evasion_frac_e,evasion_frac_n,shelter_pct_e,shelter_pct_n,detection_rate,detection_revenue,wtax_evasion_elast
65.55886495,2.85518677,2.85518677,0.00000000,29.60113237,258.70609333,50.95588186,1.28457248,0.15414826,0.04134887,0.03296963,35.67531864,0.25000000,0.18639245,1.81009766,6.93060172,0.00000000,0.00000000,9.18235041,0.01150363,1.01512040,0.63975203,0.00000000,0.00000000,0.00000000,0.00000000,0.75089636,0.38235583,0.71003365,0.84724585,0.93553662,0.75089636,0.38235583,0.71003365,0.84724585,0.93553662,-23.24805668,-46.21389844,0.85181759,0.50624145,-nan,-nan,-nan,-nan,0.00000000,0.00000000,0.00000000,0.00000000,0.00000000,0.00000000,-nan,0.00000000,13.36710633
