Y,A,A_rep,A_hid,L,Q,K,W,P,r,taua,abar,tauk,taul,WtaxRev,KtaxRev,WtaxRev_lost,KtaxRev_lost,G,lump_sum,ylbar,WtaxPct,ShelterPct,ShelterPctP99,TaxEvasionP99,ConcealPctP99,gini,p90,p99,p999,p9999,gini_total,p90_total,p99_total,p999_total,p9999_total,welfare,welfare0,approval,approval0,conceal_share_e,conceal_share_n,evasion_share_e,evasion_share_n,conceal_frac_e,conceal_frac_n,evasion_frac_e,evasion_frac_n,shelter_pct_e,shelter_pct_n,detection_rate,detection_revenue,wtax_evasion_elast
65.66559357,2.85996881,2.85996881,0.00000000,29.61578401,259.51043757,51.12352454,1.28599873,0.15396490,0.04119545,0.03177221,36.83977154,0.25000000,0.18637771,1.75152687,6.92509276,0.00000000,0.00000000,9.18235041,0.01120395,1.01512040,0.65369273,0.00000000,0.00000000,0.00000000,0.00000000,0.75192267,0.38064381,0.70758852,0.84604465,0.93513358,0.75192267,0.38064381,0.70758852,0.84604465,0.93513358,-23.25973159,-46.21663182,0.85971893,0.51656977,-nan,-nan,-nan,-nan,0.00000000,0.00000000,0.00000000,0.00000000,0.00000000,0.00000000,-nan,0.00000000,13.43244919
