Y,A,A_rep,A_hid,L,Q,K,W,P,r,taua,abar,tauk,taul,WtaxRev,KtaxRev,WtaxRev_lost,KtaxRev_lost,G,lump_sum,ylbar,WtaxPct,ShelterPct,ShelterPctP99,TaxEvasionP99,ConcealPctP99,gini,p90,p99,p999,p9999,gini_total,p90_total,p99_total,p999_total,p9999_total,welfare,welfare0,approval,approval0,conceal_share_e,conceal_share_n,evasion_share_e,evasion_share_n,conceal_frac_e,conceal_frac_n,evasion_frac_e,evasion_frac_n,shelter_pct_e,shelter_pct_n,detection_rate,detection_revenue,wtax_evasion_elast
65.52343799,2.85368701,2.85368701,0.00000000,29.59580493,258.43368334,50.89704338,1.28409226,0.15420902,0.04140381,0.03333640,35.19889363,0.25000000,0.18639893,1.82930785,6.93282321,0.00000000,0.00000000,9.18235041,0.01160404,1.01512040,0.63461793,0.00000000,0.00000000,0.00000000,0.00000000,0.75058843,0.38275348,0.71085542,0.84761898,0.93567082,0.75058843,0.38275348,0.71085542,0.84761898,0.93567082,-23.24425100,-46.21439015,0.85013896,0.50005657,-nan,-nan,-nan,-nan,0.00000000,0.00000000,0.00000000,0.00000000,0.00000000,0.00000000,-nan,0.00000000,13.35279848
