Y,A,A_rep,A_hid,L,Q,K,W,P,r,taua,abar,tauk,taul,WtaxRev,KtaxRev,WtaxRev_lost,KtaxRev_lost,G,lump_sum,ylbar,WtaxPct,ShelterPct,ShelterPctP99,TaxEvasionP99,ConcealPctP99,gini,p90,p99,p999,p9999,gini_total,p90_total,p99_total,p999_total,p9999_total,welfare,welfare0,approval,approval0,conceal_share_e,conceal_share_n,evasion_share_e,evasion_share_n,conceal_frac_e,conceal_frac_n,evasion_frac_e,evasion_frac_n,shelter_pct_e,shelter_pct_n,detection_rate,detection_revenue,wtax_evasion_elast
63.51966861,2.74189920,2.74189920,0.00000000,29.38467642,243.04028058,47.12934132,1.25378224,0.15799036,0.04569352,0.04039123,14.11324425,0.25000000,0.18659098,2.76511113,7.07236218,0.00000000,0.00000000,9.18235041,0.01532490,1.01512040,2.24914303,0.00000000,0.00000000,0.00000000,0.00000000,0.72651601,0.41979869,0.72292862,0.84385328,0.93295647,0.72651601,0.41979869,0.72292862,0.84385328,0.93295647,-23.19390423,-46.62284132,0.71239256,0.36463476,-nan,-nan,-nan,-nan,0.00000000,0.00000000,0.00000000,0.00000000,0.00000000,0.00000000,-nan,0.00000000,13.83668583
