Y,A,A_rep,A_hid,L,Q,K,W,P,r,taua,abar,tauk,taul,WtaxRev,KtaxRev,WtaxRev_lost,KtaxRev_lost,G,lump_sum,ylbar,WtaxPct,ShelterPct,ShelterPctP99,TaxEvasionP99,ConcealPctP99,gini,p90,p99,p999,p9999,gini_total,p90_total,p99_total,p999_total,p9999_total,welfare,welfare0,approval,approval0,conceal_share_e,conceal_share_n,evasion_share_e,evasion_share_n,conceal_frac_e,conceal_frac_n,evasion_frac_e,evasion_frac_n,shelter_pct_e,shelter_pct_n,detection_rate,detection_revenue,wtax_evasion_elast
65.58420387,2.85635150,2.85635150,0.00000000,29.60453228,258.88880385,50.99431370,1.28489642,0.15410682,0.04131349,0.03244818,35.22277624,0.25000000,0.18639091,1.79737548,6.92961778,0.00000000,0.00000000,9.18235041,0.01145702,1.01512040,0.63822567,0.00000000,0.00000000,0.00000000,0.00000000,0.75114456,0.38187893,0.70932071,0.84660074,0.93528083,0.75114456,0.38187893,0.70932071,0.84660074,0.93528083,-23.24899937,-46.21109561,0.85495132,0.50995652,-nan,-nan,-nan,-nan,0.00000000,0.00000000,0.00000000,0.00000000,0.00000000,0.00000000,-nan,0.00000000,13.40628179
