Y,A,A_rep,A_hid,L,Q,K,W,P,r,taua,abar,tauk,taul,WtaxRev,KtaxRev,WtaxRev_lost,KtaxRev_lost,G,lump_sum,ylbar,WtaxPct,ShelterPct,ShelterPctP99,TaxEvasionP99,ConcealPctP99,gini,p90,p99,p999,p9999,gini_total,p90_total,p99_total,p999_total,p9999_total,welfare,welfare0,approval,approval0,conceal_share_e,conceal_share_n,evasion_share_e,evasion_share_n,conceal_frac_e,conceal_frac_n,evasion_frac_e,evasion_frac_n,shelter_pct_e,shelter_pct_n,detection_rate,detection_revenue,wtax_evasion_elast
65.72378179,2.86196331,2.86196331,0.00000000,29.62588078,259.93919458,51.20489635,1.28670053,0.15387270,0.04113130,0.03000000,34.39831976,0.25000000,0.18636935,1.72078377,6.92263923,0.00000000,0.00000000,9.18235041,0.01106029,1.01512040,0.85214789,0.00000000,0.00000000,0.00000000,0.00000000,0.75251772,0.37974290,0.70529677,0.84354618,0.93416909,0.75251772,0.37974290,0.70529677,0.84354618,0.93416909,-23.26726992,-46.21991537,0.86621200,0.52188069,-nan,-nan,-nan,-nan,0.00000000,0.00000000,0.00000000,0.00000000,0.00000000,0.00000000,-nan,0.00000000,13.54259430
