Y,A,A_rep,A_hid,L,Q,K,W,P,r,taua,abar,tauk,taul,WtaxRev,KtaxRev,WtaxRev_lost,KtaxRev_lost,G,lump_sum,ylbar,WtaxPct,ShelterPct,ShelterPctP99,TaxEvasionP99,ConcealPctP99,gini,p90,p99,p999,p9999,gini_total,p90_total,p99_total,p999_total,p9999_total,welfare,welfare0,approval,approval0,conceal_share_e,conceal_share_n,evasion_share_e,evasion_share_n,conceal_frac_e,conceal_frac_n,evasion_frac_e,evasion_frac_n,shelter_pct_e,shelter_pct_n,detection_rate,detection_revenue,wtax_evasion_elast
73.41215514,3.10923343,2.88469383,0.22453960,30.12361683,330.07176494,65.61411107,1.41347492,0.13862616,0.02943801,0.01847514,971.01298045,0.25000000,0.18606779,0.19568157,5.90573948,0.25406335,0.54070316,9.29156816,0.00076726,1.08952447,0.01334669,0.10655169,61.06614943,11.22611340,53.36578945,0.76920508,0.35474894,0.66777658,0.84009437,0.94921232,0.78582760,0.32913003,0.61961195,0.78391501,0.91365483,-23.74864211,-47.65859265,0.45374607,0.05855707,0.30031374,0.69968626,0.73741470,0.26258530,0.06615467,0.07517381,0.06816612,0.01446600,0.39817042,0.03614266,0.66396861,0.06650174,38.04365179
