Y,A,A_rep,A_hid,L,Q,K,W,P,r,taua,abar,tauk,taul,WtaxRev,KtaxRev,WtaxRev_lost,KtaxRev_lost,G,lump_sum,ylbar,WtaxPct,ShelterPct,ShelterPctP99,TaxEvasionP99,ConcealPctP99,gini,p90,p99,p999,p9999,gini_total,p90_total,p99_total,p999_total,p9999_total,welfare,welfare0,approval,approval0,conceal_share_e,conceal_share_n,evasion_share_e,evasion_share_n,conceal_frac_e,conceal_frac_n,evasion_frac_e,evasion_frac_n,shelter_pct_e,shelter_pct_n,detection_rate,detection_revenue,wtax_evasion_elast
64.73438278,2.82089954,2.82089954,0.00000000,29.48467083,252.35716245,49.74097478,1.27340833,0.15564939,0.04240173,0.04906119,39.87346527,0.25000000,0.18648993,2.21612747,6.97383016,0.00000000,0.00000000,9.18235041,0.01318337,1.01512040,0.64221549,0.00000000,0.00000000,0.00000000,0.00000000,0.74301711,0.39421025,0.73194757,0.86476230,0.94227195,0.74301711,0.39421025,0.73194757,0.86476230,0.94227195,-23.20721558,-46.30248151,0.78777454,0.41896056,-nan,-nan,-nan,-nan,0.00000000,0.00000000,0.00000000,0.00000000,0.00000000,0.00000000,-nan,0.00000000,12.40727922
