Y,A,A_rep,A_hid,L,Q,K,W,P,r,taua,abar,tauk,taul,WtaxRev,KtaxRev,WtaxRev_lost,KtaxRev_lost,G,lump_sum,ylbar,WtaxPct,ShelterPct,ShelterPctP99,TaxEvasionP99,ConcealPctP99,gini,p90,p99,p999,p9999,gini_total,p90_total,p99_total,p999_total,p9999_total,welfare,welfare0,approval,approval0,conceal_share_e,conceal_share_n,evasion_share_e,evasion_share_n,conceal_frac_e,conceal_frac_n,evasion_frac_e,evasion_frac_n,shelter_pct_e,shelter_pct_n,detection_rate,detection_revenue,wtax_evasion_elast
65.61212564,2.85777287,2.85777287,0.00000000,29.60786011,259.10746963,51.04112520,1.28529823,0.15405523,0.04126852,0.03275271,37.35338998,0.25000000,0.18638506,1.77945957,6.92784658,0.00000000,0.00000000,9.18235041,0.01133958,1.01512040,0.65462387,0.00000000,0.00000000,0.00000000,0.00000000,0.75138592,0.38159878,0.70913202,0.84726700,0.93560775,0.75138592,0.38159878,0.70913202,0.84726700,0.93560775,-23.25420128,-46.21621814,0.85538822,0.51003451,-nan,-nan,-nan,-nan,0.00000000,0.00000000,0.00000000,0.00000000,0.00000000,0.00000000,-nan,0.00000000,13.36980813
