Y,A,A_rep,A_hid,L,Q,K,W,P,r,taua,abar,tauk,taul,WtaxRev,KtaxRev,WtaxRev_lost,KtaxRev_lost,G,lump_sum,ylbar,WtaxPct,ShelterPct,ShelterPctP99,TaxEvasionP99,ConcealPctP99,gini,p90,p99,p999,p9999,gini_total,p90_total,p99_total,p999_total,p9999_total,welfare,welfare0,approval,approval0,conceal_share_e,conceal_share_n,evasion_share_e,evasion_share_n,conceal_frac_e,conceal_frac_n,evasion_frac_e,evasion_frac_n,shelter_pct_e,shelter_pct_n,detection_rate,detection_revenue,wtax_evasion_elast
65.37908705,2.84531059,2.84531059,0.00000000,29.58040136,257.31923245,50.61297824,1.28192813,0.15446860,0.04171413,0.03227088,28.98222789,0.25000000,0.18641692,1.90266456,6.94331143,0.00000000,0.00000000,9.18235041,0.01198376,1.01512040,1.11459590,0.00000000,0.00000000,0.00000000,0.00000000,0.74907502,0.38513846,0.71095298,0.84489682,0.93440460,0.74907502,0.38513846,0.71095298,0.84489682,0.93440460,-23.23328642,-46.22859555,0.83340385,0.47016521,-nan,-nan,-nan,-nan,0.00000000,0.00000000,0.00000000,0.00000000,0.00000000,0.00000000,-nan,0.00000000,13.41780063
