Y,A,A_rep,A_hid,L,Q,K,W,P,r,taua,abar,tauk,taul,WtaxRev,KtaxRev,WtaxRev_lost,KtaxRev_lost,G,lump_sum,ylbar,WtaxPct,ShelterPct,ShelterPctP99,TaxEvasionP99,ConcealPctP99,gini,p90,p99,p999,p9999,gini_total,p90_total,p99_total,p999_total,p9999_total,welfare,welfare0,approval,approval0,conceal_share_e,conceal_share_n,evasion_share_e,evasion_share_n,conceal_frac_e,conceal_frac_n,evasion_frac_e,evasion_frac_n,shelter_pct_e,shelter_pct_n,detection_rate,detection_revenue,wtax_evasion_elast
65.61457714,2.85763131,2.85763131,0.00000000,29.60876124,259.12311253,51.04027691,1.28530739,0.15405264,0.04127347,0.03211824,35.62156756,0.25000000,0.18638605,1.78038854,6.92801421,0.00000000,0.00000000,9.18235041,0.01136645,1.01512040,0.64222233,0.00000000,0.00000000,0.00000000,0.00000000,0.75145228,0.38135861,0.70861411,0.84625702,0.93516629,0.75145228,0.38135861,0.70861411,0.84625702,0.93516629,-23.25290288,-46.21310462,0.85620094,0.51001872,-nan,-nan,-nan,-nan,0.00000000,0.00000000,0.00000000,0.00000000,0.00000000,0.00000000,-nan,0.00000000,13.41918946
