Y,A,A_rep,A_hid,L,Q,K,W,P,r,taua,abar,tauk,taul,WtaxRev,KtaxRev,WtaxRev_lost,KtaxRev_lost,G,lump_sum,ylbar,WtaxPct,ShelterPct,ShelterPctP99,TaxEvasionP99,ConcealPctP99,gini,p90,p99,p999,p9999,gini_total,p90_total,p99_total,p999_total,p9999_total,welfare,welfare0,approval,approval0,conceal_share_e,conceal_share_n,evasion_share_e,evasion_share_n,conceal_frac_e,conceal_frac_n,evasion_frac_e,evasion_frac_n,shelter_pct_e,shelter_pct_n,detection_rate,detection_revenue,wtax_evasion_elast
65.86777731,2.86909682,2.86909682,0.00000000,29.64486580,261.04042736,51.45667237,1.28870218,0.15362524,0.04088469,0.03000000,40.31629297,0.25000000,0.18634355,1.63830830,6.91356901,0.00000000,0.00000000,9.18235041,0.01056225,1.01512040,0.69113965,0.00000000,0.00000000,0.00000000,0.00000000,0.75384238,0.37757378,0.70340392,0.84450393,0.93470296,0.75384238,0.37757378,0.70340392,0.84450393,0.93470296,-23.28863484,-46.23401961,0.87467767,0.60303555,-nan,-nan,-nan,-nan,0.00000000,0.00000000,0.00000000,0.00000000,0.00000000,0.00000000,-nan,0.00000000,13.57937866
