Y,A,A_rep,A_hid,L,Q,K,W,P,r,taua,abar,tauk,taul,WtaxRev,KtaxRev,WtaxRev_lost,KtaxRev_lost,G,lump_sum,ylbar,WtaxPct,ShelterPct,ShelterPctP99,TaxEvasionP99,ConcealPctP99,gini,p90,p99,p999,p9999,gini_total,p90_total,p99_total,p999_total,p9999_total,welfare,welfare0,approval,approval0,conceal_share_e,conceal_share_n,evasion_share_e,evasion_share_n,conceal_frac_e,conceal_frac_n,evasion_frac_e,evasion_frac_n,shelter_pct_e,shelter_pct_n,detection_rate,detection_revenue,wtax_evasion_elast
73.51017957,3.11137491,2.92610536,0.18526955,30.12529740,331.47670597,65.44360037,1.41527709,0.13828103,0.02975098,0.01241519,1149.67201230,0.25000000,0.18606786,0.16043264,5.92962425,0.12065038,0.54214519,9.29156816,0.00076388,1.08952447,0.01185386,0.10362843,37.22410141,8.59985797,54.09010118,0.77115379,0.35153206,0.65924745,0.82616909,0.93803707,0.78473851,0.33059978,0.62003919,0.78145543,0.90991473,-23.70432695,-47.56907983,0.70353062,0.35638116,0.26467058,0.73532942,0.80116832,0.19883168,0.04825188,0.06502399,0.06242462,0.00916707,0.39047279,0.03437214,0.67399951,0.04643032,31.77391108
