Y,A,A_rep,A_hid,L,Q,K,W,P,r,taua,abar,tauk,taul,WtaxRev,KtaxRev,WtaxRev_lost,KtaxRev_lost,G,lump_sum,ylbar,WtaxPct,ShelterPct,ShelterPctP99,TaxEvasionP99,ConcealPctP99,gini,p90,p99,p999,p9999,gini_total,p90_total,p99_total,p999_total,p9999_total,welfare,welfare0,approval,approval0,conceal_share_e,conceal_share_n,evasion_share_e,evasion_share_n,conceal_frac_e,conceal_frac_n,evasion_frac_e,evasion_frac_n,shelter_pct_e,shelter_pct_n,detection_rate,detection_revenue,wtax_evasion_elast
65.86005397,2.86919196,2.86919196,0.00000000,29.64205629,260.99085828,51.45399832,1.28866369,0.15363230,0.04087806,0.03152420,44.86714026,0.25000000,0.18634246,1.63882137,6.91360747,0.00000000,0.00000000,9.18235041,0.01053863,1.01512040,0.55994298,0.00000000,0.00000000,0.00000000,0.00000000,0.75374671,0.37772353,0.70427844,0.84682163,0.93566942,0.75374671,0.37772353,0.70427844,0.84682163,0.93566942,-23.28950042,-46.23658629,0.87328362,0.59692962,-nan,-nan,-nan,-nan,0.00000000,0.00000000,0.00000000,0.00000000,0.00000000,0.00000000,-nan,0.00000000,13.48257648
