Y,A,A_rep,A_hid,L,Q,K,W,P,r,taua,abar,tauk,taul,WtaxRev,KtaxRev,WtaxRev_lost,KtaxRev_lost,G,lump_sum,ylbar,WtaxPct,ShelterPct,ShelterPctP99,TaxEvasionP99,ConcealPctP99,gini,p90,p99,p999,p9999,gini_total,p90_total,p99_total,p999_total,p9999_total,welfare,welfare0,approval,approval0,conceal_share_e,conceal_share_n,evasion_share_e,evasion_share_n,conceal_frac_e,conceal_frac_n,evasion_frac_e,evasion_frac_n,shelter_pct_e,shelter_pct_n,detection_rate,detection_revenue,wtax_evasion_elast
65.58595498,2.85644892,2.85644892,0.00000000,29.60469950,258.90086203,50.99713562,1.28491952,0.15410398,0.04131058,0.03243340,35.24746196,0.25000000,0.18639088,1.79661580,6.92955425,0.00000000,0.00000000,9.18235041,0.01145496,1.01512040,0.63855102,0.00000000,0.00000000,0.00000000,0.00000000,0.75116509,0.38185311,0.70925960,0.84658766,0.93527560,0.75116509,0.38185311,0.70925960,0.84658766,0.93527560,-23.24900051,-46.21071482,0.85522391,0.50995652,-nan,-nan,-nan,-nan,0.00000000,0.00000000,0.00000000,0.00000000,0.00000000,0.00000000,-nan,0.00000000,13.40513444
