Y,A,A_rep,A_hid,L,Q,K,W,P,r,taua,abar,tauk,taul,WtaxRev,KtaxRev,WtaxRev_lost,KtaxRev_lost,G,lump_sum,ylbar,WtaxPct,ShelterPct,ShelterPctP99,TaxEvasionP99,ConcealPctP99,gini,p90,p99,p999,p9999,gini_total,p90_total,p99_total,p999_total,p9999_total,welfare,welfare0,approval,approval0,conceal_share_e,conceal_share_n,evasion_share_e,evasion_share_n,conceal_frac_e,conceal_frac_n,evasion_frac_e,evasion_frac_n,shelter_pct_e,shelter_pct_n,detection_rate,detection_revenue,wtax_evasion_elast
65.55505636,2.85505076,2.85505076,0.00000000,29.60054337,258.67442750,50.94736850,1.28451273,0.15415505,0.04135809,0.03281475,35.07580810,0.25000000,0.18639396,1.81270555,6.93106949,0.00000000,0.00000000,9.18235041,0.01152652,1.01512040,0.86014201,0.00000000,0.00000000,0.00000000,0.00000000,0.75088873,0.38236725,0.70996337,0.84700181,0.93543094,0.75088873,0.38236725,0.70996337,0.84700181,0.93543094,-23.24698443,-46.21275156,0.85245108,0.50610287,-nan,-nan,-nan,-nan,0.00000000,0.00000000,0.00000000,0.00000000,0.00000000,0.00000000,-nan,0.00000000,13.38306087
