Y,A,A_rep,A_hid,L,Q,K,W,P,r,taua,abar,tauk,taul,WtaxRev,KtaxRev,WtaxRev_lost,KtaxRev_lost,G,lump_sum,ylbar,WtaxPct,ShelterPct,ShelterPctP99,TaxEvasionP99,ConcealPctP99,gini,p90,p99,p999,p9999,gini_total,p90_total,p99_total,p999_total,p9999_total,welfare,welfare0,approval,approval0,conceal_share_e,conceal_share_n,evasion_share_e,evasion_share_n,conceal_frac_e,conceal_frac_n,evasion_frac_e,evasion_frac_n,shelter_pct_e,shelter_pct_n,detection_rate,detection_revenue,wtax_evasion_elast
73.50402606,3.11109300,2.93323308,0.17785993,30.12457529,331.44012110,65.42321970,1.41520511,0.13828446,0.02976988,0.01427957,1376.74741399,0.25000000,0.18606808,0.15948031,5.93154293,0.11868764,0.54577282,9.29156816,0.00076691,1.08952447,0.00953985,0.10312744,35.43407114,8.87431391,52.65565193,0.77161467,0.35081093,0.65783452,0.82431884,0.93806195,0.78463002,0.33075521,0.62027361,0.78167653,0.91029537,-23.70373708,-47.56956183,0.70332439,0.35650148,0.26939214,0.73060786,0.80473018,0.19526982,0.04716013,0.06202352,0.06285046,0.00902442,0.39024575,0.03380500,0.68202610,0.04729037,29.01666583
