Y,A,A_rep,A_hid,L,Q,K,W,P,r,taua,abar,tauk,taul,WtaxRev,KtaxRev,WtaxRev_lost,KtaxRev_lost,G,lump_sum,ylbar,WtaxPct,ShelterPct,ShelterPctP99,TaxEvasionP99,ConcealPctP99,gini,p90,p99,p999,p9999,gini_total,p90_total,p99_total,p999_total,p9999_total,welfare,welfare0,approval,approval0,conceal_share_e,conceal_share_n,evasion_share_e,evasion_share_n,conceal_frac_e,conceal_frac_n,evasion_frac_e,evasion_frac_n,shelter_pct_e,shelter_pct_n,detection_rate,detection_revenue,wtax_evasion_elast
65.77269483,2.86483121,2.86483121,0.00000000,29.63098486,260.32371659,51.29930971,1.28743954,0.15378290,0.04103152,0.03107860,39.45630273,0.25000000,0.18635871,1.69010966,6.91900707,0.00000000,0.00000000,9.18235041,0.01085157,1.01512040,0.67939742,0.00000000,0.00000000,0.00000000,0.00000000,0.75294153,0.37894110,0.70545118,0.84561581,0.93506050,0.75294153,0.37894110,0.70545118,0.84561581,0.93506050,-23.27580087,-46.22663180,0.86763661,0.52633430,-nan,-nan,-nan,-nan,0.00000000,0.00000000,0.00000000,0.00000000,0.00000000,0.00000000,-nan,0.00000000,13.48866829
