Y,A,A_rep,A_hid,L,Q,K,W,P,r,taua,abar,tauk,taul,WtaxRev,KtaxRev,WtaxRev_lost,KtaxRev_lost,G,lump_sum,ylbar,WtaxPct,ShelterPct,ShelterPctP99,TaxEvasionP99,ConcealPctP99,gini,p90,p99,p999,p9999,gini_total,p90_total,p99_total,p999_total,p9999_total,welfare,welfare0,approval,approval0,conceal_share_e,conceal_share_n,evasion_share_e,evasion_share_n,conceal_frac_e,conceal_frac_n,evasion_frac_e,evasion_frac_n,shelter_pct_e,shelter_pct_n,detection_rate,detection_revenue,wtax_evasion_elast
65.56675621,2.85556584,2.85556584,0.00000000,29.60228169,258.76513054,50.96760045,1.28467388,0.15413487,0.04133869,0.03279892,35.49359870,0.25000000,0.18639178,1.80633964,6.93032241,0.00000000,0.00000000,9.18235041,0.01148914,1.01512040,0.63894193,0.00000000,0.00000000,0.00000000,0.00000000,0.75096386,0.38227922,0.70983242,0.84703500,0.93545713,0.75096386,0.38227922,0.70983242,0.84703500,0.93545713,-23.24820731,-46.21300400,0.85308318,0.50628482,-nan,-nan,-nan,-nan,0.00000000,0.00000000,0.00000000,0.00000000,0.00000000,0.00000000,-nan,0.00000000,13.38142263
