Y,A,A_rep,A_hid,L,Q,K,W,P,r,taua,abar,tauk,taul,WtaxRev,KtaxRev,WtaxRev_lost,KtaxRev_lost,G,lump_sum,ylbar,WtaxPct,ShelterPct,ShelterPctP99,TaxEvasionP99,ConcealPctP99,gini,p90,p99,p999,p9999,gini_total,p90_total,p99_total,p999_total,p9999_total,welfare,welfare0,approval,approval0,conceal_share_e,conceal_share_n,evasion_share_e,evasion_share_n,conceal_frac_e,conceal_frac_n,evasion_frac_e,evasion_frac_n,shelter_pct_e,shelter_pct_n,detection_rate,detection_revenue,wtax_evasion_elast
66.24364668,2.88700848,2.88700848,0.00000000,29.69855971,263.83105691,52.13080519,1.29370357,0.15302949,0.04022085,0.03251805,74.02129075,0.25000000,0.18627253,1.41009267,6.89170679,0.00000000,0.00000000,9.18235041,0.00913359,1.01512040,0.35232108,0.00000000,0.00000000,0.00000000,0.00000000,0.75727704,0.37208990,0.69670993,0.84955682,0.93747715,0.75727704,0.37208990,0.69670993,0.84955682,0.93747715,-23.36036780,-46.29949511,0.88696056,0.61672233,-nan,-nan,-nan,-nan,0.00000000,0.00000000,0.00000000,0.00000000,0.00000000,0.00000000,-nan,0.00000000,13.56371031
