Y,A,A_rep,A_hid,L,Q,K,W,P,r,taua,abar,tauk,taul,WtaxRev,KtaxRev,WtaxRev_lost,KtaxRev_lost,G,lump_sum,ylbar,WtaxPct,ShelterPct,ShelterPctP99,TaxEvasionP99,ConcealPctP99,gini,p90,p99,p999,p9999,gini_total,p90_total,p99_total,p999_total,p9999_total,welfare,welfare0,approval,approval0,conceal_share_e,conceal_share_n,evasion_share_e,evasion_share_n,conceal_frac_e,conceal_frac_n,evasion_frac_e,evasion_frac_n,shelter_pct_e,shelter_pct_n,detection_rate,detection_revenue,wtax_evasion_elast
65.57046494,2.85478250,2.85478250,0.00000000,29.60495736,258.78345093,50.94920758,1.28462461,0.15413299,0.04137637,0.03142616,32.80256666,0.25000000,0.18639024,1.80292218,6.93135238,0.00000000,0.00000000,9.18235041,0.01147856,1.01512040,0.81469451,0.00000000,0.00000000,0.00000000,0.00000000,0.75094684,0.38217731,0.70846772,0.84481249,0.93453362,0.75094684,0.38217731,0.70846772,0.84481249,0.93453362,-23.25042116,-46.21919563,0.85106308,0.50554694,-nan,-nan,-nan,-nan,0.00000000,0.00000000,0.00000000,0.00000000,0.00000000,0.00000000,-nan,0.00000000,13.43696968
