Y,A,A_rep,A_hid,L,Q,K,W,P,r,taua,abar,tauk,taul,WtaxRev,KtaxRev,WtaxRev_lost,KtaxRev_lost,G,lump_sum,ylbar,WtaxPct,ShelterPct,ShelterPctP99,TaxEvasionP99,ConcealPctP99,gini,p90,p99,p999,p9999,gini_total,p90_total,p99_total,p999_total,p9999_total,welfare,welfare0,approval,approval0,conceal_share_e,conceal_share_n,evasion_share_e,evasion_share_n,conceal_frac_e,conceal_frac_n,evasion_frac_e,evasion_frac_n,shelter_pct_e,shelter_pct_n,detection_rate,detection_revenue,wtax_evasion_elast
65.62714349,2.85803966,2.85803966,0.00000000,29.61084628,259.21831262,51.05585066,1.28546200,0.15403109,0.04126303,0.03165547,34.89897887,0.25000000,0.18638445,1.77432477,6.92752661,0.00000000,0.00000000,9.18235041,0.01134299,1.01512040,0.85794551,0.00000000,0.00000000,0.00000000,0.00000000,0.75158547,0.38123219,0.70799340,0.84558114,0.93489647,0.75158547,0.38123219,0.70799340,0.84558114,0.93489647,-23.25398200,-46.21268854,0.85818290,0.51000460,-nan,-nan,-nan,-nan,0.00000000,0.00000000,0.00000000,0.00000000,0.00000000,0.00000000,-nan,0.00000000,13.44467893
