Y,A,A_rep,A_hid,L,Q,K,W,P,r,taua,abar,tauk,taul,WtaxRev,KtaxRev,WtaxRev_lost,KtaxRev_lost,G,lump_sum,ylbar,WtaxPct,ShelterPct,ShelterPctP99,TaxEvasionP99,ConcealPctP99,gini,p90,p99,p999,p9999,gini_total,p90_total,p99_total,p999_total,p9999_total,welfare,welfare0,approval,approval0,conceal_share_e,conceal_share_n,evasion_share_e,evasion_share_n,conceal_frac_e,conceal_frac_n,evasion_frac_e,evasion_frac_n,shelter_pct_e,shelter_pct_n,detection_rate,detection_revenue,wtax_evasion_elast
65.45074512,2.85236258,2.85236258,0.00000000,29.58231580,257.85855970,50.84814022,1.28325228,0.15434709,0.04139020,0.04080886,50.81844925,0.25000000,0.18639381,1.84694979,6.93449064,0.00000000,0.00000000,9.18235041,0.01148843,1.01512040,0.44785890,0.00000000,0.00000000,0.00000000,0.00000000,0.74975034,0.38374835,0.71591449,0.85776729,0.94000110,0.74975034,0.38374835,0.71591449,0.85776729,0.94000110,-23.25654307,-46.25104563,0.82873320,0.46034502,-nan,-nan,-nan,-nan,0.00000000,0.00000000,0.00000000,0.00000000,0.00000000,0.00000000,-nan,0.00000000,12.93268807
