Y,A,A_rep,A_hid,L,Q,K,W,P,r,taua,abar,tauk,taul,WtaxRev,KtaxRev,WtaxRev_lost,KtaxRev_lost,G,lump_sum,ylbar,WtaxPct,ShelterPct,ShelterPctP99,TaxEvasionP99,ConcealPctP99,gini,p90,p99,p999,p9999,gini_total,p90_total,p99_total,p999_total,p9999_total,welfare,welfare0,approval,approval0,conceal_share_e,conceal_share_n,evasion_share_e,evasion_share_n,conceal_frac_e,conceal_frac_n,evasion_frac_e,evasion_frac_n,shelter_pct_e,shelter_pct_n,detection_rate,detection_revenue,wtax_evasion_elast
65.56909220,2.85544989,2.85544989,0.00000000,29.60290172,258.77462294,50.96435930,1.28467507,0.15413293,0.04134636,0.03244533,34.77965873,0.25000000,0.18639154,1.80535169,6.93061691,0.00000000,0.00000000,9.18235041,0.01148921,1.01512040,0.85308325,0.00000000,0.00000000,0.00000000,0.00000000,0.75099331,0.38212411,0.70946375,0.84648542,0.93522249,0.75099331,0.38212411,0.70946375,0.84648542,0.93522249,-23.24873150,-46.21390675,0.85297695,0.50626866,-nan,-nan,-nan,-nan,0.00000000,0.00000000,0.00000000,0.00000000,0.00000000,0.00000000,-nan,0.00000000,13.39354074
