Y,A,A_rep,A_hid,L,Q,K,W,P,r,taua,abar,tauk,taul,WtaxRev,KtaxRev,WtaxRev_lost,KtaxRev_lost,G,lump_sum,ylbar,WtaxPct,ShelterPct,ShelterPctP99,TaxEvasionP99,ConcealPctP99,gini,p90,p99,p999,p9999,gini_total,p90_total,p99_total,p999_total,p9999_total,welfare,welfare0,approval,approval0,conceal_share_e,conceal_share_n,evasion_share_e,evasion_share_n,conceal_frac_e,conceal_frac_n,evasion_frac_e,evasion_frac_n,shelter_pct_e,shelter_pct_n,detection_rate,detection_revenue,wtax_evasion_elast
73.54563758,3.11255077,2.90600377,0.20654700,30.13162512,331.71541776,65.53600517,1.41565181,0.13825688,0.02967623,0.00892926,748.29556250,0.25000000,0.18606062,0.15517729,5.91181919,0.11743483,0.54296610,9.29156816,0.00057786,1.08952447,0.02010989,0.10470448,37.85732255,8.62415759,56.38062539,0.76980325,0.35355372,0.66323395,0.83124984,0.93726619,0.78503383,0.33009210,0.61926990,0.78058029,0.90879911,-23.71753742,-47.58905239,0.63370523,0.29772132,0.25552487,0.74447513,0.80628985,0.19371015,0.05189086,0.07338215,0.06266836,0.00890942,0.39162436,0.03542996,0.67074147,0.04727261,40.65074673
