Y,A,A_rep,A_hid,L,Q,K,W,P,r,taua,abar,tauk,taul,WtaxRev,KtaxRev,WtaxRev_lost,KtaxRev_lost,G,lump_sum,ylbar,WtaxPct,ShelterPct,ShelterPctP99,TaxEvasionP99,ConcealPctP99,gini,p90,p99,p999,p9999,gini_total,p90_total,p99_total,p999_total,p9999_total,welfare,welfare0,approval,approval0,conceal_share_e,conceal_share_n,evasion_share_e,evasion_share_n,conceal_frac_e,conceal_frac_n,evasion_frac_e,evasion_frac_n,shelter_pct_e,shelter_pct_n,detection_rate,detection_revenue,wtax_evasion_elast
73.57924055,3.11410631,2.92430283,0.18980348,30.13600240,332.06226008,65.55960812,1.41611584,0.13819247,0.02968535,0.00813987,975.12191381,0.25000000,0.18605583,0.12444103,5.92342615,0.08896754,0.54163805,9.29156816,0.00043445,1.08952447,0.01501863,0.10374843,36.06565689,8.47957042,54.86610846,0.77115130,0.35149461,0.65903089,0.82544805,0.93597422,0.78505689,0.33007116,0.61890987,0.77962442,0.90801456,-23.72142638,-47.59338851,0.59182658,0.29529129,0.26234448,0.73765552,0.83144951,0.16855049,0.04895338,0.06676863,0.06190516,0.00741334,0.39181388,0.03419731,0.67342468,0.04557945,40.87214971
