Y,A,A_rep,A_hid,L,Q,K,W,P,r,taua,abar,tauk,taul,WtaxRev,KtaxRev,WtaxRev_lost,KtaxRev_lost,G,lump_sum,ylbar,WtaxPct,ShelterPct,ShelterPctP99,TaxEvasionP99,ConcealPctP99,gini,p90,p99,p999,p9999,gini_total,p90_total,p99_total,p999_total,p9999_total,welfare,welfare0,approval,approval0,conceal_share_e,conceal_share_n,evasion_share_e,evasion_share_n,conceal_frac_e,conceal_frac_n,evasion_frac_e,evasion_frac_n,shelter_pct_e,shelter_pct_n,detection_rate,detection_revenue,wtax_evasion_elast
73.46728620,3.11039103,2.91465554,0.19573548,30.12470289,330.88221209,65.52743123,1.41452778,0.13842887,0.02960539,0.01635848,1242.29817182,0.25000000,0.18606608,0.16940296,5.92383778,0.16894266,0.54122858,9.29156816,0.00077971,1.08952447,0.01036053,0.10352257,46.19204657,9.91231232,52.46259508,0.77080067,0.35220805,0.66140269,0.83045421,0.94374046,0.78518215,0.33004376,0.61983791,0.78263450,0.91189158,-23.72184309,-47.60390764,0.60238490,0.27796519,0.29045851,0.70954149,0.78057723,0.21942277,0.05587217,0.06636090,0.06490103,0.01082746,0.38964145,0.03444144,0.67918624,0.05739160,34.44466509
