Y,A,A_rep,A_hid,L,Q,K,W,P,r,taua,abar,tauk,taul,WtaxRev,KtaxRev,WtaxRev_lost,KtaxRev_lost,G,lump_sum,ylbar,WtaxPct,ShelterPct,ShelterPctP99,TaxEvasionP99,ConcealPctP99,gini,p90,p99,p999,p9999,gini_total,p90_total,p99_total,p999_total,p9999_total,welfare,welfare0,approval,approval0,conceal_share_e,conceal_share_n,evasion_share_e,evasion_share_n,conceal_frac_e,conceal_frac_n,evasion_frac_e,evasion_frac_n,shelter_pct_e,shelter_pct_n,detection_rate,detection_revenue,wtax_evasion_elast
65.59038867,2.85629993,2.85629993,0.00000000,29.60615576,258.94055578,50.99765204,1.28496210,0.15409547,0.04131721,0.03202558,34.56511136,0.25000000,0.18638815,1.79393408,6.92939952,0.00000000,0.00000000,9.18235041,0.01143150,1.01512040,0.84990346,0.00000000,0.00000000,0.00000000,0.00000000,0.75118726,0.38180597,0.70883339,0.84594984,0.93500882,0.75118726,0.38180597,0.70883339,0.84594984,0.93500882,-23.25089920,-46.21422149,0.85442162,0.50669931,-nan,-nan,-nan,-nan,0.00000000,0.00000000,0.00000000,0.00000000,0.00000000,0.00000000,-nan,0.00000000,13.41696960
