Y,A,A_rep,A_hid,L,Q,K,W,P,r,taua,abar,tauk,taul,WtaxRev,KtaxRev,WtaxRev_lost,KtaxRev_lost,G,lump_sum,ylbar,WtaxPct,ShelterPct,ShelterPctP99,TaxEvasionP99,ConcealPctP99,gini,p90,p99,p999,p9999,gini_total,p90_total,p99_total,p999_total,p9999_total,welfare,welfare0,approval,approval0,conceal_share_e,conceal_share_n,evasion_share_e,evasion_share_n,conceal_frac_e,conceal_frac_n,evasion_frac_e,evasion_frac_n,shelter_pct_e,shelter_pct_n,detection_rate,detection_revenue,wtax_evasion_elast
65.60360237,2.85720956,2.85720956,0.00000000,29.60712428,259.03396820,51.02345432,1.28515329,0.15407331,0.04128753,0.03222648,35.41092850,0.25000000,0.18638833,1.78696954,6.92870565,0.00000000,0.00000000,9.18235041,0.01140404,1.01512040,0.64032460,0.00000000,0.00000000,0.00000000,0.00000000,0.75132637,0.38163805,0.70885887,0.84635626,0.93518840,0.75132637,0.38163805,0.70885887,0.84635626,0.93518840,-23.25103249,-46.21168700,0.85589768,0.51001861,-nan,-nan,-nan,-nan,0.00000000,0.00000000,0.00000000,0.00000000,0.00000000,0.00000000,-nan,0.00000000,13.41634941
