Y,A,A_rep,A_hid,L,Q,K,W,P,r,taua,abar,tauk,taul,WtaxRev,KtaxRev,WtaxRev_lost,KtaxRev_lost,G,lump_sum,ylbar,WtaxPct,ShelterPct,ShelterPctP99,TaxEvasionP99,ConcealPctP99,gini,p90,p99,p999,p9999,gini_total,p90_total,p99_total,p999_total,p9999_total,welfare,welfare0,approval,approval0,conceal_share_e,conceal_share_n,evasion_share_e,evasion_share_n,conceal_frac_e,conceal_frac_n,evasion_frac_e,evasion_frac_n,shelter_pct_e,shelter_pct_n,detection_rate,detection_revenue,wtax_evasion_elast
65.76355119,2.86405116,2.86405116,0.00000000,29.63086765,260.24463087,51.27658732,1.28726509,0.15380346,0.04105913,0.03000000,35.80069367,0.25000000,0.18636383,1.69903085,6.91993165,0.00000000,0.00000000,9.18235041,0.01093606,1.01512040,0.65147310,0.00000000,0.00000000,0.00000000,0.00000000,0.75291639,0.37908331,0.70481359,0.84384617,0.93431729,0.75291639,0.37908331,0.70481359,0.84384617,0.93431729,-23.27211846,-46.22143306,0.86900146,0.52946211,-nan,-nan,-nan,-nan,0.00000000,0.00000000,0.00000000,0.00000000,0.00000000,0.00000000,-nan,0.00000000,13.55977089
