Y,A,A_rep,A_hid,L,Q,K,W,P,r,taua,abar,tauk,taul,WtaxRev,KtaxRev,WtaxRev_lost,KtaxRev_lost,G,lump_sum,ylbar,WtaxPct,ShelterPct,ShelterPctP99,TaxEvasionP99,ConcealPctP99,gini,p90,p99,p999,p9999,gini_total,p90_total,p99_total,p999_total,p9999_total,welfare,welfare0,approval,approval0,conceal_share_e,conceal_share_n,evasion_share_e,evasion_share_n,conceal_frac_e,conceal_frac_n,evasion_frac_e,evasion_frac_n,shelter_pct_e,shelter_pct_n,detection_rate,detection_revenue,wtax_evasion_elast
65.38933180,2.84801706,2.84801706,0.00000000,29.57614303,257.41417342,50.68720653,1.28230434,0.15444038,0.04159349,0.03574536,36.29650991,0.25000000,0.18641731,1.89742218,6.94010385,0.00000000,0.00000000,9.18235041,0.01192638,1.01512040,0.63561192,0.00000000,0.00000000,0.00000000,0.00000000,0.74931561,0.38465747,0.71435629,0.85041751,0.93676356,0.74931561,0.38465747,0.71435629,0.85041751,0.93676356,-23.23270988,-46.21865983,0.83703513,0.47202048,-nan,-nan,-nan,-nan,0.00000000,0.00000000,0.00000000,0.00000000,0.00000000,0.00000000,-nan,0.00000000,13.18168164
