Y,A,A_rep,A_hid,L,Q,K,W,P,r,taua,abar,tauk,taul,WtaxRev,KtaxRev,WtaxRev_lost,KtaxRev_lost,G,lump_sum,ylbar,WtaxPct,ShelterPct,ShelterPctP99,TaxEvasionP99,ConcealPctP99,gini,p90,p99,p999,p9999,gini_total,p90_total,p99_total,p999_total,p9999_total,welfare,welfare0,approval,approval0,conceal_share_e,conceal_share_n,evasion_share_e,evasion_share_n,conceal_frac_e,conceal_frac_n,evasion_frac_e,evasion_frac_n,shelter_pct_e,shelter_pct_n,detection_rate,detection_revenue,wtax_evasion_elast
65.60424282,2.85734393,2.85734393,0.00000000,29.60686501,259.04786649,51.02643320,1.28518692,0.15406861,0.04128383,0.03255412,36.41684031,0.25000000,0.18638698,1.78532828,6.92838363,0.00000000,0.00000000,9.18235041,0.01138336,1.01512040,0.64736351,0.00000000,0.00000000,0.00000000,0.00000000,0.75131879,0.38157672,0.70907007,0.84691165,0.93544189,0.75131879,0.38157672,0.70907007,0.84691165,0.93544189,-23.25187138,-46.21314448,0.85562358,0.51003410,-nan,-nan,-nan,-nan,0.00000000,0.00000000,0.00000000,0.00000000,0.00000000,0.00000000,-nan,0.00000000,13.38561579
