Y,A,A_rep,A_hid,L,Q,K,W,P,r,taua,abar,tauk,taul,WtaxRev,KtaxRev,WtaxRev_lost,KtaxRev_lost,G,lump_sum,ylbar,WtaxPct,ShelterPct,ShelterPctP99,TaxEvasionP99,ConcealPctP99,gini,p90,p99,p999,p9999,gini_total,p90_total,p99_total,p999_total,p9999_total,welfare,welfare0,approval,approval0,conceal_share_e,conceal_share_n,evasion_share_e,evasion_share_n,conceal_frac_e,conceal_frac_n,evasion_frac_e,evasion_frac_n,shelter_pct_e,shelter_pct_n,detection_rate,detection_revenue,wtax_evasion_elast
65.31448589,2.84483996,2.84483996,0.00000000,29.56570230,256.84305471,50.57579575,1.28130018,0.15457370,0.04169102,0.03730184,37.25633065,0.25000000,0.18642544,1.93390108,6.94387291,0.00000000,0.00000000,9.18235041,0.01206631,1.01512040,0.63982177,0.00000000,0.00000000,0.00000000,0.00000000,0.74854109,0.38580258,0.71646780,0.85232030,0.93747683,0.74854109,0.38580258,0.71646780,0.85232030,0.93747683,-23.22930888,-46.22813761,0.82860279,0.46061089,-nan,-nan,-nan,-nan,0.00000000,0.00000000,0.00000000,0.00000000,0.00000000,0.00000000,-nan,0.00000000,13.08246064
