Y,A,A_rep,A_hid,L,Q,K,W,P,r,taua,abar,tauk,taul,WtaxRev,KtaxRev,WtaxRev_lost,KtaxRev_lost,G,lump_sum,ylbar,WtaxPct,ShelterPct,ShelterPctP99,TaxEvasionP99,ConcealPctP99,gini,p90,p99,p999,p9999,gini_total,p90_total,p99_total,p999_total,p9999_total,welfare,welfare0,approval,approval0,conceal_share_e,conceal_share_n,evasion_share_e,evasion_share_n,conceal_frac_e,conceal_frac_n,evasion_frac_e,evasion_frac_n,shelter_pct_e,shelter_pct_n,detection_rate,detection_revenue,wtax_evasion_elast
65.54270479,2.85451377,2.85451377,0.00000000,29.59869165,258.57889010,50.92740333,1.28434589,0.15417655,0.04137627,0.03310706,35.36641685,0.25000000,0.18639561,1.81900691,6.93174691,0.00000000,0.00000000,9.18235041,0.01155099,1.01512040,0.63711247,0.00000000,0.00000000,0.00000000,0.00000000,0.75076925,0.38249268,0.71039487,0.84737679,0.93557524,0.75076925,0.38249268,0.71039487,0.84737679,0.93557524,-23.24646089,-46.21434948,0.85102419,0.50166210,-nan,-nan,-nan,-nan,0.00000000,0.00000000,0.00000000,0.00000000,0.00000000,0.00000000,-nan,0.00000000,13.36391658
