Y,A,A_rep,A_hid,L,Q,K,W,P,r,taua,abar,tauk,taul,WtaxRev,KtaxRev,WtaxRev_lost,KtaxRev_lost,G,lump_sum,ylbar,WtaxPct,ShelterPct,ShelterPctP99,TaxEvasionP99,ConcealPctP99,gini,p90,p99,p999,p9999,gini_total,p90_total,p99_total,p999_total,p9999_total,welfare,welfare0,approval,approval0,conceal_share_e,conceal_share_n,evasion_share_e,evasion_share_n,conceal_frac_e,conceal_frac_n,evasion_frac_e,evasion_frac_n,shelter_pct_e,shelter_pct_n,detection_rate,detection_revenue,wtax_evasion_elast
65.88186079,2.87013436,2.87013436,0.00000000,29.64526988,261.15549105,51.48760067,1.28894828,0.15359570,0.04084866,0.03098269,44.06273331,0.25000000,0.18634130,1.62926380,6.91249124,0.00000000,0.00000000,9.18235041,0.01050619,1.01512040,0.55660125,0.00000000,0.00000000,0.00000000,0.00000000,0.75389838,0.37748828,0.70370566,0.84612272,0.93539431,0.75389838,0.37748828,0.70370566,0.84612272,0.93539431,-23.28924411,-46.23203073,0.87682586,0.60355498,-nan,-nan,-nan,-nan,0.00000000,0.00000000,0.00000000,0.00000000,0.00000000,0.00000000,-nan,0.00000000,13.51630649
