Y,A,A_rep,A_hid,L,Q,K,W,P,r,taua,abar,tauk,taul,WtaxRev,KtaxRev,WtaxRev_lost,KtaxRev_lost,G,lump_sum,ylbar,WtaxPct,ShelterPct,ShelterPctP99,TaxEvasionP99,ConcealPctP99,gini,p90,p99,p999,p9999,gini_total,p90_total,p99_total,p999_total,p9999_total,welfare,welfare0,approval,approval0,conceal_share_e,conceal_share_n,evasion_share_e,evasion_share_n,conceal_frac_e,conceal_frac_n,evasion_frac_e,evasion_frac_n,shelter_pct_e,shelter_pct_n,detection_rate,detection_revenue,wtax_evasion_elast
65.57957384,2.85612135,2.85612135,0.00000000,29.60407490,258.86006048,50.98770471,1.28484203,0.15411345,0.04132013,0.03252175,35.22177247,0.25000000,0.18639080,1.80014346,6.92968660,0.00000000,0.00000000,9.18235041,0.01146613,1.01512040,0.63795087,0.00000000,0.00000000,0.00000000,0.00000000,0.75110219,0.38193181,0.70945331,0.84668329,0.93530699,0.75110219,0.38193181,0.70945331,0.84668329,0.93530699,-23.24884628,-46.21150221,0.85461514,0.50707538,-nan,-nan,-nan,-nan,0.00000000,0.00000000,0.00000000,0.00000000,0.00000000,0.00000000,-nan,0.00000000,13.39976656
