Y,A,A_rep,A_hid,L,Q,K,W,P,r,taua,abar,tauk,taul,WtaxRev,KtaxRev,WtaxRev_lost,KtaxRev_lost,G,lump_sum,ylbar,WtaxPct,ShelterPct,ShelterPctP99,TaxEvasionP99,ConcealPctP99,gini,p90,p99,p999,p9999,gini_total,p90_total,p99_total,p999_total,p9999_total,welfare,welfare0,approval,approval0,conceal_share_e,conceal_share_n,evasion_share_e,evasion_share_n,conceal_frac_e,conceal_frac_n,evasion_frac_e,evasion_frac_n,shelter_pct_e,shelter_pct_n,detection_rate,detection_revenue,wtax_evasion_elast
73.48789342,3.11023130,2.92172412,0.18850718,30.12179591,331.27198069,65.40965594,1.41499364,0.13831369,0.02976685,0.01357395,1100.54543871,0.25000000,0.18607209,0.17717565,5.92800153,0.13729601,0.54255716,9.29156816,0.00088037,1.08952447,0.01245106,0.10416229,38.40241910,8.67744431,54.37375799,0.77082316,0.35203224,0.66032501,0.82768849,0.93881748,0.78467068,0.33069601,0.62035130,0.78202469,0.91043317,-23.69912955,-47.56137837,0.72508600,0.37662766,0.26367722,0.73632278,0.78729241,0.21270759,0.04892043,0.06627954,0.06280011,0.01004845,0.39210253,0.03464141,0.67142317,0.04679836,30.42597284
