Y,A,A_rep,A_hid,L,Q,K,W,P,r,taua,abar,tauk,taul,WtaxRev,KtaxRev,WtaxRev_lost,KtaxRev_lost,G,lump_sum,ylbar,WtaxPct,ShelterPct,ShelterPctP99,TaxEvasionP99,ConcealPctP99,gini,p90,p99,p999,p9999,gini_total,p90_total,p99_total,p999_total,p9999_total,welfare,welfare0,approval,approval0,conceal_share_e,conceal_share_n,evasion_share_e,evasion_share_n,conceal_frac_e,conceal_frac_n,evasion_frac_e,evasion_frac_n,shelter_pct_e,shelter_pct_n,detection_rate,detection_revenue,wtax_evasion_elast
65.56185103,2.85488639,2.85488639,0.00000000,29.60256244,258.72539030,50.94858988,1.28456684,0.15414468,0.04136596,0.03224134,34.22353892,0.25000000,0.18639236,1.80807584,6.93095655,0.00000000,0.00000000,9.18235041,0.01150275,1.01512040,0.84075725,0.00000000,0.00000000,0.00000000,0.00000000,0.75086703,0.38227371,0.70941428,0.84613088,0.93507348,0.75086703,0.38227371,0.70941428,0.84613088,0.93507348,-23.24801486,-46.21497133,0.85166901,0.50565749,-nan,-nan,-nan,-nan,0.00000000,0.00000000,0.00000000,0.00000000,0.00000000,0.00000000,-nan,0.00000000,13.39902174
