Y,A,A_rep,A_hid,L,Q,K,W,P,r,taua,abar,tauk,taul,WtaxRev,KtaxRev,WtaxRev_lost,KtaxRev_lost,G,lump_sum,ylbar,WtaxPct,ShelterPct,ShelterPctP99,TaxEvasionP99,ConcealPctP99,gini,p90,p99,p999,p9999,gini_total,p90_total,p99_total,p999_total,p9999_total,welfare,welfare0,approval,approval0,conceal_share_e,conceal_share_n,evasion_share_e,evasion_share_n,conceal_frac_e,conceal_frac_n,evasion_frac_e,evasion_frac_n,shelter_pct_e,shelter_pct_n,detection_rate,detection_revenue,wtax_evasion_elast
73.66538762,3.11802441,2.94566405,0.17236036,30.14628243,332.88262240,65.65578615,1.41728061,0.13804639,0.02966121,0.00451487,1177.91212687,0.25000000,0.18604953,0.06696679,5.93866315,0.04052850,0.53476575,9.29156816,0.00019149,1.08952447,0.01287146,0.10112867,31.73973081,8.08364008,54.61095998,0.77273284,0.34905826,0.65379598,0.81819746,0.93220692,0.78525609,0.32976277,0.61769962,0.77735126,0.90576587,-23.72378014,-47.58670316,0.55535053,0.15884742,0.27064368,0.72935632,0.88107808,0.11892192,0.04582694,0.05985999,0.06022066,0.00478647,0.38545560,0.03248019,0.68053858,0.04244903,53.00848399
