Y,A,A_rep,A_hid,L,Q,K,W,P,r,taua,abar,tauk,taul,WtaxRev,KtaxRev,WtaxRev_lost,KtaxRev_lost,G,lump_sum,ylbar,WtaxPct,ShelterPct,ShelterPctP99,TaxEvasionP99,ConcealPctP99,gini,p90,p99,p999,p9999,gini_total,p90_total,p99_total,p999_total,p9999_total,welfare,welfare0,approval,approval0,conceal_share_e,conceal_share_n,evasion_share_e,evasion_share_n,conceal_frac_e,conceal_frac_n,evasion_frac_e,evasion_frac_n,shelter_pct_e,shelter_pct_n,detection_rate,detection_revenue,wtax_evasion_elast
65.59017673,2.85657550,2.85657550,0.00000000,29.60565960,258.93813824,51.00489040,1.28497941,0.15409632,0.04130399,0.03238495,35.29730623,0.25000000,0.18638922,1.79418210,6.92912794,0.00000000,0.00000000,9.18235041,0.01143233,1.01512040,0.63888777,0.00000000,0.00000000,0.00000000,0.00000000,0.75120237,0.38181071,0.70919849,0.84652740,0.93525042,0.75120237,0.38181071,0.70919849,0.84652740,0.93525042,-23.25052166,-46.21280432,0.85492953,0.50995652,-nan,-nan,-nan,-nan,0.00000000,0.00000000,0.00000000,0.00000000,0.00000000,0.00000000,-nan,0.00000000,13.40809705
