Y,A,A_rep,A_hid,L,Q,K,W,P,r,taua,abar,tauk,taul,WtaxRev,KtaxRev,WtaxRev_lost,KtaxRev_lost,G,lump_sum,ylbar,WtaxPct,ShelterPct,ShelterPctP99,TaxEvasionP99,ConcealPctP99,gini,p90,p99,p999,p9999,gini_total,p90_total,p99_total,p999_total,p9999_total,welfare,welfare0,approval,approval0,conceal_share_e,conceal_share_n,evasion_share_e,evasion_share_n,conceal_frac_e,conceal_frac_n,evasion_frac_e,evasion_frac_n,shelter_pct_e,shelter_pct_n,detection_rate,detection_revenue,wtax_evasion_elast
65.58135457,2.85624363,2.85624363,0.00000000,29.60404743,258.86901338,50.98987126,1.28486283,0.15411090,0.04131758,0.03252861,35.33223694,0.25000000,0.18639142,1.79898040,6.92974304,0.00000000,0.00000000,9.18235041,0.01146643,1.01512040,0.63871717,0.00000000,0.00000000,0.00000000,0.00000000,0.75111954,0.38190032,0.70938163,0.84669509,0.93531319,0.75111954,0.38190032,0.70938163,0.84669509,0.93531319,-23.24848371,-46.21049776,0.85495851,0.50995652,-nan,-nan,-nan,-nan,0.00000000,0.00000000,0.00000000,0.00000000,0.00000000,0.00000000,-nan,0.00000000,13.39720767
