Y,A,A_rep,A_hid,L,Q,K,W,P,r,taua,abar,tauk,taul,WtaxRev,KtaxRev,WtaxRev_lost,KtaxRev_lost,G,lump_sum,ylbar,WtaxPct,ShelterPct,ShelterPctP99,TaxEvasionP99,ConcealPctP99,gini,p90,p99,p999,p9999,gini_total,p90_total,p99_total,p999_total,p9999_total,welfare,welfare0,approval,approval0,conceal_share_e,conceal_share_n,evasion_share_e,evasion_share_n,conceal_frac_e,conceal_frac_n,evasion_frac_e,evasion_frac_n,shelter_pct_e,shelter_pct_n,detection_rate,detection_revenue,wtax_evasion_elast
64.92573751,2.82922906,2.82922906,0.00000000,29.51065951,253.82762843,50.03242332,1.27604987,0.15529561,0.04213519,0.04633550,41.27091574,0.25000000,0.18646660,2.12029925,6.96340548,0.00000000,0.00000000,9.18235041,0.01277808,1.01512040,0.66965856,0.00000000,0.00000000,0.00000000,0.00000000,0.74487991,0.39134807,0.72759767,0.86243750,0.94144752,0.74487991,0.39134807,0.72759767,0.86243750,0.94144752,-23.21649088,-46.28192378,0.79749904,0.42594743,-nan,-nan,-nan,-nan,0.00000000,0.00000000,0.00000000,0.00000000,0.00000000,0.00000000,-nan,0.00000000,12.59302328
