Y,A,A_rep,A_hid,L,Q,K,W,P,r,taua,abar,tauk,taul,WtaxRev,KtaxRev,WtaxRev_lost,KtaxRev_lost,G,lump_sum,ylbar,WtaxPct,ShelterPct,ShelterPctP99,TaxEvasionP99,ConcealPctP99,gini,p90,p99,p999,p9999,gini_total,p90_total,p99_total,p999_total,p9999_total,welfare,welfare0,approval,approval0,conceal_share_e,conceal_share_n,evasion_share_e,evasion_share_n,conceal_frac_e,conceal_frac_n,evasion_frac_e,evasion_frac_n,shelter_pct_e,shelter_pct_n,detection_rate,detection_revenue,wtax_evasion_elast
65.56175996,2.85537340,2.85537340,0.00000000,29.60127917,258.71795237,50.95816372,1.28459557,0.15414530,0.04134680,0.03293861,35.66227378,0.25000000,0.18639254,1.80926518,6.93083023,0.00000000,0.00000000,9.18235041,0.01150406,1.01512040,0.63978943,0.00000000,0.00000000,0.00000000,0.00000000,0.75090215,0.38233935,0.70998539,0.84720530,0.93551712,0.75090215,0.38233935,0.70998539,0.84720530,0.93551712,-23.24766807,-46.21297068,0.85199083,0.50624145,-nan,-nan,-nan,-nan,0.00000000,0.00000000,0.00000000,0.00000000,0.00000000,0.00000000,-nan,0.00000000,13.36711573
