Y,A,A_rep,A_hid,L,Q,K,W,P,r,taua,abar,tauk,taul,WtaxRev,KtaxRev,WtaxRev_lost,KtaxRev_lost,G,lump_sum,ylbar,WtaxPct,ShelterPct,ShelterPctP99,TaxEvasionP99,ConcealPctP99,gini,p90,p99,p999,p9999,gini_total,p90_total,p99_total,p999_total,p9999_total,welfare,welfare0,approval,approval0,conceal_share_e,conceal_share_n,evasion_share_e,evasion_share_n,conceal_frac_e,conceal_frac_n,evasion_frac_e,evasion_frac_n,shelter_pct_e,shelter_pct_n,detection_rate,detection_revenue,wtax_evasion_elast
65.46314889,2.85085327,2.85085327,0.00000000,29.58755053,257.97838004,50.79489406,1.28326936,0.15431194,0.04150342,0.03399003,34.77577405,0.25000000,0.18640655,1.86049723,6.93637729,0.00000000,0.00000000,9.18235041,0.01175732,1.01512040,0.84876483,0.00000000,0.00000000,0.00000000,0.00000000,0.74999065,0.38362811,0.71207983,0.84823457,0.93588521,0.74999065,0.38362811,0.71207983,0.84823457,0.93588521,-23.23877014,-46.21596021,0.84526258,0.48040566,-nan,-nan,-nan,-nan,0.00000000,0.00000000,0.00000000,0.00000000,0.00000000,0.00000000,-nan,0.00000000,13.29738576
