Y,A,A_rep,A_hid,L,Q,K,W,P,r,taua,abar,tauk,taul,WtaxRev,KtaxRev,WtaxRev_lost,KtaxRev_lost,G,lump_sum,ylbar,WtaxPct,ShelterPct,ShelterPctP99,TaxEvasionP99,ConcealPctP99,gini,p90,p99,p999,p9999,gini_total,p90_total,p99_total,p999_total,p9999_total,welfare,welfare0,approval,approval0,conceal_share_e,conceal_share_n,evasion_share_e,evasion_share_n,conceal_frac_e,conceal_frac_n,evasion_frac_e,evasion_frac_n,shelter_pct_e,shelter_pct_n,detection_rate,detection_revenue,wtax_evasion_elast
73.44067265,3.11020047,2.90522177,0.20497869,30.12568123,330.43397314,65.60778787,1.41396503,0.13854697,0.02947870,0.02000000,1309.04007643,0.25000000,0.18606696,0.17012305,5.92210166,0.21889444,0.53623334,9.29156816,0.00073998,1.08952447,0.00901016,0.10484344,54.56480235,10.94558184,51.00176446,0.77059401,0.35250764,0.66309758,0.83354140,0.94762683,0.78567075,0.32927552,0.61945559,0.78305958,0.91300315,-23.74069379,-47.64043263,0.47734004,0.07254094,0.30937099,0.69062901,0.76114271,0.23885729,0.06223546,0.06769339,0.06705221,0.01252114,0.39554748,0.03465525,0.66804093,0.06370975,36.13544183
