Y,A,A_rep,A_hid,L,Q,K,W,P,r,taua,abar,tauk,taul,WtaxRev,KtaxRev,WtaxRev_lost,KtaxRev_lost,G,lump_sum,ylbar,WtaxPct,ShelterPct,ShelterPctP99,TaxEvasionP99,ConcealPctP99,gini,p90,p99,p999,p9999,gini_total,p90_total,p99_total,p999_total,p9999_total,welfare,welfare0,approval,approval0,conceal_share_e,conceal_share_n,evasion_share_e,evasion_share_n,conceal_frac_e,conceal_frac_n,evasion_frac_e,evasion_frac_n,shelter_pct_e,shelter_pct_n,detection_rate,detection_revenue,wtax_evasion_elast
65.54350263,2.85235122,2.85235122,0.00000000,29.60468159,258.55322937,50.87289385,1.28409506,0.15419135,0.04147479,0.03000000,28.88744745,0.25000000,0.18639148,1.81436266,6.93454646,0.00000000,0.00000000,9.18235041,0.01153854,1.01512040,1.11974453,0.00000000,0.00000000,0.00000000,0.00000000,0.75065147,0.38268069,0.70683298,0.84230065,0.93351456,0.75065147,0.38268069,0.70683298,0.84230065,0.93351456,-23.25161910,-46.23046267,0.84624514,0.49406329,-nan,-nan,-nan,-nan,0.00000000,0.00000000,0.00000000,0.00000000,0.00000000,0.00000000,-nan,0.00000000,13.56820994
