Y,A,A_rep,A_hid,L,Q,K,W,P,r,taua,abar,tauk,taul,WtaxRev,KtaxRev,WtaxRev_lost,KtaxRev_lost,G,lump_sum,ylbar,WtaxPct,ShelterPct,ShelterPctP99,TaxEvasionP99,ConcealPctP99,gini,p90,p99,p999,p9999,gini_total,p90_total,p99_total,p999_total,p9999_total,welfare,welfare0,approval,approval0,conceal_share_e,conceal_share_n,evasion_share_e,evasion_share_n,conceal_frac_e,conceal_frac_n,evasion_frac_e,evasion_frac_n,shelter_pct_e,shelter_pct_n,detection_rate,detection_revenue,wtax_evasion_elast
57.83924599,2.31709378,2.31709378,0.00000000,29.50418384,197.16476076,34.06830431,1.13702282,0.17366165,0.07054040,0.03102086,0.49066993,0.25000000,0.18679275,6.16518700,7.60348210,0.00000000,0.00000000,9.18235041,0.03110647,1.01512040,59.97807849,0.00000000,0.00000000,0.00000000,0.00000000,0.79825793,0.29185821,0.58465626,0.75855296,0.90323056,0.79825793,0.29185821,0.58465626,0.75855296,0.90323056,-25.17486195,-50.91474415,0.40909166,0.07328601,-nan,-nan,-nan,-nan,0.00000000,0.00000000,0.00000000,0.00000000,0.00000000,0.00000000,-nan,0.00000000,15.38124452
