Y,A,A_rep,A_hid,L,Q,K,W,P,r,taua,abar,tauk,taul,WtaxRev,KtaxRev,WtaxRev_lost,KtaxRev_lost,G,lump_sum,ylbar,WtaxPct,ShelterPct,ShelterPctP99,TaxEvasionP99,ConcealPctP99,gini,p90,p99,p999,p9999,gini_total,p90_total,p99_total,p999_total,p9999_total,welfare,welfare0,approval,approval0,conceal_share_e,conceal_share_n,evasion_share_e,evasion_share_n,conceal_frac_e,conceal_frac_n,evasion_frac_e,evasion_frac_n,shelter_pct_e,shelter_pct_n,detection_rate,detection_revenue,wtax_evasion_elast
65.57967625,2.85616041,2.85616041,0.00000000,29.60378889,258.86046226,50.98720237,1.28484778,0.15411235,0.04132050,0.03265514,35.58899729,0.25000000,0.18639055,1.79998188,6.92973268,0.00000000,0.00000000,9.18235041,0.01146112,1.01512040,0.64027751,0.00000000,0.00000000,0.00000000,0.00000000,0.75107963,0.38209830,0.70954741,0.84689853,0.93541298,0.75107963,0.38209830,0.70954741,0.84689853,0.93541298,-23.24894152,-46.21190480,0.85384143,0.50707567,-nan,-nan,-nan,-nan,0.00000000,0.00000000,0.00000000,0.00000000,0.00000000,0.00000000,-nan,0.00000000,13.38791339
