Y,A,A_rep,A_hid,L,Q,K,W,P,r,taua,abar,tauk,taul,WtaxRev,KtaxRev,WtaxRev_lost,KtaxRev_lost,G,lump_sum,ylbar,WtaxPct,ShelterPct,ShelterPctP99,TaxEvasionP99,ConcealPctP99,gini,p90,p99,p999,p9999,gini_total,p90_total,p99_total,p999_total,p9999_total,welfare,welfare0,approval,approval0,conceal_share_e,conceal_share_n,evasion_share_e,evasion_share_n,conceal_frac_e,conceal_frac_n,evasion_frac_e,evasion_frac_n,shelter_pct_e,shelter_pct_n,detection_rate,detection_revenue,wtax_evasion_elast
65.95492344,2.87334762,2.87334762,0.00000000,29.65605636,261.70749766,51.60657736,1.28991261,0.15347463,0.04074004,0.03000000,44.54733187,0.25000000,0.18632935,1.58949914,6.90840398,0.00000000,0.00000000,9.18235041,0.01029092,1.01512040,0.56193735,0.00000000,0.00000000,0.00000000,0.00000000,0.75463021,0.37631739,0.70186328,0.84497665,0.93499218,0.75463021,0.37631739,0.70186328,0.84497665,0.93499218,-23.29904207,-46.23646631,0.88522079,0.61457545,-nan,-nan,-nan,-nan,0.00000000,0.00000000,0.00000000,0.00000000,0.00000000,0.00000000,-nan,0.00000000,13.57736503
