Y,A,A_rep,A_hid,L,Q,K,W,P,r,taua,abar,tauk,taul,WtaxRev,KtaxRev,WtaxRev_lost,KtaxRev_lost,G,lump_sum,ylbar,WtaxPct,ShelterPct,ShelterPctP99,TaxEvasionP99,ConcealPctP99,gini,p90,p99,p999,p9999,gini_total,p90_total,p99_total,p999_total,p9999_total,welfare,welfare0,approval,approval0,conceal_share_e,conceal_share_n,evasion_share_e,evasion_share_n,conceal_frac_e,conceal_frac_n,evasion_frac_e,evasion_frac_n,shelter_pct_e,shelter_pct_n,detection_rate,detection_revenue,wtax_evasion_elast
73.56752723,3.11368697,2.93175040,0.18193657,30.13420833,331.97256469,65.52653865,1.41596685,0.13820332,0.02971244,0.00941161,1162.73880620,0.25000000,0.18605809,0.12663849,5.92568073,0.09006562,0.54576085,9.29156816,0.00046857,1.08952447,0.01216095,0.10326650,34.41987901,8.66557461,54.24162299,0.77162470,0.35079454,0.65760982,0.82364364,0.93618280,0.78492732,0.33029719,0.61923152,0.77999876,0.90840179,-23.71886404,-47.59126107,0.61863614,0.29900394,0.26593647,0.73406353,0.83048080,0.16951920,0.04758144,0.06369285,0.06231918,0.00751434,0.39087186,0.03382647,0.68083926,0.04631249,36.81022778
