Y,A,A_rep,A_hid,L,Q,K,W,P,r,taua,abar,tauk,taul,WtaxRev,KtaxRev,WtaxRev_lost,KtaxRev_lost,G,lump_sum,ylbar,WtaxPct,ShelterPct,ShelterPctP99,TaxEvasionP99,ConcealPctP99,gini,p90,p99,p999,p9999,gini_total,p90_total,p99_total,p999_total,p9999_total,welfare,welfare0,approval,approval0,conceal_share_e,conceal_share_n,evasion_share_e,evasion_share_n,conceal_frac_e,conceal_frac_n,evasion_frac_e,evasion_frac_n,shelter_pct_e,shelter_pct_n,detection_rate,detection_revenue,wtax_evasion_elast
66.13787364,2.88171975,2.88171975,0.00000000,29.68273846,263.07146780,51.92525193,1.29233148,0.15318246,0.04043357,0.03000000,55.23456729,0.25000000,0.18629508,1.48033182,6.89787745,0.00000000,0.00000000,9.18235041,0.00961916,1.01512040,0.48987277,0.00000000,0.00000000,0.00000000,0.00000000,0.75633326,0.37367250,0.69838158,0.84580713,0.93557482,0.75633326,0.37367250,0.69838158,0.84580713,0.93557482,-23.33294840,-46.26660446,0.89449594,0.64584556,-nan,-nan,-nan,-nan,0.00000000,0.00000000,0.00000000,0.00000000,0.00000000,0.00000000,-nan,0.00000000,13.65241431
