Y,A,A_rep,A_hid,L,Q,K,W,P,r,taua,abar,tauk,taul,WtaxRev,KtaxRev,WtaxRev_lost,KtaxRev_lost,G,lump_sum,ylbar,WtaxPct,ShelterPct,ShelterPctP99,TaxEvasionP99,ConcealPctP99,gini,p90,p99,p999,p9999,gini_total,p90_total,p99_total,p999_total,p9999_total,welfare,welfare0,approval,approval0,conceal_share_e,conceal_share_n,evasion_share_e,evasion_share_n,conceal_frac_e,conceal_frac_n,evasion_frac_e,evasion_frac_n,shelter_pct_e,shelter_pct_n,detection_rate,detection_revenue,wtax_evasion_elast
73.47301708,3.11069320,2.91755000,0.19314319,30.12494146,330.88819630,65.53445020,1.41454978,0.13842918,0.02959834,0.01781592,1376.74741399,0.25000000,0.18606656,0.16483156,5.92677980,0.17267772,0.54055953,9.29156816,0.00077674,1.08952447,0.00919770,0.10327895,46.53509718,10.15739194,51.28407181,0.77108718,0.35169577,0.66065682,0.82957874,0.94396831,0.78525891,0.32985895,0.61969349,0.78250604,0.91200878,-23.72278353,-47.60531892,0.59894181,0.27235122,0.29529455,0.70470545,0.78057309,0.21942691,0.05603896,0.06503264,0.06516484,0.01087549,0.38959521,0.03415016,0.68028578,0.05799531,33.82725961
