Y,A,A_rep,A_hid,L,Q,K,W,P,r,taua,abar,tauk,taul,WtaxRev,KtaxRev,WtaxRev_lost,KtaxRev_lost,G,lump_sum,ylbar,WtaxPct,ShelterPct,ShelterPctP99,TaxEvasionP99,ConcealPctP99,gini,p90,p99,p999,p9999,gini_total,p90_total,p99_total,p999_total,p9999_total,welfare,welfare0,approval,approval0,conceal_share_e,conceal_share_n,evasion_share_e,evasion_share_n,conceal_frac_e,conceal_frac_n,evasion_frac_e,evasion_frac_n,shelter_pct_e,shelter_pct_n,detection_rate,detection_revenue,wtax_evasion_elast
65.70563184,2.86167271,2.86167271,0.00000000,29.62184726,259.80820631,51.18336793,1.28650957,0.15389870,0.04114368,0.03102005,36.36170670,0.25000000,0.18637219,1.73053819,6.92322200,0.00000000,0.00000000,9.18235041,0.01110182,1.01512040,0.65226473,0.00000000,0.00000000,0.00000000,0.00000000,0.75233890,0.37997018,0.70639970,0.84508914,0.93477647,0.75233890,0.37997018,0.70639970,0.84508914,0.93477647,-23.26467689,-46.21757042,0.86555498,0.52007788,-nan,-nan,-nan,-nan,0.00000000,0.00000000,0.00000000,0.00000000,0.00000000,0.00000000,-nan,0.00000000,13.48007654
