Y,A,A_rep,A_hid,L,Q,K,W,P,r,taua,abar,tauk,taul,WtaxRev,KtaxRev,WtaxRev_lost,KtaxRev_lost,G,lump_sum,ylbar,WtaxPct,ShelterPct,ShelterPctP99,TaxEvasionP99,ConcealPctP99,gini,p90,p99,p999,p9999,gini_total,p90_total,p99_total,p999_total,p9999_total,welfare,welfare0,approval,approval0,conceal_share_e,conceal_share_n,evasion_share_e,evasion_share_n,conceal_frac_e,conceal_frac_n,evasion_frac_e,evasion_frac_n,shelter_pct_e,shelter_pct_n,detection_rate,detection_revenue,wtax_evasion_elast
65.60002841,2.85729224,2.85729224,0.00000000,29.60583193,259.01886652,51.02362237,1.28515062,0.15407439,0.04128308,0.03314606,37.89079924,0.25000000,0.18638643,1.78567341,6.92840551,0.00000000,0.00000000,9.18235041,0.01136790,1.01512040,0.65825180,0.00000000,0.00000000,0.00000000,0.00000000,0.75124720,0.38175433,0.70959165,0.84781210,0.93583613,0.75124720,0.38175433,0.70959165,0.84781210,0.93583613,-23.25272211,-46.21556123,0.85406655,0.50715346,-nan,-nan,-nan,-nan,0.00000000,0.00000000,0.00000000,0.00000000,0.00000000,0.00000000,-nan,0.00000000,13.34430686
