Y,A,A_rep,A_hid,L,Q,K,W,P,r,taua,abar,tauk,taul,WtaxRev,KtaxRev,WtaxRev_lost,KtaxRev_lost,G,lump_sum,ylbar,WtaxPct,ShelterPct,ShelterPctP99,TaxEvasionP99,ConcealPctP99,gini,p90,p99,p999,p9999,gini_total,p90_total,p99_total,p999_total,p9999_total,welfare,welfare0,approval,approval0,conceal_share_e,conceal_share_n,evasion_share_e,evasion_share_n,conceal_frac_e,conceal_frac_n,evasion_frac_e,evasion_frac_n,shelter_pct_e,shelter_pct_n,detection_rate,detection_revenue,wtax_evasion_elast
73.55641387,3.11293794,2.90756209,0.20537585,30.13333373,331.83099016,65.55087096,1.41581166,0.13823712,0.02967175,0.00828380,721.27490549,0.25000000,0.18605819,0.14876380,5.91229138,0.11057707,0.54245281,9.29156816,0.00052864,1.08952447,0.02034461,0.10455124,37.58880453,8.57555788,56.09236403,0.76992245,0.35334769,0.66281418,0.83058854,0.93672188,0.78505689,0.33003560,0.61913228,0.78027977,0.90842688,-23.71935181,-47.59095001,0.62681537,0.29565972,0.25588980,0.74411020,0.81235473,0.18764527,0.05166501,0.07292046,0.06248812,0.00853761,0.39157673,0.03525121,0.67100927,0.04663773,42.34396909
