Y,A,A_rep,A_hid,L,Q,K,W,P,r,taua,abar,tauk,taul,WtaxRev,KtaxRev,WtaxRev_lost,KtaxRev_lost,G,lump_sum,ylbar,WtaxPct,ShelterPct,ShelterPctP99,TaxEvasionP99,ConcealPctP99,gini,p90,p99,p999,p9999,gini_total,p90_total,p99_total,p999_total,p9999_total,welfare,welfare0,approval,approval0,conceal_share_e,conceal_share_n,evasion_share_e,evasion_share_n,conceal_frac_e,conceal_frac_n,evasion_frac_e,evasion_frac_n,shelter_pct_e,shelter_pct_n,detection_rate,detection_revenue,wtax_evasion_elast
65.68791860,2.86109648,2.86109648,0.00000000,29.61853191,259.68119981,51.16268024,1.28631370,0.15392575,0.04115644,0.03201194,38.52980215,0.25000000,0.18637178,1.73676361,6.92376728,0.00000000,0.00000000,9.18235041,0.01110243,1.01512040,0.66788221,0.00000000,0.00000000,0.00000000,0.00000000,0.75213049,0.38033285,0.70739002,0.84657433,0.93537487,0.75213049,0.38033285,0.70739002,0.84657433,0.93537487,-23.26514303,-46.22230004,0.85999682,0.51658485,-nan,-nan,-nan,-nan,0.00000000,0.00000000,0.00000000,0.00000000,0.00000000,0.00000000,-nan,0.00000000,13.41855059
