Y,A,A_rep,A_hid,L,Q,K,W,P,r,taua,abar,tauk,taul,WtaxRev,KtaxRev,WtaxRev_lost,KtaxRev_lost,G,lump_sum,ylbar,WtaxPct,ShelterPct,ShelterPctP99,TaxEvasionP99,ConcealPctP99,gini,p90,p99,p999,p9999,gini_total,p90_total,p99_total,p999_total,p9999_total,welfare,welfare0,approval,approval0,conceal_share_e,conceal_share_n,evasion_share_e,evasion_share_n,conceal_frac_e,conceal_frac_n,evasion_frac_e,evasion_frac_n,shelter_pct_e,shelter_pct_n,detection_rate,detection_revenue,wtax_evasion_elast
65.59402514,2.85837670,2.85837670,0.00000000,29.60267170,258.95646728,51.06551949,1.28517533,0.15409428,0.04120019,0.03818938,51.03229947,0.25000000,0.18637407,1.77264283,6.92689666,0.00000000,0.00000000,9.18235041,0.01113244,1.01512040,0.45397839,0.00000000,0.00000000,0.00000000,0.00000000,0.75111335,0.38172641,0.71225292,0.85490573,0.93894866,0.75111335,0.38172641,0.71225292,0.85490573,0.93894866,-23.26924880,-46.24772096,0.83997341,0.47348371,-nan,-nan,-nan,-nan,0.00000000,0.00000000,0.00000000,0.00000000,0.00000000,0.00000000,-nan,0.00000000,13.10106577
