Y,A,A_rep,A_hid,L,Q,K,W,P,r,taua,abar,tauk,taul,WtaxRev,KtaxRev,WtaxRev_lost,KtaxRev_lost,G,lump_sum,ylbar,WtaxPct,ShelterPct,ShelterPctP99,TaxEvasionP99,ConcealPctP99,gini,p90,p99,p999,p9999,gini_total,p90_total,p99_total,p999_total,p9999_total,welfare,welfare0,approval,approval0,conceal_share_e,conceal_share_n,evasion_share_e,evasion_share_n,conceal_frac_e,conceal_frac_n,evasion_frac_e,evasion_frac_n,shelter_pct_e,shelter_pct_n,detection_rate,detection_revenue,wtax_evasion_elast
65.58852517,2.85658104,2.85658104,0.00000000,29.60474529,258.92386038,50.99984325,1.28496392,0.15409716,0.04130899,0.03257579,35.76136311,0.25000000,0.18638979,1.79499411,6.92940781,0.00000000,0.00000000,9.18235041,0.01144300,1.01512040,0.64182679,0.00000000,0.00000000,0.00000000,0.00000000,0.75117013,0.38181391,0.70937368,0.84683075,0.93538526,0.75117013,0.38181391,0.70937368,0.84683075,0.93538526,-23.24928369,-46.21073110,0.85532409,0.50995691,-nan,-nan,-nan,-nan,0.00000000,0.00000000,0.00000000,0.00000000,0.00000000,0.00000000,-nan,0.00000000,13.38859177
