Y,A,A_rep,A_hid,L,Q,K,W,P,r,taua,abar,tauk,taul,WtaxRev,KtaxRev,WtaxRev_lost,KtaxRev_lost,G,lump_sum,ylbar,WtaxPct,ShelterPct,ShelterPctP99,TaxEvasionP99,ConcealPctP99,gini,p90,p99,p999,p9999,gini_total,p90_total,p99_total,p999_total,p9999_total,welfare,welfare0,approval,approval0,conceal_share_e,conceal_share_n,evasion_share_e,evasion_share_n,conceal_frac_e,conceal_frac_n,evasion_frac_e,evasion_frac_n,shelter_pct_e,shelter_pct_n,detection_rate,detection_revenue,wtax_evasion_elast
65.12620174,2.83844631,2.83844631,0.00000000,29.53789762,255.34427161,50.36139351,1.27880565,0.15494162,0.04181565,0.04616357,48.36464386,0.25000000,0.18643417,2.00990575,6.95191087,0.00000000,0.00000000,9.18235041,0.01220710,1.01512040,0.56030453,0.00000000,0.00000000,0.00000000,0.00000000,0.74674492,0.38839272,0.72381309,0.86308999,0.94200939,0.74674492,0.38839272,0.72381309,0.86308999,0.94200939,-23.23774926,-46.28117734,0.80474063,0.43423996,-nan,-nan,-nan,-nan,0.00000000,0.00000000,0.00000000,0.00000000,0.00000000,0.00000000,-nan,0.00000000,12.62873726
