Y,A,A_rep,A_hid,L,Q,K,W,P,r,taua,abar,tauk,taul,WtaxRev,KtaxRev,WtaxRev_lost,KtaxRev_lost,G,lump_sum,ylbar,WtaxPct,ShelterPct,ShelterPctP99,TaxEvasionP99,ConcealPctP99,gini,p90,p99,p999,p9999,gini_total,p90_total,p99_total,p999_total,p9999_total,welfare,welfare0,approval,approval0,conceal_share_e,conceal_share_n,evasion_share_e,evasion_share_n,conceal_frac_e,conceal_frac_n,evasion_frac_e,evasion_frac_n,shelter_pct_e,shelter_pct_n,detection_rate,detection_revenue,wtax_evasion_elast
73.65860950,3.11761072,2.94594146,0.17166926,30.14581542,332.82547750,65.64425182,1.41718680,0.13805648,0.02966873,0.00539702,1354.15726919,0.25000000,0.18604884,0.07094363,5.93783221,0.04408945,0.53633781,9.29156816,0.00019664,1.08952447,0.01060764,0.10136820,32.09617068,8.17777877,53.98983160,0.77271784,0.34907483,0.65382791,0.81825127,0.93294301,0.78519319,0.32985325,0.61786980,0.77759507,0.90610375,-23.72459165,-47.58934040,0.53406319,0.12939352,0.27088070,0.72911930,0.87670467,0.12329533,0.04569104,0.05960736,0.06042442,0.00500543,0.38649987,0.03252541,0.68056387,0.04288746,48.71327022
