Y,A,A_rep,A_hid,L,Q,K,W,P,r,taua,abar,tauk,taul,WtaxRev,KtaxRev,WtaxRev_lost,KtaxRev_lost,G,lump_sum,ylbar,WtaxPct,ShelterPct,ShelterPctP99,TaxEvasionP99,ConcealPctP99,gini,p90,p99,p999,p9999,gini_total,p90_total,p99_total,p999_total,p9999_total,welfare,welfare0,approval,approval0,conceal_share_e,conceal_share_n,evasion_share_e,evasion_share_n,conceal_frac_e,conceal_frac_n,evasion_frac_e,evasion_frac_n,shelter_pct_e,shelter_pct_n,detection_rate,detection_revenue,wtax_evasion_elast
65.60216083,2.85699878,2.85699878,0.00000000,29.60740835,259.02613973,51.02001054,1.28512792,0.15407599,0.04129280,0.03210644,35.02771748,0.25000000,0.18638766,1.78804177,6.92869619,0.00000000,0.00000000,9.18235041,0.01140251,1.01512040,0.86040136,0.00000000,0.00000000,0.00000000,0.00000000,0.75131351,0.38159106,0.70879009,0.84615990,0.93510406,0.75131351,0.38159106,0.70879009,0.84615990,0.93510406,-23.25179197,-46.21339649,0.85548300,0.50973441,-nan,-nan,-nan,-nan,0.00000000,0.00000000,0.00000000,0.00000000,0.00000000,0.00000000,-nan,0.00000000,13.42586508
