Y,A,A_rep,A_hid,L,Q,K,W,P,r,taua,abar,tauk,taul,WtaxRev,KtaxRev,WtaxRev_lost,KtaxRev_lost,G,lump_sum,ylbar,WtaxPct,ShelterPct,ShelterPctP99,TaxEvasionP99,ConcealPctP99,gini,p90,p99,p999,p9999,gini_total,p90_total,p99_total,p999_total,p9999_total,welfare,welfare0,approval,approval0,conceal_share_e,conceal_share_n,evasion_share_e,evasion_share_n,conceal_frac_e,conceal_frac_n,evasion_frac_e,evasion_frac_n,shelter_pct_e,shelter_pct_n,detection_rate,detection_revenue,wtax_evasion_elast
65.57695117,2.85603131,2.85603131,0.00000000,29.60336058,258.83080137,50.98131960,1.28479506,0.15411953,0.04132587,0.03258810,35.24341451,0.25000000,0.18639164,1.80226182,6.93014627,0.00000000,0.00000000,9.18235041,0.01147920,1.01512040,0.63798246,0.00000000,0.00000000,0.00000000,0.00000000,0.75106515,0.38196958,0.70956013,0.84677139,0.93534735,0.75106515,0.38196958,0.70956013,0.84677139,0.93534735,-23.24819957,-46.21121815,0.85381796,0.50707538,-nan,-nan,-nan,-nan,0.00000000,0.00000000,0.00000000,0.00000000,0.00000000,0.00000000,-nan,0.00000000,13.39440706
