Y,A,A_rep,A_hid,L,Q,K,W,P,r,taua,abar,tauk,taul,WtaxRev,KtaxRev,WtaxRev_lost,KtaxRev_lost,G,lump_sum,ylbar,WtaxPct,ShelterPct,ShelterPctP99,TaxEvasionP99,ConcealPctP99,gini,p90,p99,p999,p9999,gini_total,p90_total,p99_total,p999_total,p9999_total,welfare,welfare0,approval,approval0,conceal_share_e,conceal_share_n,evasion_share_e,evasion_share_n,conceal_frac_e,conceal_frac_n,evasion_frac_e,evasion_frac_n,shelter_pct_e,shelter_pct_n,detection_rate,detection_revenue,wtax_evasion_elast
65.58431124,2.85635401,2.85635401,0.00000000,29.60449438,258.89515861,50.99468862,1.28490845,0.15410471,0.04131358,0.03257388,35.56654405,0.25000000,0.18638980,1.79746407,6.92948398,0.00000000,0.00000000,9.18235041,0.01144915,1.01512040,0.64046122,0.00000000,0.00000000,0.00000000,0.00000000,0.75113480,0.38187629,0.70938378,0.84679874,0.93537147,0.75113480,0.38187629,0.70938378,0.84679874,0.93537147,-23.24951445,-46.21201215,0.85477888,0.50711340,-nan,-nan,-nan,-nan,0.00000000,0.00000000,0.00000000,0.00000000,0.00000000,0.00000000,-nan,0.00000000,13.39181036
