Y,A,A_rep,A_hid,L,Q,K,W,P,r,taua,abar,tauk,taul,WtaxRev,KtaxRev,WtaxRev_lost,KtaxRev_lost,G,lump_sum,ylbar,WtaxPct,ShelterPct,ShelterPctP99,TaxEvasionP99,ConcealPctP99,gini,p90,p99,p999,p9999,gini_total,p90_total,p99_total,p999_total,p9999_total,welfare,welfare0,approval,approval0,conceal_share_e,conceal_share_n,evasion_share_e,evasion_share_n,conceal_frac_e,conceal_frac_n,evasion_frac_e,evasion_frac_n,shelter_pct_e,shelter_pct_n,detection_rate,detection_revenue,wtax_evasion_elast
65.57186912,2.85578034,2.85578034,0.00000000,29.60321376,258.80897042,50.97752244,1.28474894,0.15412543,0.04132924,0.03262802,35.24021155,0.25000000,0.18639475,1.80338540,6.92987750,0.00000000,0.00000000,9.18235041,0.01147784,1.01512040,0.63762728,0.00000000,0.00000000,0.00000000,0.00000000,0.75102462,0.38203746,0.70962304,0.84682157,0.93535986,0.75102462,0.38203746,0.70962304,0.84682157,0.93535986,-23.24852479,-46.21227305,0.85353628,0.50667878,-nan,-nan,-nan,-nan,0.00000000,0.00000000,0.00000000,0.00000000,0.00000000,0.00000000,-nan,0.00000000,13.39891257
