Y,A,A_rep,A_hid,L,Q,K,W,P,r,taua,abar,tauk,taul,WtaxRev,KtaxRev,WtaxRev_lost,KtaxRev_lost,G,lump_sum,ylbar,WtaxPct,ShelterPct,ShelterPctP99,TaxEvasionP99,ConcealPctP99,gini,p90,p99,p999,p9999,gini_total,p90_total,p99_total,p999_total,p9999_total,welfare,welfare0,approval,approval0,conceal_share_e,conceal_share_n,evasion_share_e,evasion_share_n,conceal_frac_e,conceal_frac_n,evasion_frac_e,evasion_frac_n,shelter_pct_e,shelter_pct_n,detection_rate,detection_revenue,wtax_evasion_elast
65.46582680,2.85091166,2.85091166,0.00000000,29.58800613,257.99749482,50.79822871,1.28330066,0.15430774,0.04150102,0.03390512,34.69519306,0.25000000,0.18640653,1.85900053,6.93628034,0.00000000,0.00000000,9.18235041,0.01175078,1.01512040,0.84744245,0.00000000,0.00000000,0.00000000,0.00000000,0.75001706,0.38359716,0.71195540,0.84812278,0.93585027,0.75001706,0.38359716,0.71195540,0.84812278,0.93585027,-23.23910893,-46.21608538,0.84531432,0.48055107,-nan,-nan,-nan,-nan,0.00000000,0.00000000,0.00000000,0.00000000,0.00000000,0.00000000,-nan,0.00000000,13.30220852
