Y,A,A_rep,A_hid,L,Q,K,W,P,r,taua,abar,tauk,taul,WtaxRev,KtaxRev,WtaxRev_lost,KtaxRev_lost,G,lump_sum,ylbar,WtaxPct,ShelterPct,ShelterPctP99,TaxEvasionP99,ConcealPctP99,gini,p90,p99,p999,p9999,gini_total,p90_total,p99_total,p999_total,p9999_total,welfare,welfare0,approval,approval0,conceal_share_e,conceal_share_n,evasion_share_e,evasion_share_n,conceal_frac_e,conceal_frac_n,evasion_frac_e,evasion_frac_n,shelter_pct_e,shelter_pct_n,detection_rate,detection_revenue,wtax_evasion_elast
65.66114782,2.85999209,2.85999209,0.00000000,29.61446939,259.48273137,51.12105602,1.28596943,0.15396946,0.04119379,0.03238510,38.37981837,0.25000000,0.18637662,1.75215847,6.92517712,0.00000000,0.00000000,9.18235041,0.01118997,1.01512040,0.66510411,0.00000000,0.00000000,0.00000000,0.00000000,0.75184720,0.38072646,0.70808373,0.84699037,0.93553341,0.75184720,0.38072646,0.70808373,0.84699037,0.93553341,-23.26030083,-46.21849678,0.85844450,0.51005069,-nan,-nan,-nan,-nan,0.00000000,0.00000000,0.00000000,0.00000000,0.00000000,0.00000000,-nan,0.00000000,13.39236692
