Y,A,A_rep,A_hid,L,Q,K,W,P,r,taua,abar,tauk,taul,WtaxRev,KtaxRev,WtaxRev_lost,KtaxRev_lost,G,lump_sum,ylbar,WtaxPct,ShelterPct,ShelterPctP99,TaxEvasionP99,ConcealPctP99,gini,p90,p99,p999,p9999,gini_total,p90_total,p99_total,p999_total,p9999_total,welfare,welfare0,approval,approval0,conceal_share_e,conceal_share_n,evasion_share_e,evasion_share_n,conceal_frac_e,conceal_frac_n,evasion_frac_e,evasion_frac_n,shelter_pct_e,shelter_pct_n,detection_rate,detection_revenue,wtax_evasion_elast
65.38001941,2.84301792,2.84301792,0.00000000,29.58694746,257.30681441,50.56016218,1.28169176,0.15448109,0.04181336,0.03000000,25.23304212,0.25000000,0.18640178,1.88672512,6.94562895,0.00000000,0.00000000,9.18235041,0.01182842,1.01512040,0.97102067,0.00000000,0.00000000,0.00000000,0.00000000,0.74871205,0.38576100,0.70732549,0.84114293,0.93294315,0.74871205,0.38576100,0.70732549,0.84114293,0.93294315,-23.24667968,-46.26296021,0.82380202,0.45880019,-nan,-nan,-nan,-nan,0.00000000,0.00000000,0.00000000,0.00000000,0.00000000,0.00000000,-nan,0.00000000,13.71754807
