Y,A,A_rep,A_hid,L,Q,K,W,P,r,taua,abar,tauk,taul,WtaxRev,KtaxRev,WtaxRev_lost,KtaxRev_lost,G,lump_sum,ylbar,WtaxPct,ShelterPct,ShelterPctP99,TaxEvasionP99,ConcealPctP99,gini,p90,p99,p999,p9999,gini_total,p90_total,p99_total,p999_total,p9999_total,welfare,welfare0,approval,approval0,conceal_share_e,conceal_share_n,evasion_share_e,evasion_share_n,conceal_frac_e,conceal_frac_n,evasion_frac_e,evasion_frac_n,shelter_pct_e,shelter_pct_n,detection_rate,detection_revenue,wtax_evasion_elast
65.60734615,2.85713901,2.85713901,0.00000000,29.60802490,259.07043119,51.02429593,1.28520072,0.15406425,0.04129223,0.03184143,34.69412764,0.25000000,0.18638729,1.78514674,6.92860432,0.00000000,0.00000000,9.18235041,0.01140130,1.01512040,0.85314941,0.00000000,0.00000000,0.00000000,0.00000000,0.75137255,0.38156199,0.70839055,0.84576153,0.93494710,0.75137255,0.38156199,0.70839055,0.84576153,0.93494710,-23.25117875,-46.21124697,0.85714787,0.50958888,-nan,-nan,-nan,-nan,0.00000000,0.00000000,0.00000000,0.00000000,0.00000000,0.00000000,-nan,0.00000000,13.42506791
