Y,A,A_rep,A_hid,L,Q,K,W,P,r,taua,abar,tauk,taul,WtaxRev,KtaxRev,WtaxRev_lost,KtaxRev_lost,G,lump_sum,ylbar,WtaxPct,ShelterPct,ShelterPctP99,TaxEvasionP99,ConcealPctP99,gini,p90,p99,p999,p9999,gini_total,p90_total,p99_total,p999_total,p9999_total,welfare,welfare0,approval,approval0,conceal_share_e,conceal_share_n,evasion_share_e,evasion_share_n,conceal_frac_e,conceal_frac_n,evasion_frac_e,evasion_frac_n,shelter_pct_e,shelter_pct_n,detection_rate,detection_revenue,wtax_evasion_elast
65.12502261,2.83519750,2.83519750,0.00000000,29.54197726,255.39229857,50.24195458,1.27859983,0.15491185,0.04203182,0.03689340,30.58869321,0.25000000,0.18645564,2.03838048,6.95610273,0.00000000,0.00000000,9.18235041,0.01264545,1.01512040,0.75489755,0.00000000,0.00000000,0.00000000,0.00000000,0.74660103,0.38901906,0.71860264,0.85050009,0.93649914,0.74660103,0.38901906,0.71860264,0.85050009,0.93649914,-23.20587242,-46.22533081,0.82051921,0.45011952,-nan,-nan,-nan,-nan,0.00000000,0.00000000,0.00000000,0.00000000,0.00000000,0.00000000,-nan,0.00000000,13.11894891
