Y,A,A_rep,A_hid,L,Q,K,W,P,r,taua,abar,tauk,taul,WtaxRev,KtaxRev,WtaxRev_lost,KtaxRev_lost,G,lump_sum,ylbar,WtaxPct,ShelterPct,ShelterPctP99,TaxEvasionP99,ConcealPctP99,gini,p90,p99,p999,p9999,gini_total,p90_total,p99_total,p999_total,p9999_total,welfare,welfare0,approval,approval0,conceal_share_e,conceal_share_n,evasion_share_e,evasion_share_n,conceal_frac_e,conceal_frac_n,evasion_frac_e,evasion_frac_n,shelter_pct_e,shelter_pct_n,detection_rate,detection_revenue,wtax_evasion_elast
64.68540213,2.81799585,2.81799585,0.00000000,29.47905508,251.99464459,49.63937048,1.27268677,0.15573291,0.04252076,0.04731890,35.55094092,0.25000000,0.18650205,2.24962153,6.97745630,0.00000000,0.00000000,9.18235041,0.01341354,1.01512040,0.59232084,0.00000000,0.00000000,0.00000000,0.00000000,0.74249468,0.39503066,0.73178594,0.86235585,0.94113832,0.74249468,0.39503066,0.73178594,0.86235585,0.94113832,-23.19558433,-46.29051187,0.78851123,0.41851984,-nan,-nan,-nan,-nan,0.00000000,0.00000000,0.00000000,0.00000000,0.00000000,0.00000000,-nan,0.00000000,12.50987801
