Y,A,A_rep,A_hid,L,Q,K,W,P,r,taua,abar,tauk,taul,WtaxRev,KtaxRev,WtaxRev_lost,KtaxRev_lost,G,lump_sum,ylbar,WtaxPct,ShelterPct,ShelterPctP99,TaxEvasionP99,ConcealPctP99,gini,p90,p99,p999,p9999,gini_total,p90_total,p99_total,p999_total,p9999_total,welfare,welfare0,approval,approval0,conceal_share_e,conceal_share_n,evasion_share_e,evasion_share_n,conceal_frac_e,conceal_frac_n,evasion_frac_e,evasion_frac_n,shelter_pct_e,shelter_pct_n,detection_rate,detection_revenue,wtax_evasion_elast
65.58458498,2.85640323,2.85640323,0.00000000,29.60427566,258.89542374,50.99452854,1.28491301,0.15410392,0.04131349,0.03256068,35.54817820,0.25000000,0.18639082,1.79732442,6.92959154,0.00000000,0.00000000,9.18235041,0.01145848,1.01512040,0.64041161,0.00000000,0.00000000,0.00000000,0.00000000,0.75114169,0.38186755,0.70937092,0.84677174,0.93535347,0.75114169,0.38186755,0.70937092,0.84677174,0.93535347,-23.24849787,-46.20997177,0.85529967,0.50995681,-nan,-nan,-nan,-nan,0.00000000,0.00000000,0.00000000,0.00000000,0.00000000,0.00000000,-nan,0.00000000,13.39143326
