Y,A,A_rep,A_hid,L,Q,K,W,P,r,taua,abar,tauk,taul,WtaxRev,KtaxRev,WtaxRev_lost,KtaxRev_lost,G,lump_sum,ylbar,WtaxPct,ShelterPct,ShelterPctP99,TaxEvasionP99,ConcealPctP99,gini,p90,p99,p999,p9999,gini_total,p90_total,p99_total,p999_total,p9999_total,welfare,welfare0,approval,approval0,conceal_share_e,conceal_share_n,evasion_share_e,evasion_share_n,conceal_frac_e,conceal_frac_n,evasion_frac_e,evasion_frac_n,shelter_pct_e,shelter_pct_n,detection_rate,detection_revenue,wtax_evasion_elast
73.46740202,3.10963842,2.91778601,0.19185241,30.11993451,331.06930269,65.39796428,1.41470609,0.13835363,0.02976020,0.01420448,1062.38521863,0.25000000,0.18607326,0.18557761,5.92721723,0.14972266,0.54168634,9.29156816,0.00092485,1.08952447,0.01280119,0.10423598,39.35634094,8.76774541,54.50649715,0.77057508,0.35242257,0.66129101,0.82914435,0.93972911,0.78468666,0.33067949,0.62053921,0.78251980,0.91092573,-23.70052771,-47.56554411,0.70636107,0.35688996,0.26474511,0.73525489,0.77862056,0.22137944,0.04999103,0.06737644,0.06308661,0.01062924,0.39131251,0.03492363,0.67058241,0.04821943,30.66220120
