Y,A,A_rep,A_hid,L,Q,K,W,P,r,taua,abar,tauk,taul,WtaxRev,KtaxRev,WtaxRev_lost,KtaxRev_lost,G,lump_sum,ylbar,WtaxPct,ShelterPct,ShelterPctP99,TaxEvasionP99,ConcealPctP99,gini,p90,p99,p999,p9999,gini_total,p90_total,p99_total,p999_total,p9999_total,welfare,welfare0,approval,approval0,conceal_share_e,conceal_share_n,evasion_share_e,evasion_share_n,conceal_frac_e,conceal_frac_n,evasion_frac_e,evasion_frac_n,shelter_pct_e,shelter_pct_n,detection_rate,detection_revenue,wtax_evasion_elast
73.53566276,3.11244246,2.92997263,0.18246983,30.13032548,331.74589000,65.48594546,1.41563462,0.13823893,0.02973337,0.01092767,1189.48259347,0.25000000,0.18606233,0.14160217,5.92739187,0.10249244,0.54415899,9.29156816,0.00059282,1.08952447,0.01167278,0.10334940,34.95084867,8.57465474,54.22213717,0.77143916,0.35106072,0.65824954,0.82460216,0.93706963,0.78479697,0.33047946,0.61970573,0.78074612,0.90915083,-23.71257005,-47.58146685,0.66622936,0.32068546,0.26578262,0.73421738,0.81803892,0.18196108,0.04771287,0.06391814,0.06232861,0.00819455,0.39070097,0.03397065,0.67821774,0.04617960,33.73241519
