Y,A,A_rep,A_hid,L,Q,K,W,P,r,taua,abar,tauk,taul,WtaxRev,KtaxRev,WtaxRev_lost,KtaxRev_lost,G,lump_sum,ylbar,WtaxPct,ShelterPct,ShelterPctP99,TaxEvasionP99,ConcealPctP99,gini,p90,p99,p999,p9999,gini_total,p90_total,p99_total,p999_total,p9999_total,welfare,welfare0,approval,approval0,conceal_share_e,conceal_share_n,evasion_share_e,evasion_share_n,conceal_frac_e,conceal_frac_n,evasion_frac_e,evasion_frac_n,shelter_pct_e,shelter_pct_n,detection_rate,detection_revenue,wtax_evasion_elast
65.56973412,2.85572580,2.85572580,0.00000000,29.60238518,258.78314869,50.97142042,1.28471146,0.15413009,0.04133473,0.03285290,35.75467820,0.25000000,0.18639139,1.80499816,6.93030231,0.00000000,0.00000000,9.18235041,0.01148311,1.01512040,0.64080665,0.00000000,0.00000000,0.00000000,0.00000000,0.75098677,0.38223024,0.70979985,0.84712519,0.93549457,0.75098677,0.38223024,0.70979985,0.84712519,0.93549457,-23.24829386,-46.21275201,0.85328238,0.50628521,-nan,-nan,-nan,-nan,0.00000000,0.00000000,0.00000000,0.00000000,0.00000000,0.00000000,-nan,0.00000000,13.37103854
