Y,A,A_rep,A_hid,L,Q,K,W,P,r,taua,abar,tauk,taul,WtaxRev,KtaxRev,WtaxRev_lost,KtaxRev_lost,G,lump_sum,ylbar,WtaxPct,ShelterPct,ShelterPctP99,TaxEvasionP99,ConcealPctP99,gini,p90,p99,p999,p9999,gini_total,p90_total,p99_total,p999_total,p9999_total,welfare,welfare0,approval,approval0,conceal_share_e,conceal_share_n,evasion_share_e,evasion_share_n,conceal_frac_e,conceal_frac_n,evasion_frac_e,evasion_frac_n,shelter_pct_e,shelter_pct_n,detection_rate,detection_revenue,wtax_evasion_elast
73.54553089,3.11280554,2.92936699,0.18343856,30.13045846,331.78776686,65.49312628,1.41571530,0.13823074,0.02972897,0.01053482,1161.20528113,0.25000000,0.18606261,0.13966311,5.92855272,0.10087885,0.54282444,9.29156816,0.00060103,1.08952447,0.01203132,0.10342176,35.24664641,8.51211233,54.26186540,0.77144490,0.35108033,0.65826572,0.82464012,0.93681130,0.78487182,0.33039106,0.61952065,0.78052904,0.90894953,-23.71169767,-47.57904573,0.67392345,0.32885374,0.26527586,0.73472414,0.81928718,0.18071282,0.04786570,0.06429657,0.06215076,0.00810308,0.39080949,0.03403428,0.67616283,0.04569894,34.37314093
