Y,A,A_rep,A_hid,L,Q,K,W,P,r,taua,abar,tauk,taul,WtaxRev,KtaxRev,WtaxRev_lost,KtaxRev_lost,G,lump_sum,ylbar,WtaxPct,ShelterPct,ShelterPctP99,TaxEvasionP99,ConcealPctP99,gini,p90,p99,p999,p9999,gini_total,p90_total,p99_total,p999_total,p9999_total,welfare,welfare0,approval,approval0,conceal_share_e,conceal_share_n,evasion_share_e,evasion_share_n,conceal_frac_e,conceal_frac_n,evasion_frac_e,evasion_frac_n,shelter_pct_e,shelter_pct_n,detection_rate,detection_revenue,wtax_evasion_elast
65.76549752,2.86415529,2.86415529,0.00000000,29.63114129,260.26038372,51.27956774,1.28729218,0.15379979,0.04105662,0.03000000,35.91549052,0.25000000,0.18636302,1.69750704,6.91984400,0.00000000,0.00000000,9.18235041,0.01092645,1.01512040,0.65239722,0.00000000,0.00000000,0.00000000,0.00000000,0.75293022,0.37906183,0.70478179,0.84385464,0.93432448,0.75293022,0.37906183,0.70478179,0.84385464,0.93432448,-23.27250287,-46.22192231,0.86901345,0.52946211,-nan,-nan,-nan,-nan,0.00000000,0.00000000,0.00000000,0.00000000,0.00000000,0.00000000,-nan,0.00000000,13.56017312
