Y,A,A_rep,A_hid,L,Q,K,W,P,r,taua,abar,tauk,taul,WtaxRev,KtaxRev,WtaxRev_lost,KtaxRev_lost,G,lump_sum,ylbar,WtaxPct,ShelterPct,ShelterPctP99,TaxEvasionP99,ConcealPctP99,gini,p90,p99,p999,p9999,gini_total,p90_total,p99_total,p999_total,p9999_total,welfare,welfare0,approval,approval0,conceal_share_e,conceal_share_n,evasion_share_e,evasion_share_n,conceal_frac_e,conceal_frac_n,evasion_frac_e,evasion_frac_n,shelter_pct_e,shelter_pct_n,detection_rate,detection_revenue,wtax_evasion_elast
73.48146893,3.11034745,2.92402152,0.18632592,30.12268005,331.14601160,65.44436831,1.41483977,0.13835025,0.02971832,0.01553667,1286.30821780,0.25000000,0.18606791,0.17089082,5.92913331,0.14456559,0.54308842,9.29156816,0.00083200,1.08952447,0.01011636,0.10293673,40.09174770,9.19807712,52.65302563,0.77116574,0.35147380,0.65968830,0.82746791,0.94058069,0.78483252,0.33041869,0.62021695,0.78236637,0.91118145,-23.70774367,-47.57835587,0.66738649,0.33186982,0.27587478,0.72412522,0.78847511,0.21152489,0.05056853,0.06443781,0.06358008,0.01010866,0.38776558,0.03416706,0.68227855,0.05113160,30.78926570
