Y,A,A_rep,A_hid,L,Q,K,W,P,r,taua,abar,tauk,taul,WtaxRev,KtaxRev,WtaxRev_lost,KtaxRev_lost,G,lump_sum,ylbar,WtaxPct,ShelterPct,ShelterPctP99,TaxEvasionP99,ConcealPctP99,gini,p90,p99,p999,p9999,gini_total,p90_total,p99_total,p999_total,p9999_total,welfare,welfare0,approval,approval0,conceal_share_e,conceal_share_n,evasion_share_e,evasion_share_n,conceal_frac_e,conceal_frac_n,evasion_frac_e,evasion_frac_n,shelter_pct_e,shelter_pct_n,detection_rate,detection_revenue,wtax_evasion_elast
65.89077400,2.87030927,2.87030927,0.00000000,29.64756469,261.21594356,51.49843613,1.28902952,0.15358531,0.04084232,0.03000000,41.20676823,0.25000000,0.18634105,1.62544552,6.91215813,0.00000000,0.00000000,9.18235041,0.01049872,1.01512040,0.70048963,0.00000000,0.00000000,0.00000000,0.00000000,0.75402480,0.37727498,0.70301522,0.84467338,0.93478230,0.75402480,0.37727498,0.70301522,0.84467338,0.93478230,-23.29013789,-46.23229861,0.87862450,0.60354642,-nan,-nan,-nan,-nan,0.00000000,0.00000000,0.00000000,0.00000000,0.00000000,0.00000000,-nan,0.00000000,13.60058651
