Y,A,A_rep,A_hid,L,Q,K,W,P,r,taua,abar,tauk,taul,WtaxRev,KtaxRev,WtaxRev_lost,KtaxRev_lost,G,lump_sum,ylbar,WtaxPct,ShelterPct,ShelterPctP99,TaxEvasionP99,ConcealPctP99,gini,p90,p99,p999,p9999,gini_total,p90_total,p99_total,p999_total,p9999_total,welfare,welfare0,approval,approval0,conceal_share_e,conceal_share_n,evasion_share_e,evasion_share_n,conceal_frac_e,conceal_frac_n,evasion_frac_e,evasion_frac_n,shelter_pct_e,shelter_pct_n,detection_rate,detection_revenue,wtax_evasion_elast
65.61301913,2.85775537,2.85775537,0.00000000,29.60808170,259.11362039,51.04118230,1.28530502,0.15405390,0.04126958,0.03260440,36.97911661,0.25000000,0.18638517,1.77936900,6.92788009,0.00000000,0.00000000,9.18235041,0.01134324,1.01512040,0.65185183,0.00000000,0.00000000,0.00000000,0.00000000,0.75140131,0.38143193,0.70896240,0.84703314,0.93550613,0.75140131,0.38143193,0.70896240,0.84703314,0.93550613,-23.25401901,-46.21573893,0.85545182,0.51003451,-nan,-nan,-nan,-nan,0.00000000,0.00000000,0.00000000,0.00000000,0.00000000,0.00000000,-nan,0.00000000,13.38082308
