Y,A,A_rep,A_hid,L,Q,K,W,P,r,taua,abar,tauk,taul,WtaxRev,KtaxRev,WtaxRev_lost,KtaxRev_lost,G,lump_sum,ylbar,WtaxPct,ShelterPct,ShelterPctP99,TaxEvasionP99,ConcealPctP99,gini,p90,p99,p999,p9999,gini_total,p90_total,p99_total,p999_total,p9999_total,welfare,welfare0,approval,approval0,conceal_share_e,conceal_share_n,evasion_share_e,evasion_share_n,conceal_frac_e,conceal_frac_n,evasion_frac_e,evasion_frac_n,shelter_pct_e,shelter_pct_n,detection_rate,detection_revenue,wtax_evasion_elast
65.57481699,2.85586105,2.85586105,0.00000000,29.60334750,258.81720204,50.97751897,1.28476393,0.15412313,0.04133050,0.03248724,35.00807924,0.25000000,0.18639213,1.80231906,6.93023029,0.00000000,0.00000000,9.18235041,0.01148316,1.01512040,0.85930603,0.00000000,0.00000000,0.00000000,0.00000000,0.75105980,0.38201712,0.70942527,0.84660780,0.93527863,0.75105980,0.38201712,0.70942527,0.84660780,0.93527863,-23.24816781,-46.21140924,0.85377809,0.50684477,-nan,-nan,-nan,-nan,0.00000000,0.00000000,0.00000000,0.00000000,0.00000000,0.00000000,-nan,0.00000000,13.40015464
