Y,A,A_rep,A_hid,L,Q,K,W,P,r,taua,abar,tauk,taul,WtaxRev,KtaxRev,WtaxRev_lost,KtaxRev_lost,G,lump_sum,ylbar,WtaxPct,ShelterPct,ShelterPctP99,TaxEvasionP99,ConcealPctP99,gini,p90,p99,p999,p9999,gini_total,p90_total,p99_total,p999_total,p9999_total,welfare,welfare0,approval,approval0,conceal_share_e,conceal_share_n,evasion_share_e,evasion_share_n,conceal_frac_e,conceal_frac_n,evasion_frac_e,evasion_frac_n,shelter_pct_e,shelter_pct_n,detection_rate,detection_revenue,wtax_evasion_elast
65.59477530,2.85685136,2.85685136,0.00000000,29.60589899,258.96870476,51.01163276,1.28504115,0.15408846,0.04129696,0.03238086,35.48315713,0.25000000,0.18638958,1.79161848,6.92902209,0.00000000,0.00000000,9.18235041,0.01142649,1.01512040,0.64047878,0.00000000,0.00000000,0.00000000,0.00000000,0.75124758,0.38173559,0.70908816,0.84655256,0.93526927,0.75124758,0.38173559,0.70908816,0.84655256,0.93526927,-23.25019088,-46.21132753,0.85552337,0.50995681,-nan,-nan,-nan,-nan,0.00000000,0.00000000,0.00000000,0.00000000,0.00000000,0.00000000,-nan,0.00000000,13.40536469
