Y,A,A_rep,A_hid,L,Q,K,W,P,r,taua,abar,tauk,taul,WtaxRev,KtaxRev,WtaxRev_lost,KtaxRev_lost,G,lump_sum,ylbar,WtaxPct,ShelterPct,ShelterPctP99,TaxEvasionP99,ConcealPctP99,gini,p90,p99,p999,p9999,gini_total,p90_total,p99_total,p999_total,p9999_total,welfare,welfare0,approval,approval0,conceal_share_e,conceal_share_n,evasion_share_e,evasion_share_n,conceal_frac_e,conceal_frac_n,evasion_frac_e,evasion_frac_n,shelter_pct_e,shelter_pct_n,detection_rate,detection_revenue,wtax_evasion_elast
65.59683143,2.85692283,2.85692283,0.00000000,29.60619398,258.98628047,51.01428072,1.28507073,0.15408416,0.04129525,0.03232828,35.40899519,0.25000000,0.18638924,1.79072721,6.92891618,0.00000000,0.00000000,9.18235041,0.01142426,1.01512040,0.64001719,0.00000000,0.00000000,0.00000000,0.00000000,0.75126549,0.38171726,0.70901557,0.84648344,0.93523106,0.75126549,0.38171726,0.70901557,0.84648344,0.93523106,-23.25009774,-46.21073006,0.85572759,0.50995681,-nan,-nan,-nan,-nan,0.00000000,0.00000000,0.00000000,0.00000000,0.00000000,0.00000000,-nan,0.00000000,13.40903484
