Y,A,A_rep,A_hid,L,Q,K,W,P,r,taua,abar,tauk,taul,WtaxRev,KtaxRev,WtaxRev_lost,KtaxRev_lost,G,lump_sum,ylbar,WtaxPct,ShelterPct,ShelterPctP99,TaxEvasionP99,ConcealPctP99,gini,p90,p99,p999,p9999,gini_total,p90_total,p99_total,p999_total,p9999_total,welfare,welfare0,approval,approval0,conceal_share_e,conceal_share_n,evasion_share_e,evasion_share_n,conceal_frac_e,conceal_frac_n,evasion_frac_e,evasion_frac_n,shelter_pct_e,shelter_pct_n,detection_rate,detection_revenue,wtax_evasion_elast
73.66431474,3.11800913,2.94780306,0.17020607,30.14584108,332.87892380,65.64646110,1.41727090,0.13804467,0.02967074,0.00478827,1301.38975338,0.25000000,0.18604921,0.06588280,5.94220472,0.03978678,0.53284460,9.29156816,0.00020550,1.08952447,0.01160122,0.10094249,31.58569995,7.99800961,54.12649507,0.77286661,0.34884022,0.65336716,0.81764957,0.93220565,0.78522589,0.32979771,0.61774576,0.77738403,0.90581514,-23.72263473,-47.58475412,0.58103989,0.20678433,0.27126037,0.72873963,0.88137715,0.11862285,0.04536039,0.05906029,0.05996601,0.00475222,0.38504127,0.03234909,0.67898776,0.04201299,51.23411425
