Y,A,A_rep,A_hid,L,Q,K,W,P,r,taua,abar,tauk,taul,WtaxRev,KtaxRev,WtaxRev_lost,KtaxRev_lost,G,lump_sum,ylbar,WtaxPct,ShelterPct,ShelterPctP99,TaxEvasionP99,ConcealPctP99,gini,p90,p99,p999,p9999,gini_total,p90_total,p99_total,p999_total,p9999_total,welfare,welfare0,approval,approval0,conceal_share_e,conceal_share_n,evasion_share_e,evasion_share_n,conceal_frac_e,conceal_frac_n,evasion_frac_e,evasion_frac_n,shelter_pct_e,shelter_pct_n,detection_rate,detection_revenue,wtax_evasion_elast
65.58255853,2.85625217,2.85625217,0.00000000,29.60451482,258.88674137,50.99380604,1.28489066,0.15410734,0.04131405,0.03253515,35.40562724,0.25000000,0.18638973,1.79806145,6.92939534,0.00000000,0.00000000,9.18235041,0.01145262,1.01512040,0.63918189,0.00000000,0.00000000,0.00000000,0.00000000,0.75112393,0.38189852,0.70940442,0.84671843,0.93532597,0.75112393,0.38189852,0.70940442,0.84671843,0.93532597,-23.24938912,-46.21186309,0.85477576,0.50711311,-nan,-nan,-nan,-nan,0.00000000,0.00000000,0.00000000,0.00000000,0.00000000,0.00000000,-nan,0.00000000,13.39896686
