Y,A,A_rep,A_hid,L,Q,K,W,P,r,taua,abar,tauk,taul,WtaxRev,KtaxRev,WtaxRev_lost,KtaxRev_lost,G,lump_sum,ylbar,WtaxPct,ShelterPct,ShelterPctP99,TaxEvasionP99,ConcealPctP99,gini,p90,p99,p999,p9999,gini_total,p90_total,p99_total,p999_total,p9999_total,welfare,welfare0,approval,approval0,conceal_share_e,conceal_share_n,evasion_share_e,evasion_share_n,conceal_frac_e,conceal_frac_n,evasion_frac_e,evasion_frac_n,shelter_pct_e,shelter_pct_n,detection_rate,detection_revenue,wtax_evasion_elast
65.12555202,2.83841720,2.83841720,0.00000000,29.53787440,255.34081473,50.36147272,1.27879996,0.15494272,0.04181504,0.04622443,48.44782736,0.25000000,0.18643417,2.00980219,6.95183632,0.00000000,0.00000000,9.18235041,0.01220405,1.01512040,0.56112395,0.00000000,0.00000000,0.00000000,0.00000000,0.74674430,0.38838712,0.72384082,0.86314694,0.94202804,0.74674430,0.38838712,0.72384082,0.86314694,0.94202804,-23.23804257,-46.28172388,0.80420439,0.43423996,-nan,-nan,-nan,-nan,0.00000000,0.00000000,0.00000000,0.00000000,0.00000000,0.00000000,-nan,0.00000000,12.62888149
