Y,A,A_rep,A_hid,L,Q,K,W,P,r,taua,abar,tauk,taul,WtaxRev,KtaxRev,WtaxRev_lost,KtaxRev_lost,G,lump_sum,ylbar,WtaxPct,ShelterPct,ShelterPctP99,TaxEvasionP99,ConcealPctP99,gini,p90,p99,p999,p9999,gini_total,p90_total,p99_total,p999_total,p9999_total,welfare,welfare0,approval,approval0,conceal_share_e,conceal_share_n,evasion_share_e,evasion_share_n,conceal_frac_e,conceal_frac_n,evasion_frac_e,evasion_frac_n,shelter_pct_e,shelter_pct_n,detection_rate,detection_revenue,wtax_evasion_elast
65.59153138,2.85665901,2.85665901,0.00000000,29.60562793,258.94779098,51.00631961,1.28500006,0.15409336,0.04130274,0.03244795,35.51188477,0.25000000,0.18638856,1.79368346,6.92907660,0.00000000,0.00000000,9.18235041,0.01142814,1.01512040,0.64045252,0.00000000,0.00000000,0.00000000,0.00000000,0.75121328,0.38177984,0.70918858,0.84663175,0.93529819,0.75121328,0.38177984,0.70918858,0.84663175,0.93529819,-23.25064898,-46.21276691,0.85518435,0.50995681,-nan,-nan,-nan,-nan,0.00000000,0.00000000,0.00000000,0.00000000,0.00000000,0.00000000,-nan,0.00000000,13.40003831
