Y,A,A_rep,A_hid,L,Q,K,W,P,r,taua,abar,tauk,taul,WtaxRev,KtaxRev,WtaxRev_lost,KtaxRev_lost,G,lump_sum,ylbar,WtaxPct,ShelterPct,ShelterPctP99,TaxEvasionP99,ConcealPctP99,gini,p90,p99,p999,p9999,gini_total,p90_total,p99_total,p999_total,p9999_total,welfare,welfare0,approval,approval0,conceal_share_e,conceal_share_n,evasion_share_e,evasion_share_n,conceal_frac_e,conceal_frac_n,evasion_frac_e,evasion_frac_n,shelter_pct_e,shelter_pct_n,detection_rate,detection_revenue,wtax_evasion_elast
73.47609107,3.10989863,2.90695657,0.20294206,30.12192252,331.11365292,65.42780063,1.41478003,0.13835319,0.02973319,0.01286880,890.67364661,0.25000000,0.18606927,0.18959623,5.91513783,0.15384759,0.54524550,9.29156816,0.00084461,1.08952447,0.01561961,0.10444562,40.53977782,9.01899802,56.16943970,0.76978602,0.35360431,0.66364859,0.83237941,0.93960417,0.78476455,0.33052922,0.62038844,0.78255954,0.91078038,-23.70669426,-47.57707290,0.67325783,0.33483099,0.25863577,0.74136423,0.77567014,0.22432986,0.05164662,0.07186356,0.06353886,0.01089237,0.38911539,0.03571436,0.67432387,0.04907182,33.09199448
