Y,A,A_rep,A_hid,L,Q,K,W,P,r,taua,abar,tauk,taul,WtaxRev,KtaxRev,WtaxRev_lost,KtaxRev_lost,G,lump_sum,ylbar,WtaxPct,ShelterPct,ShelterPctP99,TaxEvasionP99,ConcealPctP99,gini,p90,p99,p999,p9999,gini_total,p90_total,p99_total,p999_total,p9999_total,welfare,welfare0,approval,approval0,conceal_share_e,conceal_share_n,evasion_share_e,evasion_share_n,conceal_frac_e,conceal_frac_n,evasion_frac_e,evasion_frac_n,shelter_pct_e,shelter_pct_n,detection_rate,detection_revenue,wtax_evasion_elast
65.37572129,2.84969933,2.84969933,0.00000000,29.57373540,257.20041009,50.78025935,1.28214459,0.15452392,0.04140673,0.04666096,61.61433539,0.25000000,0.18638993,1.86554484,6.93778906,0.00000000,0.00000000,9.18235041,0.01139368,1.01512040,0.38282372,0.00000000,0.00000000,0.00000000,0.00000000,0.74912597,0.38452024,0.71869486,0.86436410,0.94300338,0.74912597,0.38452024,0.71869486,0.86436410,0.94300338,-23.27523823,-46.30306398,0.80891869,0.43638756,-nan,-nan,-nan,-nan,0.00000000,0.00000000,0.00000000,0.00000000,0.00000000,0.00000000,-nan,0.00000000,12.63174110
