Y,A,A_rep,A_hid,L,Q,K,W,P,r,taua,abar,tauk,taul,WtaxRev,KtaxRev,WtaxRev_lost,KtaxRev_lost,G,lump_sum,ylbar,WtaxPct,ShelterPct,ShelterPctP99,TaxEvasionP99,ConcealPctP99,gini,p90,p99,p999,p9999,gini_total,p90_total,p99_total,p999_total,p9999_total,welfare,welfare0,approval,approval0,conceal_share_e,conceal_share_n,evasion_share_e,evasion_share_n,conceal_frac_e,conceal_frac_n,evasion_frac_e,evasion_frac_n,shelter_pct_e,shelter_pct_n,detection_rate,detection_revenue,wtax_evasion_elast
65.91515589,2.87145014,2.87145014,0.00000000,29.65085387,261.40306010,51.53861385,1.28936291,0.15354310,0.04080506,0.03000000,42.51914299,0.25000000,0.18633573,1.61120928,6.91076154,0.00000000,0.00000000,9.18235041,0.01041186,1.01512040,0.55094574,0.00000000,0.00000000,0.00000000,0.00000000,0.75426919,0.37687917,0.70253842,0.84476872,0.93486440,0.75426919,0.37687917,0.70253842,0.84476872,0.93486440,-23.29440541,-46.23533182,0.88011920,0.60750392,-nan,-nan,-nan,-nan,0.00000000,0.00000000,0.00000000,0.00000000,0.00000000,0.00000000,-nan,0.00000000,13.59060604
