Y,A,A_rep,A_hid,L,Q,K,W,P,r,taua,abar,tauk,taul,WtaxRev,KtaxRev,WtaxRev_lost,KtaxRev_lost,G,lump_sum,ylbar,WtaxPct,ShelterPct,ShelterPctP99,TaxEvasionP99,ConcealPctP99,gini,p90,p99,p999,p9999,gini_total,p90_total,p99_total,p999_total,p9999_total,welfare,welfare0,approval,approval0,conceal_share_e,conceal_share_n,evasion_share_e,evasion_share_n,conceal_frac_e,conceal_frac_n,evasion_frac_e,evasion_frac_n,shelter_pct_e,shelter_pct_n,detection_rate,detection_revenue,wtax_evasion_elast
65.61321406,2.85761459,2.85761459,0.00000000,29.60865045,259.11462894,51.03977197,1.28529303,0.15405498,0.04127306,0.03224749,35.92112584,0.25000000,0.18638467,1.78100458,6.92797779,0.00000000,0.00000000,9.18235041,0.01135638,1.01512040,0.64410403,0.00000000,0.00000000,0.00000000,0.00000000,0.75141769,0.38147392,0.70879840,0.84646865,0.93525302,0.75141769,0.38147392,0.70879840,0.84646865,0.93525302,-23.25379101,-46.21531603,0.85578985,0.51003254,-nan,-nan,-nan,-nan,0.00000000,0.00000000,0.00000000,0.00000000,0.00000000,0.00000000,-nan,0.00000000,13.40906285
