Y,A,A_rep,A_hid,L,Q,K,W,P,r,taua,abar,tauk,taul,WtaxRev,KtaxRev,WtaxRev_lost,KtaxRev_lost,G,lump_sum,ylbar,WtaxPct,ShelterPct,ShelterPctP99,TaxEvasionP99,ConcealPctP99,gini,p90,p99,p999,p9999,gini_total,p90_total,p99_total,p999_total,p9999_total,welfare,welfare0,approval,approval0,conceal_share_e,conceal_share_n,evasion_share_e,evasion_share_n,conceal_frac_e,conceal_frac_n,evasion_frac_e,evasion_frac_n,shelter_pct_e,shelter_pct_n,detection_rate,detection_revenue,wtax_evasion_elast
65.08552714,2.83683408,2.83683408,0.00000000,29.53230864,255.02686307,50.30567559,1.27825161,0.15501864,0.04186015,0.04721022,48.82071338,0.25000000,0.18643920,2.02850393,6.95388644,0.00000000,0.00000000,9.18235041,0.01227055,1.01512040,0.42489735,0.00000000,0.00000000,0.00000000,0.00000000,0.74639436,0.38896392,0.72499724,0.86414100,0.94242339,0.74639436,0.38896392,0.72499724,0.86414100,0.94242339,-23.23748705,-46.29005150,0.80112994,0.43423996,-nan,-nan,-nan,-nan,0.00000000,0.00000000,0.00000000,0.00000000,0.00000000,0.00000000,-nan,0.00000000,12.57168868
