Y,A,A_rep,A_hid,L,Q,K,W,P,r,taua,abar,tauk,taul,WtaxRev,KtaxRev,WtaxRev_lost,KtaxRev_lost,G,lump_sum,ylbar,WtaxPct,ShelterPct,ShelterPctP99,TaxEvasionP99,ConcealPctP99,gini,p90,p99,p999,p9999,gini_total,p90_total,p99_total,p999_total,p9999_total,welfare,welfare0,approval,approval0,conceal_share_e,conceal_share_n,evasion_share_e,evasion_share_n,conceal_frac_e,conceal_frac_n,evasion_frac_e,evasion_frac_n,shelter_pct_e,shelter_pct_n,detection_rate,detection_revenue,wtax_evasion_elast
65.55970254,2.85531445,2.85531445,0.00000000,29.60083699,258.70243319,50.95443399,1.28457001,0.15414826,0.04135030,0.03297072,35.74118308,0.25000000,0.18639372,1.80929632,6.93100363,0.00000000,0.00000000,9.18235041,0.01150721,1.01512040,0.64028730,0.00000000,0.00000000,0.00000000,0.00000000,0.75090374,0.38233711,0.71001539,0.84725442,0.93553891,0.75090374,0.38233711,0.71001539,0.84725442,0.93553891,-23.24756738,-46.21320214,0.85190094,0.50624155,-nan,-nan,-nan,-nan,0.00000000,0.00000000,0.00000000,0.00000000,0.00000000,0.00000000,-nan,0.00000000,13.36584325
