Y,A,A_rep,A_hid,L,Q,K,W,P,r,taua,abar,tauk,taul,WtaxRev,KtaxRev,WtaxRev_lost,KtaxRev_lost,G,lump_sum,ylbar,WtaxPct,ShelterPct,ShelterPctP99,TaxEvasionP99,ConcealPctP99,gini,p90,p99,p999,p9999,gini_total,p90_total,p99_total,p999_total,p9999_total,welfare,welfare0,approval,approval0,conceal_share_e,conceal_share_n,evasion_share_e,evasion_share_n,conceal_frac_e,conceal_frac_n,evasion_frac_e,evasion_frac_n,shelter_pct_e,shelter_pct_n,detection_rate,detection_revenue,wtax_evasion_elast
65.56529987,2.85558634,2.85558634,0.00000000,29.60150584,258.74894182,50.96391192,1.28465512,0.15413705,0.04134145,0.03300225,36.04597789,0.25000000,0.18639249,1.80642205,6.93059341,0.00000000,0.00000000,9.18235041,0.01149248,1.01512040,0.64254409,0.00000000,0.00000000,0.00000000,0.00000000,0.75094099,0.38226929,0.70996193,0.84734146,0.93558379,0.75094099,0.38226929,0.70996193,0.84734146,0.93558379,-23.24767382,-46.21237802,0.85312709,0.50629903,-nan,-nan,-nan,-nan,0.00000000,0.00000000,0.00000000,0.00000000,0.00000000,0.00000000,-nan,0.00000000,13.35847527
