Y,A,A_rep,A_hid,L,Q,K,W,P,r,taua,abar,tauk,taul,WtaxRev,KtaxRev,WtaxRev_lost,KtaxRev_lost,G,lump_sum,ylbar,WtaxPct,ShelterPct,ShelterPctP99,TaxEvasionP99,ConcealPctP99,gini,p90,p99,p999,p9999,gini_total,p90_total,p99_total,p999_total,p9999_total,welfare,welfare0,approval,approval0,conceal_share_e,conceal_share_n,evasion_share_e,evasion_share_n,conceal_frac_e,conceal_frac_n,evasion_frac_e,evasion_frac_n,shelter_pct_e,shelter_pct_n,detection_rate,detection_revenue,wtax_evasion_elast
65.58361348,2.85636024,2.85636024,0.00000000,29.60417276,258.88553147,50.99297108,1.28489539,0.15410652,0.04131468,0.03259599,35.61425823,0.25000000,0.18639088,1.79763561,6.92965515,0.00000000,0.00000000,9.18235041,0.01145607,1.01512040,0.64071640,0.00000000,0.00000000,0.00000000,0.00000000,0.75112720,0.38186692,0.70940639,0.84682768,0.93537460,0.75112720,0.38186692,0.70940639,0.84682768,0.93537460,-23.24885253,-46.21097820,0.85493175,0.50995681,-nan,-nan,-nan,-nan,0.00000000,0.00000000,0.00000000,0.00000000,0.00000000,0.00000000,-nan,0.00000000,13.38978825
