Y,A,A_rep,A_hid,L,Q,K,W,P,r,taua,abar,tauk,taul,WtaxRev,KtaxRev,WtaxRev_lost,KtaxRev_lost,G,lump_sum,ylbar,WtaxPct,ShelterPct,ShelterPctP99,TaxEvasionP99,ConcealPctP99,gini,p90,p99,p999,p9999,gini_total,p90_total,p99_total,p999_total,p9999_total,welfare,welfare0,approval,approval0,conceal_share_e,conceal_share_n,evasion_share_e,evasion_share_n,conceal_frac_e,conceal_frac_n,evasion_frac_e,evasion_frac_n,shelter_pct_e,shelter_pct_n,detection_rate,detection_revenue,wtax_evasion_elast
65.53627456,2.85444939,2.85444939,0.00000000,29.59711732,258.53941802,50.92123241,1.28429435,0.15418343,0.04137887,0.03382294,37.08483871,0.25000000,0.18639498,1.82048968,6.93178878,0.00000000,0.00000000,9.18235041,0.01153900,1.01512040,0.64915803,0.00000000,0.00000000,0.00000000,0.00000000,0.75063839,0.38261609,0.71099343,0.84846308,0.93605229,0.75063839,0.38261609,0.71099343,0.84846308,0.93605229,-23.24647963,-46.21604492,0.84964401,0.50011829,-nan,-nan,-nan,-nan,0.00000000,0.00000000,0.00000000,0.00000000,0.00000000,0.00000000,-nan,0.00000000,13.30396839
