Y,A,A_rep,A_hid,L,Q,K,W,P,r,taua,abar,tauk,taul,WtaxRev,KtaxRev,WtaxRev_lost,KtaxRev_lost,G,lump_sum,ylbar,WtaxPct,ShelterPct,ShelterPctP99,TaxEvasionP99,ConcealPctP99,gini,p90,p99,p999,p9999,gini_total,p90_total,p99_total,p999_total,p9999_total,welfare,welfare0,approval,approval0,conceal_share_e,conceal_share_n,evasion_share_e,evasion_share_n,conceal_frac_e,conceal_frac_n,evasion_frac_e,evasion_frac_n,shelter_pct_e,shelter_pct_n,detection_rate,detection_revenue,wtax_evasion_elast
64.66908294,2.81523427,2.81523427,0.00000000,29.48013344,251.90602902,49.54598967,1.27233882,0.15574557,0.04267333,0.04330605,29.46182706,0.25000000,0.18650967,2.26658497,6.98072646,0.00000000,0.00000000,9.18235041,0.01360193,1.01512040,1.10216876,0.00000000,0.00000000,0.00000000,0.00000000,0.74219726,0.39566742,0.72890653,0.85690808,0.93872982,0.74219726,0.39566742,0.72890653,0.85690808,0.93872982,-23.18445049,-46.27409227,0.79187558,0.41840837,-nan,-nan,-nan,-nan,0.00000000,0.00000000,0.00000000,0.00000000,0.00000000,0.00000000,-nan,0.00000000,12.75388334
