Y,A,A_rep,A_hid,L,Q,K,W,P,r,taua,abar,tauk,taul,WtaxRev,KtaxRev,WtaxRev_lost,KtaxRev_lost,G,lump_sum,ylbar,WtaxPct,ShelterPct,ShelterPctP99,TaxEvasionP99,ConcealPctP99,gini,p90,p99,p999,p9999,gini_total,p90_total,p99_total,p999_total,p9999_total,welfare,welfare0,approval,approval0,conceal_share_e,conceal_share_n,evasion_share_e,evasion_share_n,conceal_frac_e,conceal_frac_n,evasion_frac_e,evasion_frac_n,shelter_pct_e,shelter_pct_n,detection_rate,detection_revenue,wtax_evasion_elast
65.58959755,2.85659871,2.85659871,0.00000000,29.60521191,258.92901167,51.00251983,1.28496846,0.15409745,0.04130600,0.03241301,35.35320246,0.25000000,0.18639035,1.79452728,6.92938640,0.00000000,0.00000000,9.18235041,0.01144360,1.01512040,0.63924105,0.00000000,0.00000000,0.00000000,0.00000000,0.75119842,0.38180787,0.70919911,0.84657252,0.93527199,0.75119842,0.38180787,0.70919911,0.84657252,0.93527199,-23.24951205,-46.21100050,0.85530184,0.50995652,-nan,-nan,-nan,-nan,0.00000000,0.00000000,0.00000000,0.00000000,0.00000000,0.00000000,-nan,0.00000000,13.40441934
