Y,A,A_rep,A_hid,L,Q,K,W,P,r,taua,abar,tauk,taul,WtaxRev,KtaxRev,WtaxRev_lost,KtaxRev_lost,G,lump_sum,ylbar,WtaxPct,ShelterPct,ShelterPctP99,TaxEvasionP99,ConcealPctP99,gini,p90,p99,p999,p9999,gini_total,p90_total,p99_total,p999_total,p9999_total,welfare,welfare0,approval,approval0,conceal_share_e,conceal_share_n,evasion_share_e,evasion_share_n,conceal_frac_e,conceal_frac_n,evasion_frac_e,evasion_frac_n,shelter_pct_e,shelter_pct_n,detection_rate,detection_revenue,wtax_evasion_elast
65.46473930,2.85006395,2.85006395,0.00000000,29.59025025,257.98758887,50.77981534,1.28320773,0.15431382,0.04153465,0.03280836,32.66839138,0.25000000,0.18640537,1.85662148,6.93698923,0.00000000,0.00000000,9.18235041,0.01173521,1.01512040,0.80652623,0.00000000,0.00000000,0.00000000,0.00000000,0.74996954,0.38372965,0.71088847,0.84637877,0.93510106,0.74996954,0.38372965,0.71088847,0.84637877,0.93510106,-23.24161660,-46.22338060,0.84354684,0.47306081,-nan,-nan,-nan,-nan,0.00000000,0.00000000,0.00000000,0.00000000,0.00000000,0.00000000,-nan,0.00000000,13.35661939
