Y,A,A_rep,A_hid,L,Q,K,W,P,r,taua,abar,tauk,taul,WtaxRev,KtaxRev,WtaxRev_lost,KtaxRev_lost,G,lump_sum,ylbar,WtaxPct,ShelterPct,ShelterPctP99,TaxEvasionP99,ConcealPctP99,gini,p90,p99,p999,p9999,gini_total,p90_total,p99_total,p999_total,p9999_total,welfare,welfare0,approval,approval0,conceal_share_e,conceal_share_n,evasion_share_e,evasion_share_n,conceal_frac_e,conceal_frac_n,evasion_frac_e,evasion_frac_n,shelter_pct_e,shelter_pct_n,detection_rate,detection_revenue,wtax_evasion_elast
65.53258294,2.85412919,2.85412919,0.00000000,29.59683686,258.50082119,50.91022140,1.28421419,0.15419290,0.04139196,0.03324167,35.33531985,0.25000000,0.18639866,1.82424394,6.93244954,0.00000000,0.00000000,9.18235041,0.01158707,1.01512040,0.63635869,0.00000000,0.00000000,0.00000000,0.00000000,0.75068264,0.38261122,0.71060997,0.84752958,0.93563354,0.75068264,0.38261122,0.71060997,0.84752958,0.93563354,-23.24446059,-46.21262409,0.85102333,0.50156464,-nan,-nan,-nan,-nan,0.00000000,0.00000000,0.00000000,0.00000000,0.00000000,0.00000000,-nan,0.00000000,13.35526037
