Y,A,A_rep,A_hid,L,Q,K,W,P,r,taua,abar,tauk,taul,WtaxRev,KtaxRev,WtaxRev_lost,KtaxRev_lost,G,lump_sum,ylbar,WtaxPct,ShelterPct,ShelterPctP99,TaxEvasionP99,ConcealPctP99,gini,p90,p99,p999,p9999,gini_total,p90_total,p99_total,p999_total,p9999_total,welfare,welfare0,approval,approval0,conceal_share_e,conceal_share_n,evasion_share_e,evasion_share_n,conceal_frac_e,conceal_frac_n,evasion_frac_e,evasion_frac_n,shelter_pct_e,shelter_pct_n,detection_rate,detection_revenue,wtax_evasion_elast
59.41141056,2.42569209,2.42569209,0.00000000,29.45673440,209.57426899,37.30369848,1.16980054,0.16884559,0.06307715,0.03000000,1.38068204,0.25000000,0.18681375,5.02177473,7.46796979,0.00000000,0.00000000,9.18235041,0.02556747,1.01512040,39.91941191,0.00000000,0.00000000,0.00000000,0.00000000,0.74748969,0.34604147,0.61786309,0.77792688,0.90959392,0.74748969,0.34604147,0.61786309,0.77792688,0.90959392,-24.19648732,-49.34442631,0.44457098,0.07967927,-nan,-nan,-nan,-nan,0.00000000,0.00000000,0.00000000,0.00000000,0.00000000,0.00000000,-nan,0.00000000,16.00074425
