Y,A,A_rep,A_hid,L,Q,K,W,P,r,taua,abar,tauk,taul,WtaxRev,KtaxRev,WtaxRev_lost,KtaxRev_lost,G,lump_sum,ylbar,WtaxPct,ShelterPct,ShelterPctP99,TaxEvasionP99,ConcealPctP99,gini,p90,p99,p999,p9999,gini_total,p90_total,p99_total,p999_total,p9999_total,welfare,welfare0,approval,approval0,conceal_share_e,conceal_share_n,evasion_share_e,evasion_share_n,conceal_frac_e,conceal_frac_n,evasion_frac_e,evasion_frac_n,shelter_pct_e,shelter_pct_n,detection_rate,detection_revenue,wtax_evasion_elast
65.77560872,2.86462260,2.86462260,0.00000000,29.63253179,260.33610544,51.29706799,1.28742872,0.15378305,0.04103948,0.03000000,36.37191368,0.25000000,0.18636132,1.69156505,6.91927757,0.00000000,0.00000000,9.18235041,0.01089056,1.01512040,0.65590674,0.00000000,0.00000000,0.00000000,0.00000000,0.75300605,0.37891965,0.70466883,0.84390344,0.93435174,0.75300605,0.37891965,0.70466883,0.84390344,0.93435174,-23.27397226,-46.22280407,0.86936953,0.53006534,-nan,-nan,-nan,-nan,0.00000000,0.00000000,0.00000000,0.00000000,0.00000000,0.00000000,-nan,0.00000000,13.55834972
