Y,A,A_rep,A_hid,L,Q,K,W,P,r,taua,abar,tauk,taul,WtaxRev,KtaxRev,WtaxRev_lost,KtaxRev_lost,G,lump_sum,ylbar,WtaxPct,ShelterPct,ShelterPctP99,TaxEvasionP99,ConcealPctP99,gini,p90,p99,p999,p9999,gini_total,p90_total,p99_total,p999_total,p9999_total,welfare,welfare0,approval,approval0,conceal_share_e,conceal_share_n,evasion_share_e,evasion_share_n,conceal_frac_e,conceal_frac_n,evasion_frac_e,evasion_frac_n,shelter_pct_e,shelter_pct_n,detection_rate,detection_revenue,wtax_evasion_elast
65.81793047,2.86668786,2.86668786,0.00000000,29.63773724,260.66686189,51.36805134,1.28803077,0.15370625,0.04097217,0.03000000,38.21862929,0.25000000,0.18635349,1.66739601,6.91670052,0.00000000,0.00000000,9.18235041,0.01074851,1.01512040,0.67126796,0.00000000,0.00000000,0.00000000,0.00000000,0.75338144,0.37831535,0.70406662,0.84420105,0.93453127,0.75338144,0.37831535,0.70406662,0.84420105,0.93453127,-23.27931392,-46.22581959,0.87397646,0.60290131,-nan,-nan,-nan,-nan,0.00000000,0.00000000,0.00000000,0.00000000,0.00000000,0.00000000,-nan,0.00000000,13.55301546
