Y,A,A_rep,A_hid,L,Q,K,W,P,r,taua,abar,tauk,taul,WtaxRev,KtaxRev,WtaxRev_lost,KtaxRev_lost,G,lump_sum,ylbar,WtaxPct,ShelterPct,ShelterPctP99,TaxEvasionP99,ConcealPctP99,gini,p90,p99,p999,p9999,gini_total,p90_total,p99_total,p999_total,p9999_total,welfare,welfare0,approval,approval0,conceal_share_e,conceal_share_n,evasion_share_e,evasion_share_n,conceal_frac_e,conceal_frac_n,evasion_frac_e,evasion_frac_n,shelter_pct_e,shelter_pct_n,detection_rate,detection_revenue,wtax_evasion_elast
65.59288768,2.85681583,2.85681583,0.00000000,29.60546886,258.94871385,51.00633544,1.28500522,0.15409258,0.04130254,0.03244460,35.58560585,0.25000000,0.18638991,1.79269794,6.92938557,0.00000000,0.00000000,9.18235041,0.01143032,1.01512040,0.64094016,0.00000000,0.00000000,0.00000000,0.00000000,0.75122205,0.38175813,0.70916327,0.84663237,0.93530061,0.75122205,0.38175813,0.70916327,0.84663237,0.93530061,-23.25018916,-46.21205319,0.85522688,0.50995691,-nan,-nan,-nan,-nan,0.00000000,0.00000000,0.00000000,0.00000000,0.00000000,0.00000000,-nan,0.00000000,13.39773633
