Y,A,A_rep,A_hid,L,Q,K,W,P,r,taua,abar,tauk,taul,WtaxRev,KtaxRev,WtaxRev_lost,KtaxRev_lost,G,lump_sum,ylbar,WtaxPct,ShelterPct,ShelterPctP99,TaxEvasionP99,ConcealPctP99,gini,p90,p99,p999,p9999,gini_total,p90_total,p99_total,p999_total,p9999_total,welfare,welfare0,approval,approval0,conceal_share_e,conceal_share_n,evasion_share_e,evasion_share_n,conceal_frac_e,conceal_frac_n,evasion_frac_e,evasion_frac_n,shelter_pct_e,shelter_pct_n,detection_rate,detection_revenue,wtax_evasion_elast
73.42371743,3.10942873,2.88794307,0.22148565,30.12437385,330.27468518,65.58342278,1.41370860,0.13857664,0.02949075,0.01624312,890.61332741,0.25000000,0.18606455,0.19555268,5.90133423,0.22728522,0.54683457,9.29156816,0.00072350,1.08952447,0.01516848,0.10625609,57.25744758,10.88476658,53.96559347,0.76910505,0.35485916,0.66740929,0.83906844,0.94746451,0.78550686,0.32958243,0.61992997,0.78377964,0.91302961,-23.74378031,-47.65050789,0.46185415,0.06179208,0.29159194,0.70840806,0.74806143,0.25193857,0.06339567,0.07504795,0.06748846,0.01352631,0.39642017,0.03619828,0.67201878,0.06451869,38.68931695
