Y,A,A_rep,A_hid,L,Q,K,W,P,r,taua,abar,tauk,taul,WtaxRev,KtaxRev,WtaxRev_lost,KtaxRev_lost,G,lump_sum,ylbar,WtaxPct,ShelterPct,ShelterPctP99,TaxEvasionP99,ConcealPctP99,gini,p90,p99,p999,p9999,gini_total,p90_total,p99_total,p999_total,p9999_total,welfare,welfare0,approval,approval0,conceal_share_e,conceal_share_n,evasion_share_e,evasion_share_n,conceal_frac_e,conceal_frac_n,evasion_frac_e,evasion_frac_n,shelter_pct_e,shelter_pct_n,detection_rate,detection_revenue,wtax_evasion_elast
65.58156531,2.85628369,2.85628369,0.00000000,29.60397328,258.87698412,50.99059026,1.28487845,0.15410821,0.04131723,0.03262989,35.67105692,0.25000000,0.18639109,1.79792341,6.92962312,0.00000000,0.00000000,9.18235041,0.01145727,1.01512040,0.64094671,0.00000000,0.00000000,0.00000000,0.00000000,0.75110989,0.38188973,0.70947416,0.84687701,0.93539607,0.75110989,0.38188973,0.70947416,0.84687701,0.93539607,-23.24865831,-46.21080792,0.85488027,0.50711351,-nan,-nan,-nan,-nan,0.00000000,0.00000000,0.00000000,0.00000000,0.00000000,0.00000000,-nan,0.00000000,13.39035527
