Y,A,A_rep,A_hid,L,Q,K,W,P,r,taua,abar,tauk,taul,WtaxRev,KtaxRev,WtaxRev_lost,KtaxRev_lost,G,lump_sum,ylbar,WtaxPct,ShelterPct,ShelterPctP99,TaxEvasionP99,ConcealPctP99,gini,p90,p99,p999,p9999,gini_total,p90_total,p99_total,p999_total,p9999_total,welfare,welfare0,approval,approval0,conceal_share_e,conceal_share_n,evasion_share_e,evasion_share_n,conceal_frac_e,conceal_frac_n,evasion_frac_e,evasion_frac_n,shelter_pct_e,shelter_pct_n,detection_rate,detection_revenue,wtax_evasion_elast
65.91516865,2.87144947,2.87144947,0.00000000,29.65086007,261.40322204,51.53865734,1.28936315,0.15354308,0.04080502,0.03000000,42.51953789,0.25000000,0.18633571,1.61120373,6.91075699,0.00000000,0.00000000,9.18235041,0.01041170,1.01512040,0.55094574,0.00000000,0.00000000,0.00000000,0.00000000,0.75426919,0.37687919,0.70253841,0.84476871,0.93486439,0.75426919,0.37687919,0.70253841,0.84476871,0.93486439,-23.29441885,-46.23535477,0.88011920,0.60750392,-nan,-nan,-nan,-nan,0.00000000,0.00000000,0.00000000,0.00000000,0.00000000,0.00000000,-nan,0.00000000,13.59062787
