Y,A,A_rep,A_hid,L,Q,K,W,P,r,taua,abar,tauk,taul,WtaxRev,KtaxRev,WtaxRev_lost,KtaxRev_lost,G,lump_sum,ylbar,WtaxPct,ShelterPct,ShelterPctP99,TaxEvasionP99,ConcealPctP99,gini,p90,p99,p999,p9999,gini_total,p90_total,p99_total,p999_total,p9999_total,welfare,welfare0,approval,approval0,conceal_share_e,conceal_share_n,evasion_share_e,evasion_share_n,conceal_frac_e,conceal_frac_n,evasion_frac_e,evasion_frac_n,shelter_pct_e,shelter_pct_n,detection_rate,detection_revenue,wtax_evasion_elast
65.59487042,2.85683068,2.85683068,0.00000000,29.60600206,258.96813712,51.01056823,1.28503627,0.15408873,0.04129885,0.03228755,35.21560421,0.25000000,0.18638968,1.79177440,6.92911670,0.00000000,0.00000000,9.18235041,0.01143041,1.01512040,0.63870298,0.00000000,0.00000000,0.00000000,0.00000000,0.75125370,0.38174179,0.70901949,0.84640565,0.93519747,0.75125370,0.38174179,0.70901949,0.84640565,0.93519747,-23.25001189,-46.21103894,0.85551475,0.50995652,-nan,-nan,-nan,-nan,0.00000000,0.00000000,0.00000000,0.00000000,0.00000000,0.00000000,-nan,0.00000000,13.41464763
