Y,A,A_rep,A_hid,L,Q,K,W,P,r,taua,abar,tauk,taul,WtaxRev,KtaxRev,WtaxRev_lost,KtaxRev_lost,G,lump_sum,ylbar,WtaxPct,ShelterPct,ShelterPctP99,TaxEvasionP99,ConcealPctP99,gini,p90,p99,p999,p9999,gini_total,p90_total,p99_total,p999_total,p9999_total,welfare,welfare0,approval,approval0,conceal_share_e,conceal_share_n,evasion_share_e,evasion_share_n,conceal_frac_e,conceal_frac_n,evasion_frac_e,evasion_frac_n,shelter_pct_e,shelter_pct_n,detection_rate,detection_revenue,wtax_evasion_elast
65.58353061,2.85633115,2.85633115,0.00000000,29.60449155,258.88933635,50.99403474,1.28489660,0.15410647,0.04131395,0.03255093,35.47127355,0.25000000,0.18638975,1.79787087,6.92952397,0.00000000,0.00000000,9.18235041,0.01145066,1.01512040,0.63965921,0.00000000,0.00000000,0.00000000,0.00000000,0.75112823,0.38187464,0.70939664,0.84675029,0.93535030,0.75112823,0.38187464,0.70939664,0.84675029,0.93535030,-23.24950486,-46.21218953,0.85462797,0.50707538,-nan,-nan,-nan,-nan,0.00000000,0.00000000,0.00000000,0.00000000,0.00000000,0.00000000,-nan,0.00000000,13.39503219
