Y,A,A_rep,A_hid,L,Q,K,W,P,r,taua,abar,tauk,taul,WtaxRev,KtaxRev,WtaxRev_lost,KtaxRev_lost,G,lump_sum,ylbar,WtaxPct,ShelterPct,ShelterPctP99,TaxEvasionP99,ConcealPctP99,gini,p90,p99,p999,p9999,gini_total,p90_total,p99_total,p999_total,p9999_total,welfare,welfare0,approval,approval0,conceal_share_e,conceal_share_n,evasion_share_e,evasion_share_n,conceal_frac_e,conceal_frac_n,evasion_frac_e,evasion_frac_n,shelter_pct_e,shelter_pct_n,detection_rate,detection_revenue,wtax_evasion_elast
65.61058838,2.85742418,2.85742418,0.00000000,29.60842826,259.09244114,51.03443905,1.28524970,0.15406043,0.04127880,0.03208179,35.27467989,0.25000000,0.18638627,1.78356903,6.92817664,0.00000000,0.00000000,9.18235041,0.01137958,1.01512040,0.63972859,0.00000000,0.00000000,0.00000000,0.00000000,0.75140082,0.38144478,0.70863308,0.84616860,0.93511572,0.75140082,0.38144478,0.70863308,0.84616860,0.93511572,-23.25251093,-46.21323025,0.85593523,0.50999923,-nan,-nan,-nan,-nan,0.00000000,0.00000000,0.00000000,0.00000000,0.00000000,0.00000000,-nan,0.00000000,13.42602247
