Y,A,A_rep,A_hid,L,Q,K,W,P,r,taua,abar,tauk,taul,WtaxRev,KtaxRev,WtaxRev_lost,KtaxRev_lost,G,lump_sum,ylbar,WtaxPct,ShelterPct,ShelterPctP99,TaxEvasionP99,ConcealPctP99,gini,p90,p99,p999,p9999,gini_total,p90_total,p99_total,p999_total,p9999_total,welfare,welfare0,approval,approval0,conceal_share_e,conceal_share_n,evasion_share_e,evasion_share_n,conceal_frac_e,conceal_frac_n,evasion_frac_e,evasion_frac_n,shelter_pct_e,shelter_pct_n,detection_rate,detection_revenue,wtax_evasion_elast
65.61929665,2.85784821,2.85784821,0.00000000,29.60944847,259.16068703,51.04788961,1.28537334,0.15404404,0.04126667,0.03211483,35.83263001,0.25000000,0.18638501,1.77741475,6.92769023,0.00000000,0.00000000,9.18235041,0.01134696,1.01512040,0.64381408,0.00000000,0.00000000,0.00000000,0.00000000,0.75149655,0.38128005,0.70848913,0.84628343,0.93517879,0.75149655,0.38128005,0.70848913,0.84628343,0.93517879,-23.25397650,-46.21395244,0.85637180,0.51002492,-nan,-nan,-nan,-nan,0.00000000,0.00000000,0.00000000,0.00000000,0.00000000,0.00000000,-nan,0.00000000,13.41825875
