Y,A,A_rep,A_hid,L,Q,K,W,P,r,taua,abar,tauk,taul,WtaxRev,KtaxRev,WtaxRev_lost,KtaxRev_lost,G,lump_sum,ylbar,WtaxPct,ShelterPct,ShelterPctP99,TaxEvasionP99,ConcealPctP99,gini,p90,p99,p999,p9999,gini_total,p90_total,p99_total,p999_total,p9999_total,welfare,welfare0,approval,approval0,conceal_share_e,conceal_share_n,evasion_share_e,evasion_share_n,conceal_frac_e,conceal_frac_n,evasion_frac_e,evasion_frac_n,shelter_pct_e,shelter_pct_n,detection_rate,detection_revenue,wtax_evasion_elast
65.58163008,2.85612377,2.85612377,0.00000000,29.60450585,258.89230244,50.99450698,1.28490154,0.15410564,0.04131355,0.03272426,35.92637373,0.25000000,0.18638818,1.79775674,6.92890284,0.00000000,0.00000000,9.18235041,0.01144031,1.01512040,0.64245831,0.00000000,0.00000000,0.00000000,0.00000000,0.75109564,0.38192077,0.70955294,0.84702809,0.93547163,0.75109564,0.38192077,0.70955294,0.84702809,0.93547163,-23.24998269,-46.21289198,0.85409083,0.50708198,-nan,-nan,-nan,-nan,0.00000000,0.00000000,0.00000000,0.00000000,0.00000000,0.00000000,-nan,0.00000000,13.38349020
