Y,A,A_rep,A_hid,L,Q,K,W,P,r,taua,abar,tauk,taul,WtaxRev,KtaxRev,WtaxRev_lost,KtaxRev_lost,G,lump_sum,ylbar,WtaxPct,ShelterPct,ShelterPctP99,TaxEvasionP99,ConcealPctP99,gini,p90,p99,p999,p9999,gini_total,p90_total,p99_total,p999_total,p9999_total,welfare,welfare0,approval,approval0,conceal_share_e,conceal_share_n,evasion_share_e,evasion_share_n,conceal_frac_e,conceal_frac_n,evasion_frac_e,evasion_frac_n,shelter_pct_e,shelter_pct_n,detection_rate,detection_revenue,wtax_evasion_elast
65.52576496,2.85334894,2.85334894,0.00000000,29.59715120,258.45186092,50.89073179,1.28408775,0.15420575,0.04141900,0.03279724,34.29023795,0.25000000,0.18639742,1.82711580,6.93309526,0.00000000,0.00000000,9.18235041,0.01159480,1.01512040,0.84082014,0.00000000,0.00000000,0.00000000,0.00000000,0.75054119,0.38277742,0.71037028,0.84678299,0.93531803,0.75054119,0.38277742,0.71037028,0.84678299,0.93531803,-23.24481641,-46.21584147,0.84891664,0.49946295,-nan,-nan,-nan,-nan,0.00000000,0.00000000,0.00000000,0.00000000,0.00000000,0.00000000,-nan,0.00000000,13.36500265
