Y,A,A_rep,A_hid,L,Q,K,W,P,r,taua,abar,tauk,taul,WtaxRev,KtaxRev,WtaxRev_lost,KtaxRev_lost,G,lump_sum,ylbar,WtaxPct,ShelterPct,ShelterPctP99,TaxEvasionP99,ConcealPctP99,gini,p90,p99,p999,p9999,gini_total,p90_total,p99_total,p999_total,p9999_total,welfare,welfare0,approval,approval0,conceal_share_e,conceal_share_n,evasion_share_e,evasion_share_n,conceal_frac_e,conceal_frac_n,evasion_frac_e,evasion_frac_n,shelter_pct_e,shelter_pct_n,detection_rate,detection_revenue,wtax_evasion_elast
65.84306790,2.86799416,2.86799416,0.00000000,29.64110037,260.85119560,51.41109742,1.28836358,0.15366564,0.04092982,0.03000000,39.30985016,0.25000000,0.18634959,1.65234166,6.91538109,0.00000000,0.00000000,9.18235041,0.01065586,1.01512040,0.68143960,0.00000000,0.00000000,0.00000000,0.00000000,0.75361323,0.37798024,0.70368263,0.84435973,0.93461503,0.75361323,0.37798024,0.70368263,0.84435973,0.93461503,-23.28388131,-46.22968461,0.87435154,0.60301354,-nan,-nan,-nan,-nan,0.00000000,0.00000000,0.00000000,0.00000000,0.00000000,0.00000000,-nan,0.00000000,13.56537199
