Y,A,A_rep,A_hid,L,Q,K,W,P,r,taua,abar,tauk,taul,WtaxRev,KtaxRev,WtaxRev_lost,KtaxRev_lost,G,lump_sum,ylbar,WtaxPct,ShelterPct,ShelterPctP99,TaxEvasionP99,ConcealPctP99,gini,p90,p99,p999,p9999,gini_total,p90_total,p99_total,p999_total,p9999_total,welfare,welfare0,approval,approval0,conceal_share_e,conceal_share_n,evasion_share_e,evasion_share_n,conceal_frac_e,conceal_frac_n,evasion_frac_e,evasion_frac_n,shelter_pct_e,shelter_pct_n,detection_rate,detection_revenue,wtax_evasion_elast
65.62853617,2.85760949,2.85760949,0.00000000,29.61285913,259.22648690,51.04769557,1.28542300,0.15403274,0.04128117,0.03089476,33.45553491,0.25000000,0.18638249,1.77155497,6.92782426,0.00000000,0.00000000,9.18235041,0.01131564,1.01512040,0.83055658,0.00000000,0.00000000,0.00000000,0.00000000,0.75154890,0.38128068,0.70720787,0.84435403,0.93440822,0.75154890,0.38128068,0.70720787,0.84435403,0.93440822,-23.25682145,-46.21977522,0.85571169,0.50940954,-nan,-nan,-nan,-nan,0.00000000,0.00000000,0.00000000,0.00000000,0.00000000,0.00000000,-nan,0.00000000,13.47244346
