Y,A,A_rep,A_hid,L,Q,K,W,P,r,taua,abar,tauk,taul,WtaxRev,KtaxRev,WtaxRev_lost,KtaxRev_lost,G,lump_sum,ylbar,WtaxPct,ShelterPct,ShelterPctP99,TaxEvasionP99,ConcealPctP99,gini,p90,p99,p999,p9999,gini_total,p90_total,p99_total,p999_total,p9999_total,welfare,welfare0,approval,approval0,conceal_share_e,conceal_share_n,evasion_share_e,evasion_share_n,conceal_frac_e,conceal_frac_n,evasion_frac_e,evasion_frac_n,shelter_pct_e,shelter_pct_n,detection_rate,detection_revenue,wtax_evasion_elast
65.44784848,2.84695246,2.84695246,0.00000000,29.59409914,257.81817864,50.68551055,1.28267632,0.15436095,0.04167875,0.03000000,26.86479157,0.25000000,0.18639946,1.85767248,6.94135932,0.00000000,0.00000000,9.18235041,0.01172931,1.01512040,1.03467574,0.00000000,0.00000000,0.00000000,0.00000000,0.74952721,0.38441721,0.70683252,0.84160253,0.93318209,0.74952721,0.38441721,0.70683252,0.84160253,0.93318209,-23.24694716,-46.24655355,0.83262101,0.47004319,-nan,-nan,-nan,-nan,0.00000000,0.00000000,0.00000000,0.00000000,0.00000000,0.00000000,-nan,0.00000000,13.59646471
