Y,A,A_rep,A_hid,L,Q,K,W,P,r,taua,abar,tauk,taul,WtaxRev,KtaxRev,WtaxRev_lost,KtaxRev_lost,G,lump_sum,ylbar,WtaxPct,ShelterPct,ShelterPctP99,TaxEvasionP99,ConcealPctP99,gini,p90,p99,p999,p9999,gini_total,p90_total,p99_total,p999_total,p9999_total,welfare,welfare0,approval,approval0,conceal_share_e,conceal_share_n,evasion_share_e,evasion_share_n,conceal_frac_e,conceal_frac_n,evasion_frac_e,evasion_frac_n,shelter_pct_e,shelter_pct_n,detection_rate,detection_revenue,wtax_evasion_elast
65.67457788,2.86106600,2.86106600,0.00000000,29.61504345,259.59158272,51.15677610,1.28621137,0.15394325,0.04114900,0.03346581,41.56216941,0.25000000,0.18637203,1.74251480,6.92370157,0.00000000,0.00000000,9.18235041,0.01110916,1.01512040,0.53579088,0.00000000,0.00000000,0.00000000,0.00000000,0.75200415,0.38045646,0.70859237,0.84875061,0.93631937,0.75200415,0.38045646,0.70859237,0.84875061,0.93631937,-23.26439671,-46.22221513,0.85809594,0.51041055,-nan,-nan,-nan,-nan,0.00000000,0.00000000,0.00000000,0.00000000,0.00000000,0.00000000,-nan,0.00000000,13.36257041
