Y,A,A_rep,A_hid,L,Q,K,W,P,r,taua,abar,tauk,taul,WtaxRev,KtaxRev,WtaxRev_lost,KtaxRev_lost,G,lump_sum,ylbar,WtaxPct,ShelterPct,ShelterPctP99,TaxEvasionP99,ConcealPctP99,gini,p90,p99,p999,p9999,gini_total,p90_total,p99_total,p999_total,p9999_total,welfare,welfare0,approval,approval0,conceal_share_e,conceal_share_n,evasion_share_e,evasion_share_n,conceal_frac_e,conceal_frac_n,evasion_frac_e,evasion_frac_n,shelter_pct_e,shelter_pct_n,detection_rate,detection_revenue,wtax_evasion_elast
73.60526611,3.11541178,2.94040894,0.17500284,30.13785136,332.35001126,65.56672387,1.41651874,0.13813251,0.02970424,0.00812255,1351.95788677,0.25000000,0.18605601,0.10122378,5.93759281,0.06788848,0.53695541,9.29156816,0.00041263,1.08952447,0.01015895,0.10197456,32.86628610,8.25117291,52.60880084,0.77228038,0.34980736,0.65542286,0.82060482,0.93462660,0.78503166,0.33015754,0.61865134,0.77892988,0.90750218,-23.71559036,-47.57929517,0.67366139,0.32900386,0.26829179,0.73170821,0.85038357,0.14961643,0.04615940,0.06102768,0.06087070,0.00631795,0.38715808,0.03311926,0.67733013,0.04362236,39.11375180
