Y,A,A_rep,A_hid,L,Q,K,W,P,r,taua,abar,tauk,taul,WtaxRev,KtaxRev,WtaxRev_lost,KtaxRev_lost,G,lump_sum,ylbar,WtaxPct,ShelterPct,ShelterPctP99,TaxEvasionP99,ConcealPctP99,gini,p90,p99,p999,p9999,gini_total,p90_total,p99_total,p999_total,p9999_total,welfare,welfare0,approval,approval0,conceal_share_e,conceal_share_n,evasion_share_e,evasion_share_n,conceal_frac_e,conceal_frac_n,evasion_frac_e,evasion_frac_n,shelter_pct_e,shelter_pct_n,detection_rate,detection_revenue,wtax_evasion_elast
65.37100595,2.84256652,2.84256652,0.00000000,29.58576379,257.22721730,50.54012755,1.28153936,0.15449949,0.04183513,0.03000000,24.98877913,0.25000000,0.18640230,1.89076469,6.94671236,0.00000000,0.00000000,9.18235041,0.01183986,1.01512040,0.96147589,0.00000000,0.00000000,0.00000000,0.00000000,0.74858422,0.38594950,0.70746872,0.84107658,0.93292100,0.74858422,0.38594950,0.70746872,0.84107658,0.93292100,-23.24700081,-46.26635566,0.82223477,0.45630178,-nan,-nan,-nan,-nan,0.00000000,0.00000000,0.00000000,0.00000000,0.00000000,0.00000000,-nan,0.00000000,13.74022691
