Y,A,A_rep,A_hid,L,Q,K,W,P,r,taua,abar,tauk,taul,WtaxRev,KtaxRev,WtaxRev_lost,KtaxRev_lost,G,lump_sum,ylbar,WtaxPct,ShelterPct,ShelterPctP99,TaxEvasionP99,ConcealPctP99,gini,p90,p99,p999,p9999,gini_total,p90_total,p99_total,p999_total,p9999_total,welfare,welfare0,approval,approval0,conceal_share_e,conceal_share_n,evasion_share_e,evasion_share_n,conceal_frac_e,conceal_frac_n,evasion_frac_e,evasion_frac_n,shelter_pct_e,shelter_pct_n,detection_rate,detection_revenue,wtax_evasion_elast
65.58829751,2.85654069,2.85654069,0.00000000,29.60497838,258.91542221,50.99961864,1.28494487,0.15410058,0.04130874,0.03241405,35.28689763,0.25000000,0.18639009,1.79546529,6.92953563,0.00000000,0.00000000,9.18235041,0.01144765,1.01512040,0.63881345,0.00000000,0.00000000,0.00000000,0.00000000,0.75118567,0.38182701,0.70924618,0.84656239,0.93526388,0.75118567,0.38182701,0.70924618,0.84656239,0.93526388,-23.24950355,-46.21129494,0.85520335,0.50995652,-nan,-nan,-nan,-nan,0.00000000,0.00000000,0.00000000,0.00000000,0.00000000,0.00000000,-nan,0.00000000,13.40463725
