Y,A,A_rep,A_hid,L,Q,K,W,P,r,taua,abar,tauk,taul,WtaxRev,KtaxRev,WtaxRev_lost,KtaxRev_lost,G,lump_sum,ylbar,WtaxPct,ShelterPct,ShelterPctP99,TaxEvasionP99,ConcealPctP99,gini,p90,p99,p999,p9999,gini_total,p90_total,p99_total,p999_total,p9999_total,welfare,welfare0,approval,approval0,conceal_share_e,conceal_share_n,evasion_share_e,evasion_share_n,conceal_frac_e,conceal_frac_n,evasion_frac_e,evasion_frac_n,shelter_pct_e,shelter_pct_n,detection_rate,detection_revenue,wtax_evasion_elast
73.56611066,3.11352820,2.93017027,0.18335794,30.13443631,331.96291437,65.52851461,1.41595063,0.13820644,0.02970975,0.00931539,1129.77884541,0.25000000,0.18605677,0.12784845,5.92496659,0.09120833,0.54525517,9.29156816,0.00046099,1.08952447,0.01226973,0.10340841,34.86980418,8.63722407,54.18831501,0.77152692,0.35094164,0.65789413,0.82403109,0.93619492,0.78494002,0.33027444,0.61919693,0.77998875,0.90839223,-23.72017814,-47.59375456,0.59565533,0.29733764,0.26538020,0.73461980,0.82930788,0.17069212,0.04785269,0.06424406,0.06228750,0.00757369,0.39113555,0.03393897,0.67935097,0.04617024,37.12392637
