Y,A,A_rep,A_hid,L,Q,K,W,P,r,taua,abar,tauk,taul,WtaxRev,KtaxRev,WtaxRev_lost,KtaxRev_lost,G,lump_sum,ylbar,WtaxPct,ShelterPct,ShelterPctP99,TaxEvasionP99,ConcealPctP99,gini,p90,p99,p999,p9999,gini_total,p90_total,p99_total,p999_total,p9999_total,welfare,welfare0,approval,approval0,conceal_share_e,conceal_share_n,evasion_share_e,evasion_share_n,conceal_frac_e,conceal_frac_n,evasion_frac_e,evasion_frac_n,shelter_pct_e,shelter_pct_n,detection_rate,detection_revenue,wtax_evasion_elast
65.58134357,2.85617307,2.85617307,0.00000000,29.60403781,258.87354702,50.98957489,1.28487102,0.15410932,0.04131861,0.03263939,35.60799060,0.25000000,0.18639070,1.79923307,6.92957181,0.00000000,0.00000000,9.18235041,0.01145780,1.01512040,0.64050182,0.00000000,0.00000000,0.00000000,0.00000000,0.75109940,0.38190685,0.70948651,0.84688389,0.93539725,0.75109940,0.38190685,0.70948651,0.84688389,0.93539725,-23.24905906,-46.21171299,0.85463943,0.50707567,-nan,-nan,-nan,-nan,0.00000000,0.00000000,0.00000000,0.00000000,0.00000000,0.00000000,-nan,0.00000000,13.38745967
