Y,A,A_rep,A_hid,L,Q,K,W,P,r,taua,abar,tauk,taul,WtaxRev,KtaxRev,WtaxRev_lost,KtaxRev_lost,G,lump_sum,ylbar,WtaxPct,ShelterPct,ShelterPctP99,TaxEvasionP99,ConcealPctP99,gini,p90,p99,p999,p9999,gini_total,p90_total,p99_total,p999_total,p9999_total,welfare,welfare0,approval,approval0,conceal_share_e,conceal_share_n,evasion_share_e,evasion_share_n,conceal_frac_e,conceal_frac_n,evasion_frac_e,evasion_frac_n,shelter_pct_e,shelter_pct_n,detection_rate,detection_revenue,wtax_evasion_elast
65.60574173,2.85723649,2.85723649,0.00000000,29.60761442,259.05419499,51.02637411,1.28518414,0.15406878,0.04128604,0.03209696,35.13395056,0.25000000,0.18638802,1.78590596,6.92850486,0.00000000,0.00000000,9.18235041,0.01140071,1.01512040,0.63857560,0.00000000,0.00000000,0.00000000,0.00000000,0.75136237,0.38151143,0.70873237,0.84617084,0.93511079,0.75136237,0.38151143,0.70873237,0.84617084,0.93511079,-23.25121187,-46.21155279,0.85605428,0.50999923,-nan,-nan,-nan,-nan,0.00000000,0.00000000,0.00000000,0.00000000,0.00000000,0.00000000,-nan,0.00000000,13.42818020
