Y,A,A_rep,A_hid,L,Q,K,W,P,r,taua,abar,tauk,taul,WtaxRev,KtaxRev,WtaxRev_lost,KtaxRev_lost,G,lump_sum,ylbar,WtaxPct,ShelterPct,ShelterPctP99,TaxEvasionP99,ConcealPctP99,gini,p90,p99,p999,p9999,gini_total,p90_total,p99_total,p999_total,p9999_total,welfare,welfare0,approval,approval0,conceal_share_e,conceal_share_n,evasion_share_e,evasion_share_n,conceal_frac_e,conceal_frac_n,evasion_frac_e,evasion_frac_n,shelter_pct_e,shelter_pct_n,detection_rate,detection_revenue,wtax_evasion_elast
73.65889987,3.11716522,2.91649894,0.20066627,30.14768022,332.73664450,65.69802887,1.41710064,0.13808977,0.02960358,0.00388388,510.89783579,0.25000000,0.18604523,0.09254136,5.90989197,0.05695999,0.54362875,9.29156816,0.00011971,1.08952447,0.03523989,0.10346630,33.95194797,8.52759256,56.90379300,0.77066662,0.35223640,0.66007655,0.82640044,0.93304457,0.78538573,0.32956132,0.61763006,0.77764321,0.90583471,-23.73520794,-47.60947953,0.39351571,0.03175056,0.25833260,0.74166740,0.86813999,0.13186001,0.05090726,0.07090847,0.06182137,0.00553927,0.38980000,0.03433330,0.68031430,0.04555976,64.92988621
