Y,A,A_rep,A_hid,L,Q,K,W,P,r,taua,abar,tauk,taul,WtaxRev,KtaxRev,WtaxRev_lost,KtaxRev_lost,G,lump_sum,ylbar,WtaxPct,ShelterPct,ShelterPctP99,TaxEvasionP99,ConcealPctP99,gini,p90,p99,p999,p9999,gini_total,p90_total,p99_total,p999_total,p9999_total,welfare,welfare0,approval,approval0,conceal_share_e,conceal_share_n,evasion_share_e,evasion_share_n,conceal_frac_e,conceal_frac_n,evasion_frac_e,evasion_frac_n,shelter_pct_e,shelter_pct_n,detection_rate,detection_revenue,wtax_evasion_elast
65.61163283,2.85754588,2.85754588,0.00000000,29.60811599,259.09815118,51.03554423,1.28526817,0.15405786,0.04127711,0.03221191,35.72615284,0.25000000,0.18638657,1.78241694,6.92824632,0.00000000,0.00000000,9.18235041,0.01137753,1.01512040,0.64267570,0.00000000,0.00000000,0.00000000,0.00000000,0.75140289,0.38150664,0.70871270,0.84639208,0.93521317,0.75140289,0.38150664,0.70871270,0.84639208,0.93521317,-23.25209926,-46.21231926,0.85614089,0.51001905,-nan,-nan,-nan,-nan,0.00000000,0.00000000,0.00000000,0.00000000,0.00000000,0.00000000,-nan,0.00000000,13.41129399
