Y,A,A_rep,A_hid,L,Q,K,W,P,r,taua,abar,tauk,taul,WtaxRev,KtaxRev,WtaxRev_lost,KtaxRev_lost,G,lump_sum,ylbar,WtaxPct,ShelterPct,ShelterPctP99,TaxEvasionP99,ConcealPctP99,gini,p90,p99,p999,p9999,gini_total,p90_total,p99_total,p999_total,p9999_total,welfare,welfare0,approval,approval0,conceal_share_e,conceal_share_n,evasion_share_e,evasion_share_n,conceal_frac_e,conceal_frac_n,evasion_frac_e,evasion_frac_n,shelter_pct_e,shelter_pct_n,detection_rate,detection_revenue,wtax_evasion_elast
65.58436677,2.85634639,2.85634639,0.00000000,29.60457597,258.89415293,50.99474929,1.28490541,0.15410530,0.04131350,0.03255182,35.49933259,0.25000000,0.18638965,1.79757765,6.92948715,0.00000000,0.00000000,9.18235041,0.01144834,1.01512040,0.63999971,0.00000000,0.00000000,0.00000000,0.00000000,0.75113456,0.38187438,0.70936967,0.84675336,0.93535198,0.75113456,0.38187438,0.70936967,0.84675336,0.93535198,-23.24968080,-46.21240531,0.85462831,0.50707567,-nan,-nan,-nan,-nan,0.00000000,0.00000000,0.00000000,0.00000000,0.00000000,0.00000000,-nan,0.00000000,13.39373066
