Y,A,A_rep,A_hid,L,Q,K,W,P,r,taua,abar,tauk,taul,WtaxRev,KtaxRev,WtaxRev_lost,KtaxRev_lost,G,lump_sum,ylbar,WtaxPct,ShelterPct,ShelterPctP99,TaxEvasionP99,ConcealPctP99,gini,p90,p99,p999,p9999,gini_total,p90_total,p99_total,p999_total,p9999_total,welfare,welfare0,approval,approval0,conceal_share_e,conceal_share_n,evasion_share_e,evasion_share_n,conceal_frac_e,conceal_frac_n,evasion_frac_e,evasion_frac_n,shelter_pct_e,shelter_pct_n,detection_rate,detection_revenue,wtax_evasion_elast
73.46651037,3.11000034,2.91398361,0.19601673,30.12258313,330.92461715,65.48579420,1.41457244,0.13840720,0.02965272,0.01559914,1167.65918521,0.25000000,0.18606884,0.17610915,5.92662203,0.16390787,0.53898797,9.29156816,0.00085934,1.08952447,0.01137684,0.10356874,43.36847558,9.41832467,53.09398870,0.77065635,0.35241881,0.66159547,0.83044415,0.94248327,0.78506897,0.33020659,0.61995142,0.78256309,0.91165466,-23.71358577,-47.58829013,0.63695046,0.30372252,0.28087750,0.71912250,0.77797203,0.22202797,0.05413521,0.06734902,0.06402913,0.01084158,0.38871931,0.03472140,0.67478778,0.05444541,33.29070694
