Y,A,A_rep,A_hid,L,Q,K,W,P,r,taua,abar,tauk,taul,WtaxRev,KtaxRev,WtaxRev_lost,KtaxRev_lost,G,lump_sum,ylbar,WtaxPct,ShelterPct,ShelterPctP99,TaxEvasionP99,ConcealPctP99,gini,p90,p99,p999,p9999,gini_total,p90_total,p99_total,p999_total,p9999_total,welfare,welfare0,approval,approval0,conceal_share_e,conceal_share_n,evasion_share_e,evasion_share_n,conceal_frac_e,conceal_frac_n,evasion_frac_e,evasion_frac_n,shelter_pct_e,shelter_pct_n,detection_rate,detection_revenue,wtax_evasion_elast
65.59244322,2.85610688,2.85610688,0.00000000,29.60694817,258.95376948,50.99087295,1.28495900,0.15409208,0.04133153,0.03164993,33.90560979,0.25000000,0.18638775,1.79241505,6.92977124,0.00000000,0.00000000,9.18235041,0.01142789,1.01512040,0.83634205,0.00000000,0.00000000,0.00000000,0.00000000,0.75119268,0.38187598,0.70837864,0.84535125,0.93477249,0.75119268,0.38187598,0.70837864,0.84535125,0.93477249,-23.25137446,-46.21547703,0.85397790,0.50655024,-nan,-nan,-nan,-nan,0.00000000,0.00000000,0.00000000,0.00000000,0.00000000,0.00000000,-nan,0.00000000,13.42348831
