Y,A,A_rep,A_hid,L,Q,K,W,P,r,taua,abar,tauk,taul,WtaxRev,KtaxRev,WtaxRev_lost,KtaxRev_lost,G,lump_sum,ylbar,WtaxPct,ShelterPct,ShelterPctP99,TaxEvasionP99,ConcealPctP99,gini,p90,p99,p999,p9999,gini_total,p90_total,p99_total,p999_total,p9999_total,welfare,welfare0,approval,approval0,conceal_share_e,conceal_share_n,evasion_share_e,evasion_share_n,conceal_frac_e,conceal_frac_n,evasion_frac_e,evasion_frac_n,shelter_pct_e,shelter_pct_n,detection_rate,detection_revenue,wtax_evasion_elast
65.58988561,2.85657432,2.85657432,0.00000000,29.60525056,258.92599019,51.00170067,1.28496236,0.15409838,0.04130706,0.03237120,35.21549067,0.25000000,0.18639010,1.79494075,6.92947691,0.00000000,0.00000000,9.18235041,0.01144556,1.01512040,0.63848310,0.00000000,0.00000000,0.00000000,0.00000000,0.75120411,0.38180974,0.70916092,0.84648667,0.93522838,0.75120411,0.38180974,0.70916092,0.84648667,0.93522838,-23.24965857,-46.21138314,0.85528307,0.50995652,-nan,-nan,-nan,-nan,0.00000000,0.00000000,0.00000000,0.00000000,0.00000000,0.00000000,-nan,0.00000000,13.40671460
