Y,A,A_rep,A_hid,L,Q,K,W,P,r,taua,abar,tauk,taul,WtaxRev,KtaxRev,WtaxRev_lost,KtaxRev_lost,G,lump_sum,ylbar,WtaxPct,ShelterPct,ShelterPctP99,TaxEvasionP99,ConcealPctP99,gini,p90,p99,p999,p9999,gini_total,p90_total,p99_total,p999_total,p9999_total,welfare,welfare0,approval,approval0,conceal_share_e,conceal_share_n,evasion_share_e,evasion_share_n,conceal_frac_e,conceal_frac_n,evasion_frac_e,evasion_frac_n,shelter_pct_e,shelter_pct_n,detection_rate,detection_revenue,wtax_evasion_elast
65.56750357,2.85561929,2.85561929,0.00000000,29.60232802,258.77151253,50.96909828,1.28468663,0.15413324,0.04133706,0.03281464,35.57615899,0.25000000,0.18639158,1.80581170,6.93027843,0.00000000,0.00000000,9.18235041,0.01148643,1.01512040,0.63962630,0.00000000,0.00000000,0.00000000,0.00000000,0.75096944,0.38226548,0.70981966,0.84706146,0.93546351,0.75096944,0.38226548,0.70981966,0.84706146,0.93546351,-23.24822715,-46.21289852,0.85324728,0.50628511,-nan,-nan,-nan,-nan,0.00000000,0.00000000,0.00000000,0.00000000,0.00000000,0.00000000,-nan,0.00000000,13.37929130
