Y,A,A_rep,A_hid,L,Q,K,W,P,r,taua,abar,tauk,taul,WtaxRev,KtaxRev,WtaxRev_lost,KtaxRev_lost,G,lump_sum,ylbar,WtaxPct,ShelterPct,ShelterPctP99,TaxEvasionP99,ConcealPctP99,gini,p90,p99,p999,p9999,gini_total,p90_total,p99_total,p999_total,p9999_total,welfare,welfare0,approval,approval0,conceal_share_e,conceal_share_n,evasion_share_e,evasion_share_n,conceal_frac_e,conceal_frac_n,evasion_frac_e,evasion_frac_n,shelter_pct_e,shelter_pct_n,detection_rate,detection_revenue,wtax_evasion_elast
65.15464367,2.83387046,2.83387046,0.00000000,29.55225340,255.61138952,50.21255674,1.27874253,0.15486348,0.04212802,0.03375192,26.66111883,0.25000000,0.18644004,2.01224545,6.95764094,0.00000000,0.00000000,9.18235041,0.01247397,1.01512040,0.99680387,0.00000000,0.00000000,0.00000000,0.00000000,0.74649733,0.38917527,0.71359408,0.84568950,0.93461114,0.74649733,0.38917527,0.71359408,0.84568950,0.93461114,-23.21785009,-46.25109953,0.81594805,0.44816793,-nan,-nan,-nan,-nan,0.00000000,0.00000000,0.00000000,0.00000000,0.00000000,0.00000000,-nan,0.00000000,13.36336359
