Y,A,A_rep,A_hid,L,Q,K,W,P,r,taua,abar,tauk,taul,WtaxRev,KtaxRev,WtaxRev_lost,KtaxRev_lost,G,lump_sum,ylbar,WtaxPct,ShelterPct,ShelterPctP99,TaxEvasionP99,ConcealPctP99,gini,p90,p99,p999,p9999,gini_total,p90_total,p99_total,p999_total,p9999_total,welfare,welfare0,approval,approval0,conceal_share_e,conceal_share_n,evasion_share_e,evasion_share_n,conceal_frac_e,conceal_frac_n,evasion_frac_e,evasion_frac_n,shelter_pct_e,shelter_pct_n,detection_rate,detection_revenue,wtax_evasion_elast
65.54081749,2.85381450,2.85381450,0.00000000,29.59966379,258.56111778,50.90877074,1.28426422,0.15418132,0.04140689,0.03229957,33.72273851,0.25000000,0.18639540,1.81967745,6.93264791,0.00000000,0.00000000,9.18235041,0.01156423,1.01512040,0.83081017,0.00000000,0.00000000,0.00000000,0.00000000,0.75067793,0.38266763,0.70958670,0.84607673,0.93503397,0.75067793,0.38266763,0.70958670,0.84607673,0.93503397,-23.24609785,-46.21608502,0.85052658,0.50098388,-nan,-nan,-nan,-nan,0.00000000,0.00000000,0.00000000,0.00000000,0.00000000,0.00000000,-nan,0.00000000,13.38253141
