Y,A,A_rep,A_hid,L,Q,K,W,P,r,taua,abar,tauk,taul,WtaxRev,KtaxRev,WtaxRev_lost,KtaxRev_lost,G,lump_sum,ylbar,WtaxPct,ShelterPct,ShelterPctP99,TaxEvasionP99,ConcealPctP99,gini,p90,p99,p999,p9999,gini_total,p90_total,p99_total,p999_total,p9999_total,welfare,welfare0,approval,approval0,conceal_share_e,conceal_share_n,evasion_share_e,evasion_share_n,conceal_frac_e,conceal_frac_n,evasion_frac_e,evasion_frac_n,shelter_pct_e,shelter_pct_n,detection_rate,detection_revenue,wtax_evasion_elast
65.57946006,2.85601872,2.85601872,0.00000000,29.60403907,258.85226572,50.98148530,1.28481918,0.15411457,0.04132945,0.03234717,34.90296706,0.25000000,0.18639106,1.79926195,6.93015636,0.00000000,0.00000000,9.18235041,0.01146555,1.01512040,0.85612908,0.00000000,0.00000000,0.00000000,0.00000000,0.75109588,0.38198073,0.70927504,0.84640864,0.93519454,0.75109588,0.38198073,0.70927504,0.84640864,0.93519454,-23.24900034,-46.21249173,0.85405196,0.50675769,-nan,-nan,-nan,-nan,0.00000000,0.00000000,0.00000000,0.00000000,0.00000000,0.00000000,-nan,0.00000000,13.40643257
