Y,A,A_rep,A_hid,L,Q,K,W,P,r,taua,abar,tauk,taul,WtaxRev,KtaxRev,WtaxRev_lost,KtaxRev_lost,G,lump_sum,ylbar,WtaxPct,ShelterPct,ShelterPctP99,TaxEvasionP99,ConcealPctP99,gini,p90,p99,p999,p9999,gini_total,p90_total,p99_total,p999_total,p9999_total,welfare,welfare0,approval,approval0,conceal_share_e,conceal_share_n,evasion_share_e,evasion_share_n,conceal_frac_e,conceal_frac_n,evasion_frac_e,evasion_frac_n,shelter_pct_e,shelter_pct_n,detection_rate,detection_revenue,wtax_evasion_elast
65.59405173,2.85680218,2.85680218,0.00000000,29.60588596,258.96149265,51.00916382,1.28502432,0.15409026,0.04130016,0.03230664,35.23902751,0.25000000,0.18638972,1.79219387,6.92917933,0.00000000,0.00000000,9.18235041,0.01143171,1.01512040,0.63880532,0.00000000,0.00000000,0.00000000,0.00000000,0.75124785,0.38174966,0.70903349,0.84643109,0.93520652,0.75124785,0.38174966,0.70903349,0.84643109,0.93520652,-23.25006086,-46.21126662,0.85551598,0.50995652,-nan,-nan,-nan,-nan,0.00000000,0.00000000,0.00000000,0.00000000,0.00000000,0.00000000,-nan,0.00000000,13.41254836
