Y,A,A_rep,A_hid,L,Q,K,W,P,r,taua,abar,tauk,taul,WtaxRev,KtaxRev,WtaxRev_lost,KtaxRev_lost,G,lump_sum,ylbar,WtaxPct,ShelterPct,ShelterPctP99,TaxEvasionP99,ConcealPctP99,gini,p90,p99,p999,p9999,gini_total,p90_total,p99_total,p999_total,p9999_total,welfare,welfare0,approval,approval0,conceal_share_e,conceal_share_n,evasion_share_e,evasion_share_n,conceal_frac_e,conceal_frac_n,evasion_frac_e,evasion_frac_n,shelter_pct_e,shelter_pct_n,detection_rate,detection_revenue,wtax_evasion_elast
63.54306939,2.74272945,2.74272945,0.00000000,29.38830745,243.21138841,47.15530688,1.25407532,0.15794660,0.04567492,0.03999939,14.05513400,0.25000000,0.18659017,2.75518992,7.07150171,0.00000000,0.00000000,9.18235041,0.01530530,1.01512040,3.70484404,0.00000000,0.00000000,0.00000000,0.00000000,0.72680790,0.41938832,0.72209728,0.84340613,0.93281341,0.72680790,0.41938832,0.72209728,0.84340613,0.93281341,-23.19374826,-46.61785676,0.71345664,0.36457146,-nan,-nan,-nan,-nan,0.00000000,0.00000000,0.00000000,0.00000000,0.00000000,0.00000000,-nan,0.00000000,13.85718860
