Y,A,A_rep,A_hid,L,Q,K,W,P,r,taua,abar,tauk,taul,WtaxRev,KtaxRev,WtaxRev_lost,KtaxRev_lost,G,lump_sum,ylbar,WtaxPct,ShelterPct,ShelterPctP99,TaxEvasionP99,ConcealPctP99,gini,p90,p99,p999,p9999,gini_total,p90_total,p99_total,p999_total,p9999_total,welfare,welfare0,approval,approval0,conceal_share_e,conceal_share_n,evasion_share_e,evasion_share_n,conceal_frac_e,conceal_frac_n,evasion_frac_e,evasion_frac_n,shelter_pct_e,shelter_pct_n,detection_rate,detection_revenue,wtax_evasion_elast
65.12931402,2.83856781,2.83856781,0.00000000,29.53844258,255.36971878,50.36736879,1.27885072,0.15493607,0.04180971,0.04616248,48.48992372,0.25000000,0.18643318,2.00782232,6.95162696,0.00000000,0.00000000,9.18235041,0.01219309,1.01512040,0.42535494,0.00000000,0.00000000,0.00000000,0.00000000,0.74678093,0.38834182,0.72377257,0.86309005,0.94202134,0.74678093,0.38834182,0.72377257,0.86309005,0.94202134,-23.23857996,-46.28194780,0.80476549,0.43423996,-nan,-nan,-nan,-nan,0.00000000,0.00000000,0.00000000,0.00000000,0.00000000,0.00000000,-nan,0.00000000,12.63212714
