Y,A,A_rep,A_hid,L,Q,K,W,P,r,taua,abar,tauk,taul,WtaxRev,KtaxRev,WtaxRev_lost,KtaxRev_lost,G,lump_sum,ylbar,WtaxPct,ShelterPct,ShelterPctP99,TaxEvasionP99,ConcealPctP99,gini,p90,p99,p999,p9999,gini_total,p90_total,p99_total,p999_total,p9999_total,welfare,welfare0,approval,approval0,conceal_share_e,conceal_share_n,evasion_share_e,evasion_share_n,conceal_frac_e,conceal_frac_n,evasion_frac_e,evasion_frac_n,shelter_pct_e,shelter_pct_n,detection_rate,detection_revenue,wtax_evasion_elast
65.60148912,2.85711228,2.85711228,0.00000000,29.60683122,259.01870214,51.02059779,1.28512725,0.15407681,0.04128988,0.03226999,35.44951675,0.25000000,0.18638848,1.78803949,6.92875075,0.00000000,0.00000000,9.18235041,0.01140962,1.01512040,0.64041212,0.00000000,0.00000000,0.00000000,0.00000000,0.75131101,0.38165973,0.70890865,0.84640866,0.93520824,0.75131101,0.38165973,0.70890865,0.84640866,0.93520824,-23.25081954,-46.21158192,0.85586038,0.51001861,-nan,-nan,-nan,-nan,0.00000000,0.00000000,0.00000000,0.00000000,0.00000000,0.00000000,-nan,0.00000000,13.41308981
