Y,A,A_rep,A_hid,L,Q,K,W,P,r,taua,abar,tauk,taul,WtaxRev,KtaxRev,WtaxRev_lost,KtaxRev_lost,G,lump_sum,ylbar,WtaxPct,ShelterPct,ShelterPctP99,TaxEvasionP99,ConcealPctP99,gini,p90,p99,p999,p9999,gini_total,p90_total,p99_total,p999_total,p9999_total,welfare,welfare0,approval,approval0,conceal_share_e,conceal_share_n,evasion_share_e,evasion_share_n,conceal_frac_e,conceal_frac_n,evasion_frac_e,evasion_frac_n,shelter_pct_e,shelter_pct_n,detection_rate,detection_revenue,wtax_evasion_elast
65.60972140,2.85743002,2.85743002,0.00000000,29.60795124,259.08461985,51.03262245,1.28524250,0.15406117,0.04128000,0.03221109,35.64704401,0.25000000,0.18638732,1.78338466,6.92827657,0.00000000,0.00000000,9.18235041,0.01138275,1.01512040,0.64211424,0.00000000,0.00000000,0.00000000,0.00000000,0.75138814,0.38153693,0.70877694,0.84637967,0.93521310,0.75138814,0.38153693,0.70877694,0.84637967,0.93521310,-23.25194916,-46.21230146,0.85608012,0.51001872,-nan,-nan,-nan,-nan,0.00000000,0.00000000,0.00000000,0.00000000,0.00000000,0.00000000,-nan,0.00000000,13.41315719
