Y,A,A_rep,A_hid,L,Q,K,W,P,r,taua,abar,tauk,taul,WtaxRev,KtaxRev,WtaxRev_lost,KtaxRev_lost,G,lump_sum,ylbar,WtaxPct,ShelterPct,ShelterPctP99,TaxEvasionP99,ConcealPctP99,gini,p90,p99,p999,p9999,gini_total,p90_total,p99_total,p999_total,p9999_total,welfare,welfare0,approval,approval0,conceal_share_e,conceal_share_n,evasion_share_e,evasion_share_n,conceal_frac_e,conceal_frac_n,evasion_frac_e,evasion_frac_n,shelter_pct_e,shelter_pct_n,detection_rate,detection_revenue,wtax_evasion_elast
65.53398450,2.85405174,2.85405174,0.00000000,29.59759452,258.51727856,50.91384703,1.28423500,0.15419056,0.04138931,0.03317205,35.20640038,0.25000000,0.18639701,1.82322150,6.93202503,0.00000000,0.00000000,9.18235041,0.01157039,1.01512040,0.63520680,0.00000000,0.00000000,0.00000000,0.00000000,0.75068449,0.38262353,0.71058042,0.84743654,0.93559720,0.75068449,0.38262353,0.71058042,0.84743654,0.93559720,-23.24580039,-46.21480221,0.85062104,0.50156397,-nan,-nan,-nan,-nan,0.00000000,0.00000000,0.00000000,0.00000000,0.00000000,0.00000000,-nan,0.00000000,13.36595897
