Y,A,A_rep,A_hid,L,Q,K,W,P,r,taua,abar,tauk,taul,WtaxRev,KtaxRev,WtaxRev_lost,KtaxRev_lost,G,lump_sum,ylbar,WtaxPct,ShelterPct,ShelterPctP99,TaxEvasionP99,ConcealPctP99,gini,p90,p99,p999,p9999,gini_total,p90_total,p99_total,p999_total,p9999_total,welfare,welfare0,approval,approval0,conceal_share_e,conceal_share_n,evasion_share_e,evasion_share_n,conceal_frac_e,conceal_frac_n,evasion_frac_e,evasion_frac_n,shelter_pct_e,shelter_pct_n,detection_rate,detection_revenue,wtax_evasion_elast
65.59096464,2.85663765,2.85663765,0.00000000,29.60553252,258.94028891,51.00477586,1.28498605,0.15409520,0.04130421,0.03238585,35.35229424,0.25000000,0.18638976,1.79351116,6.92924993,0.00000000,0.00000000,9.18235041,0.01143546,1.01512040,0.63926322,0.00000000,0.00000000,0.00000000,0.00000000,0.75121848,0.38178839,0.70915484,0.84653336,0.93525896,0.75121848,0.38178839,0.70915484,0.84653336,0.93525896,-23.25010775,-46.21180380,0.85529118,0.50995652,-nan,-nan,-nan,-nan,0.00000000,0.00000000,0.00000000,0.00000000,0.00000000,0.00000000,-nan,0.00000000,13.40716441
