Y,A,A_rep,A_hid,L,Q,K,W,P,r,taua,abar,tauk,taul,WtaxRev,KtaxRev,WtaxRev_lost,KtaxRev_lost,G,lump_sum,ylbar,WtaxPct,ShelterPct,ShelterPctP99,TaxEvasionP99,ConcealPctP99,gini,p90,p99,p999,p9999,gini_total,p90_total,p99_total,p999_total,p9999_total,welfare,welfare0,approval,approval0,conceal_share_e,conceal_share_n,evasion_share_e,evasion_share_n,conceal_frac_e,conceal_frac_n,evasion_frac_e,evasion_frac_n,shelter_pct_e,shelter_pct_n,detection_rate,detection_revenue,wtax_evasion_elast
65.53894975,2.85434623,2.85434623,0.00000000,29.59813958,258.55044780,50.92103904,1.28429538,0.15418286,0.04138238,0.03309517,35.15844680,0.25000000,0.18639633,1.82125329,6.93196056,0.00000000,0.00000000,9.18235041,0.01156432,1.01512040,0.63511155,0.00000000,0.00000000,0.00000000,0.00000000,0.75070929,0.38258148,0.71047309,0.84734364,0.93556320,0.75070929,0.38258148,0.71047309,0.84734364,0.93556320,-23.24549470,-46.21366109,0.85100334,0.50151708,-nan,-nan,-nan,-nan,0.00000000,0.00000000,0.00000000,0.00000000,0.00000000,0.00000000,-nan,0.00000000,13.36900129
