Y,A,A_rep,A_hid,L,Q,K,W,P,r,taua,abar,tauk,taul,WtaxRev,KtaxRev,WtaxRev_lost,KtaxRev_lost,G,lump_sum,ylbar,WtaxPct,ShelterPct,ShelterPctP99,TaxEvasionP99,ConcealPctP99,gini,p90,p99,p999,p9999,gini_total,p90_total,p99_total,p999_total,p9999_total,welfare,welfare0,approval,approval0,conceal_share_e,conceal_share_n,evasion_share_e,evasion_share_n,conceal_frac_e,conceal_frac_n,evasion_frac_e,evasion_frac_n,shelter_pct_e,shelter_pct_n,detection_rate,detection_revenue,wtax_evasion_elast
65.54445151,2.85416174,2.85416174,0.00000000,29.59989017,258.59040897,50.91947962,1.28432986,0.15417468,0.04139305,0.03249827,34.22657397,0.25000000,0.18639477,1.81763370,6.93214527,0.00000000,0.00000000,9.18235041,0.01154958,1.01512040,0.84015002,0.00000000,0.00000000,0.00000000,0.00000000,0.75071524,0.38255062,0.70977409,0.84641898,0.93517781,0.75071524,0.38255062,0.70977409,0.84641898,0.93517781,-23.24649734,-46.21567389,0.85073643,0.50103476,-nan,-nan,-nan,-nan,0.00000000,0.00000000,0.00000000,0.00000000,0.00000000,0.00000000,-nan,0.00000000,13.37920234
