Y,A,A_rep,A_hid,L,Q,K,W,P,r,taua,abar,tauk,taul,WtaxRev,KtaxRev,WtaxRev_lost,KtaxRev_lost,G,lump_sum,ylbar,WtaxPct,ShelterPct,ShelterPctP99,TaxEvasionP99,ConcealPctP99,gini,p90,p99,p999,p9999,gini_total,p90_total,p99_total,p999_total,p9999_total,welfare,welfare0,approval,approval0,conceal_share_e,conceal_share_n,evasion_share_e,evasion_share_n,conceal_frac_e,conceal_frac_n,evasion_frac_e,evasion_frac_n,shelter_pct_e,shelter_pct_n,detection_rate,detection_revenue,wtax_evasion_elast
65.55561363,2.85521334,2.85521334,0.00000000,29.60007026,258.66753128,50.94723394,1.28451063,0.15415586,0.04135662,0.03299503,35.63634363,0.25000000,0.18639496,1.81162873,6.93140581,0.00000000,0.00000000,9.18235041,0.01152081,1.01512040,0.63948214,0.00000000,0.00000000,0.00000000,0.00000000,0.75089055,0.38232017,0.71007955,0.84726868,0.93554692,0.75089055,0.38232017,0.71007955,0.84726868,0.93554692,-23.24719245,-46.21344370,0.85176235,0.50624145,-nan,-nan,-nan,-nan,0.00000000,0.00000000,0.00000000,0.00000000,0.00000000,0.00000000,-nan,0.00000000,13.36451559
