Y,A,A_rep,A_hid,L,Q,K,W,P,r,taua,abar,tauk,taul,WtaxRev,KtaxRev,WtaxRev_lost,KtaxRev_lost,G,lump_sum,ylbar,WtaxPct,ShelterPct,ShelterPctP99,TaxEvasionP99,ConcealPctP99,gini,p90,p99,p999,p9999,gini_total,p90_total,p99_total,p999_total,p9999_total,welfare,welfare0,approval,approval0,conceal_share_e,conceal_share_n,evasion_share_e,evasion_share_n,conceal_frac_e,conceal_frac_n,evasion_frac_e,evasion_frac_n,shelter_pct_e,shelter_pct_n,detection_rate,detection_revenue,wtax_evasion_elast
52.99543532,2.01502891,2.01502891,0.00000000,29.48614931,162.28506468,26.00990479,1.04243835,0.18958995,0.09466389,0.04762337,0.00000000,0.25000000,0.18667553,9.59624644,7.98111703,0.00000000,0.00000000,9.18235041,0.04177439,1.01512040,81.53050382,0.00000000,0.00000000,0.00000000,0.00000000,0.86651615,0.22632432,0.53565272,0.72502066,0.89308614,0.86651615,0.22632432,0.53565272,0.72502066,0.89308614,-27.75335108,-55.76631582,0.33754818,0.01316356,-nan,-nan,-nan,-nan,0.00000000,0.00000000,0.00000000,0.00000000,0.00000000,0.00000000,-nan,0.00000000,13.46115047
