Y,A,A_rep,A_hid,L,Q,K,W,P,r,taua,abar,tauk,taul,WtaxRev,KtaxRev,WtaxRev_lost,KtaxRev_lost,G,lump_sum,ylbar,WtaxPct,ShelterPct,ShelterPctP99,TaxEvasionP99,ConcealPctP99,gini,p90,p99,p999,p9999,gini_total,p90_total,p99_total,p999_total,p9999_total,welfare,welfare0,approval,approval0,conceal_share_e,conceal_share_n,evasion_share_e,evasion_share_n,conceal_frac_e,conceal_frac_n,evasion_frac_e,evasion_frac_n,shelter_pct_e,shelter_pct_n,detection_rate,detection_revenue,wtax_evasion_elast
61.74591248,2.64606450,2.64606450,0.00000000,29.21621607,229.31704510,44.09903142,1.22578081,0.16182344,0.04941180,0.05381508,10.59255517,0.25000000,0.18677984,3.59132951,7.19232955,0.00000000,0.00000000,9.18235041,0.01782464,1.01512040,3.96602182,0.00000000,0.00000000,0.00000000,0.00000000,0.70379654,0.45227436,0.73842329,0.84906486,0.93387392,0.70379654,0.45227436,0.73842329,0.84906486,0.93387392,-23.23578861,-47.17919450,0.60992201,0.24353891,-nan,-nan,-nan,-nan,0.00000000,0.00000000,0.00000000,0.00000000,0.00000000,0.00000000,-nan,0.00000000,13.27461560
