Y,A,A_rep,A_hid,L,Q,K,W,P,r,taua,abar,tauk,taul,WtaxRev,KtaxRev,WtaxRev_lost,KtaxRev_lost,G,lump_sum,ylbar,WtaxPct,ShelterPct,ShelterPctP99,TaxEvasionP99,ConcealPctP99,gini,p90,p99,p999,p9999,gini_total,p90_total,p99_total,p999_total,p9999_total,welfare,welfare0,approval,approval0,conceal_share_e,conceal_share_n,evasion_share_e,evasion_share_n,conceal_frac_e,conceal_frac_n,evasion_frac_e,evasion_frac_n,shelter_pct_e,shelter_pct_n,detection_rate,detection_revenue,wtax_evasion_elast
73.51180325,3.11142238,2.92753593,0.18388645,30.12562251,331.49273127,65.44392158,1.41529550,0.13827827,0.02975246,0.01245270,1172.35647900,0.25000000,0.18606744,0.15872873,5.92907427,0.11904409,0.54354438,9.29156816,0.00074519,1.08952447,0.01169338,0.10349023,37.00759393,8.67190947,53.83534458,0.77125074,0.35136543,0.65895484,0.82578654,0.93796526,0.78472797,0.33059957,0.62005753,0.78146223,0.90991299,-23.70535381,-47.57115963,0.69693447,0.35506211,0.26542115,0.73457885,0.80308872,0.19691128,0.04802811,0.06447081,0.06256569,0.00907633,0.39029025,0.03424464,0.67676373,0.04688293,31.71744018
