Y,A,A_rep,A_hid,L,Q,K,W,P,r,taua,abar,tauk,taul,WtaxRev,KtaxRev,WtaxRev_lost,KtaxRev_lost,G,lump_sum,ylbar,WtaxPct,ShelterPct,ShelterPctP99,TaxEvasionP99,ConcealPctP99,gini,p90,p99,p999,p9999,gini_total,p90_total,p99_total,p999_total,p9999_total,welfare,welfare0,approval,approval0,conceal_share_e,conceal_share_n,evasion_share_e,evasion_share_n,conceal_frac_e,conceal_frac_n,evasion_frac_e,evasion_frac_n,shelter_pct_e,shelter_pct_n,detection_rate,detection_revenue,wtax_evasion_elast
65.59517339,2.85604528,2.85604528,0.00000000,29.60794655,258.97532782,50.99117976,1.28497745,0.15408809,0.04133546,0.03128189,33.24390592,0.25000000,0.18638700,1.78980425,6.92981567,0.00000000,0.00000000,9.18235041,0.01141364,1.01512040,0.82472327,0.00000000,0.00000000,0.00000000,0.00000000,0.75119302,0.38180440,0.70806070,0.84476367,0.93453907,0.75119302,0.38180440,0.70806070,0.84476367,0.93453907,-23.25232590,-46.21752011,0.85378458,0.50612164,-nan,-nan,-nan,-nan,0.00000000,0.00000000,0.00000000,0.00000000,0.00000000,0.00000000,-nan,0.00000000,13.44838999
