Y,A,A_rep,A_hid,L,Q,K,W,P,r,taua,abar,tauk,taul,WtaxRev,KtaxRev,WtaxRev_lost,KtaxRev_lost,G,lump_sum,ylbar,WtaxPct,ShelterPct,ShelterPctP99,TaxEvasionP99,ConcealPctP99,gini,p90,p99,p999,p9999,gini_total,p90_total,p99_total,p999_total,p9999_total,welfare,welfare0,approval,approval0,conceal_share_e,conceal_share_n,evasion_share_e,evasion_share_n,conceal_frac_e,conceal_frac_n,evasion_frac_e,evasion_frac_n,shelter_pct_e,shelter_pct_n,detection_rate,detection_revenue,wtax_evasion_elast
65.94640861,2.87424605,2.87424605,0.00000000,29.65613863,261.53050860,51.68147138,1.28973985,0.15354791,0.04059663,0.04021614,80.44666673,0.25000000,0.18630673,1.55767496,6.90727914,0.00000000,0.00000000,9.18235041,0.00981498,1.01512040,0.28289042,0.00000000,0.00000000,0.00000000,0.00000000,0.75451194,0.37620763,0.70471968,0.85819988,0.94110141,0.75451194,0.37620763,0.70471968,0.85819988,0.94110141,-23.33891836,-46.31527907,0.84186487,0.47452745,-nan,-nan,-nan,-nan,0.00000000,0.00000000,0.00000000,0.00000000,0.00000000,0.00000000,-nan,0.00000000,13.10221142
