Y,A,A_rep,A_hid,L,Q,K,W,P,r,taua,abar,tauk,taul,WtaxRev,KtaxRev,WtaxRev_lost,KtaxRev_lost,G,lump_sum,ylbar,WtaxPct,ShelterPct,ShelterPctP99,TaxEvasionP99,ConcealPctP99,gini,p90,p99,p999,p9999,gini_total,p90_total,p99_total,p999_total,p9999_total,welfare,welfare0,approval,approval0,conceal_share_e,conceal_share_n,evasion_share_e,evasion_share_n,conceal_frac_e,conceal_frac_n,evasion_frac_e,evasion_frac_n,shelter_pct_e,shelter_pct_n,detection_rate,detection_revenue,wtax_evasion_elast
64.60922422,2.81342032,2.81342032,0.00000000,29.47045245,251.43434583,49.47910069,1.27156172,0.15586185,0.04271138,0.04602508,32.09215486,0.25000000,0.18651347,2.29172588,6.98319908,0.00000000,0.00000000,9.18235041,0.01364715,1.01512040,0.74749240,0.00000000,0.00000000,0.00000000,0.00000000,0.74157769,0.39660104,0.73183502,0.86021114,0.94012348,0.74157769,0.39660104,0.73183502,0.86021114,0.94012348,-23.18591679,-46.28950123,0.78690714,0.41827345,-nan,-nan,-nan,-nan,0.00000000,0.00000000,0.00000000,0.00000000,0.00000000,0.00000000,-nan,0.00000000,12.56027188
