Y,A,A_rep,A_hid,L,Q,K,W,P,r,taua,abar,tauk,taul,WtaxRev,KtaxRev,WtaxRev_lost,KtaxRev_lost,G,lump_sum,ylbar,WtaxPct,ShelterPct,ShelterPctP99,TaxEvasionP99,ConcealPctP99,gini,p90,p99,p999,p9999,gini_total,p90_total,p99_total,p999_total,p9999_total,welfare,welfare0,approval,approval0,conceal_share_e,conceal_share_n,evasion_share_e,evasion_share_n,conceal_frac_e,conceal_frac_n,evasion_frac_e,evasion_frac_n,shelter_pct_e,shelter_pct_n,detection_rate,detection_revenue,wtax_evasion_elast
73.49076805,3.11046487,2.92303179,0.18743308,30.12235576,331.32171745,65.41604643,1.41506113,0.13830470,0.02976465,0.01339502,1112.91699099,0.25000000,0.18607042,0.17418468,5.92875456,0.13401383,0.54218709,9.29156816,0.00086262,1.08952447,0.01159895,0.10381035,37.92790913,8.71423265,54.13101213,0.77090303,0.35189934,0.66008729,0.82731905,0.93866667,0.78466573,0.33069429,0.62035900,0.78195117,0.91035229,-23.69940131,-47.56147989,0.72635850,0.37675557,0.26369943,0.73630057,0.78983876,0.21016124,0.04864625,0.06589224,0.06268855,0.00987631,0.39066774,0.03455090,0.67304094,0.04688245,30.57221148
