Y,A,A_rep,A_hid,L,Q,K,W,P,r,taua,abar,tauk,taul,WtaxRev,KtaxRev,WtaxRev_lost,KtaxRev_lost,G,lump_sum,ylbar,WtaxPct,ShelterPct,ShelterPctP99,TaxEvasionP99,ConcealPctP99,gini,p90,p99,p999,p9999,gini_total,p90_total,p99_total,p999_total,p9999_total,welfare,welfare0,approval,approval0,conceal_share_e,conceal_share_n,evasion_share_e,evasion_share_n,conceal_frac_e,conceal_frac_n,evasion_frac_e,evasion_frac_n,shelter_pct_e,shelter_pct_n,detection_rate,detection_revenue,wtax_evasion_elast
65.74179353,2.86296903,2.86296903,0.00000000,29.62790699,260.07732273,51.23805753,1.28696183,0.15384084,0.04109701,0.03000000,34.89847446,0.25000000,0.18636747,1.71167997,6.92138516,0.00000000,0.00000000,9.18235041,0.01101350,1.01512040,0.86287449,0.00000000,0.00000000,0.00000000,0.00000000,0.75271303,0.37942998,0.70512336,0.84370684,0.93423617,0.75271303,0.37942998,0.70512336,0.84370684,0.93423617,-23.26873033,-46.21878558,0.86762995,0.52808990,-nan,-nan,-nan,-nan,0.00000000,0.00000000,0.00000000,0.00000000,0.00000000,0.00000000,-nan,0.00000000,13.55812488
