Y,A,A_rep,A_hid,L,Q,K,W,P,r,taua,abar,tauk,taul,WtaxRev,KtaxRev,WtaxRev_lost,KtaxRev_lost,G,lump_sum,ylbar,WtaxPct,ShelterPct,ShelterPctP99,TaxEvasionP99,ConcealPctP99,gini,p90,p99,p999,p9999,gini_total,p90_total,p99_total,p999_total,p9999_total,welfare,welfare0,approval,approval0,conceal_share_e,conceal_share_n,evasion_share_e,evasion_share_n,conceal_frac_e,conceal_frac_n,evasion_frac_e,evasion_frac_n,shelter_pct_e,shelter_pct_n,detection_rate,detection_revenue,wtax_evasion_elast
65.71149434,2.86427381,2.86427381,0.00000000,29.62259214,259.73397092,51.32232973,1.28661604,0.15395481,0.04090665,0.04400303,74.91564048,0.25000000,0.18633856,1.68074859,6.91933079,0.00000000,0.00000000,9.18235041,0.01041962,1.01512040,0.34230675,0.00000000,0.00000000,0.00000000,0.00000000,0.75239355,0.37946954,0.71061386,0.86199290,0.94255197,0.75239355,0.37946954,0.71061386,0.86199290,0.94255197,-23.31739483,-46.31908244,0.82497538,0.45228824,-nan,-nan,-nan,-nan,0.00000000,0.00000000,0.00000000,0.00000000,0.00000000,0.00000000,-nan,0.00000000,12.86758991
