Y,A,A_rep,A_hid,L,Q,K,W,P,r,taua,abar,tauk,taul,WtaxRev,KtaxRev,WtaxRev_lost,KtaxRev_lost,G,lump_sum,ylbar,WtaxPct,ShelterPct,ShelterPctP99,TaxEvasionP99,ConcealPctP99,gini,p90,p99,p999,p9999,gini_total,p90_total,p99_total,p999_total,p9999_total,welfare,welfare0,approval,approval0,conceal_share_e,conceal_share_n,evasion_share_e,evasion_share_n,conceal_frac_e,conceal_frac_n,evasion_frac_e,evasion_frac_n,shelter_pct_e,shelter_pct_n,detection_rate,detection_revenue,wtax_evasion_elast
65.43798926,2.84875120,2.84875120,0.00000000,29.58657724,257.77381490,50.72985721,1.28281572,0.15436241,0.04158529,0.03280862,31.78540255,0.25000000,0.18640892,1.87176870,6.93899009,0.00000000,0.00000000,9.18235041,0.01181618,1.01512040,0.79139679,0.00000000,0.00000000,0.00000000,0.00000000,0.74971963,0.38415035,0.71120468,0.84619102,0.93499149,0.74971963,0.38415035,0.71120468,0.84619102,0.93499149,-23.23897350,-46.22448275,0.83896263,0.47196767,-nan,-nan,-nan,-nan,0.00000000,0.00000000,0.00000000,0.00000000,0.00000000,0.00000000,-nan,0.00000000,13.36140770
