Y,A,A_rep,A_hid,L,Q,K,W,P,r,taua,abar,tauk,taul,WtaxRev,KtaxRev,WtaxRev_lost,KtaxRev_lost,G,lump_sum,ylbar,WtaxPct,ShelterPct,ShelterPctP99,TaxEvasionP99,ConcealPctP99,gini,p90,p99,p999,p9999,gini_total,p90_total,p99_total,p999_total,p9999_total,welfare,welfare0,approval,approval0,conceal_share_e,conceal_share_n,evasion_share_e,evasion_share_n,conceal_frac_e,conceal_frac_n,evasion_frac_e,evasion_frac_n,shelter_pct_e,shelter_pct_n,detection_rate,detection_revenue,wtax_evasion_elast
65.55688356,2.85519949,2.85519949,0.00000000,29.60040855,258.68542272,50.94915010,1.28453817,0.15415142,0.04135624,0.03290118,35.39765517,0.25000000,0.18639432,1.81158447,6.93114243,0.00000000,0.00000000,9.18235041,0.01152684,1.01512040,0.63798969,0.00000000,0.00000000,0.00000000,0.00000000,0.75090923,0.38232599,0.71001375,0.84713024,0.93548298,0.75090923,0.38232599,0.71001375,0.84713024,0.93548298,-23.24655168,-46.21147173,0.85307403,0.50628482,-nan,-nan,-nan,-nan,0.00000000,0.00000000,0.00000000,0.00000000,0.00000000,0.00000000,-nan,0.00000000,13.37132223
