Y,A,A_rep,A_hid,L,Q,K,W,P,r,taua,abar,tauk,taul,WtaxRev,KtaxRev,WtaxRev_lost,KtaxRev_lost,G,lump_sum,ylbar,WtaxPct,ShelterPct,ShelterPctP99,TaxEvasionP99,ConcealPctP99,gini,p90,p99,p999,p9999,gini_total,p90_total,p99_total,p999_total,p9999_total,welfare,welfare0,approval,approval0,conceal_share_e,conceal_share_n,evasion_share_e,evasion_share_n,conceal_frac_e,conceal_frac_n,evasion_frac_e,evasion_frac_n,shelter_pct_e,shelter_pct_n,detection_rate,detection_revenue,wtax_evasion_elast
65.56446811,2.85509041,2.85509041,0.00000000,29.60270703,258.74316661,50.95388993,1.28460484,0.15414042,0.04135958,0.03234194,34.47700731,0.25000000,0.18639188,1.80736725,6.93086770,0.00000000,0.00000000,9.18235041,0.01149750,1.01512040,0.84643350,0.00000000,0.00000000,0.00000000,0.00000000,0.75094522,0.38223258,0.70938127,0.84629077,0.93513961,0.75094522,0.38223258,0.70938127,0.84629077,0.93513961,-23.24877648,-46.21514738,0.85228555,0.50584264,-nan,-nan,-nan,-nan,0.00000000,0.00000000,0.00000000,0.00000000,0.00000000,0.00000000,-nan,0.00000000,13.39206388
