Y,A,A_rep,A_hid,L,Q,K,W,P,r,taua,abar,tauk,taul,WtaxRev,KtaxRev,WtaxRev_lost,KtaxRev_lost,G,lump_sum,ylbar,WtaxPct,ShelterPct,ShelterPctP99,TaxEvasionP99,ConcealPctP99,gini,p90,p99,p999,p9999,gini_total,p90_total,p99_total,p999_total,p9999_total,welfare,welfare0,approval,approval0,conceal_share_e,conceal_share_n,evasion_share_e,evasion_share_n,conceal_frac_e,conceal_frac_n,evasion_frac_e,evasion_frac_n,shelter_pct_e,shelter_pct_n,detection_rate,detection_revenue,wtax_evasion_elast
65.61408793,2.85769572,2.85769572,0.00000000,29.60839946,259.12286890,51.04061281,1.28531413,0.15405170,0.04127223,0.03233013,36.21487105,0.25000000,0.18638564,1.78019647,6.92792425,0.00000000,0.00000000,9.18235041,0.01136018,1.01512040,0.64652601,0.00000000,0.00000000,0.00000000,0.00000000,0.75143557,0.38143499,0.70878892,0.84660427,0.93532202,0.75143557,0.38143499,0.70878892,0.84660427,0.93532202,-23.25301175,-46.21336184,0.85613301,0.51003327,-nan,-nan,-nan,-nan,0.00000000,0.00000000,0.00000000,0.00000000,0.00000000,0.00000000,-nan,0.00000000,13.39879301
