Y,A,A_rep,A_hid,L,Q,K,W,P,r,taua,abar,tauk,taul,WtaxRev,KtaxRev,WtaxRev_lost,KtaxRev_lost,G,lump_sum,ylbar,WtaxPct,ShelterPct,ShelterPctP99,TaxEvasionP99,ConcealPctP99,gini,p90,p99,p999,p9999,gini_total,p90_total,p99_total,p999_total,p9999_total,welfare,welfare0,approval,approval0,conceal_share_e,conceal_share_n,evasion_share_e,evasion_share_n,conceal_frac_e,conceal_frac_n,evasion_frac_e,evasion_frac_n,shelter_pct_e,shelter_pct_n,detection_rate,detection_revenue,wtax_evasion_elast
65.12288369,2.83829216,2.83829216,0.00000000,29.53758764,255.32538164,50.35844332,1.27877219,0.15494635,0.04181772,0.04630093,48.52859230,0.25000000,0.18643428,2.01048393,6.95179988,0.00000000,0.00000000,9.18235041,0.01220090,1.01512040,0.42524734,0.00000000,0.00000000,0.00000000,0.00000000,0.74674120,0.38840084,0.72394121,0.86324182,0.94206853,0.74674120,0.38840084,0.72394121,0.86324182,0.94206853,-23.23870699,-46.28356008,0.80383325,0.43423996,-nan,-nan,-nan,-nan,0.00000000,0.00000000,0.00000000,0.00000000,0.00000000,0.00000000,-nan,0.00000000,12.62605592
