Y,A,A_rep,A_hid,L,Q,K,W,P,r,taua,abar,tauk,taul,WtaxRev,KtaxRev,WtaxRev_lost,KtaxRev_lost,G,lump_sum,ylbar,WtaxPct,ShelterPct,ShelterPctP99,TaxEvasionP99,ConcealPctP99,gini,p90,p99,p999,p9999,gini_total,p90_total,p99_total,p999_total,p9999_total,welfare,welfare0,approval,approval0,conceal_share_e,conceal_share_n,evasion_share_e,evasion_share_n,conceal_frac_e,conceal_frac_n,evasion_frac_e,evasion_frac_n,shelter_pct_e,shelter_pct_n,detection_rate,detection_revenue,wtax_evasion_elast
65.25833535,2.83926801,2.83926801,0.00000000,29.56501920,256.40492006,50.39869435,1.28023005,0.15467858,0.04193428,0.03313918,27.88077037,0.25000000,0.18643074,1.96217869,6.95085977,0.00000000,0.00000000,9.18235041,0.01225546,1.01512040,1.05574730,0.00000000,0.00000000,0.00000000,0.00000000,0.74766848,0.38735093,0.71248291,0.84548671,0.93458062,0.74766848,0.38735093,0.71248291,0.84548671,0.93458062,-23.22308701,-46.23862135,0.82335545,0.45722531,-nan,-nan,-nan,-nan,0.00000000,0.00000000,0.00000000,0.00000000,0.00000000,0.00000000,-nan,0.00000000,13.36301313
