Y,A,A_rep,A_hid,L,Q,K,W,P,r,taua,abar,tauk,taul,WtaxRev,KtaxRev,WtaxRev_lost,KtaxRev_lost,G,lump_sum,ylbar,WtaxPct,ShelterPct,ShelterPctP99,TaxEvasionP99,ConcealPctP99,gini,p90,p99,p999,p9999,gini_total,p90_total,p99_total,p999_total,p9999_total,welfare,welfare0,approval,approval0,conceal_share_e,conceal_share_n,evasion_share_e,evasion_share_n,conceal_frac_e,conceal_frac_n,evasion_frac_e,evasion_frac_n,shelter_pct_e,shelter_pct_n,detection_rate,detection_revenue,wtax_evasion_elast
65.55378102,2.85499466,2.85499466,0.00000000,29.60028327,258.66391737,50.94545522,1.28449639,0.15415731,0.04135952,0.03287025,35.14998777,0.25000000,0.18639397,1.81361819,6.93112852,0.00000000,0.00000000,9.18235041,0.01152797,1.01512040,0.63595340,0.00000000,0.00000000,0.00000000,0.00000000,0.75087925,0.38236824,0.71002304,0.84707692,0.93545540,0.75087925,0.38236824,0.71002304,0.84707692,0.93545540,-23.24712871,-46.21329793,0.85177688,0.50619359,-nan,-nan,-nan,-nan,0.00000000,0.00000000,0.00000000,0.00000000,0.00000000,0.00000000,-nan,0.00000000,13.37879989
