Y,A,A_rep,A_hid,L,Q,K,W,P,r,taua,abar,tauk,taul,WtaxRev,KtaxRev,WtaxRev_lost,KtaxRev_lost,G,lump_sum,ylbar,WtaxPct,ShelterPct,ShelterPctP99,TaxEvasionP99,ConcealPctP99,gini,p90,p99,p999,p9999,gini_total,p90_total,p99_total,p999_total,p9999_total,welfare,welfare0,approval,approval0,conceal_share_e,conceal_share_n,evasion_share_e,evasion_share_n,conceal_frac_e,conceal_frac_n,evasion_frac_e,evasion_frac_n,shelter_pct_e,shelter_pct_n,detection_rate,detection_revenue,wtax_evasion_elast
66.02365089,2.87687587,2.87687587,0.00000000,29.66545995,262.20716874,51.74703626,1.29084881,0.15337120,0.04058814,0.03230051,56.53289455,0.25000000,0.18631062,1.54028759,6.90396509,0.00000000,0.00000000,9.18235041,0.00992544,1.01512040,0.38956115,0.00000000,0.00000000,0.00000000,0.00000000,0.75524862,0.37525725,0.70150049,0.84869982,0.93671123,0.75524862,0.37525725,0.70150049,0.84869982,0.93671123,-23.32015253,-46.26298491,0.87671588,0.60463970,-nan,-nan,-nan,-nan,0.00000000,0.00000000,0.00000000,0.00000000,0.00000000,0.00000000,-nan,0.00000000,13.52132688
