Y,A,A_rep,A_hid,L,Q,K,W,P,r,taua,abar,tauk,taul,WtaxRev,KtaxRev,WtaxRev_lost,KtaxRev_lost,G,lump_sum,ylbar,WtaxPct,ShelterPct,ShelterPctP99,TaxEvasionP99,ConcealPctP99,gini,p90,p99,p999,p9999,gini_total,p90_total,p99_total,p999_total,p9999_total,welfare,welfare0,approval,approval0,conceal_share_e,conceal_share_n,evasion_share_e,evasion_share_n,conceal_frac_e,conceal_frac_n,evasion_frac_e,evasion_frac_n,shelter_pct_e,shelter_pct_n,detection_rate,detection_revenue,wtax_evasion_elast
65.58457478,2.85633209,2.85633209,0.00000000,29.60459480,258.90013474,50.99531542,1.28491643,0.15410351,0.04131333,0.03262099,35.71726157,0.25000000,0.18638906,1.79703751,6.92934574,0.00000000,0.00000000,9.18235041,0.01144245,1.01512040,0.64136618,0.00000000,0.00000000,0.00000000,0.00000000,0.75112697,0.38187752,0.70942532,0.84687672,0.93539781,0.75112697,0.38187752,0.70942532,0.84687672,0.93539781,-23.24987491,-46.21267339,0.85449404,0.50707578,-nan,-nan,-nan,-nan,0.00000000,0.00000000,0.00000000,0.00000000,0.00000000,0.00000000,-nan,0.00000000,13.38895095
