Y,A,A_rep,A_hid,L,Q,K,W,P,r,taua,abar,tauk,taul,WtaxRev,KtaxRev,WtaxRev_lost,KtaxRev_lost,G,lump_sum,ylbar,WtaxPct,ShelterPct,ShelterPctP99,TaxEvasionP99,ConcealPctP99,gini,p90,p99,p999,p9999,gini_total,p90_total,p99_total,p999_total,p9999_total,welfare,welfare0,approval,approval0,conceal_share_e,conceal_share_n,evasion_share_e,evasion_share_n,conceal_frac_e,conceal_frac_n,evasion_frac_e,evasion_frac_n,shelter_pct_e,shelter_pct_n,detection_rate,detection_revenue,wtax_evasion_elast
65.60861454,2.85739099,2.85739099,0.00000000,29.60757444,259.05783861,51.02685859,1.28519566,0.15406757,0.04128561,0.03210943,35.23245641,0.25000000,0.18638885,1.78535253,6.92888457,0.00000000,0.00000000,9.18235041,0.01139945,1.01512040,0.63945818,0.00000000,0.00000000,0.00000000,0.00000000,0.75138197,0.38147218,0.70869358,0.84618260,0.93511489,0.75138197,0.38147218,0.70869358,0.84618260,0.93511489,-23.25143510,-46.21207336,0.85593445,0.50999923,-nan,-nan,-nan,-nan,0.00000000,0.00000000,0.00000000,0.00000000,0.00000000,0.00000000,-nan,0.00000000,13.42055692
