Y,A,A_rep,A_hid,L,Q,K,W,P,r,taua,abar,tauk,taul,WtaxRev,KtaxRev,WtaxRev_lost,KtaxRev_lost,G,lump_sum,ylbar,WtaxPct,ShelterPct,ShelterPctP99,TaxEvasionP99,ConcealPctP99,gini,p90,p99,p999,p9999,gini_total,p90_total,p99_total,p999_total,p9999_total,welfare,welfare0,approval,approval0,conceal_share_e,conceal_share_n,evasion_share_e,evasion_share_n,conceal_frac_e,conceal_frac_n,evasion_frac_e,evasion_frac_n,shelter_pct_e,shelter_pct_n,detection_rate,detection_revenue,wtax_evasion_elast
65.32785146,2.84534876,2.84534876,0.00000000,29.56777612,256.94294725,50.59413361,1.28146957,0.15455085,0.04167631,0.03690307,36.81825410,0.25000000,0.18642352,1.92757526,6.94327213,0.00000000,0.00000000,9.18235041,0.01204209,1.01512040,0.63656918,0.00000000,0.00000000,0.00000000,0.00000000,0.74866580,0.38560985,0.71604326,0.85181872,0.93727703,0.74866580,0.38560985,0.71604326,0.85181872,0.93727703,-23.22985913,-46.22675508,0.82923741,0.46304726,-nan,-nan,-nan,-nan,0.00000000,0.00000000,0.00000000,0.00000000,0.00000000,0.00000000,-nan,0.00000000,13.10998670
