Y,A,A_rep,A_hid,L,Q,K,W,P,r,taua,abar,tauk,taul,WtaxRev,KtaxRev,WtaxRev_lost,KtaxRev_lost,G,lump_sum,ylbar,WtaxPct,ShelterPct,ShelterPctP99,TaxEvasionP99,ConcealPctP99,gini,p90,p99,p999,p9999,gini_total,p90_total,p99_total,p999_total,p9999_total,welfare,welfare0,approval,approval0,conceal_share_e,conceal_share_n,evasion_share_e,evasion_share_n,conceal_frac_e,conceal_frac_n,evasion_frac_e,evasion_frac_n,shelter_pct_e,shelter_pct_n,detection_rate,detection_revenue,wtax_evasion_elast
73.44292346,3.11037374,2.90509647,0.20527727,30.12497924,330.42864971,65.59541083,1.41395686,0.13854447,0.02949111,0.01932703,1261.89083953,0.25000000,0.18606820,0.17223137,5.92146875,0.21671831,0.53771585,9.29156816,0.00075187,1.08952447,0.00981273,0.10488970,54.16344224,10.84126385,51.26521729,0.77055328,0.35259191,0.66317490,0.83360923,0.94745141,0.78565381,0.32932168,0.61946666,0.78304549,0.91288161,-23.73955218,-47.63921998,0.48284719,0.07861764,0.30758839,0.69241161,0.76095082,0.23904918,0.06196548,0.06796215,0.06697939,0.01251922,0.39547837,0.03472938,0.66941068,0.06352918,36.34476745
