Y,A,A_rep,A_hid,L,Q,K,W,P,r,taua,abar,tauk,taul,WtaxRev,KtaxRev,WtaxRev_lost,KtaxRev_lost,G,lump_sum,ylbar,WtaxPct,ShelterPct,ShelterPctP99,TaxEvasionP99,ConcealPctP99,gini,p90,p99,p999,p9999,gini_total,p90_total,p99_total,p999_total,p9999_total,welfare,welfare0,approval,approval0,conceal_share_e,conceal_share_n,evasion_share_e,evasion_share_n,conceal_frac_e,conceal_frac_n,evasion_frac_e,evasion_frac_n,shelter_pct_e,shelter_pct_n,detection_rate,detection_revenue,wtax_evasion_elast
73.49023317,3.11048691,2.93052148,0.17996543,30.12349791,331.29978962,65.41916462,1.41501086,0.13831326,0.02976103,0.01533574,1376.74741399,0.25000000,0.18606884,0.16646736,5.92940302,0.12971794,0.54669636,9.29156816,0.00078976,1.08952447,0.00943035,0.10354094,38.10372558,9.03405840,52.11737631,0.77145357,0.35108015,0.65844915,0.82533135,0.93910870,0.78463528,0.33076748,0.62040058,0.78207291,0.91077272,-23.70533606,-47.57405510,0.68641525,0.33762645,0.27200819,0.72799181,0.79757101,0.20242899,0.04818073,0.06255181,0.06333954,0.00951887,0.39188723,0.03392202,0.68135506,0.04853737,28.87243388
