Y,A,A_rep,A_hid,L,Q,K,W,P,r,taua,abar,tauk,taul,WtaxRev,KtaxRev,WtaxRev_lost,KtaxRev_lost,G,lump_sum,ylbar,WtaxPct,ShelterPct,ShelterPctP99,TaxEvasionP99,ConcealPctP99,gini,p90,p99,p999,p9999,gini_total,p90_total,p99_total,p999_total,p9999_total,welfare,welfare0,approval,approval0,conceal_share_e,conceal_share_n,evasion_share_e,evasion_share_n,conceal_frac_e,conceal_frac_n,evasion_frac_e,evasion_frac_n,shelter_pct_e,shelter_pct_n,detection_rate,detection_revenue,wtax_evasion_elast
65.57464637,2.85599114,2.85599114,0.00000000,29.60291057,258.81279428,50.97777254,1.28476505,0.15412331,0.04132875,0.03262406,35.30830262,0.25000000,0.18639272,1.80261656,6.93034713,0.00000000,0.00000000,9.18235041,0.01148591,1.01512040,0.63835873,0.00000000,0.00000000,0.00000000,0.00000000,0.75105052,0.38216285,0.70958412,0.84681657,0.93535771,0.75105052,0.38216285,0.70958412,0.84681657,0.93535771,-23.24767225,-46.21058891,0.85403256,0.50707538,-nan,-nan,-nan,-nan,0.00000000,0.00000000,0.00000000,0.00000000,0.00000000,0.00000000,-nan,0.00000000,13.39325532
