Y,A,A_rep,A_hid,L,Q,K,W,P,r,taua,abar,tauk,taul,WtaxRev,KtaxRev,WtaxRev_lost,KtaxRev_lost,G,lump_sum,ylbar,WtaxPct,ShelterPct,ShelterPctP99,TaxEvasionP99,ConcealPctP99,gini,p90,p99,p999,p9999,gini_total,p90_total,p99_total,p999_total,p9999_total,welfare,welfare0,approval,approval0,conceal_share_e,conceal_share_n,evasion_share_e,evasion_share_n,conceal_frac_e,conceal_frac_n,evasion_frac_e,evasion_frac_n,shelter_pct_e,shelter_pct_n,detection_rate,detection_revenue,wtax_evasion_elast
73.48303761,3.11046214,2.92446589,0.18599626,30.12341627,331.15762230,65.45013316,1.41484909,0.13835040,0.02971390,0.01563110,1310.82927676,0.25000000,0.18606734,0.16894258,5.92736836,0.14332109,0.54487292,9.29156816,0.00079802,1.08952447,0.00944480,0.10292605,40.23358700,9.33981263,52.64708606,0.77120461,0.35140952,0.65956987,0.82735787,0.94063031,0.78484436,0.33039629,0.62017698,0.78235275,0.91120023,-23.71023839,-47.58313900,0.65652799,0.31377895,0.27657804,0.72342196,0.79030062,0.20969938,0.05060638,0.06425864,0.06378780,0.01003051,0.38775672,0.03415594,0.68455942,0.05168843,30.86179154
