Y,A,A_rep,A_hid,L,Q,K,W,P,r,taua,abar,tauk,taul,WtaxRev,KtaxRev,WtaxRev_lost,KtaxRev_lost,G,lump_sum,ylbar,WtaxPct,ShelterPct,ShelterPctP99,TaxEvasionP99,ConcealPctP99,gini,p90,p99,p999,p9999,gini_total,p90_total,p99_total,p999_total,p9999_total,welfare,welfare0,approval,approval0,conceal_share_e,conceal_share_n,evasion_share_e,evasion_share_n,conceal_frac_e,conceal_frac_n,evasion_frac_e,evasion_frac_n,shelter_pct_e,shelter_pct_n,detection_rate,detection_revenue,wtax_evasion_elast
65.58906713,2.85654626,2.85654626,0.00000000,29.60530195,258.92459379,50.99936613,1.28495271,0.15409849,0.04131087,0.03226874,34.98573252,0.25000000,0.18638980,1.79484271,6.92959004,0.00000000,0.00000000,9.18235041,0.01144565,1.01512040,0.85915108,0.00000000,0.00000000,0.00000000,0.00000000,0.75118635,0.38184747,0.70907941,0.84634341,0.93516702,0.75118635,0.38184747,0.70907941,0.84634341,0.93516702,-23.24950790,-46.21142903,0.85519109,0.50972591,-nan,-nan,-nan,-nan,0.00000000,0.00000000,0.00000000,0.00000000,0.00000000,0.00000000,-nan,0.00000000,13.41299852
