Y,A,A_rep,A_hid,L,Q,K,W,P,r,taua,abar,tauk,taul,WtaxRev,KtaxRev,WtaxRev_lost,KtaxRev_lost,G,lump_sum,ylbar,WtaxPct,ShelterPct,ShelterPctP99,TaxEvasionP99,ConcealPctP99,gini,p90,p99,p999,p9999,gini_total,p90_total,p99_total,p999_total,p9999_total,welfare,welfare0,approval,approval0,conceal_share_e,conceal_share_n,evasion_share_e,evasion_share_n,conceal_frac_e,conceal_frac_n,evasion_frac_e,evasion_frac_n,shelter_pct_e,shelter_pct_n,detection_rate,detection_revenue,wtax_evasion_elast
65.61316298,2.86094198,2.86094198,0.00000000,29.61464823,258.80636620,51.25387340,1.28503226,0.15422000,0.04089172,0.05295639,93.72168980,0.25000000,0.18633450,1.70189508,6.92373817,0.00000000,0.00000000,9.18235041,0.01026548,1.01512040,0.23379278,0.00000000,0.00000000,0.00000000,0.00000000,0.75174581,0.38027116,0.71353163,0.87029714,0.94669023,0.75174581,0.38027116,0.71353163,0.87029714,0.94669023,-23.34911804,-46.40115055,0.79436721,0.42128414,-nan,-nan,-nan,-nan,0.00000000,0.00000000,0.00000000,0.00000000,0.00000000,0.00000000,-nan,0.00000000,12.42244882
