Y,A,A_rep,A_hid,L,Q,K,W,P,r,taua,abar,tauk,taul,WtaxRev,KtaxRev,WtaxRev_lost,KtaxRev_lost,G,lump_sum,ylbar,WtaxPct,ShelterPct,ShelterPctP99,TaxEvasionP99,ConcealPctP99,gini,p90,p99,p999,p9999,gini_total,p90_total,p99_total,p999_total,p9999_total,welfare,welfare0,approval,approval0,conceal_share_e,conceal_share_n,evasion_share_e,evasion_share_n,conceal_frac_e,conceal_frac_n,evasion_frac_e,evasion_frac_n,shelter_pct_e,shelter_pct_n,detection_rate,detection_revenue,wtax_evasion_elast
73.56281770,3.11348579,2.92285459,0.19063119,30.13293186,331.92142214,65.53300759,1.41592711,0.13821262,0.02969888,0.00903183,988.98645981,0.25000000,0.18606011,0.13509688,5.92468702,0.09795841,0.54068086,9.29156816,0.00054128,1.08952447,0.01489155,0.10372549,36.20483366,8.45075457,54.87431738,0.77104106,0.35169261,0.65947210,0.82613797,0.93645659,0.78501689,0.33015932,0.61914089,0.78004348,0.90842567,-23.71526930,-47.58309602,0.65626432,0.31364467,0.26197184,0.73802816,0.82242687,0.17757313,0.04910475,0.06710841,0.06194000,0.00790416,0.39112832,0.03433435,0.67241602,0.04550742,38.26198672
