Y,A,A_rep,A_hid,L,Q,K,W,P,r,taua,abar,tauk,taul,WtaxRev,KtaxRev,WtaxRev_lost,KtaxRev_lost,G,lump_sum,ylbar,WtaxPct,ShelterPct,ShelterPctP99,TaxEvasionP99,ConcealPctP99,gini,p90,p99,p999,p9999,gini_total,p90_total,p99_total,p999_total,p9999_total,welfare,welfare0,approval,approval0,conceal_share_e,conceal_share_n,evasion_share_e,evasion_share_n,conceal_frac_e,conceal_frac_n,evasion_frac_e,evasion_frac_n,shelter_pct_e,shelter_pct_n,detection_rate,detection_revenue,wtax_evasion_elast
65.54896134,2.85478463,2.85478463,0.00000000,29.59956639,258.62659830,50.93783131,1.28443137,0.15416576,0.04136634,0.03307319,35.55548305,0.25000000,0.18639453,1.81532045,6.93138172,0.00000000,0.00000000,9.18235041,0.01153015,1.01512040,0.63841152,0.00000000,0.00000000,0.00000000,0.00000000,0.75082268,0.38242179,0.71024662,0.84735220,0.93557023,0.75082268,0.38242179,0.71024662,0.84735220,0.93557023,-23.24733904,-46.21485829,0.85121714,0.50166210,-nan,-nan,-nan,-nan,0.00000000,0.00000000,0.00000000,0.00000000,0.00000000,0.00000000,-nan,0.00000000,13.36311459
