Y,A,A_rep,A_hid,L,Q,K,W,P,r,taua,abar,tauk,taul,WtaxRev,KtaxRev,WtaxRev_lost,KtaxRev_lost,G,lump_sum,ylbar,WtaxPct,ShelterPct,ShelterPctP99,TaxEvasionP99,ConcealPctP99,gini,p90,p99,p999,p9999,gini_total,p90_total,p99_total,p999_total,p9999_total,welfare,welfare0,approval,approval0,conceal_share_e,conceal_share_n,evasion_share_e,evasion_share_n,conceal_frac_e,conceal_frac_n,evasion_frac_e,evasion_frac_n,shelter_pct_e,shelter_pct_n,detection_rate,detection_revenue,wtax_evasion_elast
73.62798409,3.11637735,2.94080681,0.17557054,30.14140474,332.54870226,65.60492515,1.41680180,0.13810218,0.02968319,0.00675421,1285.46345246,0.25000000,0.18605310,0.08928101,5.93719285,0.05863883,0.53568446,9.29156816,0.00032155,1.08952447,0.01120836,0.10180430,32.69625007,8.13104067,53.72645382,0.77233800,0.34968084,0.65517154,0.82014462,0.93416869,0.78512371,0.32998052,0.61830546,0.77835438,0.90687294,-23.71977925,-47.58406030,0.64350179,0.31125888,0.26836006,0.73163994,0.86023600,0.13976400,0.04630700,0.06120070,0.06058794,0.00580382,0.38713276,0.03291401,0.67699807,0.04318833,43.60258748
