Y,A,A_rep,A_hid,L,Q,K,W,P,r,taua,abar,tauk,taul,WtaxRev,KtaxRev,WtaxRev_lost,KtaxRev_lost,G,lump_sum,ylbar,WtaxPct,ShelterPct,ShelterPctP99,TaxEvasionP99,ConcealPctP99,gini,p90,p99,p999,p9999,gini_total,p90_total,p99_total,p999_total,p9999_total,welfare,welfare0,approval,approval0,conceal_share_e,conceal_share_n,evasion_share_e,evasion_share_n,conceal_frac_e,conceal_frac_n,evasion_frac_e,evasion_frac_n,shelter_pct_e,shelter_pct_n,detection_rate,detection_revenue,wtax_evasion_elast
73.73592777,3.12211953,2.99789690,0.12422262,30.15427687,333.57765703,65.74880822,1.41829685,0.13792290,0.02962668,0.00050060,1101.76975066,0.25000000,0.18604166,0.00954110,5.96656950,0.00345381,0.53696064,9.29156816,0.00000957,1.08952447,0.01637807,0.09993719,30.78426425,7.77223520,36.14044664,0.77679493,0.34283939,0.64186708,0.80254272,0.91821205,0.78563879,0.32919853,0.61637287,0.77493979,0.90295360,-23.72583340,-47.58057545,0.44369645,0.08584490,0.30534223,0.69465777,0.91549619,0.08450381,0.03723649,0.04102347,0.05909307,0.00319912,0.38405230,0.03133985,0.68167407,0.03777738,63.18960240
