Y,A,A_rep,A_hid,L,Q,K,W,P,r,taua,abar,tauk,taul,WtaxRev,KtaxRev,WtaxRev_lost,KtaxRev_lost,G,lump_sum,ylbar,WtaxPct,ShelterPct,ShelterPctP99,TaxEvasionP99,ConcealPctP99,gini,p90,p99,p999,p9999,gini_total,p90_total,p99_total,p999_total,p9999_total,welfare,welfare0,approval,approval0,conceal_share_e,conceal_share_n,evasion_share_e,evasion_share_n,conceal_frac_e,conceal_frac_n,evasion_frac_e,evasion_frac_n,shelter_pct_e,shelter_pct_n,detection_rate,detection_revenue,wtax_evasion_elast
73.54680854,3.11283871,2.93412570,0.17871301,30.13111614,331.79246615,65.48683911,1.41570049,0.13823047,0.02973748,0.01118058,1305.99879818,0.25000000,0.18606102,0.13556469,5.92817699,0.09674770,0.54663885,9.29156816,0.00055118,1.08952447,0.01058182,0.10304239,34.25778196,8.77019004,53.27874778,0.77175238,0.35055162,0.65726366,0.82335890,0.93669624,0.78481505,0.33042590,0.61957579,0.78056944,0.90911549,-23.71492394,-47.58695333,0.65207423,0.31260677,0.26803700,0.73196300,0.82420037,0.17579963,0.04712313,0.06240055,0.06251266,0.00788017,0.39005527,0.03374541,0.68326706,0.04688363,33.09749938
