Y,A,A_rep,A_hid,L,Q,K,W,P,r,taua,abar,tauk,taul,WtaxRev,KtaxRev,WtaxRev_lost,KtaxRev_lost,G,lump_sum,ylbar,WtaxPct,ShelterPct,ShelterPctP99,TaxEvasionP99,ConcealPctP99,gini,p90,p99,p999,p9999,gini_total,p90_total,p99_total,p999_total,p9999_total,welfare,welfare0,approval,approval0,conceal_share_e,conceal_share_n,evasion_share_e,evasion_share_n,conceal_frac_e,conceal_frac_n,evasion_frac_e,evasion_frac_n,shelter_pct_e,shelter_pct_n,detection_rate,detection_revenue,wtax_evasion_elast
65.58357528,2.85634087,2.85634087,0.00000000,29.60445818,258.88979508,50.99409339,1.28489809,0.15410623,0.04131385,0.03254948,35.47378529,0.25000000,0.18638992,1.79778433,6.92953365,0.00000000,0.00000000,9.18235041,0.01145188,1.01512040,0.63966830,0.00000000,0.00000000,0.00000000,0.00000000,0.75112960,0.38187270,0.70939318,0.84674855,0.93534871,0.75112960,0.38187270,0.70939318,0.84674855,0.93534871,-23.24935635,-46.21185008,0.85477551,0.50711340,-nan,-nan,-nan,-nan,0.00000000,0.00000000,0.00000000,0.00000000,0.00000000,0.00000000,-nan,0.00000000,13.39516422
