Y,A,A_rep,A_hid,L,Q,K,W,P,r,taua,abar,tauk,taul,WtaxRev,KtaxRev,WtaxRev_lost,KtaxRev_lost,G,lump_sum,ylbar,WtaxPct,ShelterPct,ShelterPctP99,TaxEvasionP99,ConcealPctP99,gini,p90,p99,p999,p9999,gini_total,p90_total,p99_total,p999_total,p9999_total,welfare,welfare0,approval,approval0,conceal_share_e,conceal_share_n,evasion_share_e,evasion_share_n,conceal_frac_e,conceal_frac_n,evasion_frac_e,evasion_frac_n,shelter_pct_e,shelter_pct_n,detection_rate,detection_revenue,wtax_evasion_elast
73.50075605,3.11094299,2.92541723,0.18552575,30.12383595,331.41067333,65.42908754,1.41518388,0.13829015,0.02975962,0.01304494,1153.47794311,0.25000000,0.18606909,0.16690374,5.93014359,0.12656461,0.54172867,9.29156816,0.00081536,1.08952447,0.01170954,0.10369622,37.70310741,8.61341012,53.76087308,0.77109992,0.35162294,0.65947511,0.82651264,0.93827686,0.78470852,0.33065338,0.62019407,0.78170592,0.91013819,-23.70167526,-47.56470900,0.71892066,0.36733973,0.26426043,0.73573957,0.79577882,0.20422118,0.04825049,0.06515923,0.06247292,0.00948938,0.39052392,0.03444394,0.67298479,0.04642194,30.82824812
