Y,A,A_rep,A_hid,L,Q,K,W,P,r,taua,abar,tauk,taul,WtaxRev,KtaxRev,WtaxRev_lost,KtaxRev_lost,G,lump_sum,ylbar,WtaxPct,ShelterPct,ShelterPctP99,TaxEvasionP99,ConcealPctP99,gini,p90,p99,p999,p9999,gini_total,p90_total,p99_total,p999_total,p9999_total,welfare,welfare0,approval,approval0,conceal_share_e,conceal_share_n,evasion_share_e,evasion_share_n,conceal_frac_e,conceal_frac_n,evasion_frac_e,evasion_frac_n,shelter_pct_e,shelter_pct_n,detection_rate,detection_revenue,wtax_evasion_elast
65.56738211,2.85544813,2.85544813,0.00000000,29.60240498,258.76322264,50.96238194,1.28466047,0.15413475,0.04134736,0.03249962,34.85043965,0.25000000,0.18639260,1.80594142,6.93072385,0.00000000,0.00000000,9.18235041,0.01150115,1.01512040,0.85451684,0.00000000,0.00000000,0.00000000,0.00000000,0.75097932,0.38215562,0.70955257,0.84658198,0.93526811,0.75097932,0.38215562,0.70955257,0.84658198,0.93526811,-23.24751842,-46.21167156,0.85342710,0.50627524,-nan,-nan,-nan,-nan,0.00000000,0.00000000,0.00000000,0.00000000,0.00000000,0.00000000,-nan,0.00000000,13.39274779
