Y,A,A_rep,A_hid,L,Q,K,W,P,r,taua,abar,tauk,taul,WtaxRev,KtaxRev,WtaxRev_lost,KtaxRev_lost,G,lump_sum,ylbar,WtaxPct,ShelterPct,ShelterPctP99,TaxEvasionP99,ConcealPctP99,gini,p90,p99,p999,p9999,gini_total,p90_total,p99_total,p999_total,p9999_total,welfare,welfare0,approval,approval0,conceal_share_e,conceal_share_n,evasion_share_e,evasion_share_n,conceal_frac_e,conceal_frac_n,evasion_frac_e,evasion_frac_n,shelter_pct_e,shelter_pct_n,detection_rate,detection_revenue,wtax_evasion_elast
65.57436305,2.85567614,2.85567614,0.00000000,29.60385425,258.82215908,50.97365787,1.28475477,0.15412221,0.04133844,0.03231584,34.70997688,0.25000000,0.18639065,1.80180552,6.93019036,0.00000000,0.00000000,9.18235041,0.01147194,1.01512040,0.85217388,0.00000000,0.00000000,0.00000000,0.00000000,0.75104759,0.38207909,0.70931447,0.84632279,0.93515580,0.75104759,0.38207909,0.70931447,0.84632279,0.93515580,-23.24923576,-46.21383815,0.85332753,0.50626843,-nan,-nan,-nan,-nan,0.00000000,0.00000000,0.00000000,0.00000000,0.00000000,0.00000000,-nan,0.00000000,13.40311661
