Y,A,A_rep,A_hid,L,Q,K,W,P,r,taua,abar,tauk,taul,WtaxRev,KtaxRev,WtaxRev_lost,KtaxRev_lost,G,lump_sum,ylbar,WtaxPct,ShelterPct,ShelterPctP99,TaxEvasionP99,ConcealPctP99,gini,p90,p99,p999,p9999,gini_total,p90_total,p99_total,p999_total,p9999_total,welfare,welfare0,approval,approval0,conceal_share_e,conceal_share_n,evasion_share_e,evasion_share_n,conceal_frac_e,conceal_frac_n,evasion_frac_e,evasion_frac_n,shelter_pct_e,shelter_pct_n,detection_rate,detection_revenue,wtax_evasion_elast
66.19692927,2.88442122,2.88442122,0.00000000,29.69137119,263.51030029,52.02697626,1.29310540,0.15308893,0.04033705,0.03000000,59.28883788,0.25000000,0.18628540,1.44654776,6.89456335,0.00000000,0.00000000,9.18235041,0.00941911,1.01512040,0.40175097,0.00000000,0.00000000,0.00000000,0.00000000,0.75688093,0.37280282,0.69717322,0.84599799,0.93575908,0.75688093,0.37280282,0.69717322,0.84599799,0.93575908,-23.34288223,-46.27338179,0.89921781,0.65614204,-nan,-nan,-nan,-nan,0.00000000,0.00000000,0.00000000,0.00000000,0.00000000,0.00000000,-nan,0.00000000,13.65685289
