Y,A,A_rep,A_hid,L,Q,K,W,P,r,taua,abar,tauk,taul,WtaxRev,KtaxRev,WtaxRev_lost,KtaxRev_lost,G,lump_sum,ylbar,WtaxPct,ShelterPct,ShelterPctP99,TaxEvasionP99,ConcealPctP99,gini,p90,p99,p999,p9999,gini_total,p90_total,p99_total,p999_total,p9999_total,welfare,welfare0,approval,approval0,conceal_share_e,conceal_share_n,evasion_share_e,evasion_share_n,conceal_frac_e,conceal_frac_n,evasion_frac_e,evasion_frac_n,shelter_pct_e,shelter_pct_n,detection_rate,detection_revenue,wtax_evasion_elast
65.77577919,2.86463980,2.86463980,0.00000000,29.63254310,260.33701708,51.29730784,1.28743043,0.15378284,0.04103922,0.03000000,36.38543385,0.25000000,0.18636130,1.69138326,6.91928885,0.00000000,0.00000000,9.18235041,0.01088959,1.01512040,0.65600649,0.00000000,0.00000000,0.00000000,0.00000000,0.75300781,0.37891622,0.70465983,0.84390312,0.93435249,0.75300781,0.37891622,0.70465983,0.84390312,0.93435249,-23.27401796,-46.22288248,0.86936977,0.53006617,-nan,-nan,-nan,-nan,0.00000000,0.00000000,0.00000000,0.00000000,0.00000000,0.00000000,-nan,0.00000000,13.55847256
