Y,A,A_rep,A_hid,L,Q,K,W,P,r,taua,abar,tauk,taul,WtaxRev,KtaxRev,WtaxRev_lost,KtaxRev_lost,G,lump_sum,ylbar,WtaxPct,ShelterPct,ShelterPctP99,TaxEvasionP99,ConcealPctP99,gini,p90,p99,p999,p9999,gini_total,p90_total,p99_total,p999_total,p9999_total,welfare,welfare0,approval,approval0,conceal_share_e,conceal_share_n,evasion_share_e,evasion_share_n,conceal_frac_e,conceal_frac_n,evasion_frac_e,evasion_frac_n,shelter_pct_e,shelter_pct_n,detection_rate,detection_revenue,wtax_evasion_elast
65.56563793,2.85536047,2.85536047,0.00000000,29.60219770,258.74747290,50.95904649,1.28463129,0.15413858,0.04135061,0.03248563,34.76747261,0.25000000,0.18639300,1.80708541,6.93088109,0.00000000,0.00000000,9.18235041,0.01150817,1.01512040,0.85295008,0.00000000,0.00000000,0.00000000,0.00000000,0.75096761,0.38216272,0.70949915,0.84653774,0.93524226,0.75096761,0.38216272,0.70949915,0.84653774,0.93524226,-23.24735535,-46.21170601,0.85318567,0.50626843,-nan,-nan,-nan,-nan,0.00000000,0.00000000,0.00000000,0.00000000,0.00000000,0.00000000,-nan,0.00000000,13.39012952
