Y,A,A_rep,A_hid,L,Q,K,W,P,r,taua,abar,tauk,taul,WtaxRev,KtaxRev,WtaxRev_lost,KtaxRev_lost,G,lump_sum,ylbar,WtaxPct,ShelterPct,ShelterPctP99,TaxEvasionP99,ConcealPctP99,gini,p90,p99,p999,p9999,gini_total,p90_total,p99_total,p999_total,p9999_total,welfare,welfare0,approval,approval0,conceal_share_e,conceal_share_n,evasion_share_e,evasion_share_n,conceal_frac_e,conceal_frac_n,evasion_frac_e,evasion_frac_n,shelter_pct_e,shelter_pct_n,detection_rate,detection_revenue,wtax_evasion_elast
73.57451400,3.11409498,2.93868829,0.17540669,30.13375670,332.08602221,65.52017630,1.41613453,0.13817515,0.02972844,0.00994548,1376.74741399,0.25000000,0.18605869,0.11911637,5.93640470,0.08191583,0.53916216,9.29156816,0.00052606,1.08952447,0.00993154,0.10230083,33.24184595,8.41018013,52.73598881,0.77209811,0.35005211,0.65605307,0.82157779,0.93550842,0.78489432,0.33033483,0.61914635,0.77974448,0.90830138,-23.71131109,-47.57492975,0.69216142,0.33261387,0.26832299,0.73167701,0.83629174,0.16370826,0.04628912,0.06119290,0.06134799,0.00709041,0.38793769,0.03333607,0.67801775,0.04476647,34.62163270
