Y,A,A_rep,A_hid,L,Q,K,W,P,r,taua,abar,tauk,taul,WtaxRev,KtaxRev,WtaxRev_lost,KtaxRev_lost,G,lump_sum,ylbar,WtaxPct,ShelterPct,ShelterPctP99,TaxEvasionP99,ConcealPctP99,gini,p90,p99,p999,p9999,gini_total,p90_total,p99_total,p999_total,p9999_total,welfare,welfare0,approval,approval0,conceal_share_e,conceal_share_n,evasion_share_e,evasion_share_n,conceal_frac_e,conceal_frac_n,evasion_frac_e,evasion_frac_n,shelter_pct_e,shelter_pct_n,detection_rate,detection_revenue,wtax_evasion_elast
64.57377746,2.81577852,2.81577852,0.00000000,29.46539683,250.98893320,49.59655417,1.27108119,0.15602493,0.04244097,0.05774284,47.58461693,0.25000000,0.18649081,2.26898075,6.98020112,0.00000000,0.00000000,9.18235041,0.01312564,1.01512040,0.53647402,0.00000000,0.00000000,0.00000000,0.00000000,0.74161329,0.39607081,0.73773067,0.87362935,0.94615059,0.74161329,0.39607081,0.73773067,0.87362935,0.94615059,-23.23400777,-46.38764399,0.76236667,0.38924916,-nan,-nan,-nan,-nan,0.00000000,0.00000000,0.00000000,0.00000000,0.00000000,0.00000000,-nan,0.00000000,11.99206404
