Y,A,A_rep,A_hid,L,Q,K,W,P,r,taua,abar,tauk,taul,WtaxRev,KtaxRev,WtaxRev_lost,KtaxRev_lost,G,lump_sum,ylbar,WtaxPct,ShelterPct,ShelterPctP99,TaxEvasionP99,ConcealPctP99,gini,p90,p99,p999,p9999,gini_total,p90_total,p99_total,p999_total,p9999_total,welfare,welfare0,approval,approval0,conceal_share_e,conceal_share_n,evasion_share_e,evasion_share_n,conceal_frac_e,conceal_frac_n,evasion_frac_e,evasion_frac_n,shelter_pct_e,shelter_pct_n,detection_rate,detection_revenue,wtax_evasion_elast
65.93028958,2.87212263,2.87212263,0.00000000,29.65313703,261.51887654,51.56528958,1.28956797,0.15351813,0.04077951,0.03000000,43.32415908,0.25000000,0.18633230,1.60258938,6.90973325,0.00000000,0.00000000,9.18235041,0.01035130,1.01512040,0.55504771,0.00000000,0.00000000,0.00000000,0.00000000,0.75441077,0.37667099,0.70227901,0.84483826,0.93491250,0.75441077,0.37667099,0.70227901,0.84483826,0.93491250,-23.29767882,-46.23879881,0.88016214,0.60751226,-nan,-nan,-nan,-nan,0.00000000,0.00000000,0.00000000,0.00000000,0.00000000,0.00000000,-nan,0.00000000,13.58571020
