Y,A,A_rep,A_hid,L,Q,K,W,P,r,taua,abar,tauk,taul,WtaxRev,KtaxRev,WtaxRev_lost,KtaxRev_lost,G,lump_sum,ylbar,WtaxPct,ShelterPct,ShelterPctP99,TaxEvasionP99,ConcealPctP99,gini,p90,p99,p999,p9999,gini_total,p90_total,p99_total,p999_total,p9999_total,welfare,welfare0,approval,approval0,conceal_share_e,conceal_share_n,evasion_share_e,evasion_share_n,conceal_frac_e,conceal_frac_n,evasion_frac_e,evasion_frac_n,shelter_pct_e,shelter_pct_n,detection_rate,detection_revenue,wtax_evasion_elast
65.53376230,2.85352956,2.85352956,0.00000000,29.59853652,258.50820313,50.89742433,1.28417280,0.15419286,0.04141727,0.03242292,33.76267679,0.25000000,0.18639661,1.82344021,6.93303718,0.00000000,0.00000000,9.18235041,0.01158270,1.01512040,0.83117555,0.00000000,0.00000000,0.00000000,0.00000000,0.75060162,0.38275724,0.70979586,0.84623499,0.93509199,0.75060162,0.38275724,0.70979586,0.84623499,0.93509199,-23.24527251,-46.21566981,0.85005963,0.49952338,-nan,-nan,-nan,-nan,0.00000000,0.00000000,0.00000000,0.00000000,0.00000000,0.00000000,-nan,0.00000000,13.37605927
