Y,A,A_rep,A_hid,L,Q,K,W,P,r,taua,abar,tauk,taul,WtaxRev,KtaxRev,WtaxRev_lost,KtaxRev_lost,G,lump_sum,ylbar,WtaxPct,ShelterPct,ShelterPctP99,TaxEvasionP99,ConcealPctP99,gini,p90,p99,p999,p9999,gini_total,p90_total,p99_total,p999_total,p9999_total,welfare,welfare0,approval,approval0,conceal_share_e,conceal_share_n,evasion_share_e,evasion_share_n,conceal_frac_e,conceal_frac_n,evasion_frac_e,evasion_frac_n,shelter_pct_e,shelter_pct_n,detection_rate,detection_revenue,wtax_evasion_elast
65.57980307,2.85604924,2.85604924,0.00000000,29.60411611,258.85721168,50.98708027,1.28483680,0.15411438,0.04132089,0.03249406,35.14055195,0.25000000,0.18639105,1.80018234,6.92974694,0.00000000,0.00000000,9.18235041,0.01146449,1.01512040,0.63711187,0.00000000,0.00000000,0.00000000,0.00000000,0.75110028,0.38194185,0.70939381,0.84664010,0.93529210,0.75110028,0.38194185,0.70939381,0.84664010,0.93529210,-23.24920769,-46.21229685,0.85380834,0.50703797,-nan,-nan,-nan,-nan,0.00000000,0.00000000,0.00000000,0.00000000,0.00000000,0.00000000,-nan,0.00000000,13.40306020
