Y,A,A_rep,A_hid,L,Q,K,W,P,r,taua,abar,tauk,taul,WtaxRev,KtaxRev,WtaxRev_lost,KtaxRev_lost,G,lump_sum,ylbar,WtaxPct,ShelterPct,ShelterPctP99,TaxEvasionP99,ConcealPctP99,gini,p90,p99,p999,p9999,gini_total,p90_total,p99_total,p999_total,p9999_total,welfare,welfare0,approval,approval0,conceal_share_e,conceal_share_n,evasion_share_e,evasion_share_n,conceal_frac_e,conceal_frac_n,evasion_frac_e,evasion_frac_n,shelter_pct_e,shelter_pct_n,detection_rate,detection_revenue,wtax_evasion_elast
65.41968724,2.84930421,2.84930421,0.00000000,29.58077056,257.65110602,50.73620192,1.28271941,0.15438671,0.04154901,0.03557212,37.08429603,0.25000000,0.18641052,1.88018314,6.93809996,0.00000000,0.00000000,9.18235041,0.01181846,1.01512040,0.64345241,0.00000000,0.00000000,0.00000000,0.00000000,0.74960855,0.38418298,0.71387109,0.85034465,0.93677189,0.74960855,0.38418298,0.71387109,0.85034465,0.93677189,-23.23813306,-46.22304983,0.83788274,0.47203999,-nan,-nan,-nan,-nan,0.00000000,0.00000000,0.00000000,0.00000000,0.00000000,0.00000000,-nan,0.00000000,13.18901680
