Y,A,A_rep,A_hid,L,Q,K,W,P,r,taua,abar,tauk,taul,WtaxRev,KtaxRev,WtaxRev_lost,KtaxRev_lost,G,lump_sum,ylbar,WtaxPct,ShelterPct,ShelterPctP99,TaxEvasionP99,ConcealPctP99,gini,p90,p99,p999,p9999,gini_total,p90_total,p99_total,p999_total,p9999_total,welfare,welfare0,approval,approval0,conceal_share_e,conceal_share_n,evasion_share_e,evasion_share_n,conceal_frac_e,conceal_frac_n,evasion_frac_e,evasion_frac_n,shelter_pct_e,shelter_pct_n,detection_rate,detection_revenue,wtax_evasion_elast
65.61719903,2.85771442,2.85771442,0.00000000,29.60918873,259.14331820,51.04422238,1.28534202,0.15404816,0.04127016,0.03198971,35.32001543,0.25000000,0.18638642,1.77981215,6.92781056,0.00000000,0.00000000,9.18235041,0.01136951,1.01512040,0.64058246,0.00000000,0.00000000,0.00000000,0.00000000,0.75149251,0.38131537,0.70843181,0.84607350,0.93508261,0.75149251,0.38131537,0.70843181,0.84607350,0.93508261,-23.25262223,-46.21175044,0.85769855,0.51001861,-nan,-nan,-nan,-nan,0.00000000,0.00000000,0.00000000,0.00000000,0.00000000,0.00000000,-nan,0.00000000,13.42831262
