Y,A,A_rep,A_hid,L,Q,K,W,P,r,taua,abar,tauk,taul,WtaxRev,KtaxRev,WtaxRev_lost,KtaxRev_lost,G,lump_sum,ylbar,WtaxPct,ShelterPct,ShelterPctP99,TaxEvasionP99,ConcealPctP99,gini,p90,p99,p999,p9999,gini_total,p90_total,p99_total,p999_total,p9999_total,welfare,welfare0,approval,approval0,conceal_share_e,conceal_share_n,evasion_share_e,evasion_share_n,conceal_frac_e,conceal_frac_n,evasion_frac_e,evasion_frac_n,shelter_pct_e,shelter_pct_n,detection_rate,detection_revenue,wtax_evasion_elast
73.49120042,3.11055407,2.91827995,0.19227412,30.12549758,330.96996903,65.51919601,1.41466809,0.13840953,0.02962327,0.01681202,1342.32659515,0.25000000,0.18606729,0.16563466,5.92651724,0.16178868,0.54211300,9.29156816,0.00075875,1.08952447,0.00941364,0.10328029,45.02221251,9.89956792,51.92450280,0.77111772,0.35169321,0.66039359,0.82906692,0.94305448,0.78522406,0.32995383,0.61962866,0.78227394,0.91166174,-23.72359693,-47.60739711,0.59196789,0.27305370,0.28935563,0.71064437,0.78499475,0.21500525,0.05467625,0.06528332,0.06471674,0.01052156,0.38941309,0.03419579,0.68154794,0.05641427,33.19921106
