Y,A,A_rep,A_hid,L,Q,K,W,P,r,taua,abar,tauk,taul,WtaxRev,KtaxRev,WtaxRev_lost,KtaxRev_lost,G,lump_sum,ylbar,WtaxPct,ShelterPct,ShelterPctP99,TaxEvasionP99,ConcealPctP99,gini,p90,p99,p999,p9999,gini_total,p90_total,p99_total,p999_total,p9999_total,welfare,welfare0,approval,approval0,conceal_share_e,conceal_share_n,evasion_share_e,evasion_share_n,conceal_frac_e,conceal_frac_n,evasion_frac_e,evasion_frac_n,shelter_pct_e,shelter_pct_n,detection_rate,detection_revenue,wtax_evasion_elast
65.54684252,2.85254455,2.85254455,0.00000000,29.60513302,258.58245902,50.88021852,1.28415040,0.15418469,0.04146697,0.03000000,28.95496803,0.25000000,0.18639083,1.81267331,6.93412211,0.00000000,0.00000000,9.18235041,0.01152805,1.01512040,1.12232123,0.00000000,0.00000000,0.00000000,0.00000000,0.75069382,0.38261186,0.70687448,0.84232591,0.93353055,0.75069382,0.38261186,0.70687448,0.84232591,0.93353055,-23.25209783,-46.23027481,0.84685243,0.49753904,-nan,-nan,-nan,-nan,0.00000000,0.00000000,0.00000000,0.00000000,0.00000000,0.00000000,-nan,0.00000000,13.57162175
