Y,A,A_rep,A_hid,L,Q,K,W,P,r,taua,abar,tauk,taul,WtaxRev,KtaxRev,WtaxRev_lost,KtaxRev_lost,G,lump_sum,ylbar,WtaxPct,ShelterPct,ShelterPctP99,TaxEvasionP99,ConcealPctP99,gini,p90,p99,p999,p9999,gini_total,p90_total,p99_total,p999_total,p9999_total,welfare,welfare0,approval,approval0,conceal_share_e,conceal_share_n,evasion_share_e,evasion_share_n,conceal_frac_e,conceal_frac_n,evasion_frac_e,evasion_frac_n,shelter_pct_e,shelter_pct_n,detection_rate,detection_revenue,wtax_evasion_elast
65.53642214,2.85390445,2.85390445,0.00000000,29.59846362,258.52895363,50.90927244,1.28423111,0.15418837,0.04139993,0.03274140,34.44602458,0.25000000,0.18639661,1.82228446,6.93253311,0.00000000,0.00000000,9.18235041,0.01157524,1.01512040,0.84487720,0.00000000,0.00000000,0.00000000,0.00000000,0.75066345,0.38275255,0.71009160,0.84675628,0.93532195,0.75066345,0.38275255,0.71009160,0.84675628,0.93532195,-23.24534802,-46.21474543,0.85069900,0.50111321,-nan,-nan,-nan,-nan,0.00000000,0.00000000,0.00000000,0.00000000,0.00000000,0.00000000,-nan,0.00000000,13.36911174
