Y,A,A_rep,A_hid,L,Q,K,W,P,r,taua,abar,tauk,taul,WtaxRev,KtaxRev,WtaxRev_lost,KtaxRev_lost,G,lump_sum,ylbar,WtaxPct,ShelterPct,ShelterPctP99,TaxEvasionP99,ConcealPctP99,gini,p90,p99,p999,p9999,gini_total,p90_total,p99_total,p999_total,p9999_total,welfare,welfare0,approval,approval0,conceal_share_e,conceal_share_n,evasion_share_e,evasion_share_n,conceal_frac_e,conceal_frac_n,evasion_frac_e,evasion_frac_n,shelter_pct_e,shelter_pct_n,detection_rate,detection_revenue,wtax_evasion_elast
65.62927620,2.85827425,2.85827425,0.00000000,29.61084851,259.23691425,51.06303274,1.28550667,0.15402655,0.04125339,0.03193886,35.74371803,0.25000000,0.18638394,1.77234071,6.92720795,0.00000000,0.00000000,9.18235041,0.01132426,1.01512040,0.64369354,0.00000000,0.00000000,0.00000000,0.00000000,0.75159966,0.38114906,0.70821039,0.84606050,0.93509413,0.75159966,0.38114906,0.70821039,0.84606050,0.93509413,-23.25470369,-46.21368236,0.85803193,0.51001905,-nan,-nan,-nan,-nan,0.00000000,0.00000000,0.00000000,0.00000000,0.00000000,0.00000000,-nan,0.00000000,13.42792930
