Y,A,A_rep,A_hid,L,Q,K,W,P,r,taua,abar,tauk,taul,WtaxRev,KtaxRev,WtaxRev_lost,KtaxRev_lost,G,lump_sum,ylbar,WtaxPct,ShelterPct,ShelterPctP99,TaxEvasionP99,ConcealPctP99,gini,p90,p99,p999,p9999,gini_total,p90_total,p99_total,p999_total,p9999_total,welfare,welfare0,approval,approval0,conceal_share_e,conceal_share_n,evasion_share_e,evasion_share_n,conceal_frac_e,conceal_frac_n,evasion_frac_e,evasion_frac_n,shelter_pct_e,shelter_pct_n,detection_rate,detection_revenue,wtax_evasion_elast
64.58265874,2.81230079,2.81230079,0.00000000,29.46685040,251.22731940,49.43951668,1.27118943,0.15591269,0.04274709,0.04639956,31.97134412,0.25000000,0.18651647,2.30494763,6.98467901,0.00000000,0.00000000,9.18235041,0.01370035,1.01512040,0.74357936,0.00000000,0.00000000,0.00000000,0.00000000,0.74132024,0.39698214,0.73244335,0.86052603,0.94024032,0.74132024,0.39698214,0.73244335,0.86052603,0.94024032,-23.18491702,-46.29346099,0.78496223,0.41758929,-nan,-nan,-nan,-nan,0.00000000,0.00000000,0.00000000,0.00000000,0.00000000,0.00000000,-nan,0.00000000,12.53724026
