Y,A,A_rep,A_hid,L,Q,K,W,P,r,taua,abar,tauk,taul,WtaxRev,KtaxRev,WtaxRev_lost,KtaxRev_lost,G,lump_sum,ylbar,WtaxPct,ShelterPct,ShelterPctP99,TaxEvasionP99,ConcealPctP99,gini,p90,p99,p999,p9999,gini_total,p90_total,p99_total,p999_total,p9999_total,welfare,welfare0,approval,approval0,conceal_share_e,conceal_share_n,evasion_share_e,evasion_share_n,conceal_frac_e,conceal_frac_n,evasion_frac_e,evasion_frac_n,shelter_pct_e,shelter_pct_n,detection_rate,detection_revenue,wtax_evasion_elast
65.57307654,2.85590941,2.85590941,0.00000000,29.60270988,258.79676748,50.97435171,1.28473543,0.15412723,0.04133211,0.03260758,35.19209112,0.25000000,0.18639270,1.80365921,6.93054000,0.00000000,0.00000000,9.18235041,0.01149010,1.01512040,0.63732251,0.00000000,0.00000000,0.00000000,0.00000000,0.75104037,0.38201425,0.70959986,0.84677401,0.93534160,0.75104037,0.38201425,0.70959986,0.84677401,0.93534160,-23.24780782,-46.21122580,0.85372391,0.50707471,-nan,-nan,-nan,-nan,0.00000000,0.00000000,0.00000000,0.00000000,0.00000000,0.00000000,-nan,0.00000000,13.39418198
