Y,A,A_rep,A_hid,L,Q,K,W,P,r,taua,abar,tauk,taul,WtaxRev,KtaxRev,WtaxRev_lost,KtaxRev_lost,G,lump_sum,ylbar,WtaxPct,ShelterPct,ShelterPctP99,TaxEvasionP99,ConcealPctP99,gini,p90,p99,p999,p9999,gini_total,p90_total,p99_total,p999_total,p9999_total,welfare,welfare0,approval,approval0,conceal_share_e,conceal_share_n,evasion_share_e,evasion_share_n,conceal_frac_e,conceal_frac_n,evasion_frac_e,evasion_frac_n,shelter_pct_e,shelter_pct_n,detection_rate,detection_revenue,wtax_evasion_elast
73.66983507,3.11838660,2.94968901,0.16869759,30.14680308,332.92611704,65.65548355,1.41733472,0.13803779,0.02966599,0.00456202,1354.62059854,0.25000000,0.18604877,0.06136423,5.94238988,0.03654266,0.53339987,9.29156816,0.00017051,1.08952447,0.01078074,0.10091730,31.68594643,8.00804398,53.84955401,0.77300503,0.34861506,0.65295676,0.81707424,0.93195315,0.78524564,0.32975578,0.61767734,0.77723681,0.90565897,-23.72432590,-47.58776202,0.53706564,0.13071378,0.27201004,0.72798996,0.88466800,0.11533200,0.04507922,0.05846828,0.05993440,0.00459972,0.38513640,0.03229485,0.67939683,0.04191851,52.49366425
