Y,A,A_rep,A_hid,L,Q,K,W,P,r,taua,abar,tauk,taul,WtaxRev,KtaxRev,WtaxRev_lost,KtaxRev_lost,G,lump_sum,ylbar,WtaxPct,ShelterPct,ShelterPctP99,TaxEvasionP99,ConcealPctP99,gini,p90,p99,p999,p9999,gini_total,p90_total,p99_total,p999_total,p9999_total,welfare,welfare0,approval,approval0,conceal_share_e,conceal_share_n,evasion_share_e,evasion_share_n,conceal_frac_e,conceal_frac_n,evasion_frac_e,evasion_frac_n,shelter_pct_e,shelter_pct_n,detection_rate,detection_revenue,wtax_evasion_elast
65.56386785,2.85536106,2.85536106,0.00000000,29.60209475,258.75789529,50.96557209,1.28465974,0.15413625,0.04134084,0.03279765,35.39141118,0.25000000,0.18639331,1.80756757,6.92997052,0.00000000,0.00000000,9.18235041,0.01150050,1.01512040,0.63821566,0.00000000,0.00000000,0.00000000,0.00000000,0.75094434,0.38232234,0.70986469,0.84703393,0.93544735,0.75094434,0.38232234,0.70986469,0.84703393,0.93544735,-23.24720766,-46.21097081,0.85354468,0.50667878,-nan,-nan,-nan,-nan,0.00000000,0.00000000,0.00000000,0.00000000,0.00000000,0.00000000,-nan,0.00000000,13.38449952
