Y,A,A_rep,A_hid,L,Q,K,W,P,r,taua,abar,tauk,taul,WtaxRev,KtaxRev,WtaxRev_lost,KtaxRev_lost,G,lump_sum,ylbar,WtaxPct,ShelterPct,ShelterPctP99,TaxEvasionP99,ConcealPctP99,gini,p90,p99,p999,p9999,gini_total,p90_total,p99_total,p999_total,p9999_total,welfare,welfare0,approval,approval0,conceal_share_e,conceal_share_n,evasion_share_e,evasion_share_n,conceal_frac_e,conceal_frac_n,evasion_frac_e,evasion_frac_n,shelter_pct_e,shelter_pct_n,detection_rate,detection_revenue,wtax_evasion_elast
66.09000697,2.88014008,2.88014008,0.00000000,29.67558908,262.67188315,51.87930662,1.29169646,0.15327976,0.04044733,0.03463403,70.56241270,0.25000000,0.18629411,1.49403410,6.89998084,0.00000000,0.00000000,9.18235041,0.00958822,1.01512040,0.34059980,0.00000000,0.00000000,0.00000000,0.00000000,0.75579764,0.37433181,0.70060370,0.85196029,0.93832931,0.75579764,0.37433181,0.70060370,0.85196029,0.93832931,-23.33949379,-46.28915936,0.87025773,0.52853833,-nan,-nan,-nan,-nan,0.00000000,0.00000000,0.00000000,0.00000000,0.00000000,0.00000000,-nan,0.00000000,13.40118737
