Y,A,A_rep,A_hid,L,Q,K,W,P,r,taua,abar,tauk,taul,WtaxRev,KtaxRev,WtaxRev_lost,KtaxRev_lost,G,lump_sum,ylbar,WtaxPct,ShelterPct,ShelterPctP99,TaxEvasionP99,ConcealPctP99,gini,p90,p99,p999,p9999,gini_total,p90_total,p99_total,p999_total,p9999_total,welfare,welfare0,approval,approval0,conceal_share_e,conceal_share_n,evasion_share_e,evasion_share_n,conceal_frac_e,conceal_frac_n,evasion_frac_e,evasion_frac_n,shelter_pct_e,shelter_pct_n,detection_rate,detection_revenue,wtax_evasion_elast
65.59251078,2.85688144,2.85688144,0.00000000,29.60507293,258.95896649,51.00963576,1.28503554,0.15408874,0.04129761,0.03286710,36.78212835,0.25000000,0.18638864,1.79150525,6.92895310,0.00000000,0.00000000,9.18235041,0.01141185,1.01512040,0.64941969,0.00000000,0.00000000,0.00000000,0.00000000,0.75119117,0.38189582,0.70947644,0.84730907,0.93560180,0.75119117,0.38189582,0.70947644,0.84730907,0.93560180,-23.25065451,-46.21266691,0.85495214,0.50714840,-nan,-nan,-nan,-nan,0.00000000,0.00000000,0.00000000,0.00000000,0.00000000,0.00000000,-nan,0.00000000,13.36242629
