Y,A,A_rep,A_hid,L,Q,K,W,P,r,taua,abar,tauk,taul,WtaxRev,KtaxRev,WtaxRev_lost,KtaxRev_lost,G,lump_sum,ylbar,WtaxPct,ShelterPct,ShelterPctP99,TaxEvasionP99,ConcealPctP99,gini,p90,p99,p999,p9999,gini_total,p90_total,p99_total,p999_total,p9999_total,welfare,welfare0,approval,approval0,conceal_share_e,conceal_share_n,evasion_share_e,evasion_share_n,conceal_frac_e,conceal_frac_n,evasion_frac_e,evasion_frac_n,shelter_pct_e,shelter_pct_n,detection_rate,detection_revenue,wtax_evasion_elast
65.38790341,2.84647940,2.84647940,0.00000000,29.57955154,257.38890786,50.64504173,1.28212285,0.15444993,0.04166732,0.03308238,30.79301640,0.25000000,0.18641715,1.89830220,6.94212444,0.00000000,0.00000000,9.18235041,0.01196071,1.01512040,0.77368392,0.00000000,0.00000000,0.00000000,0.00000000,0.74920630,0.38493899,0.71202717,0.84626812,0.93499259,0.74920630,0.38493899,0.71202717,0.84626812,0.93499259,-23.23272206,-46.22375921,0.83614255,0.47134174,-nan,-nan,-nan,-nan,0.00000000,0.00000000,0.00000000,0.00000000,0.00000000,0.00000000,-nan,0.00000000,13.36113743
