Y,A,A_rep,A_hid,L,Q,K,W,P,r,taua,abar,tauk,taul,WtaxRev,KtaxRev,WtaxRev_lost,KtaxRev_lost,G,lump_sum,ylbar,WtaxPct,ShelterPct,ShelterPctP99,TaxEvasionP99,ConcealPctP99,gini,p90,p99,p999,p9999,gini_total,p90_total,p99_total,p999_total,p9999_total,welfare,welfare0,approval,approval0,conceal_share_e,conceal_share_n,evasion_share_e,evasion_share_n,conceal_frac_e,conceal_frac_n,evasion_frac_e,evasion_frac_n,shelter_pct_e,shelter_pct_n,detection_rate,detection_revenue,wtax_evasion_elast
65.62468250,2.85749808,2.85749808,0.00000000,29.61164179,259.19487554,51.04004700,1.28537879,0.15403778,0.04128782,0.03104838,33.64414006,0.25000000,0.18638417,1.77427811,6.92820221,0.00000000,0.00000000,9.18235041,0.01134131,1.01512040,0.83373612,0.00000000,0.00000000,0.00000000,0.00000000,0.75151533,0.38131419,0.70739649,0.84459555,0.93450335,0.75151533,0.38131419,0.70739649,0.84459555,0.93450335,-23.25491378,-46.21660755,0.85671817,0.50941263,-nan,-nan,-nan,-nan,0.00000000,0.00000000,0.00000000,0.00000000,0.00000000,0.00000000,-nan,0.00000000,13.46119799
