Y,A,A_rep,A_hid,L,Q,K,W,P,r,taua,abar,tauk,taul,WtaxRev,KtaxRev,WtaxRev_lost,KtaxRev_lost,G,lump_sum,ylbar,WtaxPct,ShelterPct,ShelterPctP99,TaxEvasionP99,ConcealPctP99,gini,p90,p99,p999,p9999,gini_total,p90_total,p99_total,p999_total,p9999_total,welfare,welfare0,approval,approval0,conceal_share_e,conceal_share_n,evasion_share_e,evasion_share_n,conceal_frac_e,conceal_frac_n,evasion_frac_e,evasion_frac_n,shelter_pct_e,shelter_pct_n,detection_rate,detection_revenue,wtax_evasion_elast
65.59172733,2.85646431,2.85646431,0.00000000,29.60585431,258.94204334,50.99831816,1.28497260,0.15409422,0.04131575,0.03202661,34.60722324,0.25000000,0.18638947,1.79332772,6.92965848,0.00000000,0.00000000,9.18235041,0.01144036,1.01512040,0.85085146,0.00000000,0.00000000,0.00000000,0.00000000,0.75120519,0.38177184,0.70879406,0.84595851,0.93501318,0.75120519,0.38177184,0.70879406,0.84595851,0.93501318,-23.24987901,-46.21214105,0.85505732,0.50954395,-nan,-nan,-nan,-nan,0.00000000,0.00000000,0.00000000,0.00000000,0.00000000,0.00000000,-nan,0.00000000,13.41549628
