Y,A,A_rep,A_hid,L,Q,K,W,P,r,taua,abar,tauk,taul,WtaxRev,KtaxRev,WtaxRev_lost,KtaxRev_lost,G,lump_sum,ylbar,WtaxPct,ShelterPct,ShelterPctP99,TaxEvasionP99,ConcealPctP99,gini,p90,p99,p999,p9999,gini_total,p90_total,p99_total,p999_total,p9999_total,welfare,welfare0,approval,approval0,conceal_share_e,conceal_share_n,evasion_share_e,evasion_share_n,conceal_frac_e,conceal_frac_n,evasion_frac_e,evasion_frac_n,shelter_pct_e,shelter_pct_n,detection_rate,detection_revenue,wtax_evasion_elast
65.59458554,2.85684440,2.85684440,0.00000000,29.60585162,258.97191564,51.01132541,1.28504667,0.15408720,0.04129779,0.03248422,35.73852597,0.25000000,0.18638832,1.79198383,6.92892739,0.00000000,0.00000000,9.18235041,0.01141980,1.01512040,0.64202204,0.00000000,0.00000000,0.00000000,0.00000000,0.75123101,0.38173367,0.70921979,0.84672484,0.93534114,0.75123101,0.38173367,0.70921979,0.84672484,0.93534114,-23.25063992,-46.21228652,0.85531991,0.50995691,-nan,-nan,-nan,-nan,0.00000000,0.00000000,0.00000000,0.00000000,0.00000000,0.00000000,-nan,0.00000000,13.39490129
