Y,A,A_rep,A_hid,L,Q,K,W,P,r,taua,abar,tauk,taul,WtaxRev,KtaxRev,WtaxRev_lost,KtaxRev_lost,G,lump_sum,ylbar,WtaxPct,ShelterPct,ShelterPctP99,TaxEvasionP99,ConcealPctP99,gini,p90,p99,p999,p9999,gini_total,p90_total,p99_total,p999_total,p9999_total,welfare,welfare0,approval,approval0,conceal_share_e,conceal_share_n,evasion_share_e,evasion_share_n,conceal_frac_e,conceal_frac_n,evasion_frac_e,evasion_frac_n,shelter_pct_e,shelter_pct_n,detection_rate,detection_revenue,wtax_evasion_elast
65.53894971,2.85440550,2.85440550,0.00000000,29.59792232,258.55123621,50.92197030,1.28430242,0.15418214,0.04138054,0.03334290,35.89738378,0.25000000,0.18639577,1.82009996,6.93193227,0.00000000,0.00000000,9.18235041,0.01154948,1.01512040,0.64006884,0.00000000,0.00000000,0.00000000,0.00000000,0.75068988,0.38256247,0.71062482,0.84771923,0.93572707,0.75068988,0.38256247,0.71062482,0.84771923,0.93572707,-23.24622179,-46.21523141,0.85054624,0.50157090,-nan,-nan,-nan,-nan,0.00000000,0.00000000,0.00000000,0.00000000,0.00000000,0.00000000,-nan,0.00000000,13.34459501
