Y,A,A_rep,A_hid,L,Q,K,W,P,r,taua,abar,tauk,taul,WtaxRev,KtaxRev,WtaxRev_lost,KtaxRev_lost,G,lump_sum,ylbar,WtaxPct,ShelterPct,ShelterPctP99,TaxEvasionP99,ConcealPctP99,gini,p90,p99,p999,p9999,gini_total,p90_total,p99_total,p999_total,p9999_total,welfare,welfare0,approval,approval0,conceal_share_e,conceal_share_n,evasion_share_e,evasion_share_n,conceal_frac_e,conceal_frac_n,evasion_frac_e,evasion_frac_n,shelter_pct_e,shelter_pct_n,detection_rate,detection_revenue,wtax_evasion_elast
64.61212311,2.81354278,2.81354278,0.00000000,29.47093340,251.45429336,49.48473841,1.27159892,0.15585777,0.04270501,0.04608875,32.28192012,0.25000000,0.18651322,2.28940420,6.98296906,0.00000000,0.00000000,9.18235041,0.01362996,1.01512040,0.75093808,0.00000000,0.00000000,0.00000000,0.00000000,0.74160530,0.39644651,0.73183795,0.86031567,0.94017636,0.74160530,0.39644651,0.73183795,0.86031567,0.94017636,-23.18699855,-46.29095371,0.78606435,0.41760043,-nan,-nan,-nan,-nan,0.00000000,0.00000000,0.00000000,0.00000000,0.00000000,0.00000000,-nan,0.00000000,12.55649079
