Y,A,A_rep,A_hid,L,Q,K,W,P,r,taua,abar,tauk,taul,WtaxRev,KtaxRev,WtaxRev_lost,KtaxRev_lost,G,lump_sum,ylbar,WtaxPct,ShelterPct,ShelterPctP99,TaxEvasionP99,ConcealPctP99,gini,p90,p99,p999,p9999,gini_total,p90_total,p99_total,p999_total,p9999_total,welfare,welfare0,approval,approval0,conceal_share_e,conceal_share_n,evasion_share_e,evasion_share_n,conceal_frac_e,conceal_frac_n,evasion_frac_e,evasion_frac_n,shelter_pct_e,shelter_pct_n,detection_rate,detection_revenue,wtax_evasion_elast
65.55599974,2.85513333,2.85513333,0.00000000,29.60040456,258.67703484,50.94894741,1.28452363,0.15415412,0.04135554,0.03301960,35.76232606,0.25000000,0.18639406,1.81074892,6.93112034,0.00000000,0.00000000,9.18235041,0.01151235,1.01512040,0.64029430,0.00000000,0.00000000,0.00000000,0.00000000,0.75089026,0.38235947,0.71007800,0.84731360,0.93556124,0.75089026,0.38235947,0.71007800,0.84731360,0.93556124,-23.24775868,-46.21410755,0.85172226,0.50624155,-nan,-nan,-nan,-nan,0.00000000,0.00000000,0.00000000,0.00000000,0.00000000,0.00000000,-nan,0.00000000,13.36293663
