Y,A,A_rep,A_hid,L,Q,K,W,P,r,taua,abar,tauk,taul,WtaxRev,KtaxRev,WtaxRev_lost,KtaxRev_lost,G,lump_sum,ylbar,WtaxPct,ShelterPct,ShelterPctP99,TaxEvasionP99,ConcealPctP99,gini,p90,p99,p999,p9999,gini_total,p90_total,p99_total,p999_total,p9999_total,welfare,welfare0,approval,approval0,conceal_share_e,conceal_share_n,evasion_share_e,evasion_share_n,conceal_frac_e,conceal_frac_n,evasion_frac_e,evasion_frac_n,shelter_pct_e,shelter_pct_n,detection_rate,detection_revenue,wtax_evasion_elast
65.39129804,2.84690660,2.84690660,0.00000000,29.57949549,257.42575430,50.65825639,1.28221032,0.15444044,0.04164958,0.03369817,32.29750246,0.25000000,0.18641514,1.89602962,6.94136074,0.00000000,0.00000000,9.18235041,0.01193030,1.01512040,0.79665860,0.00000000,0.00000000,0.00000000,0.00000000,0.74925457,0.38483034,0.71253870,0.84728970,0.93543367,0.74925457,0.38483034,0.71253870,0.84728970,0.93543367,-23.23429112,-46.22491953,0.83582549,0.47083065,-nan,-nan,-nan,-nan,0.00000000,0.00000000,0.00000000,0.00000000,0.00000000,0.00000000,-nan,0.00000000,13.29534126
