Y,A,A_rep,A_hid,L,Q,K,W,P,r,taua,abar,tauk,taul,WtaxRev,KtaxRev,WtaxRev_lost,KtaxRev_lost,G,lump_sum,ylbar,WtaxPct,ShelterPct,ShelterPctP99,TaxEvasionP99,ConcealPctP99,gini,p90,p99,p999,p9999,gini_total,p90_total,p99_total,p999_total,p9999_total,welfare,welfare0,approval,approval0,conceal_share_e,conceal_share_n,evasion_share_e,evasion_share_n,conceal_frac_e,conceal_frac_n,evasion_frac_e,evasion_frac_n,shelter_pct_e,shelter_pct_n,detection_rate,detection_revenue,wtax_evasion_elast
65.57272245,2.85551585,2.85551585,0.00000000,29.60369661,258.80373066,50.96834074,1.28471771,0.15412664,0.04134474,0.03227270,34.56769936,0.25000000,0.18639055,1.80303094,6.93046216,0.00000000,0.00000000,9.18235041,0.01147625,1.01512040,0.84911369,0.00000000,0.00000000,0.00000000,0.00000000,0.75102593,0.38210788,0.70924777,0.84623675,0.93511951,0.75102593,0.38210788,0.70924777,0.84623675,0.93511951,-23.24947327,-46.21485126,0.85294900,0.50626498,-nan,-nan,-nan,-nan,0.00000000,0.00000000,0.00000000,0.00000000,0.00000000,0.00000000,-nan,0.00000000,13.40016550
