Y,A,A_rep,A_hid,L,Q,K,W,P,r,taua,abar,tauk,taul,WtaxRev,KtaxRev,WtaxRev_lost,KtaxRev_lost,G,lump_sum,ylbar,WtaxPct,ShelterPct,ShelterPctP99,TaxEvasionP99,ConcealPctP99,gini,p90,p99,p999,p9999,gini_total,p90_total,p99_total,p999_total,p9999_total,welfare,welfare0,approval,approval0,conceal_share_e,conceal_share_n,evasion_share_e,evasion_share_n,conceal_frac_e,conceal_frac_n,evasion_frac_e,evasion_frac_n,shelter_pct_e,shelter_pct_n,detection_rate,detection_revenue,wtax_evasion_elast
73.48803932,3.11032471,2.89307196,0.21725274,30.12477553,331.18046227,65.47072732,1.41488732,0.13835186,0.02969461,0.01086438,653.05792777,0.25000000,0.18606587,0.19285793,5.90254971,0.15854394,0.54677342,9.29156816,0.00075491,1.08952447,0.02166273,0.10534428,41.40004396,8.97045928,57.66187686,0.76877020,0.35517002,0.66663408,0.83618228,0.93944184,0.78487481,0.33036179,0.62011820,0.78227592,0.91009496,-23.71391875,-47.58934198,0.63939265,0.30750192,0.25288361,0.74711639,0.77277104,0.22722896,0.05403536,0.07752861,0.06387213,0.01113379,0.39066695,0.03645539,0.67204254,0.04983293,38.46265053
