Y,A,A_rep,A_hid,L,Q,K,W,P,r,taua,abar,tauk,taul,WtaxRev,KtaxRev,WtaxRev_lost,KtaxRev_lost,G,lump_sum,ylbar,WtaxPct,ShelterPct,ShelterPctP99,TaxEvasionP99,ConcealPctP99,gini,p90,p99,p999,p9999,gini_total,p90_total,p99_total,p999_total,p9999_total,welfare,welfare0,approval,approval0,conceal_share_e,conceal_share_n,evasion_share_e,evasion_share_n,conceal_frac_e,conceal_frac_n,evasion_frac_e,evasion_frac_n,shelter_pct_e,shelter_pct_n,detection_rate,detection_revenue,wtax_evasion_elast
64.49477131,2.81195964,2.81195964,0.00000000,29.45462119,250.40348000,49.45728856,1.26998756,0.15616151,0.04258761,0.05731640,44.52931748,0.25000000,0.18650578,2.31561404,6.98499065,0.00000000,0.00000000,9.18235041,0.01338496,1.01512040,0.50298853,0.00000000,0.00000000,0.00000000,0.00000000,0.74074552,0.39745265,0.73917137,0.87290047,0.94568070,0.74074552,0.39745265,0.73917137,0.87290047,0.94568070,-23.22209753,-46.38029360,0.76226951,0.38918529,-nan,-nan,-nan,-nan,0.00000000,0.00000000,0.00000000,0.00000000,0.00000000,0.00000000,-nan,0.00000000,11.98138443
