Y,A,A_rep,A_hid,L,Q,K,W,P,r,taua,abar,tauk,taul,WtaxRev,KtaxRev,WtaxRev_lost,KtaxRev_lost,G,lump_sum,ylbar,WtaxPct,ShelterPct,ShelterPctP99,TaxEvasionP99,ConcealPctP99,gini,p90,p99,p999,p9999,gini_total,p90_total,p99_total,p999_total,p9999_total,welfare,welfare0,approval,approval0,conceal_share_e,conceal_share_n,evasion_share_e,evasion_share_n,conceal_frac_e,conceal_frac_n,evasion_frac_e,evasion_frac_n,shelter_pct_e,shelter_pct_n,detection_rate,detection_revenue,wtax_evasion_elast
65.67963541,2.86219931,2.86219931,0.00000000,29.61505954,259.59986261,51.20784718,1.28631646,0.15395150,0.04106559,0.03785619,54.63567455,0.25000000,0.18635867,1.72337322,6.92215103,0.00000000,0.00000000,9.18235041,0.01085269,1.01512040,0.47364158,0.00000000,0.00000000,0.00000000,0.00000000,0.75198962,0.38031030,0.71032118,0.85483382,0.93903581,0.75198962,0.38031030,0.71032118,0.85483382,0.93903581,-23.28298695,-46.25722506,0.84555504,0.47501499,-nan,-nan,-nan,-nan,0.00000000,0.00000000,0.00000000,0.00000000,0.00000000,0.00000000,-nan,0.00000000,13.13654301
