Y,A,A_rep,A_hid,L,Q,K,W,P,r,taua,abar,tauk,taul,WtaxRev,KtaxRev,WtaxRev_lost,KtaxRev_lost,G,lump_sum,ylbar,WtaxPct,ShelterPct,ShelterPctP99,TaxEvasionP99,ConcealPctP99,gini,p90,p99,p999,p9999,gini_total,p90_total,p99_total,p999_total,p9999_total,welfare,welfare0,approval,approval0,conceal_share_e,conceal_share_n,evasion_share_e,evasion_share_n,conceal_frac_e,conceal_frac_n,evasion_frac_e,evasion_frac_n,shelter_pct_e,shelter_pct_n,detection_rate,detection_revenue,wtax_evasion_elast
65.59445043,2.85676230,2.85676230,0.00000000,29.60603968,258.95872695,51.00862148,1.28501709,0.15409151,0.04130100,0.03234210,35.32560464,0.25000000,0.18638947,1.79244427,6.92917157,0.00000000,0.00000000,9.18235041,0.01142355,1.01512040,0.63922333,0.00000000,0.00000000,0.00000000,0.00000000,0.75124217,0.38175342,0.70908343,0.84647182,0.93522489,0.75124217,0.38175342,0.70908343,0.84647182,0.93522489,-23.25109725,-46.21348045,0.85485521,0.50711311,-nan,-nan,-nan,-nan,0.00000000,0.00000000,0.00000000,0.00000000,0.00000000,0.00000000,-nan,0.00000000,13.40699029
