Y,A,A_rep,A_hid,L,Q,K,W,P,r,taua,abar,tauk,taul,WtaxRev,KtaxRev,WtaxRev_lost,KtaxRev_lost,G,lump_sum,ylbar,WtaxPct,ShelterPct,ShelterPctP99,TaxEvasionP99,ConcealPctP99,gini,p90,p99,p999,p9999,gini_total,p90_total,p99_total,p999_total,p9999_total,welfare,welfare0,approval,approval0,conceal_share_e,conceal_share_n,evasion_share_e,evasion_share_n,conceal_frac_e,conceal_frac_n,evasion_frac_e,evasion_frac_n,shelter_pct_e,shelter_pct_n,detection_rate,detection_revenue,wtax_evasion_elast
65.58109596,2.85618102,2.85618102,0.00000000,29.60401729,258.86155368,50.98801778,1.28484826,0.15411286,0.04131969,0.03247116,35.15099476,0.25000000,0.18639127,1.79924875,6.92992600,0.00000000,0.00000000,9.18235041,0.01146742,1.01512040,0.63733521,0.00000000,0.00000000,0.00000000,0.00000000,0.75111966,0.38191264,0.70938133,0.84661405,0.93528263,0.75111966,0.38191264,0.70938133,0.84661405,0.93528263,-23.24877986,-46.21125559,0.85476052,0.50707471,-nan,-nan,-nan,-nan,0.00000000,0.00000000,0.00000000,0.00000000,0.00000000,0.00000000,-nan,0.00000000,13.40408676
