Y,A,A_rep,A_hid,L,Q,K,W,P,r,taua,abar,tauk,taul,WtaxRev,KtaxRev,WtaxRev_lost,KtaxRev_lost,G,lump_sum,ylbar,WtaxPct,ShelterPct,ShelterPctP99,TaxEvasionP99,ConcealPctP99,gini,p90,p99,p999,p9999,gini_total,p90_total,p99_total,p999_total,p9999_total,welfare,welfare0,approval,approval0,conceal_share_e,conceal_share_n,evasion_share_e,evasion_share_n,conceal_frac_e,conceal_frac_n,evasion_frac_e,evasion_frac_n,shelter_pct_e,shelter_pct_n,detection_rate,detection_revenue,wtax_evasion_elast
65.58812359,2.85651081,2.85651081,0.00000000,29.60510504,258.91880177,51.00041498,1.28494888,0.15410002,0.04130806,0.03239962,35.25954048,0.25000000,0.18639049,1.79528540,6.92940318,0.00000000,0.00000000,9.18235041,0.01144732,1.01512040,0.63866774,0.00000000,0.00000000,0.00000000,0.00000000,0.75119160,0.38182737,0.70918880,0.84654276,0.93525846,0.75119160,0.38182737,0.70918880,0.84654276,0.93525846,-23.24947229,-46.21114209,0.85528620,0.50995652,-nan,-nan,-nan,-nan,0.00000000,0.00000000,0.00000000,0.00000000,0.00000000,0.00000000,-nan,0.00000000,13.40646818
