Y,A,A_rep,A_hid,L,Q,K,W,P,r,taua,abar,tauk,taul,WtaxRev,KtaxRev,WtaxRev_lost,KtaxRev_lost,G,lump_sum,ylbar,WtaxPct,ShelterPct,ShelterPctP99,TaxEvasionP99,ConcealPctP99,gini,p90,p99,p999,p9999,gini_total,p90_total,p99_total,p999_total,p9999_total,welfare,welfare0,approval,approval0,conceal_share_e,conceal_share_n,evasion_share_e,evasion_share_n,conceal_frac_e,conceal_frac_n,evasion_frac_e,evasion_frac_n,shelter_pct_e,shelter_pct_n,detection_rate,detection_revenue,wtax_evasion_elast
65.61496502,2.85752200,2.85752200,0.00000000,29.60893033,259.12251665,51.03667371,1.28529804,0.15405258,0.04127968,0.03187856,34.95568441,0.25000000,0.18638726,1.78135170,6.92819965,0.00000000,0.00000000,9.18235041,0.01138072,1.01512040,0.85947696,0.00000000,0.00000000,0.00000000,0.00000000,0.75145529,0.38140475,0.70839369,0.84587680,0.93500145,0.75145529,0.38140475,0.70839369,0.84587680,0.93500145,-23.25205216,-46.21161725,0.85736663,0.50976862,-nan,-nan,-nan,-nan,0.00000000,0.00000000,0.00000000,0.00000000,0.00000000,0.00000000,-nan,0.00000000,13.43356984
