Y,A,A_rep,A_hid,L,Q,K,W,P,r,taua,abar,tauk,taul,WtaxRev,KtaxRev,WtaxRev_lost,KtaxRev_lost,G,lump_sum,ylbar,WtaxPct,ShelterPct,ShelterPctP99,TaxEvasionP99,ConcealPctP99,gini,p90,p99,p999,p9999,gini_total,p90_total,p99_total,p999_total,p9999_total,welfare,welfare0,approval,approval0,conceal_share_e,conceal_share_n,evasion_share_e,evasion_share_n,conceal_frac_e,conceal_frac_n,evasion_frac_e,evasion_frac_n,shelter_pct_e,shelter_pct_n,detection_rate,detection_revenue,wtax_evasion_elast
65.56614989,2.85551388,2.85551388,0.00000000,29.60202846,258.75244197,50.96367715,1.28465106,0.15413743,0.04134320,0.03264792,35.07187059,0.25000000,0.18639316,1.80670624,6.93066612,0.00000000,0.00000000,9.18235041,0.01150382,1.01512040,0.86029604,0.00000000,0.00000000,0.00000000,0.00000000,0.75097023,0.38229078,0.70971799,0.84679911,0.93534576,0.75097023,0.38229078,0.70971799,0.84679911,0.93534576,-23.24724768,-46.21138213,0.85335937,0.50657654,-nan,-nan,-nan,-nan,0.00000000,0.00000000,0.00000000,0.00000000,0.00000000,0.00000000,-nan,0.00000000,13.39490333
