Y,A,A_rep,A_hid,L,Q,K,W,P,r,taua,abar,tauk,taul,WtaxRev,KtaxRev,WtaxRev_lost,KtaxRev_lost,G,lump_sum,ylbar,WtaxPct,ShelterPct,ShelterPctP99,TaxEvasionP99,ConcealPctP99,gini,p90,p99,p999,p9999,gini_total,p90_total,p99_total,p999_total,p9999_total,welfare,welfare0,approval,approval0,conceal_share_e,conceal_share_n,evasion_share_e,evasion_share_n,conceal_frac_e,conceal_frac_n,evasion_frac_e,evasion_frac_n,shelter_pct_e,shelter_pct_n,detection_rate,detection_revenue,wtax_evasion_elast
64.91495153,2.82642126,2.82642126,0.00000000,29.51209412,253.79552175,49.93227323,1.27578555,0.15528872,0.04230538,0.04090469,32.11021648,0.25000000,0.18647891,2.14141617,6.96675382,0.00000000,0.00000000,9.18235041,0.01305140,1.01512040,0.76486025,0.00000000,0.00000000,0.00000000,0.00000000,0.74458820,0.39198579,0.72428764,0.85511144,0.93820832,0.74458820,0.39198579,0.72428764,0.85511144,0.93820832,-23.19775892,-46.25018438,0.80367329,0.43539044,-nan,-nan,-nan,-nan,0.00000000,0.00000000,0.00000000,0.00000000,0.00000000,0.00000000,-nan,0.00000000,12.85359327
