Y,A,A_rep,A_hid,L,Q,K,W,P,r,taua,abar,tauk,taul,WtaxRev,KtaxRev,WtaxRev_lost,KtaxRev_lost,G,lump_sum,ylbar,WtaxPct,ShelterPct,ShelterPctP99,TaxEvasionP99,ConcealPctP99,gini,p90,p99,p999,p9999,gini_total,p90_total,p99_total,p999_total,p9999_total,welfare,welfare0,approval,approval0,conceal_share_e,conceal_share_n,evasion_share_e,evasion_share_n,conceal_frac_e,conceal_frac_n,evasion_frac_e,evasion_frac_n,shelter_pct_e,shelter_pct_n,detection_rate,detection_revenue,wtax_evasion_elast
65.58231194,2.85624316,2.85624316,0.00000000,29.60428517,258.87686979,50.99144579,1.28487510,0.15410938,0.04131635,0.03255420,35.41407283,0.25000000,0.18639019,1.79874253,6.92965130,0.00000000,0.00000000,9.18235041,0.01145652,1.01512040,0.63922383,0.00000000,0.00000000,0.00000000,0.00000000,0.75111686,0.38189504,0.70942633,0.84674058,0.93534042,0.75111686,0.38189504,0.70942633,0.84674058,0.93534042,-23.24930262,-46.21207711,0.85415356,0.50707538,-nan,-nan,-nan,-nan,0.00000000,0.00000000,0.00000000,0.00000000,0.00000000,0.00000000,-nan,0.00000000,13.39545826
