Y,A,A_rep,A_hid,L,Q,K,W,P,r,taua,abar,tauk,taul,WtaxRev,KtaxRev,WtaxRev_lost,KtaxRev_lost,G,lump_sum,ylbar,WtaxPct,ShelterPct,ShelterPctP99,TaxEvasionP99,ConcealPctP99,gini,p90,p99,p999,p9999,gini_total,p90_total,p99_total,p999_total,p9999_total,welfare,welfare0,approval,approval0,conceal_share_e,conceal_share_n,evasion_share_e,evasion_share_n,conceal_frac_e,conceal_frac_n,evasion_frac_e,evasion_frac_n,shelter_pct_e,shelter_pct_n,detection_rate,detection_revenue,wtax_evasion_elast
73.44204178,3.11034803,2.90373653,0.20661150,30.12492956,330.45644667,65.59380148,1.41399261,0.13853768,0.02949518,0.01873642,1217.65620912,0.25000000,0.18606629,0.17435529,5.92064815,0.21413795,0.53733095,9.29156816,0.00075541,1.08952447,0.01008157,0.10513267,55.32871801,10.72558384,51.48880215,0.77041560,0.35283723,0.66354701,0.83403545,0.94724347,0.78562359,0.32939927,0.61952920,0.78308587,0.91280636,-23.73793907,-47.63599675,0.49062390,0.09296861,0.30471588,0.69528412,0.76071727,0.23928273,0.06178838,0.06868710,0.06670539,0.01248208,0.39606672,0.03488895,0.66718519,0.06193839,36.48956914
