Y,A,A_rep,A_hid,L,Q,K,W,P,r,taua,abar,tauk,taul,WtaxRev,KtaxRev,WtaxRev_lost,KtaxRev_lost,G,lump_sum,ylbar,WtaxPct,ShelterPct,ShelterPctP99,TaxEvasionP99,ConcealPctP99,gini,p90,p99,p999,p9999,gini_total,p90_total,p99_total,p999_total,p9999_total,welfare,welfare0,approval,approval0,conceal_share_e,conceal_share_n,evasion_share_e,evasion_share_n,conceal_frac_e,conceal_frac_n,evasion_frac_e,evasion_frac_n,shelter_pct_e,shelter_pct_n,detection_rate,detection_revenue,wtax_evasion_elast
65.59944958,2.85700407,2.85700407,0.00000000,29.60683835,259.00613807,51.01865100,1.28510091,0.15408053,0.04129158,0.03233653,35.56844933,0.25000000,0.18638741,1.78879355,6.92870762,0.00000000,0.00000000,9.18235041,0.01140070,1.01512040,0.64116924,0.00000000,0.00000000,0.00000000,0.00000000,0.75128535,0.38168733,0.70898872,0.84652186,0.93525951,0.75128535,0.38168733,0.70898872,0.84652186,0.93525951,-23.25192104,-46.21409177,0.85523284,0.50995691,-nan,-nan,-nan,-nan,0.00000000,0.00000000,0.00000000,0.00000000,0.00000000,0.00000000,-nan,0.00000000,13.40892253
