Y,A,A_rep,A_hid,L,Q,K,W,P,r,taua,abar,tauk,taul,WtaxRev,KtaxRev,WtaxRev_lost,KtaxRev_lost,G,lump_sum,ylbar,WtaxPct,ShelterPct,ShelterPctP99,TaxEvasionP99,ConcealPctP99,gini,p90,p99,p999,p9999,gini_total,p90_total,p99_total,p999_total,p9999_total,welfare,welfare0,approval,approval0,conceal_share_e,conceal_share_n,evasion_share_e,evasion_share_n,conceal_frac_e,conceal_frac_n,evasion_frac_e,evasion_frac_n,shelter_pct_e,shelter_pct_n,detection_rate,detection_revenue,wtax_evasion_elast
73.51960862,3.11158662,2.90127707,0.21030955,30.12986390,331.49654075,65.51465719,1.41531979,0.13829929,0.02967929,0.00957529,700.60875836,0.25000000,0.18606120,0.16876015,5.90591807,0.13261453,0.54643401,9.29156816,0.00059609,1.08952447,0.02204476,0.10571404,39.45016645,8.82006233,56.89815975,0.76941395,0.35418980,0.66453717,0.83297138,0.93814670,0.78495321,0.33025040,0.61966934,0.78120247,0.90926630,-23.72024535,-47.59766595,0.61020309,0.29204898,0.25479473,0.74520527,0.79414534,0.20585466,0.05269539,0.07481956,0.06337077,0.00972593,0.39465202,0.03595225,0.66903873,0.04830642,40.31012303
