Y,A,A_rep,A_hid,L,Q,K,W,P,r,taua,abar,tauk,taul,WtaxRev,KtaxRev,WtaxRev_lost,KtaxRev_lost,G,lump_sum,ylbar,WtaxPct,ShelterPct,ShelterPctP99,TaxEvasionP99,ConcealPctP99,gini,p90,p99,p999,p9999,gini_total,p90_total,p99_total,p999_total,p9999_total,welfare,welfare0,approval,approval0,conceal_share_e,conceal_share_n,evasion_share_e,evasion_share_n,conceal_frac_e,conceal_frac_n,evasion_frac_e,evasion_frac_n,shelter_pct_e,shelter_pct_n,detection_rate,detection_revenue,wtax_evasion_elast
65.78331281,2.86730256,2.86730256,0.00000000,29.63174585,260.30647723,51.42081734,1.28761241,0.15381664,0.04083092,0.04179391,73.23901160,0.25000000,0.18633252,1.64824779,6.91592544,0.00000000,0.00000000,9.18235041,0.01031134,1.01512040,0.33900797,0.00000000,0.00000000,0.00000000,0.00000000,0.75298814,0.37865062,0.70874120,0.85973290,0.94153473,0.75298814,0.37865062,0.70874120,0.85973290,0.94153473,-23.31650433,-46.30280075,0.83295322,0.46315426,-nan,-nan,-nan,-nan,0.00000000,0.00000000,0.00000000,0.00000000,0.00000000,0.00000000,-nan,0.00000000,12.97671089
