Y,A,A_rep,A_hid,L,Q,K,W,P,r,taua,abar,tauk,taul,WtaxRev,KtaxRev,WtaxRev_lost,KtaxRev_lost,G,lump_sum,ylbar,WtaxPct,ShelterPct,ShelterPctP99,TaxEvasionP99,ConcealPctP99,gini,p90,p99,p999,p9999,gini_total,p90_total,p99_total,p999_total,p9999_total,welfare,welfare0,approval,approval0,conceal_share_e,conceal_share_n,evasion_share_e,evasion_share_n,conceal_frac_e,conceal_frac_n,evasion_frac_e,evasion_frac_n,shelter_pct_e,shelter_pct_n,detection_rate,detection_revenue,wtax_evasion_elast
65.60158925,2.85711557,2.85711557,0.00000000,29.60688006,259.02076498,51.02099577,1.28513034,0.15407637,0.04128956,0.03226962,35.45241736,0.25000000,0.18638842,1.78797228,6.92871204,0.00000000,0.00000000,9.18235041,0.01140865,1.01512040,0.64042817,0.00000000,0.00000000,0.00000000,0.00000000,0.75131038,0.38165969,0.70890762,0.84640933,0.93520872,0.75131038,0.38165969,0.70890762,0.84640933,0.93520872,-23.25085493,-46.21160291,0.85587118,0.51001861,-nan,-nan,-nan,-nan,0.00000000,0.00000000,0.00000000,0.00000000,0.00000000,0.00000000,-nan,0.00000000,13.41334068
