Y,A,A_rep,A_hid,L,Q,K,W,P,r,taua,abar,tauk,taul,WtaxRev,KtaxRev,WtaxRev_lost,KtaxRev_lost,G,lump_sum,ylbar,WtaxPct,ShelterPct,ShelterPctP99,TaxEvasionP99,ConcealPctP99,gini,p90,p99,p999,p9999,gini_total,p90_total,p99_total,p999_total,p9999_total,welfare,welfare0,approval,approval0,conceal_share_e,conceal_share_n,evasion_share_e,evasion_share_n,conceal_frac_e,conceal_frac_n,evasion_frac_e,evasion_frac_n,shelter_pct_e,shelter_pct_n,detection_rate,detection_revenue,wtax_evasion_elast
65.57722548,2.85591841,2.85591841,0.00000000,29.60372716,258.83650658,50.97930626,1.28479376,0.15411833,0.04133058,0.03240455,34.93014251,0.25000000,0.18639150,1.80094194,6.93016267,0.00000000,0.00000000,9.18235041,0.01147608,1.01512040,0.85715206,0.00000000,0.00000000,0.00000000,0.00000000,0.75108018,0.38200307,0.70929790,0.84646937,0.93521603,0.75108018,0.38200307,0.70929790,0.84646937,0.93521603,-23.24851208,-46.21165911,0.85428516,0.50676051,-nan,-nan,-nan,-nan,0.00000000,0.00000000,0.00000000,0.00000000,0.00000000,0.00000000,-nan,0.00000000,13.40126704
