Y,A,A_rep,A_hid,L,Q,K,W,P,r,taua,abar,tauk,taul,WtaxRev,KtaxRev,WtaxRev_lost,KtaxRev_lost,G,lump_sum,ylbar,WtaxPct,ShelterPct,ShelterPctP99,TaxEvasionP99,ConcealPctP99,gini,p90,p99,p999,p9999,gini_total,p90_total,p99_total,p999_total,p9999_total,welfare,welfare0,approval,approval0,conceal_share_e,conceal_share_n,evasion_share_e,evasion_share_n,conceal_frac_e,conceal_frac_n,evasion_frac_e,evasion_frac_n,shelter_pct_e,shelter_pct_n,detection_rate,detection_revenue,wtax_evasion_elast
65.60350594,2.85712885,2.85712885,0.00000000,29.60737447,259.03716498,51.02400203,1.28515498,0.15407313,0.04128746,0.03222921,35.43511507,0.25000000,0.18638773,1.78670663,6.92850388,0.00000000,0.00000000,9.18235041,0.01139643,1.01512040,0.64041253,0.00000000,0.00000000,0.00000000,0.00000000,0.75133009,0.38163271,0.70884991,0.84635875,0.93519364,0.75133009,0.38163271,0.70884991,0.84635875,0.93519364,-23.25177193,-46.21311928,0.85572822,0.50995681,-nan,-nan,-nan,-nan,0.00000000,0.00000000,0.00000000,0.00000000,0.00000000,0.00000000,-nan,0.00000000,13.41683179
