Y,A,A_rep,A_hid,L,Q,K,W,P,r,taua,abar,tauk,taul,WtaxRev,KtaxRev,WtaxRev_lost,KtaxRev_lost,G,lump_sum,ylbar,WtaxPct,ShelterPct,ShelterPctP99,TaxEvasionP99,ConcealPctP99,gini,p90,p99,p999,p9999,gini_total,p90_total,p99_total,p999_total,p9999_total,welfare,welfare0,approval,approval0,conceal_share_e,conceal_share_n,evasion_share_e,evasion_share_n,conceal_frac_e,conceal_frac_n,evasion_frac_e,evasion_frac_n,shelter_pct_e,shelter_pct_n,detection_rate,detection_revenue,wtax_evasion_elast
73.71719819,3.12082130,2.96749422,0.15332708,30.15257186,333.35305480,65.73861902,1.41798230,0.13796805,0.02961682,0.00155099,700.51552850,0.25000000,0.18604459,0.03560817,5.94757949,0.01654154,0.53662428,9.29156816,0.00005392,1.08952447,0.02720999,0.10064747,31.41213466,7.83408100,45.42135768,0.77451621,0.34634566,0.64850951,0.81126221,0.92451475,0.78555523,0.32932958,0.61669115,0.77576179,0.90387599,-23.72674108,-47.58508565,0.45310831,0.06809498,0.27973636,0.72026364,0.90149985,0.09850015,0.04210805,0.05253290,0.05943876,0.00381664,0.38387093,0.03226542,0.67930373,0.03989340,77.13312266
