Y,A,A_rep,A_hid,L,Q,K,W,P,r,taua,abar,tauk,taul,WtaxRev,KtaxRev,WtaxRev_lost,KtaxRev_lost,G,lump_sum,ylbar,WtaxPct,ShelterPct,ShelterPctP99,TaxEvasionP99,ConcealPctP99,gini,p90,p99,p999,p9999,gini_total,p90_total,p99_total,p999_total,p9999_total,welfare,welfare0,approval,approval0,conceal_share_e,conceal_share_n,evasion_share_e,evasion_share_n,conceal_frac_e,conceal_frac_n,evasion_frac_e,evasion_frac_n,shelter_pct_e,shelter_pct_n,detection_rate,detection_revenue,wtax_evasion_elast
66.02243935,2.87717456,2.87717456,0.00000000,29.66561150,262.16856262,51.76899053,1.29081852,0.15338872,0.04054806,0.03538641,68.35971393,0.25000000,0.18630421,1.53085980,6.90359863,0.00000000,0.00000000,9.18235041,0.00979072,1.01512040,0.33405167,0.00000000,0.00000000,0.00000000,0.00000000,0.75519872,0.37522295,0.70223588,0.85273273,0.93859316,0.75519872,0.37522295,0.70223588,0.85273273,0.93859316,-23.33090849,-46.28418940,0.86493543,0.51994848,-nan,-nan,-nan,-nan,0.00000000,0.00000000,0.00000000,0.00000000,0.00000000,0.00000000,-nan,0.00000000,13.34678303
