Y,A,A_rep,A_hid,L,Q,K,W,P,r,taua,abar,tauk,taul,WtaxRev,KtaxRev,WtaxRev_lost,KtaxRev_lost,G,lump_sum,ylbar,WtaxPct,ShelterPct,ShelterPctP99,TaxEvasionP99,ConcealPctP99,gini,p90,p99,p999,p9999,gini_total,p90_total,p99_total,p999_total,p9999_total,welfare,welfare0,approval,approval0,conceal_share_e,conceal_share_n,evasion_share_e,evasion_share_n,conceal_frac_e,conceal_frac_n,evasion_frac_e,evasion_frac_n,shelter_pct_e,shelter_pct_n,detection_rate,detection_revenue,wtax_evasion_elast
65.51711441,2.85317337,2.85317337,0.00000000,29.59535715,258.38902909,50.88174586,1.28399544,0.15421906,0.04142302,0.03320249,34.78102694,0.25000000,0.18639936,1.83218175,6.93330686,0.00000000,0.00000000,9.18235041,0.01161755,1.01512040,0.85111661,0.00000000,0.00000000,0.00000000,0.00000000,0.75051616,0.38289436,0.71078048,0.84737852,0.93556038,0.75051616,0.38289436,0.71078048,0.84737852,0.93556038,-23.24409365,-46.21550195,0.84895143,0.49955422,-nan,-nan,-nan,-nan,0.00000000,0.00000000,0.00000000,0.00000000,0.00000000,0.00000000,-nan,0.00000000,13.35242153
