Y,A,A_rep,A_hid,L,Q,K,W,P,r,taua,abar,tauk,taul,WtaxRev,KtaxRev,WtaxRev_lost,KtaxRev_lost,G,lump_sum,ylbar,WtaxPct,ShelterPct,ShelterPctP99,TaxEvasionP99,ConcealPctP99,gini,p90,p99,p999,p9999,gini_total,p90_total,p99_total,p999_total,p9999_total,welfare,welfare0,approval,approval0,conceal_share_e,conceal_share_n,evasion_share_e,evasion_share_n,conceal_frac_e,conceal_frac_n,evasion_frac_e,evasion_frac_n,shelter_pct_e,shelter_pct_n,detection_rate,detection_revenue,wtax_evasion_elast
64.80125355,2.82283699,2.82283699,0.00000000,29.49421357,252.90539222,49.80439682,1.27431530,0.15550664,0.04237967,0.04510303,35.30830262,0.25000000,0.18649043,2.19541915,6.97129929,0.00000000,0.00000000,9.18235041,0.01322572,1.01512040,0.59656880,0.00000000,0.00000000,0.00000000,0.00000000,0.74370781,0.39327732,0.72878974,0.86014158,0.94026879,0.74370781,0.39327732,0.72878974,0.86014158,0.94026879,-23.19735942,-46.26928205,0.79661283,0.42545864,-nan,-nan,-nan,-nan,0.00000000,0.00000000,0.00000000,0.00000000,0.00000000,0.00000000,-nan,0.00000000,12.62915507
