Y,A,A_rep,A_hid,L,Q,K,W,P,r,taua,abar,tauk,taul,WtaxRev,KtaxRev,WtaxRev_lost,KtaxRev_lost,G,lump_sum,ylbar,WtaxPct,ShelterPct,ShelterPctP99,TaxEvasionP99,ConcealPctP99,gini,p90,p99,p999,p9999,gini_total,p90_total,p99_total,p999_total,p9999_total,welfare,welfare0,approval,approval0,conceal_share_e,conceal_share_n,evasion_share_e,evasion_share_n,conceal_frac_e,conceal_frac_n,evasion_frac_e,evasion_frac_n,shelter_pct_e,shelter_pct_n,detection_rate,detection_revenue,wtax_evasion_elast
56.83432179,2.24963485,2.24963485,0.00000000,29.55562578,189.22251448,32.11503342,1.11531860,0.17707655,0.07564959,0.03208088,0.00000000,0.25000000,0.18667947,7.21702652,7.68792429,0.00000000,0.00000000,9.18235041,0.03760881,1.01512040,84.58038209,0.00000000,0.00000000,0.00000000,0.00000000,0.84805798,0.25322530,0.56251348,0.74594438,0.89909617,0.84805798,0.25322530,0.56251348,0.74594438,0.89909617,-26.14584483,-52.07355996,0.38031192,0.03104670,-nan,-nan,-nan,-nan,0.00000000,0.00000000,0.00000000,0.00000000,0.00000000,0.00000000,-nan,0.00000000,14.62163039
