Y,A,A_rep,A_hid,L,Q,K,W,P,r,taua,abar,tauk,taul,WtaxRev,KtaxRev,WtaxRev_lost,KtaxRev_lost,G,lump_sum,ylbar,WtaxPct,ShelterPct,ShelterPctP99,TaxEvasionP99,ConcealPctP99,gini,p90,p99,p999,p9999,gini_total,p90_total,p99_total,p999_total,p9999_total,welfare,welfare0,approval,approval0,conceal_share_e,conceal_share_n,evasion_share_e,evasion_share_n,conceal_frac_e,conceal_frac_n,evasion_frac_e,evasion_frac_n,shelter_pct_e,shelter_pct_n,detection_rate,detection_revenue,wtax_evasion_elast
65.59275651,2.85676586,2.85676586,0.00000000,29.60563035,258.95223227,51.00787978,1.28501070,0.15409225,0.04130070,0.03240114,35.47283348,0.25000000,0.18638968,1.79247979,6.92919929,0.00000000,0.00000000,9.18235041,0.01143035,1.01512040,0.64014573,0.00000000,0.00000000,0.00000000,0.00000000,0.75123196,0.38175810,0.70914021,0.84657200,0.93527653,0.75123196,0.38175810,0.70914021,0.84657200,0.93527653,-23.25018314,-46.21171525,0.85529731,0.50995681,-nan,-nan,-nan,-nan,0.00000000,0.00000000,0.00000000,0.00000000,0.00000000,0.00000000,-nan,0.00000000,13.40451736
