Y,A,A_rep,A_hid,L,Q,K,W,P,r,taua,abar,tauk,taul,WtaxRev,KtaxRev,WtaxRev_lost,KtaxRev_lost,G,lump_sum,ylbar,WtaxPct,ShelterPct,ShelterPctP99,TaxEvasionP99,ConcealPctP99,gini,p90,p99,p999,p9999,gini_total,p90_total,p99_total,p999_total,p9999_total,welfare,welfare0,approval,approval0,conceal_share_e,conceal_share_n,evasion_share_e,evasion_share_n,conceal_frac_e,conceal_frac_n,evasion_frac_e,evasion_frac_n,shelter_pct_e,shelter_pct_n,detection_rate,detection_revenue,wtax_evasion_elast
65.54516775,2.85459168,2.85459168,0.00000000,29.59916114,258.59802466,50.93111268,1.28437691,0.15417248,0.04137329,0.03298618,35.13201629,0.25000000,0.18639516,1.81801207,6.93160524,0.00000000,0.00000000,9.18235041,0.01154867,1.01512040,0.63541946,0.00000000,0.00000000,0.00000000,0.00000000,0.75080355,0.38247554,0.71024026,0.84719555,0.93549550,0.75080355,0.38247554,0.71024026,0.84719555,0.93549550,-23.24658314,-46.21405354,0.85128043,0.50158295,-nan,-nan,-nan,-nan,0.00000000,0.00000000,0.00000000,0.00000000,0.00000000,0.00000000,-nan,0.00000000,13.37169948
