Y,A,A_rep,A_hid,L,Q,K,W,P,r,taua,abar,tauk,taul,WtaxRev,KtaxRev,WtaxRev_lost,KtaxRev_lost,G,lump_sum,ylbar,WtaxPct,ShelterPct,ShelterPctP99,TaxEvasionP99,ConcealPctP99,gini,p90,p99,p999,p9999,gini_total,p90_total,p99_total,p999_total,p9999_total,welfare,welfare0,approval,approval0,conceal_share_e,conceal_share_n,evasion_share_e,evasion_share_n,conceal_frac_e,conceal_frac_n,evasion_frac_e,evasion_frac_n,shelter_pct_e,shelter_pct_n,detection_rate,detection_revenue,wtax_evasion_elast
65.18867134,2.83501604,2.83501604,0.00000000,29.55798925,255.86582812,50.25913717,1.27916651,0.15480622,0.04209103,0.03294045,26.10240214,0.25000000,0.18643261,1.99170165,6.95611725,0.00000000,0.00000000,9.18235041,0.01235976,1.01512040,0.97916839,0.00000000,0.00000000,0.00000000,0.00000000,0.74681336,0.38869055,0.71242897,0.84462570,0.93419807,0.74681336,0.38869055,0.71242897,0.84462570,0.93419807,-23.22352544,-46.25712993,0.81654892,0.44831443,-nan,-nan,-nan,-nan,0.00000000,0.00000000,0.00000000,0.00000000,0.00000000,0.00000000,-nan,0.00000000,13.44893142
