Y,A,A_rep,A_hid,L,Q,K,W,P,r,taua,abar,tauk,taul,WtaxRev,KtaxRev,WtaxRev_lost,KtaxRev_lost,G,lump_sum,ylbar,WtaxPct,ShelterPct,ShelterPctP99,TaxEvasionP99,ConcealPctP99,gini,p90,p99,p999,p9999,gini_total,p90_total,p99_total,p999_total,p9999_total,welfare,welfare0,approval,approval0,conceal_share_e,conceal_share_n,evasion_share_e,evasion_share_n,conceal_frac_e,conceal_frac_n,evasion_frac_e,evasion_frac_n,shelter_pct_e,shelter_pct_n,detection_rate,detection_revenue,wtax_evasion_elast
73.52181604,3.11172329,2.93219945,0.17952385,30.12735222,331.57006248,65.44893439,1.41538646,0.13826585,0.02975593,0.01288459,1317.75611683,0.25000000,0.18606481,0.15148824,5.92827617,0.11089172,0.54732604,9.29156816,0.00067280,1.08952447,0.00977063,0.10317659,35.57059232,8.87749769,52.93355752,0.77155409,0.35088542,0.65792033,0.82433088,0.93750068,0.78469224,0.33064187,0.62001045,0.78125484,0.90984498,-23.70911247,-47.57858005,0.67684167,0.33048675,0.26775359,0.73224641,0.81124211,0.18875789,0.04730159,0.06273186,0.06282920,0.00864714,0.39011247,0.03389819,0.68321582,0.04737113,30.62159606
