Y,A,A_rep,A_hid,L,Q,K,W,P,r,taua,abar,tauk,taul,WtaxRev,KtaxRev,WtaxRev_lost,KtaxRev_lost,G,lump_sum,ylbar,WtaxPct,ShelterPct,ShelterPctP99,TaxEvasionP99,ConcealPctP99,gini,p90,p99,p999,p9999,gini_total,p90_total,p99_total,p999_total,p9999_total,welfare,welfare0,approval,approval0,conceal_share_e,conceal_share_n,evasion_share_e,evasion_share_n,conceal_frac_e,conceal_frac_n,evasion_frac_e,evasion_frac_n,shelter_pct_e,shelter_pct_n,detection_rate,detection_revenue,wtax_evasion_elast
73.72873178,3.12171568,2.99407605,0.12763963,30.15364422,333.51229365,65.73922500,1.41819717,0.13793469,0.02963105,0.00072649,912.88722199,0.25000000,0.18604177,0.01544854,5.96301979,0.00576488,0.53832148,9.29156816,0.00002003,1.08952447,0.02058497,0.10027706,30.85637424,7.83177001,36.70022921,0.77649848,0.34328890,0.64275131,0.80363714,0.91867837,0.78559949,0.32925262,0.61651503,0.77512736,0.90315113,-23.72613089,-47.58216370,0.45455038,0.08361213,0.30206365,0.69793635,0.91312258,0.08687742,0.03785306,0.04235729,0.05931502,0.00331077,0.38506743,0.03151669,0.68164550,0.03818447,56.99831070
