Y,A,A_rep,A_hid,L,Q,K,W,P,r,taua,abar,tauk,taul,WtaxRev,KtaxRev,WtaxRev_lost,KtaxRev_lost,G,lump_sum,ylbar,WtaxPct,ShelterPct,ShelterPctP99,TaxEvasionP99,ConcealPctP99,gini,p90,p99,p999,p9999,gini_total,p90_total,p99_total,p999_total,p9999_total,welfare,welfare0,approval,approval0,conceal_share_e,conceal_share_n,evasion_share_e,evasion_share_n,conceal_frac_e,conceal_frac_n,evasion_frac_e,evasion_frac_n,shelter_pct_e,shelter_pct_n,detection_rate,detection_revenue,wtax_evasion_elast
64.73369286,2.81973499,2.81973499,0.00000000,29.48559227,252.38448689,49.69744719,1.27336057,0.15563325,0.04248208,0.04582851,34.67335133,0.25000000,0.18649844,2.22838711,6.97515833,0.00000000,0.00000000,9.18235041,0.01335938,1.01512040,0.81618901,0.00000000,0.00000000,0.00000000,0.00000000,0.74293576,0.39449279,0.73020778,0.86072271,0.94045702,0.74293576,0.39449279,0.73020778,0.86072271,0.94045702,-23.19379423,-46.27721547,0.79261523,0.41872086,-nan,-nan,-nan,-nan,0.00000000,0.00000000,0.00000000,0.00000000,0.00000000,0.00000000,-nan,0.00000000,12.58493874
