Y,A,A_rep,A_hid,L,Q,K,W,P,r,taua,abar,tauk,taul,WtaxRev,KtaxRev,WtaxRev_lost,KtaxRev_lost,G,lump_sum,ylbar,WtaxPct,ShelterPct,ShelterPctP99,TaxEvasionP99,ConcealPctP99,gini,p90,p99,p999,p9999,gini_total,p90_total,p99_total,p999_total,p9999_total,welfare,welfare0,approval,approval0,conceal_share_e,conceal_share_n,evasion_share_e,evasion_share_n,conceal_frac_e,conceal_frac_n,evasion_frac_e,evasion_frac_n,shelter_pct_e,shelter_pct_n,detection_rate,detection_revenue,wtax_evasion_elast
73.52172282,3.11175605,2.93448310,0.17727295,30.12756429,331.59052699,65.44797163,1.41540836,0.13826157,0.02975907,0.01321084,1376.74741399,0.25000000,0.18606350,0.15021550,5.93033374,0.10928241,0.54657212,9.29156816,0.00066941,1.08952447,0.00959545,0.10322789,35.10154302,8.80896485,52.47035835,0.77171002,0.35067423,0.65744156,0.82369077,0.93733089,0.78467403,0.33069674,0.62003531,0.78125498,0.90984964,-23.70909915,-47.57827378,0.67822247,0.33193378,0.26920431,0.73079569,0.81256681,0.18743319,0.04696352,0.06182039,0.06271435,0.00855564,0.39082433,0.03379001,0.68183925,0.04692052,30.00698123
