Y,A,A_rep,A_hid,L,Q,K,W,P,r,taua,abar,tauk,taul,WtaxRev,KtaxRev,WtaxRev_lost,KtaxRev_lost,G,lump_sum,ylbar,WtaxPct,ShelterPct,ShelterPctP99,TaxEvasionP99,ConcealPctP99,gini,p90,p99,p999,p9999,gini_total,p90_total,p99_total,p999_total,p9999_total,welfare,welfare0,approval,approval0,conceal_share_e,conceal_share_n,evasion_share_e,evasion_share_n,conceal_frac_e,conceal_frac_n,evasion_frac_e,evasion_frac_n,shelter_pct_e,shelter_pct_n,detection_rate,detection_revenue,wtax_evasion_elast
65.07627989,2.83648635,2.83648635,0.00000000,29.53140098,254.94687555,50.29695486,1.27811245,0.15504077,0.04186325,0.04795266,50.13725920,0.25000000,0.18643819,2.02981812,6.95424885,0.00000000,0.00000000,9.18235041,0.01224582,1.01512040,0.43064061,0.00000000,0.00000000,0.00000000,0.00000000,0.74630918,0.38896482,0.72529478,0.86500583,0.94280981,0.74630918,0.38896482,0.72529478,0.86500583,0.94280981,-23.24070339,-46.29849083,0.79931436,0.43428635,-nan,-nan,-nan,-nan,0.00000000,0.00000000,0.00000000,0.00000000,0.00000000,0.00000000,-nan,0.00000000,12.52430244
