Y,A,A_rep,A_hid,L,Q,K,W,P,r,taua,abar,tauk,taul,WtaxRev,KtaxRev,WtaxRev_lost,KtaxRev_lost,G,lump_sum,ylbar,WtaxPct,ShelterPct,ShelterPctP99,TaxEvasionP99,ConcealPctP99,gini,p90,p99,p999,p9999,gini_total,p90_total,p99_total,p999_total,p9999_total,welfare,welfare0,approval,approval0,conceal_share_e,conceal_share_n,evasion_share_e,evasion_share_n,conceal_frac_e,conceal_frac_n,evasion_frac_e,evasion_frac_n,shelter_pct_e,shelter_pct_n,detection_rate,detection_revenue,wtax_evasion_elast
65.54189688,2.85463102,2.85463102,0.00000000,29.59828901,258.58064051,50.92992568,1.28435957,0.15417530,0.04137156,0.03351946,36.54085370,0.25000000,0.18639424,1.81754468,6.93148616,0.00000000,0.00000000,9.18235041,0.01152679,1.01512040,0.64522505,0.00000000,0.00000000,0.00000000,0.00000000,0.75073430,0.38246527,0.71066988,0.84803115,0.93587117,0.75073430,0.38246527,0.71066988,0.84803115,0.93587117,-23.24760367,-46.21666672,0.85033224,0.50167828,-nan,-nan,-nan,-nan,0.00000000,0.00000000,0.00000000,0.00000000,0.00000000,0.00000000,-nan,0.00000000,13.32687393
