Y,A,A_rep,A_hid,L,Q,K,W,P,r,taua,abar,tauk,taul,WtaxRev,KtaxRev,WtaxRev_lost,KtaxRev_lost,G,lump_sum,ylbar,WtaxPct,ShelterPct,ShelterPctP99,TaxEvasionP99,ConcealPctP99,gini,p90,p99,p999,p9999,gini_total,p90_total,p99_total,p999_total,p9999_total,welfare,welfare0,approval,approval0,conceal_share_e,conceal_share_n,evasion_share_e,evasion_share_n,conceal_frac_e,conceal_frac_n,evasion_frac_e,evasion_frac_n,shelter_pct_e,shelter_pct_n,detection_rate,detection_revenue,wtax_evasion_elast
65.63214077,2.85793360,2.85793360,0.00000000,29.61238938,259.25301354,51.05469040,1.28549194,0.15402414,0.04127198,0.03115403,34.07529489,0.25000000,0.18638290,1.77069034,6.92766329,0.00000000,0.00000000,9.18235041,0.01132153,1.01512040,0.84074527,0.00000000,0.00000000,0.00000000,0.00000000,0.75159099,0.38117604,0.70751986,0.84482192,0.93459401,0.75159099,0.38117604,0.70751986,0.84482192,0.93459401,-23.25544195,-46.21589774,0.85735858,0.50946935,-nan,-nan,-nan,-nan,0.00000000,0.00000000,0.00000000,0.00000000,0.00000000,0.00000000,-nan,0.00000000,13.45926939
