Y,A,A_rep,A_hid,L,Q,K,W,P,r,taua,abar,tauk,taul,WtaxRev,KtaxRev,WtaxRev_lost,KtaxRev_lost,G,lump_sum,ylbar,WtaxPct,ShelterPct,ShelterPctP99,TaxEvasionP99,ConcealPctP99,gini,p90,p99,p999,p9999,gini_total,p90_total,p99_total,p999_total,p9999_total,welfare,welfare0,approval,approval0,conceal_share_e,conceal_share_n,evasion_share_e,evasion_share_n,conceal_frac_e,conceal_frac_n,evasion_frac_e,evasion_frac_n,shelter_pct_e,shelter_pct_n,detection_rate,detection_revenue,wtax_evasion_elast
64.84417368,2.82514815,2.82514815,0.00000000,29.49933356,253.22475407,49.88191525,1.27492459,0.15543135,0.04229622,0.04575949,37.96640516,0.25000000,0.18648304,2.16893678,6.96870016,0.00000000,0.00000000,9.18235041,0.01307439,1.01512040,0.62397058,0.00000000,0.00000000,0.00000000,0.00000000,0.74412611,0.39258923,0.72856438,0.86125116,0.94082369,0.74412611,0.39258923,0.72856438,0.86125116,0.94082369,-23.20348939,-46.27227224,0.79705545,0.43354404,-nan,-nan,-nan,-nan,0.00000000,0.00000000,0.00000000,0.00000000,0.00000000,0.00000000,-nan,0.00000000,12.57182721
