Y,A,A_rep,A_hid,L,Q,K,W,P,r,taua,abar,tauk,taul,WtaxRev,KtaxRev,WtaxRev_lost,KtaxRev_lost,G,lump_sum,ylbar,WtaxPct,ShelterPct,ShelterPctP99,TaxEvasionP99,ConcealPctP99,gini,p90,p99,p999,p9999,gini_total,p90_total,p99_total,p999_total,p9999_total,welfare,welfare0,approval,approval0,conceal_share_e,conceal_share_n,evasion_share_e,evasion_share_n,conceal_frac_e,conceal_frac_n,evasion_frac_e,evasion_frac_n,shelter_pct_e,shelter_pct_n,detection_rate,detection_revenue,wtax_evasion_elast
65.04222148,2.83349503,2.83349503,0.00000000,29.52695126,254.75061437,50.17712596,1.27763360,0.15506675,0.04203425,0.04273810,38.88709710,0.25000000,0.18645962,2.07065116,6.95802365,0.00000000,0.00000000,9.18235041,0.01265592,1.01512040,0.64253831,0.00000000,0.00000000,0.00000000,0.00000000,0.74592693,0.38983125,0.72386072,0.85837921,0.93974118,0.74592693,0.38983125,0.72386072,0.85837921,0.93974118,-23.21257045,-46.25088417,0.80936049,0.43961564,-nan,-nan,-nan,-nan,0.00000000,0.00000000,0.00000000,0.00000000,0.00000000,0.00000000,-nan,0.00000000,12.74959134
