Y,A,A_rep,A_hid,L,Q,K,W,P,r,taua,abar,tauk,taul,WtaxRev,KtaxRev,WtaxRev_lost,KtaxRev_lost,G,lump_sum,ylbar,WtaxPct,ShelterPct,ShelterPctP99,TaxEvasionP99,ConcealPctP99,gini,p90,p99,p999,p9999,gini_total,p90_total,p99_total,p999_total,p9999_total,welfare,welfare0,approval,approval0,conceal_share_e,conceal_share_n,evasion_share_e,evasion_share_n,conceal_frac_e,conceal_frac_n,evasion_frac_e,evasion_frac_n,shelter_pct_e,shelter_pct_n,detection_rate,detection_revenue,wtax_evasion_elast
64.90676290,2.82855107,2.82855107,0.00000000,29.50782899,253.67850049,50.00699474,1.27579396,0.15533166,0.04215468,0.04692280,41.69661757,0.25000000,0.18646834,2.12874463,6.96431870,0.00000000,0.00000000,9.18235041,0.01280164,1.01512040,0.50041698,0.00000000,0.00000000,0.00000000,0.00000000,0.74471828,0.39172650,0.72816488,0.86304756,0.94168621,0.74471828,0.39172650,0.72816488,0.86304756,0.94168621,-23.21701495,-46.28689872,0.79587497,0.42542458,-nan,-nan,-nan,-nan,0.00000000,0.00000000,0.00000000,0.00000000,0.00000000,0.00000000,-nan,0.00000000,12.55748092
