Y,A,A_rep,A_hid,L,Q,K,W,P,r,taua,abar,tauk,taul,WtaxRev,KtaxRev,WtaxRev_lost,KtaxRev_lost,G,lump_sum,ylbar,WtaxPct,ShelterPct,ShelterPctP99,TaxEvasionP99,ConcealPctP99,gini,p90,p99,p999,p9999,gini_total,p90_total,p99_total,p999_total,p9999_total,welfare,welfare0,approval,approval0,conceal_share_e,conceal_share_n,evasion_share_e,evasion_share_n,conceal_frac_e,conceal_frac_n,evasion_frac_e,evasion_frac_n,shelter_pct_e,shelter_pct_n,detection_rate,detection_revenue,wtax_evasion_elast
65.57207177,2.85579440,2.85579440,0.00000000,29.60294644,258.80053268,50.97492697,1.28473721,0.15412683,0.04133204,0.03265350,35.27705573,0.25000000,0.18639155,1.80400633,6.93017536,0.00000000,0.00000000,9.18235041,0.01148267,1.01512040,0.63798190,0.00000000,0.00000000,0.00000000,0.00000000,0.75102374,0.38203415,0.70967233,0.84684590,0.93537006,0.75102374,0.38203415,0.70967233,0.84684590,0.93537006,-23.24840574,-46.21228971,0.85351801,0.50667878,-nan,-nan,-nan,-nan,0.00000000,0.00000000,0.00000000,0.00000000,0.00000000,0.00000000,-nan,0.00000000,13.39310430
