Y,A,A_rep,A_hid,L,Q,K,W,P,r,taua,abar,tauk,taul,WtaxRev,KtaxRev,WtaxRev_lost,KtaxRev_lost,G,lump_sum,ylbar,WtaxPct,ShelterPct,ShelterPctP99,TaxEvasionP99,ConcealPctP99,gini,p90,p99,p999,p9999,gini_total,p90_total,p99_total,p999_total,p9999_total,welfare,welfare0,approval,approval0,conceal_share_e,conceal_share_n,evasion_share_e,evasion_share_n,conceal_frac_e,conceal_frac_n,evasion_frac_e,evasion_frac_n,shelter_pct_e,shelter_pct_n,detection_rate,detection_revenue,wtax_evasion_elast
65.62122461,2.85790623,2.85790623,0.00000000,29.60981964,259.17334509,51.05008492,1.28539249,0.15404149,0.04126524,0.03192758,35.32720908,0.25000000,0.18638542,1.77736788,6.92766435,0.00000000,0.00000000,9.18235041,0.01135500,1.01512040,0.64086837,0.00000000,0.00000000,0.00000000,0.00000000,0.75153028,0.38126495,0.70832155,0.84600281,0.93506510,0.75153028,0.38126495,0.70832155,0.84600281,0.93506510,-23.25344976,-46.21248376,0.85770769,0.51001861,-nan,-nan,-nan,-nan,0.00000000,0.00000000,0.00000000,0.00000000,0.00000000,0.00000000,-nan,0.00000000,13.43377708
