Y,A,A_rep,A_hid,L,Q,K,W,P,r,taua,abar,tauk,taul,WtaxRev,KtaxRev,WtaxRev_lost,KtaxRev_lost,G,lump_sum,ylbar,WtaxPct,ShelterPct,ShelterPctP99,TaxEvasionP99,ConcealPctP99,gini,p90,p99,p999,p9999,gini_total,p90_total,p99_total,p999_total,p9999_total,welfare,welfare0,approval,approval0,conceal_share_e,conceal_share_n,evasion_share_e,evasion_share_n,conceal_frac_e,conceal_frac_n,evasion_frac_e,evasion_frac_n,shelter_pct_e,shelter_pct_n,detection_rate,detection_revenue,wtax_evasion_elast
73.54822676,3.11260707,2.89901580,0.21359127,30.13241089,331.73611803,65.54800353,1.41568344,0.13825602,0.02966562,0.00830219,627.60183592,0.25000000,0.18605965,0.15940257,5.90486592,0.12062490,0.54455701,9.29156816,0.00055013,1.08952447,0.02559532,0.10544145,38.81488585,8.66485692,56.64738613,0.76927142,0.35437968,0.66478614,0.83314341,0.93710584,0.78505810,0.33006167,0.61921530,0.78047828,0.90850376,-23.71953967,-47.59237790,0.62326445,0.29170812,0.25305962,0.74694038,0.80423302,0.19576698,0.05313460,0.07613985,0.06295173,0.00906888,0.39367436,0.03584990,0.66875558,0.04735234,43.47179470
