Y,A,A_rep,A_hid,L,Q,K,W,P,r,taua,abar,tauk,taul,WtaxRev,KtaxRev,WtaxRev_lost,KtaxRev_lost,G,lump_sum,ylbar,WtaxPct,ShelterPct,ShelterPctP99,TaxEvasionP99,ConcealPctP99,gini,p90,p99,p999,p9999,gini_total,p90_total,p99_total,p999_total,p9999_total,welfare,welfare0,approval,approval0,conceal_share_e,conceal_share_n,evasion_share_e,evasion_share_n,conceal_frac_e,conceal_frac_n,evasion_frac_e,evasion_frac_n,shelter_pct_e,shelter_pct_n,detection_rate,detection_revenue,wtax_evasion_elast
65.57566763,2.85600593,2.85600593,0.00000000,29.60309388,258.82674208,50.98076577,1.28479088,0.15411993,0.04132582,0.03269469,35.56857750,0.25000000,0.18639203,1.80158698,6.93006724,0.00000000,0.00000000,9.18235041,0.01147627,1.01512040,0.63999162,0.00000000,0.00000000,0.00000000,0.00000000,0.75104931,0.38214874,0.70961552,0.84692853,0.93541809,0.75104931,0.38214874,0.70961552,0.84692853,0.93541809,-23.24802475,-46.21093749,0.85383447,0.50707567,-nan,-nan,-nan,-nan,0.00000000,0.00000000,0.00000000,0.00000000,0.00000000,0.00000000,-nan,0.00000000,13.38745181
