Y,A,A_rep,A_hid,L,Q,K,W,P,r,taua,abar,tauk,taul,WtaxRev,KtaxRev,WtaxRev_lost,KtaxRev_lost,G,lump_sum,ylbar,WtaxPct,ShelterPct,ShelterPctP99,TaxEvasionP99,ConcealPctP99,gini,p90,p99,p999,p9999,gini_total,p90_total,p99_total,p999_total,p9999_total,welfare,welfare0,approval,approval0,conceal_share_e,conceal_share_n,evasion_share_e,evasion_share_n,conceal_frac_e,conceal_frac_n,evasion_frac_e,evasion_frac_n,shelter_pct_e,shelter_pct_n,detection_rate,detection_revenue,wtax_evasion_elast
65.48682709,2.85206377,2.85206377,0.00000000,29.59052668,258.15672741,50.83723179,1.28360108,0.15427131,0.04146001,0.03389869,35.24772348,0.25000000,0.18640374,1.84854031,6.93487754,0.00000000,0.00000000,9.18235041,0.01169779,1.01512040,0.63299817,0.00000000,0.00000000,0.00000000,0.00000000,0.75021941,0.38326725,0.71174144,0.84826439,0.93592330,0.75021941,0.38326725,0.71174144,0.84826439,0.93592330,-23.24061730,-46.21437680,0.84720282,0.49876289,-nan,-nan,-nan,-nan,0.00000000,0.00000000,0.00000000,0.00000000,0.00000000,0.00000000,-nan,0.00000000,13.31496706
