Y,A,A_rep,A_hid,L,Q,K,W,P,r,taua,abar,tauk,taul,WtaxRev,KtaxRev,WtaxRev_lost,KtaxRev_lost,G,lump_sum,ylbar,WtaxPct,ShelterPct,ShelterPctP99,TaxEvasionP99,ConcealPctP99,gini,p90,p99,p999,p9999,gini_total,p90_total,p99_total,p999_total,p9999_total,welfare,welfare0,approval,approval0,conceal_share_e,conceal_share_n,evasion_share_e,evasion_share_n,conceal_frac_e,conceal_frac_n,evasion_frac_e,evasion_frac_n,shelter_pct_e,shelter_pct_n,detection_rate,detection_revenue,wtax_evasion_elast
65.58857699,2.85651966,2.85651966,0.00000000,29.60557273,258.93211316,51.00368721,1.28496683,0.15409777,0.04130509,0.03244170,35.41975392,0.25000000,0.18638913,1.79454747,6.92904725,0.00000000,0.00000000,9.18235041,0.01142967,1.01512040,0.63964378,0.00000000,0.00000000,0.00000000,0.00000000,0.75118565,0.38182625,0.70921700,0.84661189,0.93529110,0.75118565,0.38182625,0.70921700,0.84661189,0.93529110,-23.25074996,-46.21339426,0.85464917,0.50711311,-nan,-nan,-nan,-nan,0.00000000,0.00000000,0.00000000,0.00000000,0.00000000,0.00000000,-nan,0.00000000,13.40434550
