Y,A,A_rep,A_hid,L,Q,K,W,P,r,taua,abar,tauk,taul,WtaxRev,KtaxRev,WtaxRev_lost,KtaxRev_lost,G,lump_sum,ylbar,WtaxPct,ShelterPct,ShelterPctP99,TaxEvasionP99,ConcealPctP99,gini,p90,p99,p999,p9999,gini_total,p90_total,p99_total,p999_total,p9999_total,welfare,welfare0,approval,approval0,conceal_share_e,conceal_share_n,evasion_share_e,evasion_share_n,conceal_frac_e,conceal_frac_n,evasion_frac_e,evasion_frac_n,shelter_pct_e,shelter_pct_n,detection_rate,detection_revenue,wtax_evasion_elast
65.60069211,2.85717377,2.85717377,0.00000000,29.60670695,259.01156265,51.01891865,1.28511233,0.15407842,0.04129157,0.03226863,35.42793386,0.25000000,0.18638871,1.78828806,6.92901051,0.00000000,0.00000000,9.18235041,0.01140678,1.01512040,0.64026458,0.00000000,0.00000000,0.00000000,0.00000000,0.75129928,0.38166223,0.70893448,0.84640651,0.93520701,0.75129928,0.38166223,0.70893448,0.84640651,0.93520701,-23.25114696,-46.21245431,0.85553079,0.50995681,-nan,-nan,-nan,-nan,0.00000000,0.00000000,0.00000000,0.00000000,0.00000000,0.00000000,-nan,0.00000000,13.41340013
