Y,A,A_rep,A_hid,L,Q,K,W,P,r,taua,abar,tauk,taul,WtaxRev,KtaxRev,WtaxRev_lost,KtaxRev_lost,G,lump_sum,ylbar,WtaxPct,ShelterPct,ShelterPctP99,TaxEvasionP99,ConcealPctP99,gini,p90,p99,p999,p9999,gini_total,p90_total,p99_total,p999_total,p9999_total,welfare,welfare0,approval,approval0,conceal_share_e,conceal_share_n,evasion_share_e,evasion_share_n,conceal_frac_e,conceal_frac_n,evasion_frac_e,evasion_frac_n,shelter_pct_e,shelter_pct_n,detection_rate,detection_revenue,wtax_evasion_elast
65.62646140,2.85813918,2.85813918,0.00000000,29.61055157,259.21351736,51.05845925,1.28546368,0.15403233,0.04125758,0.03194317,35.63871063,0.25000000,0.18638414,1.77372503,6.92735862,0.00000000,0.00000000,9.18235041,0.01132948,1.01512040,0.64292030,0.00000000,0.00000000,0.00000000,0.00000000,0.75157280,0.38119310,0.70827947,0.84605230,0.93508680,0.75157280,0.38119310,0.70827947,0.84605230,0.93508680,-23.25476424,-46.21429976,0.85744988,0.51001905,-nan,-nan,-nan,-nan,0.00000000,0.00000000,0.00000000,0.00000000,0.00000000,0.00000000,-nan,0.00000000,13.43158953
