Y,A,A_rep,A_hid,L,Q,K,W,P,r,taua,abar,tauk,taul,WtaxRev,KtaxRev,WtaxRev_lost,KtaxRev_lost,G,lump_sum,ylbar,WtaxPct,ShelterPct,ShelterPctP99,TaxEvasionP99,ConcealPctP99,gini,p90,p99,p999,p9999,gini_total,p90_total,p99_total,p999_total,p9999_total,welfare,welfare0,approval,approval0,conceal_share_e,conceal_share_n,evasion_share_e,evasion_share_n,conceal_frac_e,conceal_frac_n,evasion_frac_e,evasion_frac_n,shelter_pct_e,shelter_pct_n,detection_rate,detection_revenue,wtax_evasion_elast
65.55047206,2.85425491,2.85425491,0.00000000,29.60109164,258.63271830,50.92413264,1.28438994,0.15416541,0.04139266,0.03219638,33.79619508,0.25000000,0.18639376,1.81448541,6.93211889,0.00000000,0.00000000,9.18235041,0.01153704,1.01512040,0.83230686,0.00000000,0.00000000,0.00000000,0.00000000,0.75075833,0.38246875,0.70938427,0.84596671,0.93498967,0.75075833,0.38246875,0.70938427,0.84596671,0.93498967,-23.24713887,-46.21615562,0.85078392,0.50104049,-nan,-nan,-nan,-nan,0.00000000,0.00000000,0.00000000,0.00000000,0.00000000,0.00000000,-nan,0.00000000,13.39087415
