Y,A,A_rep,A_hid,L,Q,K,W,P,r,taua,abar,tauk,taul,WtaxRev,KtaxRev,WtaxRev_lost,KtaxRev_lost,G,lump_sum,ylbar,WtaxPct,ShelterPct,ShelterPctP99,TaxEvasionP99,ConcealPctP99,gini,p90,p99,p999,p9999,gini_total,p90_total,p99_total,p999_total,p9999_total,welfare,welfare0,approval,approval0,conceal_share_e,conceal_share_n,evasion_share_e,evasion_share_n,conceal_frac_e,conceal_frac_n,evasion_frac_e,evasion_frac_n,shelter_pct_e,shelter_pct_n,detection_rate,detection_revenue,wtax_evasion_elast
65.48185098,2.85245170,2.85245170,0.00000000,29.58812093,258.12158493,50.84450886,1.28359726,0.15427718,0.04143920,0.03557212,39.33565635,0.25000000,0.18640190,1.84616201,6.93458801,0.00000000,0.00000000,9.18235041,0.01164656,1.01512040,0.66630598,0.00000000,0.00000000,0.00000000,0.00000000,0.75011380,0.38335558,0.71293862,0.85069600,0.93697835,0.75011380,0.38335558,0.71293862,0.85069600,0.93697835,-23.24280391,-46.21933503,0.84507015,0.48056562,-nan,-nan,-nan,-nan,0.00000000,0.00000000,0.00000000,0.00000000,0.00000000,0.00000000,-nan,0.00000000,13.19549020
