Y,A,A_rep,A_hid,L,Q,K,W,P,r,taua,abar,tauk,taul,WtaxRev,KtaxRev,WtaxRev_lost,KtaxRev_lost,G,lump_sum,ylbar,WtaxPct,ShelterPct,ShelterPctP99,TaxEvasionP99,ConcealPctP99,gini,p90,p99,p999,p9999,gini_total,p90_total,p99_total,p999_total,p9999_total,welfare,welfare0,approval,approval0,conceal_share_e,conceal_share_n,evasion_share_e,evasion_share_n,conceal_frac_e,conceal_frac_n,evasion_frac_e,evasion_frac_n,shelter_pct_e,shelter_pct_n,detection_rate,detection_revenue,wtax_evasion_elast
73.50011586,3.11085226,2.90425693,0.20659534,30.12570308,331.31753936,65.47228329,1.41507634,0.13832302,0.02970578,0.01116827,798.39167622,0.25000000,0.18606591,0.17973218,5.91225339,0.14316452,0.54424969,9.29156816,0.00074168,1.08952447,0.01762318,0.10515643,39.48210045,8.77335058,56.56330867,0.76961800,0.35387926,0.66404188,0.83254906,0.93878777,0.78487259,0.33037772,0.61998932,0.78179636,0.90995778,-23.71170057,-47.58358076,0.65336484,0.31280189,0.25614931,0.74385069,0.78378249,0.21621751,0.05205429,0.07338051,0.06322062,0.01033214,0.39217873,0.03585717,0.66894589,0.04798757,36.04189621
