Y,A,A_rep,A_hid,L,Q,K,W,P,r,taua,abar,tauk,taul,WtaxRev,KtaxRev,WtaxRev_lost,KtaxRev_lost,G,lump_sum,ylbar,WtaxPct,ShelterPct,ShelterPctP99,TaxEvasionP99,ConcealPctP99,gini,p90,p99,p999,p9999,gini_total,p90_total,p99_total,p999_total,p9999_total,welfare,welfare0,approval,approval0,conceal_share_e,conceal_share_n,evasion_share_e,evasion_share_n,conceal_frac_e,conceal_frac_n,evasion_frac_e,evasion_frac_n,shelter_pct_e,shelter_pct_n,detection_rate,detection_revenue,wtax_evasion_elast
65.92198576,2.87217547,2.87217547,0.00000000,29.65074310,261.45828644,51.56756391,1.28951118,0.15353102,0.04076420,0.03186481,48.93414636,0.25000000,0.18632951,1.60225188,6.90966922,0.00000000,0.00000000,9.18235041,0.01030439,1.01512040,0.45951707,0.00000000,0.00000000,0.00000000,0.00000000,0.75428407,0.37687963,0.70336846,0.84762816,0.93608183,0.75428407,0.37687963,0.70336846,0.84762816,0.93608183,-23.30063798,-46.24567345,0.87542583,0.60372992,-nan,-nan,-nan,-nan,0.00000000,0.00000000,0.00000000,0.00000000,0.00000000,0.00000000,-nan,0.00000000,13.50485234
