Y,A,A_rep,A_hid,L,Q,K,W,P,r,taua,abar,tauk,taul,WtaxRev,KtaxRev,WtaxRev_lost,KtaxRev_lost,G,lump_sum,ylbar,WtaxPct,ShelterPct,ShelterPctP99,TaxEvasionP99,ConcealPctP99,gini,p90,p99,p999,p9999,gini_total,p90_total,p99_total,p999_total,p9999_total,welfare,welfare0,approval,approval0,conceal_share_e,conceal_share_n,evasion_share_e,evasion_share_n,conceal_frac_e,conceal_frac_n,evasion_frac_e,evasion_frac_n,shelter_pct_e,shelter_pct_n,detection_rate,detection_revenue,wtax_evasion_elast
65.84478651,2.86884903,2.86884903,0.00000000,29.63937947,260.87116119,51.44240984,1.28848536,0.15366063,0.04087777,0.03282820,48.03501611,0.25000000,0.18634170,1.64316909,6.91398300,0.00000000,0.00000000,9.18235041,0.01052444,1.01512040,0.57865895,0.00000000,0.00000000,0.00000000,0.00000000,0.75357154,0.37790451,0.70523236,0.84870418,0.93647635,0.75357154,0.37790451,0.70523236,0.84870418,0.93647635,-23.29143772,-46.24292529,0.86796344,0.52115536,-nan,-nan,-nan,-nan,0.00000000,0.00000000,0.00000000,0.00000000,0.00000000,0.00000000,-nan,0.00000000,13.44249891
