Y,A,A_rep,A_hid,L,Q,K,W,P,r,taua,abar,tauk,taul,WtaxRev,KtaxRev,WtaxRev_lost,KtaxRev_lost,G,lump_sum,ylbar,WtaxPct,ShelterPct,ShelterPctP99,TaxEvasionP99,ConcealPctP99,gini,p90,p99,p999,p9999,gini_total,p90_total,p99_total,p999_total,p9999_total,welfare,welfare0,approval,approval0,conceal_share_e,conceal_share_n,evasion_share_e,evasion_share_n,conceal_frac_e,conceal_frac_n,evasion_frac_e,evasion_frac_n,shelter_pct_e,shelter_pct_n,detection_rate,detection_revenue,wtax_evasion_elast
65.72178936,2.86187399,2.86187399,0.00000000,29.62568440,259.92648444,51.20169718,1.28667586,0.15387558,0.04113468,0.03000000,34.33231243,0.25000000,0.18636958,1.72195956,6.92270422,0.00000000,0.00000000,9.18235041,0.01106689,1.01512040,0.85111131,0.00000000,0.00000000,0.00000000,0.00000000,0.75250476,0.37976890,0.70527621,0.84354205,0.93416474,0.75250476,0.37976890,0.70527621,0.84354205,0.93416474,-23.26701054,-46.21970670,0.86618862,0.52186934,-nan,-nan,-nan,-nan,0.00000000,0.00000000,0.00000000,0.00000000,0.00000000,0.00000000,-nan,0.00000000,13.54086005
