Y,A,A_rep,A_hid,L,Q,K,W,P,r,taua,abar,tauk,taul,WtaxRev,KtaxRev,WtaxRev_lost,KtaxRev_lost,G,lump_sum,ylbar,WtaxPct,ShelterPct,ShelterPctP99,TaxEvasionP99,ConcealPctP99,gini,p90,p99,p999,p9999,gini_total,p90_total,p99_total,p999_total,p9999_total,welfare,welfare0,approval,approval0,conceal_share_e,conceal_share_n,evasion_share_e,evasion_share_n,conceal_frac_e,conceal_frac_n,evasion_frac_e,evasion_frac_n,shelter_pct_e,shelter_pct_n,detection_rate,detection_revenue,wtax_evasion_elast
65.59147877,2.85689141,2.85689141,0.00000000,29.60476983,258.94826034,51.00806117,1.28501983,0.15409099,0.04129837,0.03295744,37.00555557,0.25000000,0.18638857,1.79160511,6.92912066,0.00000000,0.00000000,9.18235041,0.01140996,1.01512040,0.65108294,0.00000000,0.00000000,0.00000000,0.00000000,0.75117981,0.38189457,0.70955649,0.84744401,0.93566347,0.75117981,0.38189457,0.70955649,0.84744401,0.93566347,-23.25085799,-46.21337779,0.85417377,0.50711067,-nan,-nan,-nan,-nan,0.00000000,0.00000000,0.00000000,0.00000000,0.00000000,0.00000000,-nan,0.00000000,13.35582506
