Y,A,A_rep,A_hid,L,Q,K,W,P,r,taua,abar,tauk,taul,WtaxRev,KtaxRev,WtaxRev_lost,KtaxRev_lost,G,lump_sum,ylbar,WtaxPct,ShelterPct,ShelterPctP99,TaxEvasionP99,ConcealPctP99,gini,p90,p99,p999,p9999,gini_total,p90_total,p99_total,p999_total,p9999_total,welfare,welfare0,approval,approval0,conceal_share_e,conceal_share_n,evasion_share_e,evasion_share_n,conceal_frac_e,conceal_frac_n,evasion_frac_e,evasion_frac_n,shelter_pct_e,shelter_pct_n,detection_rate,detection_revenue,wtax_evasion_elast
65.59561227,2.85673012,2.85673012,0.00000000,29.60633232,258.97618445,51.00849288,1.28504039,0.15408665,0.04130388,0.03214509,34.95094125,0.25000000,0.18638912,1.79097054,6.92916769,0.00000000,0.00000000,9.18235041,0.01142507,1.01512040,0.85848404,0.00000000,0.00000000,0.00000000,0.00000000,0.75125620,0.38167993,0.70885669,0.84618262,0.93511399,0.75125620,0.38167993,0.70885669,0.84618262,0.93511399,-23.25052149,-46.21206282,0.85538589,0.50971357,-nan,-nan,-nan,-nan,0.00000000,0.00000000,0.00000000,0.00000000,0.00000000,0.00000000,-nan,0.00000000,13.42072408
