Y,A,A_rep,A_hid,L,Q,K,W,P,r,taua,abar,tauk,taul,WtaxRev,KtaxRev,WtaxRev_lost,KtaxRev_lost,G,lump_sum,ylbar,WtaxPct,ShelterPct,ShelterPctP99,TaxEvasionP99,ConcealPctP99,gini,p90,p99,p999,p9999,gini_total,p90_total,p99_total,p999_total,p9999_total,welfare,welfare0,approval,approval0,conceal_share_e,conceal_share_n,evasion_share_e,evasion_share_n,conceal_frac_e,conceal_frac_n,evasion_frac_e,evasion_frac_n,shelter_pct_e,shelter_pct_n,detection_rate,detection_revenue,wtax_evasion_elast
73.42779980,3.10975438,2.89020357,0.21955080,30.12368778,330.31538976,65.60096144,1.41381370,0.13856803,0.02947337,0.01729403,982.12361566,0.25000000,0.18606768,0.19025554,5.91131649,0.23113605,0.53761968,9.29156816,0.00080313,1.08952447,0.01346899,0.10592137,57.40927152,10.65130556,53.12596363,0.76947496,0.35428583,0.66660665,0.83812487,0.94796936,0.78570581,0.32927300,0.61960392,0.78342862,0.91300434,-23.73845881,-47.63717635,0.49586171,0.10573109,0.29670213,0.70329787,0.74690101,0.25309899,0.06392542,0.07385420,0.06690590,0.01349572,0.39597235,0.03589086,0.66341757,0.06351605,38.03645528
