Y,A,A_rep,A_hid,L,Q,K,W,P,r,taua,abar,tauk,taul,WtaxRev,KtaxRev,WtaxRev_lost,KtaxRev_lost,G,lump_sum,ylbar,WtaxPct,ShelterPct,ShelterPctP99,TaxEvasionP99,ConcealPctP99,gini,p90,p99,p999,p9999,gini_total,p90_total,p99_total,p999_total,p9999_total,welfare,welfare0,approval,approval0,conceal_share_e,conceal_share_n,evasion_share_e,evasion_share_n,conceal_frac_e,conceal_frac_n,evasion_frac_e,evasion_frac_n,shelter_pct_e,shelter_pct_n,detection_rate,detection_revenue,wtax_evasion_elast
65.61400351,2.85742670,2.85742670,0.00000000,29.60898588,259.11893423,51.03451345,1.28528587,0.15405345,0.04128293,0.03178208,34.77946728,0.25000000,0.18638604,1.78134802,6.92826472,0.00000000,0.00000000,9.18235041,0.01137812,1.01512040,0.85513036,0.00000000,0.00000000,0.00000000,0.00000000,0.75144632,0.38145914,0.70826813,0.84570501,0.93493377,0.75144632,0.38145914,0.70826813,0.84570501,0.93493377,-23.25240771,-46.21266191,0.85721061,0.50959143,-nan,-nan,-nan,-nan,0.00000000,0.00000000,0.00000000,0.00000000,0.00000000,0.00000000,-nan,0.00000000,13.43149973
