Y,A,A_rep,A_hid,L,Q,K,W,P,r,taua,abar,tauk,taul,WtaxRev,KtaxRev,WtaxRev_lost,KtaxRev_lost,G,lump_sum,ylbar,WtaxPct,ShelterPct,ShelterPctP99,TaxEvasionP99,ConcealPctP99,gini,p90,p99,p999,p9999,gini_total,p90_total,p99_total,p999_total,p9999_total,welfare,welfare0,approval,approval0,conceal_share_e,conceal_share_n,evasion_share_e,evasion_share_n,conceal_frac_e,conceal_frac_n,evasion_frac_e,evasion_frac_n,shelter_pct_e,shelter_pct_n,detection_rate,detection_revenue,wtax_evasion_elast
65.53290103,2.85470429,2.85470429,0.00000000,29.59528570,258.51219034,50.92611143,1.28429040,0.15418790,0.04136410,0.03497278,39.80038471,0.25000000,0.18639473,1.81947275,6.93170170,0.00000000,0.00000000,9.18235041,0.01151474,1.01512040,0.67262827,0.00000000,0.00000000,0.00000000,0.00000000,0.75061846,0.38261937,0.71180454,0.85011533,0.93678727,0.75061846,0.38261937,0.71180454,0.85011533,0.93678727,-23.24778134,-46.21832702,0.84928715,0.49910498,-nan,-nan,-nan,-nan,0.00000000,0.00000000,0.00000000,0.00000000,0.00000000,0.00000000,-nan,0.00000000,13.23557605
