Y,A,A_rep,A_hid,L,Q,K,W,P,r,taua,abar,tauk,taul,WtaxRev,KtaxRev,WtaxRev_lost,KtaxRev_lost,G,lump_sum,ylbar,WtaxPct,ShelterPct,ShelterPctP99,TaxEvasionP99,ConcealPctP99,gini,p90,p99,p999,p9999,gini_total,p90_total,p99_total,p999_total,p9999_total,welfare,welfare0,approval,approval0,conceal_share_e,conceal_share_n,evasion_share_e,evasion_share_n,conceal_frac_e,conceal_frac_n,evasion_frac_e,evasion_frac_n,shelter_pct_e,shelter_pct_n,detection_rate,detection_revenue,wtax_evasion_elast
65.57137156,2.85521433,2.85521433,0.00000000,29.60399467,258.79379846,50.95820629,1.28467685,0.15412862,0.04136093,0.03194481,33.89852497,0.25000000,0.18639068,1.80324388,6.93088089,0.00000000,0.00000000,9.18235041,0.01147942,1.01512040,0.83514664,0.00000000,0.00000000,0.00000000,0.00000000,0.75094627,0.38220150,0.70893623,0.84569396,0.93489718,0.75094627,0.38220150,0.70893623,0.84569396,0.93489718,-23.24913291,-46.21590883,0.85259638,0.50611591,-nan,-nan,-nan,-nan,0.00000000,0.00000000,0.00000000,0.00000000,0.00000000,0.00000000,-nan,0.00000000,13.40954976
