Y,A,A_rep,A_hid,L,Q,K,W,P,r,taua,abar,tauk,taul,WtaxRev,KtaxRev,WtaxRev_lost,KtaxRev_lost,G,lump_sum,ylbar,WtaxPct,ShelterPct,ShelterPctP99,TaxEvasionP99,ConcealPctP99,gini,p90,p99,p999,p9999,gini_total,p90_total,p99_total,p999_total,p9999_total,welfare,welfare0,approval,approval0,conceal_share_e,conceal_share_n,evasion_share_e,evasion_share_n,conceal_frac_e,conceal_frac_n,evasion_frac_e,evasion_frac_n,shelter_pct_e,shelter_pct_n,detection_rate,detection_revenue,wtax_evasion_elast
65.59737748,2.85695468,2.85695468,0.00000000,29.60623538,258.98903416,51.01486781,1.28507598,0.15408351,0.04129469,0.03232469,35.42411185,0.25000000,0.18638919,1.79039938,6.92893767,0.00000000,0.00000000,9.18235041,0.01142250,1.01512040,0.64010931,0.00000000,0.00000000,0.00000000,0.00000000,0.75126987,0.38170963,0.70903032,0.84647741,0.93523032,0.75126987,0.38170963,0.70903032,0.84647741,0.93523032,-23.25018678,-46.21086669,0.85572819,0.50995681,-nan,-nan,-nan,-nan,0.00000000,0.00000000,0.00000000,0.00000000,0.00000000,0.00000000,-nan,0.00000000,13.40906743
