Y,A,A_rep,A_hid,L,Q,K,W,P,r,taua,abar,tauk,taul,WtaxRev,KtaxRev,WtaxRev_lost,KtaxRev_lost,G,lump_sum,ylbar,WtaxPct,ShelterPct,ShelterPctP99,TaxEvasionP99,ConcealPctP99,gini,p90,p99,p999,p9999,gini_total,p90_total,p99_total,p999_total,p9999_total,welfare,welfare0,approval,approval0,conceal_share_e,conceal_share_n,evasion_share_e,evasion_share_n,conceal_frac_e,conceal_frac_n,evasion_frac_e,evasion_frac_n,shelter_pct_e,shelter_pct_n,detection_rate,detection_revenue,wtax_evasion_elast
65.24849926,2.84396021,2.84396021,0.00000000,29.55523278,256.26758528,50.56448415,1.28046676,0.15473061,0.04161949,0.04607681,53.89927163,0.25000000,0.18641301,1.93984013,6.94491783,0.00000000,0.00000000,9.18235041,0.01182331,1.01512040,0.45587084,0.00000000,0.00000000,0.00000000,0.00000000,0.74788235,0.38649920,0.72135269,0.86339705,0.94233595,0.74788235,0.38649920,0.72135269,0.86339705,0.94233595,-23.25395205,-46.28831165,0.80739902,0.43468134,-nan,-nan,-nan,-nan,0.00000000,0.00000000,0.00000000,0.00000000,0.00000000,0.00000000,-nan,0.00000000,12.63720555
