Y,A,A_rep,A_hid,L,Q,K,W,P,r,taua,abar,tauk,taul,WtaxRev,KtaxRev,WtaxRev_lost,KtaxRev_lost,G,lump_sum,ylbar,WtaxPct,ShelterPct,ShelterPctP99,TaxEvasionP99,ConcealPctP99,gini,p90,p99,p999,p9999,gini_total,p90_total,p99_total,p999_total,p9999_total,welfare,welfare0,approval,approval0,conceal_share_e,conceal_share_n,evasion_share_e,evasion_share_n,conceal_frac_e,conceal_frac_n,evasion_frac_e,evasion_frac_n,shelter_pct_e,shelter_pct_n,detection_rate,detection_revenue,wtax_evasion_elast
73.46009351,3.10983134,2.91077272,0.19905862,30.12305806,330.86029642,65.49707911,1.41447949,0.13842499,0.02963530,0.01520338,1080.14143728,0.25000000,0.18606801,0.18024720,5.92091541,0.17086963,0.54222812,9.29156816,0.00083370,1.08952447,0.01266361,0.10393937,45.14964467,9.71251169,53.75268601,0.77043197,0.35278487,0.66239465,0.83154991,0.94298592,0.78508379,0.33020330,0.62005149,0.78278278,0.91176451,-23.71718468,-47.59613199,0.62049120,0.29029480,0.28138278,0.71861722,0.77432913,0.22567087,0.05506755,0.06835565,0.06462172,0.01117586,0.38961286,0.03496577,0.67686893,0.05590790,34.34427481
