Y,A,A_rep,A_hid,L,Q,K,W,P,r,taua,abar,tauk,taul,WtaxRev,KtaxRev,WtaxRev_lost,KtaxRev_lost,G,lump_sum,ylbar,WtaxPct,ShelterPct,ShelterPctP99,TaxEvasionP99,ConcealPctP99,gini,p90,p99,p999,p9999,gini_total,p90_total,p99_total,p999_total,p9999_total,welfare,welfare0,approval,approval0,conceal_share_e,conceal_share_n,evasion_share_e,evasion_share_n,conceal_frac_e,conceal_frac_n,evasion_frac_e,evasion_frac_n,shelter_pct_e,shelter_pct_n,detection_rate,detection_revenue,wtax_evasion_elast
65.55221131,2.85502619,2.85502619,0.00000000,29.59959331,258.64398408,50.94217176,1.28446983,0.15416106,0.04136130,0.03307131,35.71005748,0.25000000,0.18639504,1.81325548,6.93147715,0.00000000,0.00000000,9.18235041,0.01152772,1.01512040,0.63973711,0.00000000,0.00000000,0.00000000,0.00000000,0.75085162,0.38236853,0.71019537,0.84736934,0.93558275,0.75085162,0.38236853,0.71019537,0.84736934,0.93558275,-23.24685729,-46.21360397,0.85171375,0.50624145,-nan,-nan,-nan,-nan,0.00000000,0.00000000,0.00000000,0.00000000,0.00000000,0.00000000,-nan,0.00000000,13.36037341
