Y,A,A_rep,A_hid,L,Q,K,W,P,r,taua,abar,tauk,taul,WtaxRev,KtaxRev,WtaxRev_lost,KtaxRev_lost,G,lump_sum,ylbar,WtaxPct,ShelterPct,ShelterPctP99,TaxEvasionP99,ConcealPctP99,gini,p90,p99,p999,p9999,gini_total,p90_total,p99_total,p999_total,p9999_total,welfare,welfare0,approval,approval0,conceal_share_e,conceal_share_n,evasion_share_e,evasion_share_n,conceal_frac_e,conceal_frac_n,evasion_frac_e,evasion_frac_n,shelter_pct_e,shelter_pct_n,detection_rate,detection_revenue,wtax_evasion_elast
66.32190291,2.89057783,2.89057783,0.00000000,29.71257434,264.33923195,52.29596904,1.29461068,0.15294350,0.04004118,0.03613435,98.51048204,0.25000000,0.18625084,1.35201821,6.88696704,0.00000000,0.00000000,9.18235041,0.00868224,1.01512040,0.25614517,0.00000000,0.00000000,0.00000000,0.00000000,0.75808783,0.37070342,0.69530596,0.85377511,0.93975651,0.75808783,0.37070342,0.69530596,0.85377511,0.93975651,-23.39214391,-46.34631522,0.86887204,0.52287625,-nan,-nan,-nan,-nan,0.00000000,0.00000000,0.00000000,0.00000000,0.00000000,0.00000000,-nan,0.00000000,13.43934116
