Y,A,A_rep,A_hid,L,Q,K,W,P,r,taua,abar,tauk,taul,WtaxRev,KtaxRev,WtaxRev_lost,KtaxRev_lost,G,lump_sum,ylbar,WtaxPct,ShelterPct,ShelterPctP99,TaxEvasionP99,ConcealPctP99,gini,p90,p99,p999,p9999,gini_total,p90_total,p99_total,p999_total,p9999_total,welfare,welfare0,approval,approval0,conceal_share_e,conceal_share_n,evasion_share_e,evasion_share_n,conceal_frac_e,conceal_frac_n,evasion_frac_e,evasion_frac_n,shelter_pct_e,shelter_pct_n,detection_rate,detection_revenue,wtax_evasion_elast
65.17857038,2.83088297,2.83088297,0.00000000,29.56733546,255.76203986,50.13855689,1.27859552,0.15484282,0.04230061,0.03000000,22.10360199,0.25000000,0.18641391,1.97495866,6.96080594,0.00000000,0.00000000,9.18235041,0.01217421,1.01512040,1.39822837,0.00000000,0.00000000,0.00000000,0.00000000,0.74624438,0.38966065,0.70748454,0.83967718,0.93229406,0.74624438,0.38966065,0.70748454,0.83967718,0.93229406,-23.24349342,-46.30878456,0.80109384,0.43457983,-nan,-nan,-nan,-nan,0.00000000,0.00000000,0.00000000,0.00000000,0.00000000,0.00000000,-nan,0.00000000,13.81587433
