Y,A,A_rep,A_hid,L,Q,K,W,P,r,taua,abar,tauk,taul,WtaxRev,KtaxRev,WtaxRev_lost,KtaxRev_lost,G,lump_sum,ylbar,WtaxPct,ShelterPct,ShelterPctP99,TaxEvasionP99,ConcealPctP99,gini,p90,p99,p999,p9999,gini_total,p90_total,p99_total,p999_total,p9999_total,welfare,welfare0,approval,approval0,conceal_share_e,conceal_share_n,evasion_share_e,evasion_share_n,conceal_frac_e,conceal_frac_n,evasion_frac_e,evasion_frac_n,shelter_pct_e,shelter_pct_n,detection_rate,detection_revenue,wtax_evasion_elast
65.25756798,2.83911593,2.83911593,0.00000000,29.56497804,256.39629083,50.39572100,1.28021203,0.15468067,0.04193816,0.03308721,27.75073159,0.25000000,0.18643095,1.96336449,6.95094058,0.00000000,0.00000000,9.18235041,0.01226613,1.01512040,1.05207404,0.00000000,0.00000000,0.00000000,0.00000000,0.74766113,0.38738775,0.71238181,0.84538586,0.93454779,0.74766113,0.38738775,0.71238181,0.84538586,0.93454779,-23.22254725,-46.23792064,0.82328730,0.45719431,-nan,-nan,-nan,-nan,0.00000000,0.00000000,0.00000000,0.00000000,0.00000000,0.00000000,-nan,0.00000000,13.36400892
