Y,A,A_rep,A_hid,L,Q,K,W,P,r,taua,abar,tauk,taul,WtaxRev,KtaxRev,WtaxRev_lost,KtaxRev_lost,G,lump_sum,ylbar,WtaxPct,ShelterPct,ShelterPctP99,TaxEvasionP99,ConcealPctP99,gini,p90,p99,p999,p9999,gini_total,p90_total,p99_total,p999_total,p9999_total,welfare,welfare0,approval,approval0,conceal_share_e,conceal_share_n,evasion_share_e,evasion_share_n,conceal_frac_e,conceal_frac_n,evasion_frac_e,evasion_frac_n,shelter_pct_e,shelter_pct_n,detection_rate,detection_revenue,wtax_evasion_elast
65.58299223,2.85630548,2.85630548,0.00000000,29.60419715,258.87901437,50.99204100,1.28488208,0.15410854,0.04131547,0.03253610,35.40473681,0.25000000,0.18639110,1.79828800,6.92971048,0.00000000,0.00000000,9.18235041,0.01146154,1.01512040,0.63915124,0.00000000,0.00000000,0.00000000,0.00000000,0.75112751,0.38188233,0.70940000,0.84671277,0.93532925,0.75112751,0.38188233,0.70940000,0.84671277,0.93532925,-23.24870602,-46.21077987,0.85491978,0.50995652,-nan,-nan,-nan,-nan,0.00000000,0.00000000,0.00000000,0.00000000,0.00000000,0.00000000,-nan,0.00000000,13.39564088
