Y,A,A_rep,A_hid,L,Q,K,W,P,r,taua,abar,tauk,taul,WtaxRev,KtaxRev,WtaxRev_lost,KtaxRev_lost,G,lump_sum,ylbar,WtaxPct,ShelterPct,ShelterPctP99,TaxEvasionP99,ConcealPctP99,gini,p90,p99,p999,p9999,gini_total,p90_total,p99_total,p999_total,p9999_total,welfare,welfare0,approval,approval0,conceal_share_e,conceal_share_n,evasion_share_e,evasion_share_n,conceal_frac_e,conceal_frac_n,evasion_frac_e,evasion_frac_n,shelter_pct_e,shelter_pct_n,detection_rate,detection_revenue,wtax_evasion_elast
66.49355222,2.89785410,2.89785410,0.00000000,29.73770897,265.66829454,52.56123762,1.29688257,0.15265109,0.03981998,0.03143599,93.30039176,0.25000000,0.18622818,1.26694046,6.87764629,0.00000000,0.00000000,9.18235041,0.00826225,1.01512040,0.25360783,0.00000000,0.00000000,0.00000000,0.00000000,0.75965971,0.36834836,0.69075594,0.84838601,0.93744012,0.75965971,0.36834836,0.69075594,0.84838601,0.93744012,-23.40674382,-46.34176263,0.90075664,0.65695624,-nan,-nan,-nan,-nan,0.00000000,0.00000000,0.00000000,0.00000000,0.00000000,0.00000000,-nan,0.00000000,13.70693820
