Y,A,A_rep,A_hid,L,Q,K,W,P,r,taua,abar,tauk,taul,WtaxRev,KtaxRev,WtaxRev_lost,KtaxRev_lost,G,lump_sum,ylbar,WtaxPct,ShelterPct,ShelterPctP99,TaxEvasionP99,ConcealPctP99,gini,p90,p99,p999,p9999,gini_total,p90_total,p99_total,p999_total,p9999_total,welfare,welfare0,approval,approval0,conceal_share_e,conceal_share_n,evasion_share_e,evasion_share_n,conceal_frac_e,conceal_frac_n,evasion_frac_e,evasion_frac_n,shelter_pct_e,shelter_pct_n,detection_rate,detection_revenue,wtax_evasion_elast
65.59885799,2.85698104,2.85698104,0.00000000,29.60655581,258.99957831,51.01673272,1.28509176,0.15408142,0.04129346,0.03221409,35.16338604,0.25000000,0.18638916,1.78973877,6.92888472,0.00000000,0.00000000,9.18235041,0.01142145,1.01512040,0.63848558,0.00000000,0.00000000,0.00000000,0.00000000,0.75129219,0.38169595,0.70893299,0.84631525,0.93516279,0.75129219,0.38169595,0.70893299,0.84631525,0.93516279,-23.25027460,-46.21086262,0.85586070,0.50995652,-nan,-nan,-nan,-nan,0.00000000,0.00000000,0.00000000,0.00000000,0.00000000,0.00000000,-nan,0.00000000,13.42086469
