Y,A,A_rep,A_hid,L,Q,K,W,P,r,taua,abar,tauk,taul,WtaxRev,KtaxRev,WtaxRev_lost,KtaxRev_lost,G,lump_sum,ylbar,WtaxPct,ShelterPct,ShelterPctP99,TaxEvasionP99,ConcealPctP99,gini,p90,p99,p999,p9999,gini_total,p90_total,p99_total,p999_total,p9999_total,welfare,welfare0,approval,approval0,conceal_share_e,conceal_share_n,evasion_share_e,evasion_share_n,conceal_frac_e,conceal_frac_n,evasion_frac_e,evasion_frac_n,shelter_pct_e,shelter_pct_n,detection_rate,detection_revenue,wtax_evasion_elast
65.57694808,2.85576255,2.85576255,0.00000000,29.60405332,258.83249329,50.97466113,1.28477257,0.15411963,0.04133840,0.03222283,34.61293120,0.25000000,0.18639104,1.80029871,6.93039430,0.00000000,0.00000000,9.18235041,0.01146959,1.01512040,0.85031601,0.00000000,0.00000000,0.00000000,0.00000000,0.75107352,0.38205709,0.70911745,0.84618841,0.93510405,0.75107352,0.38205709,0.70911745,0.84618841,0.93510405,-23.24931505,-46.21383972,0.85330240,0.50626621,-nan,-nan,-nan,-nan,0.00000000,0.00000000,0.00000000,0.00000000,0.00000000,0.00000000,-nan,0.00000000,13.40578799
