Y,A,A_rep,A_hid,L,Q,K,W,P,r,taua,abar,tauk,taul,WtaxRev,KtaxRev,WtaxRev_lost,KtaxRev_lost,G,lump_sum,ylbar,WtaxPct,ShelterPct,ShelterPctP99,TaxEvasionP99,ConcealPctP99,gini,p90,p99,p999,p9999,gini_total,p90_total,p99_total,p999_total,p9999_total,welfare,welfare0,approval,approval0,conceal_share_e,conceal_share_n,evasion_share_e,evasion_share_n,conceal_frac_e,conceal_frac_n,evasion_frac_e,evasion_frac_n,shelter_pct_e,shelter_pct_n,detection_rate,detection_revenue,wtax_evasion_elast
65.56761649,2.85656109,2.85656109,0.00000000,29.59935748,258.77669677,50.99302883,1.28479467,0.15412770,0.04129257,0.03536165,41.99873067,0.25000000,0.18638812,1.79924936,6.92932841,0.00000000,0.00000000,9.18235041,0.01139222,1.01512040,0.53259492,0.00000000,0.00000000,0.00000000,0.00000000,0.75091156,0.38210480,0.71150448,0.85091414,0.93715093,0.75091156,0.38210480,0.71150448,0.85091414,0.93715093,-23.25244596,-46.22012416,0.85049408,0.50202192,-nan,-nan,-nan,-nan,0.00000000,0.00000000,0.00000000,0.00000000,0.00000000,0.00000000,-nan,0.00000000,13.24071960
