Y,A,A_rep,A_hid,L,Q,K,W,P,r,taua,abar,tauk,taul,WtaxRev,KtaxRev,WtaxRev_lost,KtaxRev_lost,G,lump_sum,ylbar,WtaxPct,ShelterPct,ShelterPctP99,TaxEvasionP99,ConcealPctP99,gini,p90,p99,p999,p9999,gini_total,p90_total,p99_total,p999_total,p9999_total,welfare,welfare0,approval,approval0,conceal_share_e,conceal_share_n,evasion_share_e,evasion_share_n,conceal_frac_e,conceal_frac_n,evasion_frac_e,evasion_frac_n,shelter_pct_e,shelter_pct_n,detection_rate,detection_revenue,wtax_evasion_elast
65.59929496,2.85680853,2.85680853,0.00000000,29.60678236,259.00309552,51.01083936,1.28508375,0.15407969,0.04130409,0.03199266,34.76022482,0.25000000,0.18638848,1.78937595,6.92917689,0.00000000,0.00000000,9.18235041,0.01141986,1.01512040,0.85389355,0.00000000,0.00000000,0.00000000,0.00000000,0.75128568,0.38165681,0.70876512,0.84594605,0.93501901,0.75128568,0.38165681,0.70876512,0.84594605,0.93501901,-23.25065901,-46.21192379,0.85561631,0.50954848,-nan,-nan,-nan,-nan,0.00000000,0.00000000,0.00000000,0.00000000,0.00000000,0.00000000,-nan,0.00000000,13.41875730
