Y,A,A_rep,A_hid,L,Q,K,W,P,r,taua,abar,tauk,taul,WtaxRev,KtaxRev,WtaxRev_lost,KtaxRev_lost,G,lump_sum,ylbar,WtaxPct,ShelterPct,ShelterPctP99,TaxEvasionP99,ConcealPctP99,gini,p90,p99,p999,p9999,gini_total,p90_total,p99_total,p999_total,p9999_total,welfare,welfare0,approval,approval0,conceal_share_e,conceal_share_n,evasion_share_e,evasion_share_n,conceal_frac_e,conceal_frac_n,evasion_frac_e,evasion_frac_n,shelter_pct_e,shelter_pct_n,detection_rate,detection_revenue,wtax_evasion_elast
65.62614080,2.85811321,2.85811321,0.00000000,29.61053655,259.21065803,51.05788041,1.28545791,0.15403310,0.04125816,0.03186758,35.37275382,0.25000000,0.18638462,1.77454254,6.92740298,0.00000000,0.00000000,9.18235041,0.01133946,1.01512040,0.64126689,0.00000000,0.00000000,0.00000000,0.00000000,0.75158061,0.38119838,0.70821305,0.84593479,0.93503782,0.75158061,0.38119838,0.70821305,0.84593479,0.93503782,-23.25415816,-46.21309978,0.85807537,0.51001861,-nan,-nan,-nan,-nan,0.00000000,0.00000000,0.00000000,0.00000000,0.00000000,0.00000000,-nan,0.00000000,13.43777261
