Y,A,A_rep,A_hid,L,Q,K,W,P,r,taua,abar,tauk,taul,WtaxRev,KtaxRev,WtaxRev_lost,KtaxRev_lost,G,lump_sum,ylbar,WtaxPct,ShelterPct,ShelterPctP99,TaxEvasionP99,ConcealPctP99,gini,p90,p99,p999,p9999,gini_total,p90_total,p99_total,p999_total,p9999_total,welfare,welfare0,approval,approval0,conceal_share_e,conceal_share_n,evasion_share_e,evasion_share_n,conceal_frac_e,conceal_frac_n,evasion_frac_e,evasion_frac_n,shelter_pct_e,shelter_pct_n,detection_rate,detection_revenue,wtax_evasion_elast
65.57561824,2.85603688,2.85603688,0.00000000,29.60307484,258.83428115,50.98152246,1.28480433,0.15411756,0.04132545,0.03277642,35.80264449,0.25000000,0.18639020,1.80154067,6.92993151,0.00000000,0.00000000,9.18235041,0.01147110,1.01512040,0.64149551,0.00000000,0.00000000,0.00000000,0.00000000,0.75104321,0.38214754,0.70972422,0.84707218,0.93548529,0.75104321,0.38214754,0.70972422,0.84707218,0.93548529,-23.24819144,-46.21115838,0.85386624,0.50707578,-nan,-nan,-nan,-nan,0.00000000,0.00000000,0.00000000,0.00000000,0.00000000,0.00000000,-nan,0.00000000,13.37695203
