Y,A,A_rep,A_hid,L,Q,K,W,P,r,taua,abar,tauk,taul,WtaxRev,KtaxRev,WtaxRev_lost,KtaxRev_lost,G,lump_sum,ylbar,WtaxPct,ShelterPct,ShelterPctP99,TaxEvasionP99,ConcealPctP99,gini,p90,p99,p999,p9999,gini_total,p90_total,p99_total,p999_total,p9999_total,welfare,welfare0,approval,approval0,conceal_share_e,conceal_share_n,evasion_share_e,evasion_share_n,conceal_frac_e,conceal_frac_n,evasion_frac_e,evasion_frac_n,shelter_pct_e,shelter_pct_n,detection_rate,detection_revenue,wtax_evasion_elast
65.57949522,2.85605257,2.85605257,0.00000000,29.60392112,258.85919087,50.98693314,1.28484372,0.15411311,0.04132103,0.03262984,35.51137899,0.25000000,0.18639077,1.80005732,6.92962140,0.00000000,0.00000000,9.18235041,0.01146107,1.01512040,0.63983972,0.00000000,0.00000000,0.00000000,0.00000000,0.75108373,0.38193824,0.70952038,0.84685304,0.93538321,0.75108373,0.38193824,0.70952038,0.84685304,0.93538321,-23.24912577,-46.21215266,0.85382993,0.50707567,-nan,-nan,-nan,-nan,0.00000000,0.00000000,0.00000000,0.00000000,0.00000000,0.00000000,-nan,0.00000000,13.39132031
