Y,A,A_rep,A_hid,L,Q,K,W,P,r,taua,abar,tauk,taul,WtaxRev,KtaxRev,WtaxRev_lost,KtaxRev_lost,G,lump_sum,ylbar,WtaxPct,ShelterPct,ShelterPctP99,TaxEvasionP99,ConcealPctP99,gini,p90,p99,p999,p9999,gini_total,p90_total,p99_total,p999_total,p9999_total,welfare,welfare0,approval,approval0,conceal_share_e,conceal_share_n,evasion_share_e,evasion_share_n,conceal_frac_e,conceal_frac_n,evasion_frac_e,evasion_frac_n,shelter_pct_e,shelter_pct_n,detection_rate,detection_revenue,wtax_evasion_elast
65.64769700,2.85910853,2.85910853,0.00000000,29.61337077,259.37694168,51.09286060,1.28575648,0.15399472,0.04122560,0.03172984,35.90171595,0.25000000,0.18638123,1.76254099,6.92616972,0.00000000,0.00000000,9.18235041,0.01127420,1.01512040,0.64576258,0.00000000,0.00000000,0.00000000,0.00000000,0.75177087,0.38090540,0.70782503,0.84585053,0.93502629,0.75177087,0.38090540,0.70782503,0.84585053,0.93502629,-23.25643282,-46.21366566,0.85963575,0.51656744,-nan,-nan,-nan,-nan,0.00000000,0.00000000,0.00000000,0.00000000,0.00000000,0.00000000,-nan,0.00000000,13.44095522
