Y,A,A_rep,A_hid,L,Q,K,W,P,r,taua,abar,tauk,taul,WtaxRev,KtaxRev,WtaxRev_lost,KtaxRev_lost,G,lump_sum,ylbar,WtaxPct,ShelterPct,ShelterPctP99,TaxEvasionP99,ConcealPctP99,gini,p90,p99,p999,p9999,gini_total,p90_total,p99_total,p999_total,p9999_total,welfare,welfare0,approval,approval0,conceal_share_e,conceal_share_n,evasion_share_e,evasion_share_n,conceal_frac_e,conceal_frac_n,evasion_frac_e,evasion_frac_n,shelter_pct_e,shelter_pct_n,detection_rate,detection_revenue,wtax_evasion_elast
65.54141936,2.85406946,2.85406946,0.00000000,29.59958061,258.57661987,50.91880698,1.28430847,0.15417813,0.04139191,0.03260764,34.35593737,0.25000000,0.18639497,1.81901412,6.93194997,0.00000000,0.00000000,9.18235041,0.01155347,1.01512040,0.84348271,0.00000000,0.00000000,0.00000000,0.00000000,0.75071353,0.38253397,0.70990385,0.84659145,0.93525534,0.75071353,0.38253397,0.70990385,0.84659145,0.93525534,-23.24648918,-46.21566377,0.85077207,0.50103728,-nan,-nan,-nan,-nan,0.00000000,0.00000000,0.00000000,0.00000000,0.00000000,0.00000000,-nan,0.00000000,13.37798051
