Y,A,A_rep,A_hid,L,Q,K,W,P,r,taua,abar,tauk,taul,WtaxRev,KtaxRev,WtaxRev_lost,KtaxRev_lost,G,lump_sum,ylbar,WtaxPct,ShelterPct,ShelterPctP99,TaxEvasionP99,ConcealPctP99,gini,p90,p99,p999,p9999,gini_total,p90_total,p99_total,p999_total,p9999_total,welfare,welfare0,approval,approval0,conceal_share_e,conceal_share_n,evasion_share_e,evasion_share_n,conceal_frac_e,conceal_frac_n,evasion_frac_e,evasion_frac_n,shelter_pct_e,shelter_pct_n,detection_rate,detection_revenue,wtax_evasion_elast
65.66029130,2.85958856,2.85958856,0.00000000,29.61548845,259.46762144,51.11168257,1.28590821,0.15397547,0.04120930,0.03132497,35.22210335,0.25000000,0.18637957,1.75643263,6.92565541,0.00000000,0.00000000,9.18235041,0.01124853,1.01512040,0.64214202,0.00000000,0.00000000,0.00000000,0.00000000,0.75190635,0.38065771,0.70738742,0.84528103,0.93479584,0.75190635,0.38065771,0.70738742,0.84528103,0.93479584,-23.25765346,-46.21363448,0.86109858,0.51996797,-nan,-nan,-nan,-nan,0.00000000,0.00000000,0.00000000,0.00000000,0.00000000,0.00000000,-nan,0.00000000,13.47583058
