Y,A,A_rep,A_hid,L,Q,K,W,P,r,taua,abar,tauk,taul,WtaxRev,KtaxRev,WtaxRev_lost,KtaxRev_lost,G,lump_sum,ylbar,WtaxPct,ShelterPct,ShelterPctP99,TaxEvasionP99,ConcealPctP99,gini,p90,p99,p999,p9999,gini_total,p90_total,p99_total,p999_total,p9999_total,welfare,welfare0,approval,approval0,conceal_share_e,conceal_share_n,evasion_share_e,evasion_share_n,conceal_frac_e,conceal_frac_n,evasion_frac_e,evasion_frac_n,shelter_pct_e,shelter_pct_n,detection_rate,detection_revenue,wtax_evasion_elast
65.28111016,2.84373860,2.84373860,0.00000000,29.56022072,256.58922611,50.53554350,1.28088529,0.15463256,0.04171734,0.03875740,39.19784489,0.25000000,0.18642783,1.94893894,6.94522128,0.00000000,0.00000000,9.18235041,0.01211185,1.01512040,0.65640250,0.00000000,0.00000000,0.00000000,0.00000000,0.74819169,0.38630758,0.71793911,0.85421996,0.93823169,0.74819169,0.38630758,0.71793911,0.85421996,0.93823169,-23.22813529,-46.23237728,0.82523203,0.45870304,-nan,-nan,-nan,-nan,0.00000000,0.00000000,0.00000000,0.00000000,0.00000000,0.00000000,-nan,0.00000000,12.99445941
