Y,A,A_rep,A_hid,L,Q,K,W,P,r,taua,abar,tauk,taul,WtaxRev,KtaxRev,WtaxRev_lost,KtaxRev_lost,G,lump_sum,ylbar,WtaxPct,ShelterPct,ShelterPctP99,TaxEvasionP99,ConcealPctP99,gini,p90,p99,p999,p9999,gini_total,p90_total,p99_total,p999_total,p9999_total,welfare,welfare0,approval,approval0,conceal_share_e,conceal_share_n,evasion_share_e,evasion_share_n,conceal_frac_e,conceal_frac_n,evasion_frac_e,evasion_frac_n,shelter_pct_e,shelter_pct_n,detection_rate,detection_revenue,wtax_evasion_elast
65.58023655,2.85605890,2.85605890,0.00000000,29.60438528,258.86216927,50.98816811,1.28484151,0.15411380,0.04132017,0.03244014,35.05141524,0.25000000,0.18639031,1.79967511,6.92968916,0.00000000,0.00000000,9.18235041,0.01146024,1.01512040,0.86041824,0.00000000,0.00000000,0.00000000,0.00000000,0.75110827,0.38194371,0.70934659,0.84654214,0.93524516,0.75110827,0.38194371,0.70934659,0.84654214,0.93524516,-23.24957704,-46.21291522,0.85378449,0.50685327,-nan,-nan,-nan,-nan,0.00000000,0.00000000,0.00000000,0.00000000,0.00000000,0.00000000,-nan,0.00000000,13.40593837
