Y,A,A_rep,A_hid,L,Q,K,W,P,r,taua,abar,tauk,taul,WtaxRev,KtaxRev,WtaxRev_lost,KtaxRev_lost,G,lump_sum,ylbar,WtaxPct,ShelterPct,ShelterPctP99,TaxEvasionP99,ConcealPctP99,gini,p90,p99,p999,p9999,gini_total,p90_total,p99_total,p999_total,p9999_total,welfare,welfare0,approval,approval0,conceal_share_e,conceal_share_n,evasion_share_e,evasion_share_n,conceal_frac_e,conceal_frac_n,evasion_frac_e,evasion_frac_n,shelter_pct_e,shelter_pct_n,detection_rate,detection_revenue,wtax_evasion_elast
65.63433720,2.85870230,2.85870230,0.00000000,29.61134801,259.27617334,51.07652978,1.28558941,0.15401809,0.04123670,0.03238556,37.25229382,0.25000000,0.18638058,1.76785365,6.92658613,0.00000000,0.00000000,9.18235041,0.01127075,1.01512040,0.65483775,0.00000000,0.00000000,0.00000000,0.00000000,0.75160090,0.38114221,0.70854023,0.84682283,0.93543816,0.75160090,0.38114221,0.70854023,0.84682283,0.93543816,-23.25771941,-46.21901439,0.85594095,0.51003451,-nan,-nan,-nan,-nan,0.00000000,0.00000000,0.00000000,0.00000000,0.00000000,0.00000000,-nan,0.00000000,13.39311772
