Y,A,A_rep,A_hid,L,Q,K,W,P,r,taua,abar,tauk,taul,WtaxRev,KtaxRev,WtaxRev_lost,KtaxRev_lost,G,lump_sum,ylbar,WtaxPct,ShelterPct,ShelterPctP99,TaxEvasionP99,ConcealPctP99,gini,p90,p99,p999,p9999,gini_total,p90_total,p99_total,p999_total,p9999_total,welfare,welfare0,approval,approval0,conceal_share_e,conceal_share_n,evasion_share_e,evasion_share_n,conceal_frac_e,conceal_frac_n,evasion_frac_e,evasion_frac_n,shelter_pct_e,shelter_pct_n,detection_rate,detection_revenue,wtax_evasion_elast
65.75854339,2.86382163,2.86382163,0.00000000,29.63007145,260.20707473,51.26750183,1.28719867,0.15381136,0.04106811,0.03000000,35.52626027,0.25000000,0.18636452,1.70258895,6.92028051,0.00000000,0.00000000,9.18235041,0.01096090,1.01512040,0.64933515,0.00000000,0.00000000,0.00000000,0.00000000,0.75286858,0.37916184,0.70488236,0.84379605,0.93429387,0.75286858,0.37916184,0.70488236,0.84379605,0.93429387,-23.27073118,-46.21963558,0.86921866,0.53036919,-nan,-nan,-nan,-nan,0.00000000,0.00000000,0.00000000,0.00000000,0.00000000,0.00000000,-nan,0.00000000,13.56063017
