Y,A,A_rep,A_hid,L,Q,K,W,P,r,taua,abar,tauk,taul,WtaxRev,KtaxRev,WtaxRev_lost,KtaxRev_lost,G,lump_sum,ylbar,WtaxPct,ShelterPct,ShelterPctP99,TaxEvasionP99,ConcealPctP99,gini,p90,p99,p999,p9999,gini_total,p90_total,p99_total,p999_total,p9999_total,welfare,welfare0,approval,approval0,conceal_share_e,conceal_share_n,evasion_share_e,evasion_share_n,conceal_frac_e,conceal_frac_n,evasion_frac_e,evasion_frac_n,shelter_pct_e,shelter_pct_n,detection_rate,detection_revenue,wtax_evasion_elast
65.58440007,2.85633770,2.85633770,0.00000000,29.60466203,258.89465308,50.99516694,1.28490531,0.15410548,0.04131302,0.03251976,35.40899519,0.25000000,0.18638954,1.79759948,6.92945551,0.00000000,0.00000000,9.18235041,0.01144882,1.01512040,0.63930629,0.00000000,0.00000000,0.00000000,0.00000000,0.75113790,0.38187620,0.70935929,0.84669825,0.93531916,0.75113790,0.38187620,0.70935929,0.84669825,0.93531916,-23.24971574,-46.21240489,0.85462657,0.50707538,-nan,-nan,-nan,-nan,0.00000000,0.00000000,0.00000000,0.00000000,0.00000000,0.00000000,-nan,0.00000000,13.39726984
