Y,A,A_rep,A_hid,L,Q,K,W,P,r,taua,abar,tauk,taul,WtaxRev,KtaxRev,WtaxRev_lost,KtaxRev_lost,G,lump_sum,ylbar,WtaxPct,ShelterPct,ShelterPctP99,TaxEvasionP99,ConcealPctP99,gini,p90,p99,p999,p9999,gini_total,p90_total,p99_total,p999_total,p9999_total,welfare,welfare0,approval,approval0,conceal_share_e,conceal_share_n,evasion_share_e,evasion_share_n,conceal_frac_e,conceal_frac_n,evasion_frac_e,evasion_frac_n,shelter_pct_e,shelter_pct_n,detection_rate,detection_revenue,wtax_evasion_elast
73.60440773,3.11511059,2.93237967,0.18273092,30.13898265,332.32344087,65.58339029,1.41648081,0.13814410,0.02968493,0.00729555,1085.27448116,0.25000000,0.18605252,0.10649695,5.92912219,0.07285608,0.53969396,9.29156816,0.00036109,1.08952447,0.01355343,0.10251887,34.49876524,8.36669429,54.55252582,0.77174979,0.35056630,0.65707606,0.82280798,0.93512085,0.78509754,0.33000225,0.61857805,0.77897724,0.90742062,-23.72174233,-47.59083415,0.59113238,0.29570310,0.26514106,0.73485894,0.84662836,0.15337164,0.04762453,0.06401095,0.06134901,0.00655870,0.38831438,0.03351581,0.67817936,0.04449037,42.51261536
