Y,A,A_rep,A_hid,L,Q,K,W,P,r,taua,abar,tauk,taul,WtaxRev,KtaxRev,WtaxRev_lost,KtaxRev_lost,G,lump_sum,ylbar,WtaxPct,ShelterPct,ShelterPctP99,TaxEvasionP99,ConcealPctP99,gini,p90,p99,p999,p9999,gini_total,p90_total,p99_total,p999_total,p9999_total,welfare,welfare0,approval,approval0,conceal_share_e,conceal_share_n,evasion_share_e,evasion_share_n,conceal_frac_e,conceal_frac_n,evasion_frac_e,evasion_frac_n,shelter_pct_e,shelter_pct_n,detection_rate,detection_revenue,wtax_evasion_elast
65.62768663,2.85819088,2.85819088,0.00000000,29.61071198,259.22192954,51.06033812,1.28547877,0.15403047,0.04125578,0.03183884,35.33650543,0.25000000,0.18638445,1.77405165,6.92732714,0.00000000,0.00000000,9.18235041,0.01133829,1.01512040,0.64126016,0.00000000,0.00000000,0.00000000,0.00000000,0.75159602,0.38117881,0.70816740,0.84589591,0.93502082,0.75159602,0.38117881,0.70816740,0.84589591,0.93502082,-23.25411924,-46.21269184,0.85823974,0.51037659,-nan,-nan,-nan,-nan,0.00000000,0.00000000,0.00000000,0.00000000,0.00000000,0.00000000,-nan,0.00000000,13.43835240
