Y,A,A_rep,A_hid,L,Q,K,W,P,r,taua,abar,tauk,taul,WtaxRev,KtaxRev,WtaxRev_lost,KtaxRev_lost,G,lump_sum,ylbar,WtaxPct,ShelterPct,ShelterPctP99,TaxEvasionP99,ConcealPctP99,gini,p90,p99,p999,p9999,gini_total,p90_total,p99_total,p999_total,p9999_total,welfare,welfare0,approval,approval0,conceal_share_e,conceal_share_n,evasion_share_e,evasion_share_n,conceal_frac_e,conceal_frac_n,evasion_frac_e,evasion_frac_n,shelter_pct_e,shelter_pct_n,detection_rate,detection_revenue,wtax_evasion_elast
64.87237852,2.82644676,2.82644676,0.00000000,29.50325105,253.44269278,49.92542647,1.27531466,0.15537928,0.04225629,0.04553455,38.44125375,0.25000000,0.18647991,2.15457554,6.96705662,0.00000000,0.00000000,9.18235041,0.01301160,1.01512040,0.63057474,0.00000000,0.00000000,0.00000000,0.00000000,0.74440302,0.39215987,0.72795795,0.86112305,0.94079741,0.74440302,0.39215987,0.72795795,0.86112305,0.94079741,-23.20481963,-46.26959381,0.79876227,0.43355358,-nan,-nan,-nan,-nan,0.00000000,0.00000000,0.00000000,0.00000000,0.00000000,0.00000000,-nan,0.00000000,12.58561264
