Y,A,A_rep,A_hid,L,Q,K,W,P,r,taua,abar,tauk,taul,WtaxRev,KtaxRev,WtaxRev_lost,KtaxRev_lost,G,lump_sum,ylbar,WtaxPct,ShelterPct,ShelterPctP99,TaxEvasionP99,ConcealPctP99,gini,p90,p99,p999,p9999,gini_total,p90_total,p99_total,p999_total,p9999_total,welfare,welfare0,approval,approval0,conceal_share_e,conceal_share_n,evasion_share_e,evasion_share_n,conceal_frac_e,conceal_frac_n,evasion_frac_e,evasion_frac_n,shelter_pct_e,shelter_pct_n,detection_rate,detection_revenue,wtax_evasion_elast
65.58408075,2.85635344,2.85635344,0.00000000,29.60446513,258.89354700,50.99443481,1.28490553,0.15410509,0.04131375,0.03257210,35.54341927,0.25000000,0.18638976,1.79771765,6.92950338,0.00000000,0.00000000,9.18235041,0.01145049,1.01512040,0.64030374,0.00000000,0.00000000,0.00000000,0.00000000,0.75113149,0.38187116,0.70939966,0.84679285,0.93536600,0.75113149,0.38187116,0.70939966,0.84679285,0.93536600,-23.24942752,-46.21191825,0.85477696,0.50711340,-nan,-nan,-nan,-nan,0.00000000,0.00000000,0.00000000,0.00000000,0.00000000,0.00000000,-nan,0.00000000,13.39194575
