Y,A,A_rep,A_hid,L,Q,K,W,P,r,taua,abar,tauk,taul,WtaxRev,KtaxRev,WtaxRev_lost,KtaxRev_lost,G,lump_sum,ylbar,WtaxPct,ShelterPct,ShelterPctP99,TaxEvasionP99,ConcealPctP99,gini,p90,p99,p999,p9999,gini_total,p90_total,p99_total,p999_total,p9999_total,welfare,welfare0,approval,approval0,conceal_share_e,conceal_share_n,evasion_share_e,evasion_share_n,conceal_frac_e,conceal_frac_n,evasion_frac_e,evasion_frac_n,shelter_pct_e,shelter_pct_n,detection_rate,detection_revenue,wtax_evasion_elast
73.48868797,3.11037109,2.91655645,0.19381464,30.12237449,331.28789997,65.41959324,1.41501612,0.13831307,0.02975782,0.01316460,1034.68393681,0.25000000,0.18607021,0.17936212,5.92462868,0.13994102,0.54175784,9.29156816,0.00086598,1.08952447,0.01280058,0.10439952,37.95158102,8.67827576,55.08934238,0.77044145,0.35259609,0.66146181,0.82912036,0.93886448,0.78470241,0.33062499,0.62029226,0.78196266,0.91037985,-23.70042447,-47.56333084,0.71810973,0.36771454,0.26067914,0.73932086,0.78479444,0.21520556,0.04972255,0.06842079,0.06276431,0.01019412,0.39170135,0.03503277,0.66910236,0.04721563,31.17687109
