Y,A,A_rep,A_hid,L,Q,K,W,P,r,taua,abar,tauk,taul,WtaxRev,KtaxRev,WtaxRev_lost,KtaxRev_lost,G,lump_sum,ylbar,WtaxPct,ShelterPct,ShelterPctP99,TaxEvasionP99,ConcealPctP99,gini,p90,p99,p999,p9999,gini_total,p90_total,p99_total,p999_total,p9999_total,welfare,welfare0,approval,approval0,conceal_share_e,conceal_share_n,evasion_share_e,evasion_share_n,conceal_frac_e,conceal_frac_n,evasion_frac_e,evasion_frac_n,shelter_pct_e,shelter_pct_n,detection_rate,detection_revenue,wtax_evasion_elast
64.38677789,2.80018442,2.80018442,0.00000000,29.44645762,249.75355814,49.03845558,1.26821743,0.15626576,0.04322243,0.04461560,26.14110607,0.25000000,0.18653164,2.39540315,6.99966722,0.00000000,0.00000000,9.18235041,0.01406874,1.01512040,0.90013442,0.00000000,0.00000000,0.00000000,0.00000000,0.73865872,0.40107192,0.73233249,0.85683084,0.93852468,0.73865872,0.40107192,0.73233249,0.85683084,0.93852468,-23.17755907,-46.33170777,0.77223123,0.40396908,-nan,-nan,-nan,-nan,0.00000000,0.00000000,0.00000000,0.00000000,0.00000000,0.00000000,-nan,0.00000000,12.73491659
