Y,A,A_rep,A_hid,L,Q,K,W,P,r,taua,abar,tauk,taul,WtaxRev,KtaxRev,WtaxRev_lost,KtaxRev_lost,G,lump_sum,ylbar,WtaxPct,ShelterPct,ShelterPctP99,TaxEvasionP99,ConcealPctP99,gini,p90,p99,p999,p9999,gini_total,p90_total,p99_total,p999_total,p9999_total,welfare,welfare0,approval,approval0,conceal_share_e,conceal_share_n,evasion_share_e,evasion_share_n,conceal_frac_e,conceal_frac_n,evasion_frac_e,evasion_frac_n,shelter_pct_e,shelter_pct_n,detection_rate,detection_revenue,wtax_evasion_elast
65.61135577,2.85741257,2.85741257,0.00000000,29.60844932,259.09460803,51.03266800,1.28525076,0.15405941,0.04128205,0.03195947,35.01269467,0.25000000,0.18638738,1.78318464,6.92836461,0.00000000,0.00000000,9.18235041,0.01138907,1.01512040,0.86055141,0.00000000,0.00000000,0.00000000,0.00000000,0.75141847,0.38145204,0.70850979,0.84598590,0.93504174,0.75141847,0.38145204,0.70850979,0.84598590,0.93504174,-23.25171615,-46.21166138,0.85696430,0.50977711,-nan,-nan,-nan,-nan,0.00000000,0.00000000,0.00000000,0.00000000,0.00000000,0.00000000,-nan,0.00000000,13.43102926
