Y,A,A_rep,A_hid,L,Q,K,W,P,r,taua,abar,tauk,taul,WtaxRev,KtaxRev,WtaxRev_lost,KtaxRev_lost,G,lump_sum,ylbar,WtaxPct,ShelterPct,ShelterPctP99,TaxEvasionP99,ConcealPctP99,gini,p90,p99,p999,p9999,gini_total,p90_total,p99_total,p999_total,p9999_total,welfare,welfare0,approval,approval0,conceal_share_e,conceal_share_n,evasion_share_e,evasion_share_n,conceal_frac_e,conceal_frac_n,evasion_frac_e,evasion_frac_n,shelter_pct_e,shelter_pct_n,detection_rate,detection_revenue,wtax_evasion_elast
73.55209771,3.11303088,2.93333398,0.17969690,30.13212821,331.86810032,65.49956998,1.41580834,0.13821771,0.02973098,0.01047997,1253.22898326,0.25000000,0.18606002,0.13234750,5.92933754,0.09398096,0.54404673,9.29156816,0.00053721,1.08952447,0.01092800,0.10324624,34.10247377,8.55138166,53.57435404,0.77171726,0.35061912,0.65736720,0.82338221,0.93643695,0.78485317,0.33037994,0.61946795,0.78033825,0.90880890,-23.71501127,-47.58524984,0.65628197,0.31293353,0.26722450,0.73277550,0.82605379,0.17394621,0.04723642,0.06280960,0.06216043,0.00773364,0.39089500,0.03379573,0.67847745,0.04606337,34.22025119
