Y,A,A_rep,A_hid,L,Q,K,W,P,r,taua,abar,tauk,taul,WtaxRev,KtaxRev,WtaxRev_lost,KtaxRev_lost,G,lump_sum,ylbar,WtaxPct,ShelterPct,ShelterPctP99,TaxEvasionP99,ConcealPctP99,gini,p90,p99,p999,p9999,gini_total,p90_total,p99_total,p999_total,p9999_total,welfare,welfare0,approval,approval0,conceal_share_e,conceal_share_n,evasion_share_e,evasion_share_n,conceal_frac_e,conceal_frac_n,evasion_frac_e,evasion_frac_n,shelter_pct_e,shelter_pct_n,detection_rate,detection_revenue,wtax_evasion_elast
65.61976578,2.85785431,2.85785431,0.00000000,29.60951059,259.16363946,51.04803358,1.28537767,0.15404329,0.04126690,0.03203387,35.58866053,0.25000000,0.18638540,1.77782825,6.92771883,0.00000000,0.00000000,9.18235041,0.01135479,1.01512040,0.64235271,0.00000000,0.00000000,0.00000000,0.00000000,0.75150797,0.38127906,0.70846406,0.84615305,0.93512313,0.75150797,0.38127906,0.70846406,0.84615305,0.93512313,-23.25342541,-46.21274400,0.85744131,0.51001872,-nan,-nan,-nan,-nan,0.00000000,0.00000000,0.00000000,0.00000000,0.00000000,0.00000000,-nan,0.00000000,13.42362095
