Y,A,A_rep,A_hid,L,Q,K,W,P,r,taua,abar,tauk,taul,WtaxRev,KtaxRev,WtaxRev_lost,KtaxRev_lost,G,lump_sum,ylbar,WtaxPct,ShelterPct,ShelterPctP99,TaxEvasionP99,ConcealPctP99,gini,p90,p99,p999,p9999,gini_total,p90_total,p99_total,p999_total,p9999_total,welfare,welfare0,approval,approval0,conceal_share_e,conceal_share_n,evasion_share_e,evasion_share_n,conceal_frac_e,conceal_frac_n,evasion_frac_e,evasion_frac_n,shelter_pct_e,shelter_pct_n,detection_rate,detection_revenue,wtax_evasion_elast
73.55621667,3.11310344,2.91749749,0.19560595,30.13281796,331.85359872,65.53346170,1.41582780,0.13822795,0.02969251,0.00901627,902.52983508,0.25000000,0.18605832,0.14153252,5.91971157,0.10470557,0.54216224,9.29156816,0.00052947,1.08952447,0.01638196,0.10396169,37.64497295,8.62180851,55.51770859,0.77061272,0.35231650,0.66073178,0.82787588,0.93693625,0.78498249,0.33017936,0.61926333,0.78034040,0.90864111,-23.71786277,-47.58914665,0.63571170,0.29778889,0.25992597,0.74007403,0.81710382,0.18289618,0.04999263,0.06906322,0.06229126,0.00824375,0.39071771,0.03472673,0.67350018,0.04649983,39.26901955
