Y,A,A_rep,A_hid,L,Q,K,W,P,r,taua,abar,tauk,taul,WtaxRev,KtaxRev,WtaxRev_lost,KtaxRev_lost,G,lump_sum,ylbar,WtaxPct,ShelterPct,ShelterPctP99,TaxEvasionP99,ConcealPctP99,gini,p90,p99,p999,p9999,gini_total,p90_total,p99_total,p999_total,p9999_total,welfare,welfare0,approval,approval0,conceal_share_e,conceal_share_n,evasion_share_e,evasion_share_n,conceal_frac_e,conceal_frac_n,evasion_frac_e,evasion_frac_n,shelter_pct_e,shelter_pct_n,detection_rate,detection_revenue,wtax_evasion_elast
64.85814661,2.82379863,2.82379863,0.00000000,29.50462539,253.35532981,49.84160895,1.27498538,0.15539446,0.04239179,0.04159705,31.74319668,0.25000000,0.18648422,2.17009013,6.96998562,0.00000000,0.00000000,9.18235041,0.01316745,1.01512040,0.75616209,0.00000000,0.00000000,0.00000000,0.00000000,0.74407697,0.39278152,0.72552237,0.85576139,0.93841220,0.74407697,0.39278152,0.72552237,0.85576139,0.93841220,-23.19633445,-46.25863509,0.79927771,0.43301873,-nan,-nan,-nan,-nan,0.00000000,0.00000000,0.00000000,0.00000000,0.00000000,0.00000000,-nan,0.00000000,12.81451822
