Y,A,A_rep,A_hid,L,Q,K,W,P,r,taua,abar,tauk,taul,WtaxRev,KtaxRev,WtaxRev_lost,KtaxRev_lost,G,lump_sum,ylbar,WtaxPct,ShelterPct,ShelterPctP99,TaxEvasionP99,ConcealPctP99,gini,p90,p99,p999,p9999,gini_total,p90_total,p99_total,p999_total,p9999_total,welfare,welfare0,approval,approval0,conceal_share_e,conceal_share_n,evasion_share_e,evasion_share_n,conceal_frac_e,conceal_frac_n,evasion_frac_e,evasion_frac_n,shelter_pct_e,shelter_pct_n,detection_rate,detection_revenue,wtax_evasion_elast
65.61545101,2.85758946,2.85758946,0.00000000,29.60922079,259.12916484,51.04103901,1.28531066,0.15405221,0.04127377,0.03193077,35.06123327,0.25000000,0.18638551,1.78115619,6.92796101,0.00000000,0.00000000,9.18235041,0.01136947,1.01512040,0.86193415,0.00000000,0.00000000,0.00000000,0.00000000,0.75146517,0.38137093,0.70844461,0.84596297,0.93504331,0.75146517,0.38137093,0.70844461,0.84596297,0.93504331,-23.25312773,-46.21343298,0.85628367,0.50992008,-nan,-nan,-nan,-nan,0.00000000,0.00000000,0.00000000,0.00000000,0.00000000,0.00000000,-nan,0.00000000,13.43508912
