Y,A,A_rep,A_hid,L,Q,K,W,P,r,taua,abar,tauk,taul,WtaxRev,KtaxRev,WtaxRev_lost,KtaxRev_lost,G,lump_sum,ylbar,WtaxPct,ShelterPct,ShelterPctP99,TaxEvasionP99,ConcealPctP99,gini,p90,p99,p999,p9999,gini_total,p90_total,p99_total,p999_total,p9999_total,welfare,welfare0,approval,approval0,conceal_share_e,conceal_share_n,evasion_share_e,evasion_share_n,conceal_frac_e,conceal_frac_n,evasion_frac_e,evasion_frac_n,shelter_pct_e,shelter_pct_n,detection_rate,detection_revenue,wtax_evasion_elast
73.65025620,3.11737949,2.94497660,0.17240288,30.14458778,332.73924629,65.63565248,1.41707011,0.13807165,0.02966934,0.00590480,1376.74741399,0.25000000,0.18605061,0.07568663,5.93675726,0.04797004,0.53736632,9.29156816,0.00022496,1.08952447,0.01047603,0.10156899,32.09299846,8.23989788,53.76828088,0.77262889,0.34919783,0.65414321,0.81870622,0.93326266,0.78516341,0.32988587,0.61801164,0.77783160,0.90634853,-23.72351980,-47.58864508,0.54804749,0.14343322,0.27020998,0.72979002,0.87241545,0.12758455,0.04577519,0.05992216,0.06060337,0.00522202,0.38717799,0.03261096,0.68053036,0.04330267,46.76364623
