Y,A,A_rep,A_hid,L,Q,K,W,P,r,taua,abar,tauk,taul,WtaxRev,KtaxRev,WtaxRev_lost,KtaxRev_lost,G,lump_sum,ylbar,WtaxPct,ShelterPct,ShelterPctP99,TaxEvasionP99,ConcealPctP99,gini,p90,p99,p999,p9999,gini_total,p90_total,p99_total,p999_total,p9999_total,welfare,welfare0,approval,approval0,conceal_share_e,conceal_share_n,evasion_share_e,evasion_share_n,conceal_frac_e,conceal_frac_n,evasion_frac_e,evasion_frac_n,shelter_pct_e,shelter_pct_n,detection_rate,detection_revenue,wtax_evasion_elast
65.58231171,2.85584055,2.85584055,0.00000000,29.60531170,258.87899772,50.98183273,1.28484270,0.15410972,0.04133444,0.03205073,34.42631810,0.25000000,0.18638876,1.79752063,6.92991250,0.00000000,0.00000000,9.18235041,0.01144659,1.01512040,0.84638605,0.00000000,0.00000000,0.00000000,0.00000000,0.75112023,0.38193599,0.70890958,0.84593307,0.93499873,0.75112023,0.38193599,0.70890958,0.84593307,0.93499873,-23.25089250,-46.21588519,0.85359370,0.50626914,-nan,-nan,-nan,-nan,0.00000000,0.00000000,0.00000000,0.00000000,0.00000000,0.00000000,-nan,0.00000000,13.41160299
