Y,A,A_rep,A_hid,L,Q,K,W,P,r,taua,abar,tauk,taul,WtaxRev,KtaxRev,WtaxRev_lost,KtaxRev_lost,G,lump_sum,ylbar,WtaxPct,ShelterPct,ShelterPctP99,TaxEvasionP99,ConcealPctP99,gini,p90,p99,p999,p9999,gini_total,p90_total,p99_total,p999_total,p9999_total,welfare,welfare0,approval,approval0,conceal_share_e,conceal_share_n,evasion_share_e,evasion_share_n,conceal_frac_e,conceal_frac_n,evasion_frac_e,evasion_frac_n,shelter_pct_e,shelter_pct_n,detection_rate,detection_revenue,wtax_evasion_elast
65.55718115,2.85484187,2.85484187,0.00000000,29.60157028,258.68783663,50.94303233,1.28450939,0.15415282,0.04136881,0.03244810,34.46144334,0.25000000,0.18639242,1.81143280,6.93134042,0.00000000,0.00000000,9.18235041,0.01152005,1.01512040,0.84597771,0.00000000,0.00000000,0.00000000,0.00000000,0.75084554,0.38235734,0.70958708,0.84641995,0.93518267,0.75084554,0.38235734,0.70958708,0.84641995,0.93518267,-23.24735642,-46.21425769,0.85163567,0.50583745,-nan,-nan,-nan,-nan,0.00000000,0.00000000,0.00000000,0.00000000,0.00000000,0.00000000,-nan,0.00000000,13.38640989
