Y,A,A_rep,A_hid,L,Q,K,W,P,r,taua,abar,tauk,taul,WtaxRev,KtaxRev,WtaxRev_lost,KtaxRev_lost,G,lump_sum,ylbar,WtaxPct,ShelterPct,ShelterPctP99,TaxEvasionP99,ConcealPctP99,gini,p90,p99,p999,p9999,gini_total,p90_total,p99_total,p999_total,p9999_total,welfare,welfare0,approval,approval0,conceal_share_e,conceal_share_n,evasion_share_e,evasion_share_n,conceal_frac_e,conceal_frac_n,evasion_frac_e,evasion_frac_n,shelter_pct_e,shelter_pct_n,detection_rate,detection_revenue,wtax_evasion_elast
65.25371618,2.83823745,2.83823745,0.00000000,29.56631947,256.36424451,50.36836274,1.28008112,0.15468943,0.04198296,0.03236515,26.55903592,0.25000000,0.18642590,1.95994412,6.95214683,0.00000000,0.00000000,9.18235041,0.01222067,1.01512040,1.00310461,0.00000000,0.00000000,0.00000000,0.00000000,0.74749579,0.38761741,0.71115032,0.84417741,0.93405533,0.74749579,0.38761741,0.71115032,0.84417741,0.93405533,-23.22680753,-46.24995075,0.82102537,0.44929013,-nan,-nan,-nan,-nan,0.00000000,0.00000000,0.00000000,0.00000000,0.00000000,0.00000000,-nan,0.00000000,13.45971408
