Y,A,A_rep,A_hid,L,Q,K,W,P,r,taua,abar,tauk,taul,WtaxRev,KtaxRev,WtaxRev_lost,KtaxRev_lost,G,lump_sum,ylbar,WtaxPct,ShelterPct,ShelterPctP99,TaxEvasionP99,ConcealPctP99,gini,p90,p99,p999,p9999,gini_total,p90_total,p99_total,p999_total,p9999_total,welfare,welfare0,approval,approval0,conceal_share_e,conceal_share_n,evasion_share_e,evasion_share_n,conceal_frac_e,conceal_frac_n,evasion_frac_e,evasion_frac_n,shelter_pct_e,shelter_pct_n,detection_rate,detection_revenue,wtax_evasion_elast
65.22141744,2.83343128,2.83343128,0.00000000,29.57183613,256.07378724,50.22424437,1.27921470,0.15477135,0.04220164,0.03000000,22.79960928,0.25000000,0.18641378,1.95617525,6.95796238,0.00000000,0.00000000,9.18235041,0.01210114,1.01512040,1.44773732,0.00000000,0.00000000,0.00000000,0.00000000,0.74678992,0.38878751,0.70754733,0.83995591,0.93240296,0.74678992,0.38878751,0.70754733,0.83995591,0.93240296,-23.24466996,-46.30085051,0.80544193,0.43609145,-nan,-nan,-nan,-nan,0.00000000,0.00000000,0.00000000,0.00000000,0.00000000,0.00000000,-nan,0.00000000,13.76907217
