Y,A,A_rep,A_hid,L,Q,K,W,P,r,taua,abar,tauk,taul,WtaxRev,KtaxRev,WtaxRev_lost,KtaxRev_lost,G,lump_sum,ylbar,WtaxPct,ShelterPct,ShelterPctP99,TaxEvasionP99,ConcealPctP99,gini,p90,p99,p999,p9999,gini_total,p90_total,p99_total,p999_total,p9999_total,welfare,welfare0,approval,approval0,conceal_share_e,conceal_share_n,evasion_share_e,evasion_share_n,conceal_frac_e,conceal_frac_n,evasion_frac_e,evasion_frac_n,shelter_pct_e,shelter_pct_n,detection_rate,detection_revenue,wtax_evasion_elast
65.58465566,2.85641445,2.85641445,0.00000000,29.60428082,258.89658424,50.99448487,1.28491486,0.15410355,0.04131371,0.03264489,35.82504013,0.25000000,0.18639035,1.79646517,6.92955728,0.00000000,0.00000000,9.18235041,0.01144702,1.01512040,0.64199043,0.00000000,0.00000000,0.00000000,0.00000000,0.75113043,0.38185621,0.70947822,0.84692176,0.93542506,0.75113043,0.38185621,0.70947822,0.84692176,0.93542506,-23.24922318,-46.21150049,0.85487956,0.50711937,-nan,-nan,-nan,-nan,0.00000000,0.00000000,0.00000000,0.00000000,0.00000000,0.00000000,-nan,0.00000000,13.38642632
