Y,A,A_rep,A_hid,L,Q,K,W,P,r,taua,abar,tauk,taul,WtaxRev,KtaxRev,WtaxRev_lost,KtaxRev_lost,G,lump_sum,ylbar,WtaxPct,ShelterPct,ShelterPctP99,TaxEvasionP99,ConcealPctP99,gini,p90,p99,p999,p9999,gini_total,p90_total,p99_total,p999_total,p9999_total,welfare,welfare0,approval,approval0,conceal_share_e,conceal_share_n,evasion_share_e,evasion_share_n,conceal_frac_e,conceal_frac_n,evasion_frac_e,evasion_frac_n,shelter_pct_e,shelter_pct_n,detection_rate,detection_revenue,wtax_evasion_elast
64.98008791,2.82948574,2.82948574,0.00000000,29.52073090,254.28918409,50.03217296,1.27667463,0.15517089,0.04221230,0.04005728,32.32585109,0.25000000,0.18647145,2.11102205,6.96342314,0.00000000,0.00000000,9.18235041,0.01293356,1.01512040,0.77255903,0.00000000,0.00000000,0.00000000,0.00000000,0.74519030,0.39114690,0.72291070,0.85430594,0.93794859,0.74519030,0.39114690,0.72291070,0.85430594,0.93794859,-23.19920545,-46.24040351,0.80918926,0.44478035,-nan,-nan,-nan,-nan,0.00000000,0.00000000,0.00000000,0.00000000,0.00000000,0.00000000,-nan,0.00000000,12.89731461
