Y,A,A_rep,A_hid,L,Q,K,W,P,r,taua,abar,tauk,taul,WtaxRev,KtaxRev,WtaxRev_lost,KtaxRev_lost,G,lump_sum,ylbar,WtaxPct,ShelterPct,ShelterPctP99,TaxEvasionP99,ConcealPctP99,gini,p90,p99,p999,p9999,gini_total,p90_total,p99_total,p999_total,p9999_total,welfare,welfare0,approval,approval0,conceal_share_e,conceal_share_n,evasion_share_e,evasion_share_n,conceal_frac_e,conceal_frac_n,evasion_frac_e,evasion_frac_n,shelter_pct_e,shelter_pct_n,detection_rate,detection_revenue,wtax_evasion_elast
65.58426838,2.85569700,2.85569700,0.00000000,29.60581424,258.88928970,50.97540100,1.28484021,0.15410648,0.04134732,0.03156947,33.50093695,0.25000000,0.18638990,1.79646513,6.93045813,0.00000000,0.00000000,9.18235041,0.01145845,1.01512040,0.82925082,0.00000000,0.00000000,0.00000000,0.00000000,0.75109072,0.38196717,0.70843488,0.84515917,0.93468752,0.75109072,0.38196717,0.70843488,0.84515917,0.93468752,-23.24959496,-46.21411541,0.85385421,0.50652342,-nan,-nan,-nan,-nan,0.00000000,0.00000000,0.00000000,0.00000000,0.00000000,0.00000000,-nan,0.00000000,13.42639654
