Y,A,A_rep,A_hid,L,Q,K,W,P,r,taua,abar,tauk,taul,WtaxRev,KtaxRev,WtaxRev_lost,KtaxRev_lost,G,lump_sum,ylbar,WtaxPct,ShelterPct,ShelterPctP99,TaxEvasionP99,ConcealPctP99,gini,p90,p99,p999,p9999,gini_total,p90_total,p99_total,p999_total,p9999_total,welfare,welfare0,approval,approval0,conceal_share_e,conceal_share_n,evasion_share_e,evasion_share_n,conceal_frac_e,conceal_frac_n,evasion_frac_e,evasion_frac_n,shelter_pct_e,shelter_pct_n,detection_rate,detection_revenue,wtax_evasion_elast
63.46265691,2.73748127,2.73748127,0.00000000,29.38314420,242.57816463,46.98141302,1.25269912,0.15811604,0.04590677,0.04007195,13.66232666,0.25000000,0.18660681,2.79766147,7.07820639,0.00000000,0.00000000,9.18235041,0.01552886,1.01512040,3.55750017,0.00000000,0.00000000,0.00000000,0.00000000,0.72581757,0.42075834,0.72163432,0.84286928,0.93258031,0.72581757,0.42075834,0.72163432,0.84286928,0.93258031,-23.18849638,-46.62999662,0.71135973,0.36358448,-nan,-nan,-nan,-nan,0.00000000,0.00000000,0.00000000,0.00000000,0.00000000,0.00000000,-nan,0.00000000,13.82559707
