Y,A,A_rep,A_hid,L,Q,K,W,P,r,taua,abar,tauk,taul,WtaxRev,KtaxRev,WtaxRev_lost,KtaxRev_lost,G,lump_sum,ylbar,WtaxPct,ShelterPct,ShelterPctP99,TaxEvasionP99,ConcealPctP99,gini,p90,p99,p999,p9999,gini_total,p90_total,p99_total,p999_total,p9999_total,welfare,welfare0,approval,approval0,conceal_share_e,conceal_share_n,evasion_share_e,evasion_share_n,conceal_frac_e,conceal_frac_n,evasion_frac_e,evasion_frac_n,shelter_pct_e,shelter_pct_n,detection_rate,detection_revenue,wtax_evasion_elast
65.59729251,2.85691184,2.85691184,0.00000000,29.60631209,258.98659340,51.01411112,1.28506936,0.15408438,0.04129578,0.03227418,35.25928889,0.25000000,0.18638927,1.79075132,6.92898091,0.00000000,0.00000000,9.18235041,0.01142513,1.01512040,0.63906155,0.00000000,0.00000000,0.00000000,0.00000000,0.75127121,0.38171843,0.70901210,0.84639527,0.93519564,0.75127121,0.38171843,0.70901210,0.84639527,0.93519564,-23.25018436,-46.21090812,0.85571486,0.50995652,-nan,-nan,-nan,-nan,0.00000000,0.00000000,0.00000000,0.00000000,0.00000000,0.00000000,-nan,0.00000000,13.41408003
