Y,A,A_rep,A_hid,L,Q,K,W,P,r,taua,abar,tauk,taul,WtaxRev,KtaxRev,WtaxRev_lost,KtaxRev_lost,G,lump_sum,ylbar,WtaxPct,ShelterPct,ShelterPctP99,TaxEvasionP99,ConcealPctP99,gini,p90,p99,p999,p9999,gini_total,p90_total,p99_total,p999_total,p9999_total,welfare,welfare0,approval,approval0,conceal_share_e,conceal_share_n,evasion_share_e,evasion_share_n,conceal_frac_e,conceal_frac_n,evasion_frac_e,evasion_frac_n,shelter_pct_e,shelter_pct_n,detection_rate,detection_revenue,wtax_evasion_elast
65.58091147,2.85611335,2.85611335,0.00000000,29.60424586,258.86193080,50.98746328,1.28484347,0.15411330,0.04132107,0.03242873,35.03138773,0.25000000,0.18639051,1.79977752,6.92987190,0.00000000,0.00000000,9.18235041,0.01146431,1.01512040,0.85998766,0.00000000,0.00000000,0.00000000,0.00000000,0.75110630,0.38193760,0.70932943,0.84652287,0.93523877,0.75110630,0.38193760,0.70932943,0.84652287,0.93523877,-23.24920043,-46.21231890,0.85399521,0.50685327,-nan,-nan,-nan,-nan,0.00000000,0.00000000,0.00000000,0.00000000,0.00000000,0.00000000,-nan,0.00000000,13.40357750
