Y,A,A_rep,A_hid,L,Q,K,W,P,r,taua,abar,tauk,taul,WtaxRev,KtaxRev,WtaxRev_lost,KtaxRev_lost,G,lump_sum,ylbar,WtaxPct,ShelterPct,ShelterPctP99,TaxEvasionP99,ConcealPctP99,gini,p90,p99,p999,p9999,gini_total,p90_total,p99_total,p999_total,p9999_total,welfare,welfare0,approval,approval0,conceal_share_e,conceal_share_n,evasion_share_e,evasion_share_n,conceal_frac_e,conceal_frac_n,evasion_frac_e,evasion_frac_n,shelter_pct_e,shelter_pct_n,detection_rate,detection_revenue,wtax_evasion_elast
65.74715190,2.86389900,2.86389900,0.00000000,29.62683543,260.13011707,51.26337358,1.28711646,0.15382581,0.04105975,0.03169016,40.02450707,0.25000000,0.18636277,1.70385327,6.92031051,0.00000000,0.00000000,9.18235041,0.01092084,1.01512040,0.68341760,0.00000000,0.00000000,0.00000000,0.00000000,0.75267586,0.37939337,0.70628764,0.84641725,0.93536116,0.75267586,0.37939337,0.70628764,0.84641725,0.93536116,-23.27253602,-46.22508533,0.86642208,0.52018342,-nan,-nan,-nan,-nan,0.00000000,0.00000000,0.00000000,0.00000000,0.00000000,0.00000000,-nan,0.00000000,13.45449583
