Y,A,A_rep,A_hid,L,Q,K,W,P,r,taua,abar,tauk,taul,WtaxRev,KtaxRev,WtaxRev_lost,KtaxRev_lost,G,lump_sum,ylbar,WtaxPct,ShelterPct,ShelterPctP99,TaxEvasionP99,ConcealPctP99,gini,p90,p99,p999,p9999,gini_total,p90_total,p99_total,p999_total,p9999_total,welfare,welfare0,approval,approval0,conceal_share_e,conceal_share_n,evasion_share_e,evasion_share_n,conceal_frac_e,conceal_frac_n,evasion_frac_e,evasion_frac_n,shelter_pct_e,shelter_pct_n,detection_rate,detection_revenue,wtax_evasion_elast
63.57800077,2.74622344,2.74622344,0.00000000,29.38613623,243.51302152,47.26027825,1.25485517,0.15785692,0.04551470,0.04092786,15.01588733,0.25000000,0.18658526,2.74105082,7.06715146,0.00000000,0.00000000,9.18235041,0.01524342,1.01512040,2.38983696,0.00000000,0.00000000,0.00000000,0.00000000,0.72738272,0.41851695,0.72434263,0.84529508,0.93355214,0.72738272,0.41851695,0.72434263,0.84529508,0.93355214,-23.19099514,-46.59723057,0.71729111,0.36498286,-nan,-nan,-nan,-nan,0.00000000,0.00000000,0.00000000,0.00000000,0.00000000,0.00000000,-nan,0.00000000,13.64379946
