Y,A,A_rep,A_hid,L,Q,K,W,P,r,taua,abar,tauk,taul,WtaxRev,KtaxRev,WtaxRev_lost,KtaxRev_lost,G,lump_sum,ylbar,WtaxPct,ShelterPct,ShelterPctP99,TaxEvasionP99,ConcealPctP99,gini,p90,p99,p999,p9999,gini_total,p90_total,p99_total,p999_total,p9999_total,welfare,welfare0,approval,approval0,conceal_share_e,conceal_share_n,evasion_share_e,evasion_share_n,conceal_frac_e,conceal_frac_n,evasion_frac_e,evasion_frac_n,shelter_pct_e,shelter_pct_n,detection_rate,detection_revenue,wtax_evasion_elast
73.49371188,3.11063974,2.90827487,0.20236487,30.12439034,331.27892469,65.44927820,1.41500868,0.13832495,0.02972655,0.01161552,855.30332856,0.25000000,0.18606824,0.17942240,5.91627832,0.14199532,0.54370728,9.29156816,0.00077832,1.08952447,0.01594142,0.10516713,39.77236105,8.72242859,56.14011435,0.76987028,0.35347857,0.66320285,0.83139643,0.93878954,0.78479685,0.33048277,0.62010543,0.78184084,0.91001802,-23.70846295,-47.57855067,0.66881555,0.33399218,0.25785456,0.74214544,0.78435894,0.21564106,0.05133723,0.07171400,0.06310905,0.01027728,0.39332092,0.03559468,0.66774450,0.04770358,34.66203697
