Y,A,A_rep,A_hid,L,Q,K,W,P,r,taua,abar,tauk,taul,WtaxRev,KtaxRev,WtaxRev_lost,KtaxRev_lost,G,lump_sum,ylbar,WtaxPct,ShelterPct,ShelterPctP99,TaxEvasionP99,ConcealPctP99,gini,p90,p99,p999,p9999,gini_total,p90_total,p99_total,p999_total,p9999_total,welfare,welfare0,approval,approval0,conceal_share_e,conceal_share_n,evasion_share_e,evasion_share_n,conceal_frac_e,conceal_frac_n,evasion_frac_e,evasion_frac_n,shelter_pct_e,shelter_pct_n,detection_rate,detection_revenue,wtax_evasion_elast
65.35391804,2.84152914,2.84152914,0.00000000,29.58411920,257.09355668,50.50574994,1.28127482,0.15453130,0.04187357,0.03000000,24.68674374,0.25000000,0.18640445,1.89897155,6.94804457,0.00000000,0.00000000,9.18235041,0.01188209,1.01512040,1.58633584,0.00000000,0.00000000,0.00000000,0.00000000,0.74838253,0.38625119,0.70751292,0.84092192,0.93284974,0.74838253,0.38625119,0.70751292,0.84092192,0.93284974,-23.24559331,-46.26828448,0.82104247,0.44926571,-nan,-nan,-nan,-nan,0.00000000,0.00000000,0.00000000,0.00000000,0.00000000,0.00000000,-nan,0.00000000,13.73974211
