Y,A,A_rep,A_hid,L,Q,K,W,P,r,taua,abar,tauk,taul,WtaxRev,KtaxRev,WtaxRev_lost,KtaxRev_lost,G,lump_sum,ylbar,WtaxPct,ShelterPct,ShelterPctP99,TaxEvasionP99,ConcealPctP99,gini,p90,p99,p999,p9999,gini_total,p90_total,p99_total,p999_total,p9999_total,welfare,welfare0,approval,approval0,conceal_share_e,conceal_share_n,evasion_share_e,evasion_share_n,conceal_frac_e,conceal_frac_n,evasion_frac_e,evasion_frac_n,shelter_pct_e,shelter_pct_n,detection_rate,detection_revenue,wtax_evasion_elast
73.48758040,3.11032951,2.91949720,0.19083231,30.12170889,331.28688125,65.41192840,1.41501655,0.13831038,0.02976539,0.01318252,1053.44258116,0.25000000,0.18607107,0.17776899,5.92857578,0.13810968,0.54017840,9.29156816,0.00089273,1.08952447,0.01291570,0.10400801,37.91619632,8.61056899,54.98410513,0.77065141,0.35229307,0.66084439,0.82833154,0.93888275,0.78468011,0.33067835,0.62034653,0.78199655,0.91035487,-23.69796706,-47.55866467,0.73485057,0.37858813,0.26180615,0.73819385,0.78552342,0.21447658,0.04917172,0.06726487,0.06251706,0.01010850,0.39068752,0.03479151,0.66915743,0.04677347,31.04568095
