Y,A,A_rep,A_hid,L,Q,K,W,P,r,taua,abar,tauk,taul,WtaxRev,KtaxRev,WtaxRev_lost,KtaxRev_lost,G,lump_sum,ylbar,WtaxPct,ShelterPct,ShelterPctP99,TaxEvasionP99,ConcealPctP99,gini,p90,p99,p999,p9999,gini_total,p90_total,p99_total,p999_total,p9999_total,welfare,welfare0,approval,approval0,conceal_share_e,conceal_share_n,evasion_share_e,evasion_share_n,conceal_frac_e,conceal_frac_n,evasion_frac_e,evasion_frac_n,shelter_pct_e,shelter_pct_n,detection_rate,detection_revenue,wtax_evasion_elast
65.64762969,2.86030179,2.86030179,0.00000000,29.61057961,259.38260458,51.13189792,1.28588705,0.15399280,0.04115660,0.03577292,46.92904668,0.25000000,0.18637035,1.75048128,6.92442957,0.00000000,0.00000000,9.18235041,0.01107934,1.01512040,0.56444529,0.00000000,0.00000000,0.00000000,0.00000000,0.75166892,0.38088463,0.71021085,0.85189606,0.93770063,0.75166892,0.38088463,0.71021085,0.85189606,0.93770063,-23.26833101,-46.23499156,0.85179166,0.50234846,-nan,-nan,-nan,-nan,0.00000000,0.00000000,0.00000000,0.00000000,0.00000000,0.00000000,-nan,0.00000000,13.22648041
