Y,A,A_rep,A_hid,L,Q,K,W,P,r,taua,abar,tauk,taul,WtaxRev,KtaxRev,WtaxRev_lost,KtaxRev_lost,G,lump_sum,ylbar,WtaxPct,ShelterPct,ShelterPctP99,TaxEvasionP99,ConcealPctP99,gini,p90,p99,p999,p9999,gini_total,p90_total,p99_total,p999_total,p9999_total,welfare,welfare0,approval,approval0,conceal_share_e,conceal_share_n,evasion_share_e,evasion_share_n,conceal_frac_e,conceal_frac_n,evasion_frac_e,evasion_frac_n,shelter_pct_e,shelter_pct_n,detection_rate,detection_revenue,wtax_evasion_elast
65.54149604,2.85407440,2.85407440,0.00000000,29.59942651,258.56899749,50.91732542,1.28429710,0.15417985,0.04139317,0.03261195,34.35535130,0.25000000,0.18639528,1.81927729,6.93216665,0.00000000,0.00000000,9.18235041,0.01155660,1.01512040,0.84347726,0.00000000,0.00000000,0.00000000,0.00000000,0.75071469,0.38252987,0.70990388,0.84658916,0.93525094,0.75071469,0.38252987,0.70990388,0.84658916,0.93525094,-23.24645761,-46.21578937,0.85073594,0.50103728,-nan,-nan,-nan,-nan,0.00000000,0.00000000,0.00000000,0.00000000,0.00000000,0.00000000,-nan,0.00000000,13.37593004
