Y,A,A_rep,A_hid,L,Q,K,W,P,r,taua,abar,tauk,taul,WtaxRev,KtaxRev,WtaxRev_lost,KtaxRev_lost,G,lump_sum,ylbar,WtaxPct,ShelterPct,ShelterPctP99,TaxEvasionP99,ConcealPctP99,gini,p90,p99,p999,p9999,gini_total,p90_total,p99_total,p999_total,p9999_total,welfare,welfare0,approval,approval0,conceal_share_e,conceal_share_n,evasion_share_e,evasion_share_n,conceal_frac_e,conceal_frac_n,evasion_frac_e,evasion_frac_n,shelter_pct_e,shelter_pct_n,detection_rate,detection_revenue,wtax_evasion_elast
65.78492239,2.86504088,2.86504088,0.00000000,29.63373894,260.40490876,51.31058808,1.28755013,0.15376717,0.04102774,0.03000000,36.81372714,0.25000000,0.18635921,1.68599311,6.91886020,0.00000000,0.00000000,9.18235041,0.01085606,1.01512040,0.65920694,0.00000000,0.00000000,0.00000000,0.00000000,0.75309760,0.37877760,0.70455108,0.84396279,0.93439332,0.75309760,0.37877760,0.70455108,0.84396279,0.93439332,-23.27564860,-46.22455979,0.86959533,0.53037710,-nan,-nan,-nan,-nan,0.00000000,0.00000000,0.00000000,0.00000000,0.00000000,0.00000000,-nan,0.00000000,13.55334074
