Y,A,A_rep,A_hid,L,Q,K,W,P,r,taua,abar,tauk,taul,WtaxRev,KtaxRev,WtaxRev_lost,KtaxRev_lost,G,lump_sum,ylbar,WtaxPct,ShelterPct,ShelterPctP99,TaxEvasionP99,ConcealPctP99,gini,p90,p99,p999,p9999,gini_total,p90_total,p99_total,p999_total,p9999_total,welfare,welfare0,approval,approval0,conceal_share_e,conceal_share_n,evasion_share_e,evasion_share_n,conceal_frac_e,conceal_frac_n,evasion_frac_e,evasion_frac_n,shelter_pct_e,shelter_pct_n,detection_rate,detection_revenue,wtax_evasion_elast
65.31683022,2.84086976,2.84086976,0.00000000,29.57555477,256.84054785,50.46695349,1.28092066,0.15458076,0.04189216,0.03146803,26.43969529,0.25000000,0.18641601,1.92608419,6.94879656,0.00000000,0.00000000,9.18235041,0.01205316,1.01512040,1.00397265,0.00000000,0.00000000,0.00000000,0.00000000,0.74812359,0.38665248,0.70954421,0.84313181,0.93369712,0.74812359,0.38665248,0.70954421,0.84313181,0.93369712,-23.23389140,-46.25023720,0.82330307,0.45880019,-nan,-nan,-nan,-nan,0.00000000,0.00000000,0.00000000,0.00000000,0.00000000,0.00000000,-nan,0.00000000,13.52722785
