Y,A,A_rep,A_hid,L,Q,K,W,P,r,taua,abar,tauk,taul,WtaxRev,KtaxRev,WtaxRev_lost,KtaxRev_lost,G,lump_sum,ylbar,WtaxPct,ShelterPct,ShelterPctP99,TaxEvasionP99,ConcealPctP99,gini,p90,p99,p999,p9999,gini_total,p90_total,p99_total,p999_total,p9999_total,welfare,welfare0,approval,approval0,conceal_share_e,conceal_share_n,evasion_share_e,evasion_share_n,conceal_frac_e,conceal_frac_n,evasion_frac_e,evasion_frac_n,shelter_pct_e,shelter_pct_n,detection_rate,detection_revenue,wtax_evasion_elast
65.58530688,2.85636416,2.85636416,0.00000000,29.60455844,258.89550727,50.99502807,1.28491019,0.15410486,0.04131317,0.03250062,35.36776725,0.25000000,0.18639049,1.79751773,6.92961237,0.00000000,0.00000000,9.18235041,0.01145471,1.01512040,0.63906282,0.00000000,0.00000000,0.00000000,0.00000000,0.75114458,0.38186783,0.70934910,0.84666775,0.93530234,0.75114458,0.38186783,0.70934910,0.84666775,0.93530234,-23.24917508,-46.21133934,0.85491779,0.50995652,-nan,-nan,-nan,-nan,0.00000000,0.00000000,0.00000000,0.00000000,0.00000000,0.00000000,-nan,0.00000000,13.39769450
