Y,A,A_rep,A_hid,L,Q,K,W,P,r,taua,abar,tauk,taul,WtaxRev,KtaxRev,WtaxRev_lost,KtaxRev_lost,G,lump_sum,ylbar,WtaxPct,ShelterPct,ShelterPctP99,TaxEvasionP99,ConcealPctP99,gini,p90,p99,p999,p9999,gini_total,p90_total,p99_total,p999_total,p9999_total,welfare,welfare0,approval,approval0,conceal_share_e,conceal_share_n,evasion_share_e,evasion_share_n,conceal_frac_e,conceal_frac_n,evasion_frac_e,evasion_frac_n,shelter_pct_e,shelter_pct_n,detection_rate,detection_revenue,wtax_evasion_elast
73.36419124,3.10754652,2.85465173,0.25289479,30.12249687,329.46343573,65.63706186,1.41261988,0.13876759,0.02935939,0.01748260,641.85572568,0.25000000,0.18606528,0.23255082,5.87455728,0.31333097,0.55346172,9.29156816,0.00068033,1.08952447,0.02158508,0.10953950,67.36083966,11.87861233,55.26053844,0.76686304,0.35837700,0.67510515,0.85014850,0.95099713,0.78578678,0.32921198,0.62022539,0.78552898,0.91451245,-23.76971350,-47.70677570,0.39628953,0.03017423,0.29339185,0.70660815,0.70709898,0.29290102,0.07274925,0.08559777,0.07095408,0.01755596,0.40580693,0.03800807,0.66379642,0.07202434,40.97645155
