Y,A,A_rep,A_hid,L,Q,K,W,P,r,taua,abar,tauk,taul,WtaxRev,KtaxRev,WtaxRev_lost,KtaxRev_lost,G,lump_sum,ylbar,WtaxPct,ShelterPct,ShelterPctP99,TaxEvasionP99,ConcealPctP99,gini,p90,p99,p999,p9999,gini_total,p90_total,p99_total,p999_total,p9999_total,welfare,welfare0,approval,approval0,conceal_share_e,conceal_share_n,evasion_share_e,evasion_share_n,conceal_frac_e,conceal_frac_n,evasion_frac_e,evasion_frac_n,shelter_pct_e,shelter_pct_n,detection_rate,detection_revenue,wtax_evasion_elast
65.58055461,2.85615798,2.85615798,0.00000000,29.60369466,258.86177602,50.98720798,1.28485403,0.15411164,0.04132049,0.03268652,35.72520389,0.25000000,0.18639176,1.79940600,6.92975702,0.00000000,0.00000000,9.18235041,0.01146350,1.01512040,0.64124312,0.00000000,0.00000000,0.00000000,0.00000000,0.75109244,0.38191200,0.70953329,0.84695189,0.93543322,0.75109244,0.38191200,0.70953329,0.84695189,0.93543322,-23.24862041,-46.21112307,0.85465788,0.50707578,-nan,-nan,-nan,-nan,0.00000000,0.00000000,0.00000000,0.00000000,0.00000000,0.00000000,-nan,0.00000000,13.38247902
