Y,A,A_rep,A_hid,L,Q,K,W,P,r,taua,abar,tauk,taul,WtaxRev,KtaxRev,WtaxRev_lost,KtaxRev_lost,G,lump_sum,ylbar,WtaxPct,ShelterPct,ShelterPctP99,TaxEvasionP99,ConcealPctP99,gini,p90,p99,p999,p9999,gini_total,p90_total,p99_total,p999_total,p9999_total,welfare,welfare0,approval,approval0,conceal_share_e,conceal_share_n,evasion_share_e,evasion_share_n,conceal_frac_e,conceal_frac_n,evasion_frac_e,evasion_frac_n,shelter_pct_e,shelter_pct_n,detection_rate,detection_revenue,wtax_evasion_elast
65.61941785,2.85787731,2.85787731,0.00000000,29.60941198,259.16098331,51.04874136,1.28537607,0.15404402,0.04126522,0.03216765,36.00275396,0.25000000,0.18638477,1.77701165,6.92767683,0.00000000,0.00000000,9.18235041,0.01134199,1.01512040,0.64516077,0.00000000,0.00000000,0.00000000,0.00000000,0.75149381,0.38136574,0.70857798,0.84637395,0.93522379,0.75149381,0.38136574,0.70857798,0.84637395,0.93522379,-23.25428252,-46.21455472,0.85612800,0.51003254,-nan,-nan,-nan,-nan,0.00000000,0.00000000,0.00000000,0.00000000,0.00000000,0.00000000,-nan,0.00000000,13.41421562
