Y,A,A_rep,A_hid,L,Q,K,W,P,r,taua,abar,tauk,taul,WtaxRev,KtaxRev,WtaxRev_lost,KtaxRev_lost,G,lump_sum,ylbar,WtaxPct,ShelterPct,ShelterPctP99,TaxEvasionP99,ConcealPctP99,gini,p90,p99,p999,p9999,gini_total,p90_total,p99_total,p999_total,p9999_total,welfare,welfare0,approval,approval0,conceal_share_e,conceal_share_n,evasion_share_e,evasion_share_n,conceal_frac_e,conceal_frac_n,evasion_frac_e,evasion_frac_n,shelter_pct_e,shelter_pct_n,detection_rate,detection_revenue,wtax_evasion_elast
65.56814294,2.85562917,2.85562917,0.00000000,29.60206993,258.76716365,50.96743021,1.28468339,0.15413353,0.04133884,0.03279927,35.55336247,0.25000000,0.18639285,1.80571114,6.93051469,0.00000000,0.00000000,9.18235041,0.01149500,1.01512040,0.63954492,0.00000000,0.00000000,0.00000000,0.00000000,0.75097610,0.38226080,0.70977920,0.84702830,0.93545325,0.75097610,0.38226080,0.70977920,0.84702830,0.93545325,-23.24750651,-46.21158867,0.85339790,0.50667907,-nan,-nan,-nan,-nan,0.00000000,0.00000000,0.00000000,0.00000000,0.00000000,0.00000000,-nan,0.00000000,13.37808095
