Y,A,A_rep,A_hid,L,Q,K,W,P,r,taua,abar,tauk,taul,WtaxRev,KtaxRev,WtaxRev_lost,KtaxRev_lost,G,lump_sum,ylbar,WtaxPct,ShelterPct,ShelterPctP99,TaxEvasionP99,ConcealPctP99,gini,p90,p99,p999,p9999,gini_total,p90_total,p99_total,p999_total,p9999_total,welfare,welfare0,approval,approval0,conceal_share_e,conceal_share_n,evasion_share_e,evasion_share_n,conceal_frac_e,conceal_frac_n,evasion_frac_e,evasion_frac_n,shelter_pct_e,shelter_pct_n,detection_rate,detection_revenue,wtax_evasion_elast
65.57054340,2.85583341,2.85583341,0.00000000,29.60224545,258.79297234,50.97429521,1.28473613,0.15412706,0.04133091,0.03306201,36.37402211,0.25000000,0.18639095,1.80409308,6.93011354,0.00000000,0.00000000,9.18235041,0.01147360,1.01512040,0.64535734,0.00000000,0.00000000,0.00000000,0.00000000,0.75098197,0.38219219,0.70994143,0.84748728,0.93565978,0.75098197,0.38219219,0.70994143,0.84748728,0.93565978,-23.24855849,-46.21288477,0.85332439,0.50629977,-nan,-nan,-nan,-nan,0.00000000,0.00000000,0.00000000,0.00000000,0.00000000,0.00000000,-nan,0.00000000,13.35082699
