Y,A,A_rep,A_hid,L,Q,K,W,P,r,taua,abar,tauk,taul,WtaxRev,KtaxRev,WtaxRev_lost,KtaxRev_lost,G,lump_sum,ylbar,WtaxPct,ShelterPct,ShelterPctP99,TaxEvasionP99,ConcealPctP99,gini,p90,p99,p999,p9999,gini_total,p90_total,p99_total,p999_total,p9999_total,welfare,welfare0,approval,approval0,conceal_share_e,conceal_share_n,evasion_share_e,evasion_share_n,conceal_frac_e,conceal_frac_n,evasion_frac_e,evasion_frac_n,shelter_pct_e,shelter_pct_n,detection_rate,detection_revenue,wtax_evasion_elast
65.58320654,2.85628266,2.85628266,0.00000000,29.60450075,258.88214352,50.99265521,1.28488242,0.15410856,0.04131537,0.03249859,35.29280991,0.25000000,0.18639014,1.79834362,6.92962643,0.00000000,0.00000000,9.18235041,0.01145440,1.01512040,0.63855506,0.00000000,0.00000000,0.00000000,0.00000000,0.75112851,0.38188655,0.70935692,0.84666265,0.93529886,0.75112851,0.38188655,0.70935692,0.84666265,0.93529886,-23.24950192,-46.21235056,0.85414823,0.50707538,-nan,-nan,-nan,-nan,0.00000000,0.00000000,0.00000000,0.00000000,0.00000000,0.00000000,-nan,0.00000000,13.40056384
