Y,A,A_rep,A_hid,L,Q,K,W,P,r,taua,abar,tauk,taul,WtaxRev,KtaxRev,WtaxRev_lost,KtaxRev_lost,G,lump_sum,ylbar,WtaxPct,ShelterPct,ShelterPctP99,TaxEvasionP99,ConcealPctP99,gini,p90,p99,p999,p9999,gini_total,p90_total,p99_total,p999_total,p9999_total,welfare,welfare0,approval,approval0,conceal_share_e,conceal_share_n,evasion_share_e,evasion_share_n,conceal_frac_e,conceal_frac_n,evasion_frac_e,evasion_frac_n,shelter_pct_e,shelter_pct_n,detection_rate,detection_revenue,wtax_evasion_elast
65.37738948,2.84641125,2.84641125,0.00000000,29.57731056,257.31706545,50.64292924,1.28203459,0.15446645,0.04165791,0.03424064,33.01493127,0.25000000,0.18641810,1.90268705,6.94178179,0.00000000,0.00000000,9.18235041,0.01195353,1.01512040,0.80841561,0.00000000,0.00000000,0.00000000,0.00000000,0.74912628,0.38510851,0.71318651,0.84804441,0.93573925,0.74912628,0.38510851,0.71318651,0.84804441,0.93573925,-23.23371343,-46.22630423,0.83364195,0.47077084,-nan,-nan,-nan,-nan,0.00000000,0.00000000,0.00000000,0.00000000,0.00000000,0.00000000,-nan,0.00000000,13.26063013
