Y,A,A_rep,A_hid,L,Q,K,W,P,r,taua,abar,tauk,taul,WtaxRev,KtaxRev,WtaxRev_lost,KtaxRev_lost,G,lump_sum,ylbar,WtaxPct,ShelterPct,ShelterPctP99,TaxEvasionP99,ConcealPctP99,gini,p90,p99,p999,p9999,gini_total,p90_total,p99_total,p999_total,p9999_total,welfare,welfare0,approval,approval0,conceal_share_e,conceal_share_n,evasion_share_e,evasion_share_n,conceal_frac_e,conceal_frac_n,evasion_frac_e,evasion_frac_n,shelter_pct_e,shelter_pct_n,detection_rate,detection_revenue,wtax_evasion_elast
65.59052970,2.85674585,2.85674585,0.00000000,29.60478342,258.94183634,51.00452661,1.28500268,0.15409238,0.04130348,0.03277412,36.41325248,0.25000000,0.18638915,1.79337334,6.92918518,0.00000000,0.00000000,9.18235041,0.01142699,1.01512040,0.64675363,0.00000000,0.00000000,0.00000000,0.00000000,0.75117661,0.38176619,0.70946659,0.84716140,0.93553639,0.75117661,0.38176619,0.70946659,0.84716140,0.93553639,-23.24992195,-46.21169671,0.85529336,0.50999139,-nan,-nan,-nan,-nan,0.00000000,0.00000000,0.00000000,0.00000000,0.00000000,0.00000000,-nan,0.00000000,13.36853283
