Y,A,A_rep,A_hid,L,Q,K,W,P,r,taua,abar,tauk,taul,WtaxRev,KtaxRev,WtaxRev_lost,KtaxRev_lost,G,lump_sum,ylbar,WtaxPct,ShelterPct,ShelterPctP99,TaxEvasionP99,ConcealPctP99,gini,p90,p99,p999,p9999,gini_total,p90_total,p99_total,p999_total,p9999_total,welfare,welfare0,approval,approval0,conceal_share_e,conceal_share_n,evasion_share_e,evasion_share_n,conceal_frac_e,conceal_frac_n,evasion_frac_e,evasion_frac_n,shelter_pct_e,shelter_pct_n,detection_rate,detection_revenue,wtax_evasion_elast
63.75410218,2.74408101,2.74408101,0.00000000,29.44817008,244.61023248,47.24207138,1.25567854,0.15765478,0.04581605,0.03279702,11.09062450,0.25000000,0.18660977,2.67392248,7.06986818,0.00000000,0.00000000,9.18235041,0.01539658,1.01512040,4.76708498,0.00000000,0.00000000,0.00000000,0.00000000,0.72980379,0.41444059,0.70474687,0.83246810,0.92893375,0.72980379,0.41444059,0.70474687,0.83246810,0.92893375,-23.19741792,-46.59225061,0.71974399,0.36727234,-nan,-nan,-nan,-nan,0.00000000,0.00000000,0.00000000,0.00000000,0.00000000,0.00000000,-nan,0.00000000,14.51899487
