Y,A,A_rep,A_hid,L,Q,K,W,P,r,taua,abar,tauk,taul,WtaxRev,KtaxRev,WtaxRev_lost,KtaxRev_lost,G,lump_sum,ylbar,WtaxPct,ShelterPct,ShelterPctP99,TaxEvasionP99,ConcealPctP99,gini,p90,p99,p999,p9999,gini_total,p90_total,p99_total,p999_total,p9999_total,welfare,welfare0,approval,approval0,conceal_share_e,conceal_share_n,evasion_share_e,evasion_share_n,conceal_frac_e,conceal_frac_n,evasion_frac_e,evasion_frac_n,shelter_pct_e,shelter_pct_n,detection_rate,detection_revenue,wtax_evasion_elast
65.56305213,2.85540571,2.85540571,0.00000000,29.60162498,258.73127331,50.96064545,1.28461618,0.15414251,0.04134492,0.03290188,35.63969120,0.25000000,0.18639212,1.80818909,6.93063824,0.00000000,0.00000000,9.18235041,0.01149634,1.01512040,0.63975350,0.00000000,0.00000000,0.00000000,0.00000000,0.75092136,0.38232034,0.70993678,0.84716442,0.93550696,0.75092136,0.38232034,0.70993678,0.84716442,0.93550696,-23.24815697,-46.21361286,0.85190329,0.50624145,-nan,-nan,-nan,-nan,0.00000000,0.00000000,0.00000000,0.00000000,0.00000000,0.00000000,-nan,0.00000000,13.37116048
