Y,A,A_rep,A_hid,L,Q,K,W,P,r,taua,abar,tauk,taul,WtaxRev,KtaxRev,WtaxRev_lost,KtaxRev_lost,G,lump_sum,ylbar,WtaxPct,ShelterPct,ShelterPctP99,TaxEvasionP99,ConcealPctP99,gini,p90,p99,p999,p9999,gini_total,p90_total,p99_total,p999_total,p9999_total,welfare,welfare0,approval,approval0,conceal_share_e,conceal_share_n,evasion_share_e,evasion_share_n,conceal_frac_e,conceal_frac_n,evasion_frac_e,evasion_frac_n,shelter_pct_e,shelter_pct_n,detection_rate,detection_revenue,wtax_evasion_elast
73.38643799,3.10722788,2.84921879,0.25800909,30.12494891,329.74307919,65.59286806,1.41292481,0.13870265,0.02943632,0.01400641,511.73987994,0.25000000,0.18606144,0.23241043,5.86273635,0.26590172,0.56134174,9.29156816,0.00055666,1.08952447,0.02941989,0.11010486,61.04577548,11.16297558,56.70601761,0.76613292,0.35938765,0.67657338,0.85120643,0.94773479,0.78550061,0.32954585,0.62045488,0.78509934,0.91340236,-23.77081044,-47.71028874,0.38376285,0.02936742,0.27732206,0.72267794,0.72653689,0.27346311,0.07021873,0.08928904,0.06981420,0.01566831,0.40457947,0.03900631,0.66941870,0.06961122,43.95306470
