Y,A,A_rep,A_hid,L,Q,K,W,P,r,taua,abar,tauk,taul,WtaxRev,KtaxRev,WtaxRev_lost,KtaxRev_lost,G,lump_sum,ylbar,WtaxPct,ShelterPct,ShelterPctP99,TaxEvasionP99,ConcealPctP99,gini,p90,p99,p999,p9999,gini_total,p90_total,p99_total,p999_total,p9999_total,welfare,welfare0,approval,approval0,conceal_share_e,conceal_share_n,evasion_share_e,evasion_share_n,conceal_frac_e,conceal_frac_n,evasion_frac_e,evasion_frac_n,shelter_pct_e,shelter_pct_n,detection_rate,detection_revenue,wtax_evasion_elast
65.59636490,2.85688529,2.85688529,0.00000000,29.60635576,258.98202227,51.01416007,1.28506011,0.15408602,0.04129522,0.03239681,35.58865899,0.25000000,0.18638783,1.79065924,6.92885804,0.00000000,0.00000000,9.18235041,0.01140891,1.01512040,0.64107445,0.00000000,0.00000000,0.00000000,0.00000000,0.75125042,0.38172399,0.70909065,0.84659460,0.93528589,0.75125042,0.38172399,0.70909065,0.84659460,0.93528589,-23.25160755,-46.21395043,0.85487531,0.50711340,-nan,-nan,-nan,-nan,0.00000000,0.00000000,0.00000000,0.00000000,0.00000000,0.00000000,-nan,0.00000000,13.40531960
