Y,A,A_rep,A_hid,L,Q,K,W,P,r,taua,abar,tauk,taul,WtaxRev,KtaxRev,WtaxRev_lost,KtaxRev_lost,G,lump_sum,ylbar,WtaxPct,ShelterPct,ShelterPctP99,TaxEvasionP99,ConcealPctP99,gini,p90,p99,p999,p9999,gini_total,p90_total,p99_total,p999_total,p9999_total,welfare,welfare0,approval,approval0,conceal_share_e,conceal_share_n,evasion_share_e,evasion_share_n,conceal_frac_e,conceal_frac_n,evasion_frac_e,evasion_frac_n,shelter_pct_e,shelter_pct_n,detection_rate,detection_revenue,wtax_evasion_elast
65.76712516,2.86422737,2.86422737,0.00000000,29.63138111,260.27217195,51.28225546,1.28731283,0.15379725,0.04105405,0.03000000,35.98549531,0.25000000,0.18636287,1.69656390,6.91978645,0.00000000,0.00000000,9.18235041,0.01092024,1.01512040,0.65285675,0.00000000,0.00000000,0.00000000,0.00000000,0.75293300,0.37904834,0.70477221,0.84385529,0.93432534,0.75293300,0.37904834,0.70477221,0.84385529,0.93432534,-23.27274916,-46.22214448,0.86907368,0.52946211,-nan,-nan,-nan,-nan,0.00000000,0.00000000,0.00000000,0.00000000,0.00000000,0.00000000,-nan,0.00000000,13.56046838
