Y,A,A_rep,A_hid,L,Q,K,W,P,r,taua,abar,tauk,taul,WtaxRev,KtaxRev,WtaxRev_lost,KtaxRev_lost,G,lump_sum,ylbar,WtaxPct,ShelterPct,ShelterPctP99,TaxEvasionP99,ConcealPctP99,gini,p90,p99,p999,p9999,gini_total,p90_total,p99_total,p999_total,p9999_total,welfare,welfare0,approval,approval0,conceal_share_e,conceal_share_n,evasion_share_e,evasion_share_n,conceal_frac_e,conceal_frac_n,evasion_frac_e,evasion_frac_n,shelter_pct_e,shelter_pct_n,detection_rate,detection_revenue,wtax_evasion_elast
65.49989322,2.85174088,2.85174088,0.00000000,29.59467640,258.24541388,50.83653155,1.28367809,0.15425451,0.04147959,0.03248761,32.96700519,0.25000000,0.18640034,1.83971488,6.93526179,0.00000000,0.00000000,9.18235041,0.01165722,1.01512040,0.81410584,0.00000000,0.00000000,0.00000000,0.00000000,0.75025455,0.38326839,0.71023519,0.84608777,0.93500239,0.75025455,0.38326839,0.71023519,0.84608777,0.93500239,-23.24361830,-46.21994468,0.84667564,0.49468079,-nan,-nan,-nan,-nan,0.00000000,0.00000000,0.00000000,0.00000000,0.00000000,0.00000000,-nan,0.00000000,13.37293244
