Y,A,A_rep,A_hid,L,Q,K,W,P,r,taua,abar,tauk,taul,WtaxRev,KtaxRev,WtaxRev_lost,KtaxRev_lost,G,lump_sum,ylbar,WtaxPct,ShelterPct,ShelterPctP99,TaxEvasionP99,ConcealPctP99,gini,p90,p99,p999,p9999,gini_total,p90_total,p99_total,p999_total,p9999_total,welfare,welfare0,approval,approval0,conceal_share_e,conceal_share_n,evasion_share_e,evasion_share_n,conceal_frac_e,conceal_frac_n,evasion_frac_e,evasion_frac_n,shelter_pct_e,shelter_pct_n,detection_rate,detection_revenue,wtax_evasion_elast
73.53114815,3.11214288,2.92579817,0.18634471,30.12867347,331.65357380,65.47709690,1.41552563,0.13825441,0.02973310,0.01106681,1102.07411371,0.25000000,0.18606381,0.14993286,5.92598655,0.11089565,0.54401129,9.29156816,0.00065076,1.08952447,0.01277069,0.10353147,36.52364206,8.68768069,54.57984825,0.77114216,0.35151998,0.65917274,0.82590862,0.93737084,0.78480316,0.33047214,0.61975109,0.78094129,0.90932493,-23.71018597,-47.57801581,0.67436390,0.32973453,0.26399426,0.73600574,0.81068928,0.18931072,0.04839471,0.06544614,0.06249597,0.00863101,0.39043061,0.03426195,0.67731640,0.04645912,33.87662040
