Y,A,A_rep,A_hid,L,Q,K,W,P,r,taua,abar,tauk,taul,WtaxRev,KtaxRev,WtaxRev_lost,KtaxRev_lost,G,lump_sum,ylbar,WtaxPct,ShelterPct,ShelterPctP99,TaxEvasionP99,ConcealPctP99,gini,p90,p99,p999,p9999,gini_total,p90_total,p99_total,p999_total,p9999_total,welfare,welfare0,approval,approval0,conceal_share_e,conceal_share_n,evasion_share_e,evasion_share_n,conceal_frac_e,conceal_frac_n,evasion_frac_e,evasion_frac_n,shelter_pct_e,shelter_pct_n,detection_rate,detection_revenue,wtax_evasion_elast
65.03535408,2.82824929,2.82824929,0.00000000,29.53666898,254.70197146,50.01463879,1.27707764,0.15507695,0.04232346,0.03497826,26.20682875,0.25000000,0.18645155,2.06771718,6.96461624,0.00000000,0.00000000,9.18235041,0.01268616,1.01512040,0.96665201,0.00000000,0.00000000,0.00000000,0.00000000,0.74538025,0.39096954,0.71610476,0.84690072,0.93499767,0.74538025,0.39096954,0.71610476,0.84690072,0.93499767,-23.21633384,-46.27152288,0.80484386,0.43719417,-nan,-nan,-nan,-nan,0.00000000,0.00000000,0.00000000,0.00000000,0.00000000,0.00000000,-nan,0.00000000,13.31946333
