Y,A,A_rep,A_hid,L,Q,K,W,P,r,taua,abar,tauk,taul,WtaxRev,KtaxRev,WtaxRev_lost,KtaxRev_lost,G,lump_sum,ylbar,WtaxPct,ShelterPct,ShelterPctP99,TaxEvasionP99,ConcealPctP99,gini,p90,p99,p999,p9999,gini_total,p90_total,p99_total,p999_total,p9999_total,welfare,welfare0,approval,approval0,conceal_share_e,conceal_share_n,evasion_share_e,evasion_share_n,conceal_frac_e,conceal_frac_n,evasion_frac_e,evasion_frac_n,shelter_pct_e,shelter_pct_n,detection_rate,detection_revenue,wtax_evasion_elast
65.63321993,2.86023267,2.86023267,0.00000000,29.60823425,259.24700791,51.13356108,1.28569805,0.15403045,0.04113303,0.03844688,53.87412409,0.25000000,0.18636645,1.74827164,6.92471469,0.00000000,0.00000000,9.18235041,0.01099104,1.01512040,0.46822662,0.00000000,0.00000000,0.00000000,0.00000000,0.75150281,0.38111382,0.71147231,0.85540362,0.93923554,0.75150281,0.38111382,0.71147231,0.85540362,0.93923554,-23.27622360,-46.25297416,0.84093552,0.47402079,-nan,-nan,-nan,-nan,0.00000000,0.00000000,0.00000000,0.00000000,0.00000000,0.00000000,-nan,0.00000000,13.09358314
