Y,A,A_rep,A_hid,L,Q,K,W,P,r,taua,abar,tauk,taul,WtaxRev,KtaxRev,WtaxRev_lost,KtaxRev_lost,G,lump_sum,ylbar,WtaxPct,ShelterPct,ShelterPctP99,TaxEvasionP99,ConcealPctP99,gini,p90,p99,p999,p9999,gini_total,p90_total,p99_total,p999_total,p9999_total,welfare,welfare0,approval,approval0,conceal_share_e,conceal_share_n,evasion_share_e,evasion_share_n,conceal_frac_e,conceal_frac_n,evasion_frac_e,evasion_frac_n,shelter_pct_e,shelter_pct_n,detection_rate,detection_revenue,wtax_evasion_elast
73.46145396,3.10925734,2.89636756,0.21288977,30.12162149,330.95249149,65.43738583,1.41455558,0.13839095,0.02970833,0.01258491,748.27807512,0.25000000,0.18606876,0.20283198,5.90480385,0.17029464,0.54870138,9.29156816,0.00083965,1.08952447,0.01901743,0.10505528,41.09738826,9.23078898,56.94675784,0.76898886,0.35484701,0.66606028,0.83562729,0.94003343,0.78476019,0.33055075,0.62050307,0.78291061,0.91097973,-23.71101658,-47.58707814,0.64722046,0.30881762,0.25551827,0.74448173,0.76447352,0.23552648,0.05352248,0.07572818,0.06431141,0.01175331,0.38976744,0.03631379,0.67571208,0.05076521,34.86302786
