Y,A,A_rep,A_hid,L,Q,K,W,P,r,taua,abar,tauk,taul,WtaxRev,KtaxRev,WtaxRev_lost,KtaxRev_lost,G,lump_sum,ylbar,WtaxPct,ShelterPct,ShelterPctP99,TaxEvasionP99,ConcealPctP99,gini,p90,p99,p999,p9999,gini_total,p90_total,p99_total,p999_total,p9999_total,welfare,welfare0,approval,approval0,conceal_share_e,conceal_share_n,evasion_share_e,evasion_share_n,conceal_frac_e,conceal_frac_n,evasion_frac_e,evasion_frac_n,shelter_pct_e,shelter_pct_n,detection_rate,detection_revenue,wtax_evasion_elast
65.63490556,2.85952452,2.85952452,0.00000000,29.60918962,259.29674266,51.10118500,1.28570739,0.15401013,0.04119448,0.03479308,43.65412934,0.25000000,0.18637539,1.76134072,6.92541217,0.00000000,0.00000000,9.18235041,0.01117441,1.01512040,0.54415674,0.00000000,0.00000000,0.00000000,0.00000000,0.75155470,0.38114850,0.70999621,0.85047335,0.93705002,0.75155470,0.38114850,0.70999621,0.85047335,0.93705002,-23.26221748,-46.22614435,0.85359237,0.50689477,-nan,-nan,-nan,-nan,0.00000000,0.00000000,0.00000000,0.00000000,0.00000000,0.00000000,-nan,0.00000000,13.26902333
