Y,A,A_rep,A_hid,L,Q,K,W,P,r,taua,abar,tauk,taul,WtaxRev,KtaxRev,WtaxRev_lost,KtaxRev_lost,G,lump_sum,ylbar,WtaxPct,ShelterPct,ShelterPctP99,TaxEvasionP99,ConcealPctP99,gini,p90,p99,p999,p9999,gini_total,p90_total,p99_total,p999_total,p9999_total,welfare,welfare0,approval,approval0,conceal_share_e,conceal_share_n,evasion_share_e,evasion_share_n,conceal_frac_e,conceal_frac_n,evasion_frac_e,evasion_frac_n,shelter_pct_e,shelter_pct_n,detection_rate,detection_revenue,wtax_evasion_elast
65.59407838,2.85683406,2.85683406,0.00000000,29.60570488,258.96611463,51.00999249,1.28503707,0.15408838,0.04129903,0.03245927,35.68056403,0.25000000,0.18638925,1.79190411,6.92904610,0.00000000,0.00000000,9.18235041,0.01142619,1.01512040,0.64157526,0.00000000,0.00000000,0.00000000,0.00000000,0.75123525,0.38173745,0.70922499,0.84667794,0.93532115,0.75123525,0.38173745,0.70922499,0.84667794,0.93532115,-23.25011531,-46.21131933,0.85545468,0.50997601,-nan,-nan,-nan,-nan,0.00000000,0.00000000,0.00000000,0.00000000,0.00000000,0.00000000,-nan,0.00000000,13.39674336
