Y,A,A_rep,A_hid,L,Q,K,W,P,r,taua,abar,tauk,taul,WtaxRev,KtaxRev,WtaxRev_lost,KtaxRev_lost,G,lump_sum,ylbar,WtaxPct,ShelterPct,ShelterPctP99,TaxEvasionP99,ConcealPctP99,gini,p90,p99,p999,p9999,gini_total,p90_total,p99_total,p999_total,p9999_total,welfare,welfare0,approval,approval0,conceal_share_e,conceal_share_n,evasion_share_e,evasion_share_n,conceal_frac_e,conceal_frac_n,evasion_frac_e,evasion_frac_n,shelter_pct_e,shelter_pct_n,detection_rate,detection_revenue,wtax_evasion_elast
65.69404107,2.86125859,2.86125859,0.00000000,29.61958576,259.72477952,51.16876246,1.28638133,0.15391600,0.04115359,0.03169526,37.83083469,0.25000000,0.18637283,1.73533644,6.92361815,0.00000000,0.00000000,9.18235041,0.01111104,1.01512040,0.66237336,0.00000000,0.00000000,0.00000000,0.00000000,0.75220063,0.38019369,0.70713796,0.84608386,0.93517725,0.75220063,0.38019369,0.70713796,0.84608386,0.93517725,-23.26425428,-46.21914139,0.86158308,0.51999721,-nan,-nan,-nan,-nan,0.00000000,0.00000000,0.00000000,0.00000000,0.00000000,0.00000000,-nan,0.00000000,13.43334469
