Y,A,A_rep,A_hid,L,Q,K,W,P,r,taua,abar,tauk,taul,WtaxRev,KtaxRev,WtaxRev_lost,KtaxRev_lost,G,lump_sum,ylbar,WtaxPct,ShelterPct,ShelterPctP99,TaxEvasionP99,ConcealPctP99,gini,p90,p99,p999,p9999,gini_total,p90_total,p99_total,p999_total,p9999_total,welfare,welfare0,approval,approval0,conceal_share_e,conceal_share_n,evasion_share_e,evasion_share_n,conceal_frac_e,conceal_frac_n,evasion_frac_e,evasion_frac_n,shelter_pct_e,shelter_pct_n,detection_rate,detection_revenue,wtax_evasion_elast
65.63062886,2.85713750,2.85713750,0.00000000,29.61474397,259.22512878,51.03879541,1.28537212,0.15403697,0.04129917,0.03000000,31.41909389,0.25000000,0.18638061,1.76940825,6.92843630,0.00000000,0.00000000,9.18235041,0.01130358,1.01512040,0.79785477,0.00000000,0.00000000,0.00000000,0.00000000,0.75154589,0.38134124,0.70647078,0.84290589,0.93382609,0.75154589,0.38134124,0.70647078,0.84290589,0.93382609,-23.25925494,-46.22512329,0.85365698,0.50640476,-nan,-nan,-nan,-nan,0.00000000,0.00000000,0.00000000,0.00000000,0.00000000,0.00000000,-nan,0.00000000,13.55172328
