Y,A,A_rep,A_hid,L,Q,K,W,P,r,taua,abar,tauk,taul,WtaxRev,KtaxRev,WtaxRev_lost,KtaxRev_lost,G,lump_sum,ylbar,WtaxPct,ShelterPct,ShelterPctP99,TaxEvasionP99,ConcealPctP99,gini,p90,p99,p999,p9999,gini_total,p90_total,p99_total,p999_total,p9999_total,welfare,welfare0,approval,approval0,conceal_share_e,conceal_share_n,evasion_share_e,evasion_share_n,conceal_frac_e,conceal_frac_n,evasion_frac_e,evasion_frac_n,shelter_pct_e,shelter_pct_n,detection_rate,detection_revenue,wtax_evasion_elast
65.59920411,2.85666389,2.85666389,0.00000000,29.60726310,259.00585374,51.00850694,1.28507469,0.15407973,0.04130917,0.03182571,34.45577001,0.25000000,0.18638808,1.78894745,6.92916965,0.00000000,0.00000000,9.18235041,0.01141763,1.01512040,0.84771925,0.00000000,0.00000000,0.00000000,0.00000000,0.75128970,0.38170245,0.70847827,0.84567419,0.93490882,0.75128970,0.38170245,0.70847827,0.84567419,0.93490882,-23.25112071,-46.21284911,0.85551170,0.50951434,-nan,-nan,-nan,-nan,0.00000000,0.00000000,0.00000000,0.00000000,0.00000000,0.00000000,-nan,0.00000000,13.42172679
