Y,A,A_rep,A_hid,L,Q,K,W,P,r,taua,abar,tauk,taul,WtaxRev,KtaxRev,WtaxRev_lost,KtaxRev_lost,G,lump_sum,ylbar,WtaxPct,ShelterPct,ShelterPctP99,TaxEvasionP99,ConcealPctP99,gini,p90,p99,p999,p9999,gini_total,p90_total,p99_total,p999_total,p9999_total,welfare,welfare0,approval,approval0,conceal_share_e,conceal_share_n,evasion_share_e,evasion_share_n,conceal_frac_e,conceal_frac_n,evasion_frac_e,evasion_frac_n,shelter_pct_e,shelter_pct_n,detection_rate,detection_revenue,wtax_evasion_elast
65.65929830,2.85861702,2.85861702,0.00000000,29.61809372,259.44292754,51.08932493,1.28577814,0.15398662,0.04124800,0.03000000,32.43063471,0.25000000,0.18637740,1.75349505,6.92680354,0.00000000,0.00000000,9.18235041,0.01122562,1.01512040,0.81378768,0.00000000,0.00000000,0.00000000,0.00000000,0.75182861,0.38087209,0.70599595,0.84310576,0.93393806,0.75182861,0.38087209,0.70599595,0.84310576,0.93393806,-23.26150346,-46.22389856,0.85667753,0.50939962,-nan,-nan,-nan,-nan,0.00000000,0.00000000,0.00000000,0.00000000,0.00000000,0.00000000,-nan,0.00000000,13.53870040
