Y,A,A_rep,A_hid,L,Q,K,W,P,r,taua,abar,tauk,taul,WtaxRev,KtaxRev,WtaxRev_lost,KtaxRev_lost,G,lump_sum,ylbar,WtaxPct,ShelterPct,ShelterPctP99,TaxEvasionP99,ConcealPctP99,gini,p90,p99,p999,p9999,gini_total,p90_total,p99_total,p999_total,p9999_total,welfare,welfare0,approval,approval0,conceal_share_e,conceal_share_n,evasion_share_e,evasion_share_n,conceal_frac_e,conceal_frac_n,evasion_frac_e,evasion_frac_n,shelter_pct_e,shelter_pct_n,detection_rate,detection_revenue,wtax_evasion_elast
65.59861307,2.85702012,2.85702012,0.00000000,29.60625200,259.00032667,51.01686571,1.28509919,0.15408029,0.04129279,0.03245745,35.86678366,0.25000000,0.18638848,1.78936558,6.92880417,0.00000000,0.00000000,9.18235041,0.01141140,1.01512040,0.64297465,0.00000000,0.00000000,0.00000000,0.00000000,0.75127233,0.38168138,0.70911153,0.84669474,0.93533448,0.75127233,0.38168138,0.70911153,0.84669474,0.93533448,-23.25071621,-46.21180275,0.85556752,0.51002492,-nan,-nan,-nan,-nan,0.00000000,0.00000000,0.00000000,0.00000000,0.00000000,0.00000000,-nan,0.00000000,13.39464728
