Y,A,A_rep,A_hid,L,Q,K,W,P,r,taua,abar,tauk,taul,WtaxRev,KtaxRev,WtaxRev_lost,KtaxRev_lost,G,lump_sum,ylbar,WtaxPct,ShelterPct,ShelterPctP99,TaxEvasionP99,ConcealPctP99,gini,p90,p99,p999,p9999,gini_total,p90_total,p99_total,p999_total,p9999_total,welfare,welfare0,approval,approval0,conceal_share_e,conceal_share_n,evasion_share_e,evasion_share_n,conceal_frac_e,conceal_frac_n,evasion_frac_e,evasion_frac_n,shelter_pct_e,shelter_pct_n,detection_rate,detection_revenue,wtax_evasion_elast
73.61172870,3.11562729,2.93774869,0.17787860,30.13921976,332.38938995,65.58430959,1.41657722,0.13812976,0.02968978,0.00748929,1243.20626237,0.25000000,0.18605445,0.09974812,5.93358481,0.06724226,0.53865214,9.29156816,0.00036371,1.08952447,0.01140645,0.10212693,33.59484570,8.35226603,53.71814157,0.77210922,0.35008328,0.65594784,0.82127528,0.93488837,0.78507938,0.33009619,0.61854396,0.77880785,0.90735093,-23.71932234,-47.58563805,0.64099067,0.31046093,0.26753503,0.73246497,0.85170000,0.14830000,0.04677864,0.06209277,0.06108335,0.00627456,0.38755240,0.03321321,0.67873891,0.04409079,41.47605351
