Y,A,A_rep,A_hid,L,Q,K,W,P,r,taua,abar,tauk,taul,WtaxRev,KtaxRev,WtaxRev_lost,KtaxRev_lost,G,lump_sum,ylbar,WtaxPct,ShelterPct,ShelterPctP99,TaxEvasionP99,ConcealPctP99,gini,p90,p99,p999,p9999,gini_total,p90_total,p99_total,p999_total,p9999_total,welfare,welfare0,approval,approval0,conceal_share_e,conceal_share_n,evasion_share_e,evasion_share_n,conceal_frac_e,conceal_frac_n,evasion_frac_e,evasion_frac_n,shelter_pct_e,shelter_pct_n,detection_rate,detection_revenue,wtax_evasion_elast
73.56081376,3.11336620,2.92032557,0.19304063,30.13270943,331.90241079,65.53369486,1.41590367,0.13821650,0.02969617,0.00905136,955.96255692,0.25000000,0.18606017,0.13802043,5.92264177,0.10068602,0.54108603,9.29156816,0.00054715,1.08952447,0.01486063,0.10391554,36.42649592,8.47640716,55.24197677,0.77084540,0.35199098,0.66005230,0.82688483,0.93659239,0.78501076,0.33016619,0.61917323,0.78010557,0.90847962,-23.71512156,-47.58295580,0.65594898,0.31381447,0.26076396,0.73923604,0.81994492,0.18005508,0.04949562,0.06807206,0.06203810,0.00805311,0.39130998,0.03452643,0.67181058,0.04569496,38.41073936
