Y,A,A_rep,A_hid,L,Q,K,W,P,r,taua,abar,tauk,taul,WtaxRev,KtaxRev,WtaxRev_lost,KtaxRev_lost,G,lump_sum,ylbar,WtaxPct,ShelterPct,ShelterPctP99,TaxEvasionP99,ConcealPctP99,gini,p90,p99,p999,p9999,gini_total,p90_total,p99_total,p999_total,p9999_total,welfare,welfare0,approval,approval0,conceal_share_e,conceal_share_n,evasion_share_e,evasion_share_n,conceal_frac_e,conceal_frac_n,evasion_frac_e,evasion_frac_n,shelter_pct_e,shelter_pct_n,detection_rate,detection_revenue,wtax_evasion_elast
65.58419175,2.85630543,2.85630543,0.00000000,29.60476841,258.88951463,50.99459466,1.28489375,0.15410736,0.04131353,0.03246191,35.24259639,0.25000000,0.18638978,1.79760255,6.92952224,0.00000000,0.00000000,9.18235041,0.01144833,1.01512040,0.63838005,0.00000000,0.00000000,0.00000000,0.00000000,0.75113974,0.38188513,0.70932892,0.84661980,0.93528729,0.75113974,0.38188513,0.70932892,0.84661980,0.93528729,-23.25000115,-46.21307629,0.85381709,0.50707538,-nan,-nan,-nan,-nan,0.00000000,0.00000000,0.00000000,0.00000000,0.00000000,0.00000000,-nan,0.00000000,13.40505690
