Y,A,A_rep,A_hid,L,Q,K,W,P,r,taua,abar,tauk,taul,WtaxRev,KtaxRev,WtaxRev_lost,KtaxRev_lost,G,lump_sum,ylbar,WtaxPct,ShelterPct,ShelterPctP99,TaxEvasionP99,ConcealPctP99,gini,p90,p99,p999,p9999,gini_total,p90_total,p99_total,p999_total,p9999_total,welfare,welfare0,approval,approval0,conceal_share_e,conceal_share_n,evasion_share_e,evasion_share_n,conceal_frac_e,conceal_frac_n,evasion_frac_e,evasion_frac_n,shelter_pct_e,shelter_pct_n,detection_rate,detection_revenue,wtax_evasion_elast
65.42630855,2.84825660,2.84825660,0.00000000,29.58481134,257.68620355,50.71160919,1.28266299,0.15438204,0.04160186,0.03300127,31.84410869,0.25000000,0.18641028,1.87801392,6.93961240,0.00000000,0.00000000,9.18235041,0.01184608,1.01512040,0.79151795,0.00000000,0.00000000,0.00000000,0.00000000,0.74958441,0.38431711,0.71155091,0.84643110,0.93509731,0.74958441,0.38431711,0.71155091,0.84643110,0.93509731,-23.23753119,-46.22423428,0.83838406,0.47196513,-nan,-nan,-nan,-nan,0.00000000,0.00000000,0.00000000,0.00000000,0.00000000,0.00000000,-nan,0.00000000,13.34708052
