Y,A,A_rep,A_hid,L,Q,K,W,P,r,taua,abar,tauk,taul,WtaxRev,KtaxRev,WtaxRev_lost,KtaxRev_lost,G,lump_sum,ylbar,WtaxPct,ShelterPct,ShelterPctP99,TaxEvasionP99,ConcealPctP99,gini,p90,p99,p999,p9999,gini_total,p90_total,p99_total,p999_total,p9999_total,welfare,welfare0,approval,approval0,conceal_share_e,conceal_share_n,evasion_share_e,evasion_share_n,conceal_frac_e,conceal_frac_n,evasion_frac_e,evasion_frac_n,shelter_pct_e,shelter_pct_n,detection_rate,detection_revenue,wtax_evasion_elast
65.23284780,2.84119328,2.84119328,0.00000000,29.55435136,256.21607393,50.44565739,1.28018013,0.15471923,0.04181193,0.03793214,35.55877635,0.25000000,0.18643961,1.97922644,6.94862997,0.00000000,0.00000000,9.18235041,0.01231869,1.01512040,0.62163223,0.00000000,0.00000000,0.00000000,0.00000000,0.74774683,0.38704420,0.71814349,0.85276473,0.93754652,0.74774683,0.38704420,0.71814349,0.85276473,0.93754652,-23.21841566,-46.22310914,0.82505986,0.45922828,-nan,-nan,-nan,-nan,0.00000000,0.00000000,0.00000000,0.00000000,0.00000000,0.00000000,-nan,0.00000000,13.05591518
