Y,A,A_rep,A_hid,L,Q,K,W,P,r,taua,abar,tauk,taul,WtaxRev,KtaxRev,WtaxRev_lost,KtaxRev_lost,G,lump_sum,ylbar,WtaxPct,ShelterPct,ShelterPctP99,TaxEvasionP99,ConcealPctP99,gini,p90,p99,p999,p9999,gini_total,p90_total,p99_total,p999_total,p9999_total,welfare,welfare0,approval,approval0,conceal_share_e,conceal_share_n,evasion_share_e,evasion_share_n,conceal_frac_e,conceal_frac_n,evasion_frac_e,evasion_frac_n,shelter_pct_e,shelter_pct_n,detection_rate,detection_revenue,wtax_evasion_elast
65.36925867,2.84928561,2.84928561,0.00000000,29.57178511,257.18068213,50.75363100,1.28209707,0.15451879,0.04144534,0.04492794,56.82300883,0.25000000,0.18639596,1.87539723,6.93854355,0.00000000,0.00000000,9.18235041,0.01151221,1.01512040,0.36636048,0.00000000,0.00000000,0.00000000,0.00000000,0.74905163,0.38467868,0.71850778,0.86245966,0.94208612,0.74905163,0.38467868,0.71850778,0.86245966,0.94208612,-23.26529114,-46.28479884,0.81491500,0.44685202,-nan,-nan,-nan,-nan,0.00000000,0.00000000,0.00000000,0.00000000,0.00000000,0.00000000,-nan,0.00000000,12.73806918
