Y,A,A_rep,A_hid,L,Q,K,W,P,r,taua,abar,tauk,taul,WtaxRev,KtaxRev,WtaxRev_lost,KtaxRev_lost,G,lump_sum,ylbar,WtaxPct,ShelterPct,ShelterPctP99,TaxEvasionP99,ConcealPctP99,gini,p90,p99,p999,p9999,gini_total,p90_total,p99_total,p999_total,p9999_total,welfare,welfare0,approval,approval0,conceal_share_e,conceal_share_n,evasion_share_e,evasion_share_n,conceal_frac_e,conceal_frac_n,evasion_frac_e,evasion_frac_n,shelter_pct_e,shelter_pct_n,detection_rate,detection_revenue,wtax_evasion_elast
73.71077760,3.12009154,2.94563952,0.17445202,30.15363354,333.24710091,65.75042208,1.41782127,0.13799680,0.02959634,0.00211199,646.07040548,0.25000000,0.18604118,0.04857845,5.93102152,0.02508676,0.53835213,9.29156816,-0.00002133,1.08952447,0.02815179,0.10145416,31.92479082,8.09917173,53.55264350,0.77287385,0.34888527,0.65333101,0.81747247,0.92838107,0.78553218,0.32937824,0.61684518,0.77613737,0.90443718,-23.73572507,-47.60397114,0.08757005,0.00891360,0.26764983,0.73235017,0.89522435,0.10477565,0.04583811,0.06079576,0.06005583,0.00413616,0.38574877,0.03281349,0.67960250,0.04167920,76.96244501
