Y,A,A_rep,A_hid,L,Q,K,W,P,r,taua,abar,tauk,taul,WtaxRev,KtaxRev,WtaxRev_lost,KtaxRev_lost,G,lump_sum,ylbar,WtaxPct,ShelterPct,ShelterPctP99,TaxEvasionP99,ConcealPctP99,gini,p90,p99,p999,p9999,gini_total,p90_total,p99_total,p999_total,p9999_total,welfare,welfare0,approval,approval0,conceal_share_e,conceal_share_n,evasion_share_e,evasion_share_n,conceal_frac_e,conceal_frac_n,evasion_frac_e,evasion_frac_n,shelter_pct_e,shelter_pct_n,detection_rate,detection_revenue,wtax_evasion_elast
65.59334950,2.85579186,2.85579186,0.00000000,29.60802038,258.95383365,50.98388480,1.28492698,0.15409379,0.04134509,0.03108670,32.75120795,0.25000000,0.18638706,1.79086486,6.93024235,0.00000000,0.00000000,9.18235041,0.01141906,1.01512040,0.81485477,0.00000000,0.00000000,0.00000000,0.00000000,0.75115768,0.38185475,0.70786386,0.84440404,0.93440080,0.75115768,0.38185475,0.70786386,0.84440404,0.93440080,-23.25256094,-46.21900338,0.85308541,0.50602253,-nan,-nan,-nan,-nan,0.00000000,0.00000000,0.00000000,0.00000000,0.00000000,0.00000000,-nan,0.00000000,13.45816280
