Y,A,A_rep,A_hid,L,Q,K,W,P,r,taua,abar,tauk,taul,WtaxRev,KtaxRev,WtaxRev_lost,KtaxRev_lost,G,lump_sum,ylbar,WtaxPct,ShelterPct,ShelterPctP99,TaxEvasionP99,ConcealPctP99,gini,p90,p99,p999,p9999,gini_total,p90_total,p99_total,p999_total,p9999_total,welfare,welfare0,approval,approval0,conceal_share_e,conceal_share_n,evasion_share_e,evasion_share_n,conceal_frac_e,conceal_frac_n,evasion_frac_e,evasion_frac_n,shelter_pct_e,shelter_pct_n,detection_rate,detection_revenue,wtax_evasion_elast
65.60536059,2.85723123,2.85723123,0.00000000,29.60757353,259.05168558,51.02603770,1.28517986,0.15406941,0.04128622,0.03212104,35.19310421,0.25000000,0.18638805,1.78593585,6.92849008,0.00000000,0.00000000,9.18235041,0.01139990,1.01512040,0.63911183,0.00000000,0.00000000,0.00000000,0.00000000,0.75135610,0.38151440,0.70877932,0.84621706,0.93512862,0.75135610,0.38151440,0.70877932,0.84621706,0.93512862,-23.25123326,-46.21169016,0.85600996,0.50999923,-nan,-nan,-nan,-nan,0.00000000,0.00000000,0.00000000,0.00000000,0.00000000,0.00000000,-nan,0.00000000,13.42715249
