Y,A,A_rep,A_hid,L,Q,K,W,P,r,taua,abar,tauk,taul,WtaxRev,KtaxRev,WtaxRev_lost,KtaxRev_lost,G,lump_sum,ylbar,WtaxPct,ShelterPct,ShelterPctP99,TaxEvasionP99,ConcealPctP99,gini,p90,p99,p999,p9999,gini_total,p90_total,p99_total,p999_total,p9999_total,welfare,welfare0,approval,approval0,conceal_share_e,conceal_share_n,evasion_share_e,evasion_share_n,conceal_frac_e,conceal_frac_n,evasion_frac_e,evasion_frac_n,shelter_pct_e,shelter_pct_n,detection_rate,detection_revenue,wtax_evasion_elast
59.89045412,2.46775442,2.46775442,0.00000000,29.39092536,213.78884795,38.57613125,1.18187580,0.16718451,0.06022923,0.03276451,2.32090895,0.25000000,0.18681023,4.60680900,7.41533351,0.00000000,0.00000000,9.18235041,0.02278960,1.01512040,23.73908273,0.00000000,0.00000000,0.00000000,0.00000000,0.72027514,0.38534443,0.64216164,0.79110468,0.91385011,0.72027514,0.38534443,0.64216164,0.79110468,0.91385011,-23.82493456,-48.78740926,0.48138241,0.13479823,-nan,-nan,-nan,-nan,0.00000000,0.00000000,0.00000000,0.00000000,0.00000000,0.00000000,-nan,0.00000000,16.10887161
