Y,A,A_rep,A_hid,L,Q,K,W,P,r,taua,abar,tauk,taul,WtaxRev,KtaxRev,WtaxRev_lost,KtaxRev_lost,G,lump_sum,ylbar,WtaxPct,ShelterPct,ShelterPctP99,TaxEvasionP99,ConcealPctP99,gini,p90,p99,p999,p9999,gini_total,p90_total,p99_total,p999_total,p9999_total,welfare,welfare0,approval,approval0,conceal_share_e,conceal_share_n,evasion_share_e,evasion_share_n,conceal_frac_e,conceal_frac_n,evasion_frac_e,evasion_frac_n,shelter_pct_e,shelter_pct_n,detection_rate,detection_revenue,wtax_evasion_elast
73.53879674,3.11244009,2.92129209,0.19114800,30.12969168,331.72114579,65.49486579,1.41563324,0.13824426,0.02972023,0.01034362,1018.83267773,0.25000000,0.18606237,0.14869227,5.92459457,0.10994109,0.54139391,9.29156816,0.00063525,1.08952447,0.01322557,0.10375125,36.13623456,8.57319790,55.15523759,0.77082969,0.35200914,0.66009685,0.82703840,0.93719054,0.78486107,0.33039078,0.61960492,0.78073573,0.90910457,-23.71070766,-47.57772934,0.67359490,0.32988539,0.26114033,0.73885967,0.81100544,0.18899456,0.04909865,0.06738841,0.06219720,0.00857190,0.39035106,0.03455400,0.67291534,0.04645095,35.42653943
