Y,A,A_rep,A_hid,L,Q,K,W,P,r,taua,abar,tauk,taul,WtaxRev,KtaxRev,WtaxRev_lost,KtaxRev_lost,G,lump_sum,ylbar,WtaxPct,ShelterPct,ShelterPctP99,TaxEvasionP99,ConcealPctP99,gini,p90,p99,p999,p9999,gini_total,p90_total,p99_total,p999_total,p9999_total,welfare,welfare0,approval,approval0,conceal_share_e,conceal_share_n,evasion_share_e,evasion_share_n,conceal_frac_e,conceal_frac_n,evasion_frac_e,evasion_frac_n,shelter_pct_e,shelter_pct_n,detection_rate,detection_revenue,wtax_evasion_elast
65.57912331,2.85612052,2.85612052,0.00000000,29.60372712,258.85472420,50.98617277,1.28483746,0.15411383,0.04132140,0.03265188,35.54799805,0.25000000,0.18639054,1.80041677,6.92979372,0.00000000,0.00000000,9.18235041,0.01146338,1.01512040,0.64002564,0.00000000,0.00000000,0.00000000,0.00000000,0.75107506,0.38210767,0.70953817,0.84688287,0.93539835,0.75107506,0.38210767,0.70953817,0.84688287,0.93539835,-23.24893221,-46.21199768,0.85383164,0.50707567,-nan,-nan,-nan,-nan,0.00000000,0.00000000,0.00000000,0.00000000,0.00000000,0.00000000,-nan,0.00000000,13.38842757
