Y,A,A_rep,A_hid,L,Q,K,W,P,r,taua,abar,tauk,taul,WtaxRev,KtaxRev,WtaxRev_lost,KtaxRev_lost,G,lump_sum,ylbar,WtaxPct,ShelterPct,ShelterPctP99,TaxEvasionP99,ConcealPctP99,gini,p90,p99,p999,p9999,gini_total,p90_total,p99_total,p999_total,p9999_total,welfare,welfare0,approval,approval0,conceal_share_e,conceal_share_n,evasion_share_e,evasion_share_n,conceal_frac_e,conceal_frac_n,evasion_frac_e,evasion_frac_n,shelter_pct_e,shelter_pct_n,detection_rate,detection_revenue,wtax_evasion_elast
64.94221743,2.82876970,2.82876970,0.00000000,29.51420437,253.98364977,50.01178764,1.27622160,0.15524931,0.04219670,0.04259298,35.23950975,0.25000000,0.18647499,2.12517158,6.96396545,0.00000000,0.00000000,9.18235041,0.01293715,1.01512040,0.60346679,0.00000000,0.00000000,0.00000000,0.00000000,0.74503690,0.39124802,0.72529417,0.85763920,0.93930558,0.74503690,0.39124802,0.72529417,0.85763920,0.93930558,-23.20386320,-46.25374962,0.80420335,0.43326219,-nan,-nan,-nan,-nan,0.00000000,0.00000000,0.00000000,0.00000000,0.00000000,0.00000000,-nan,0.00000000,12.78426617
