Y,A,A_rep,A_hid,L,Q,K,W,P,r,taua,abar,tauk,taul,WtaxRev,KtaxRev,WtaxRev_lost,KtaxRev_lost,G,lump_sum,ylbar,WtaxPct,ShelterPct,ShelterPctP99,TaxEvasionP99,ConcealPctP99,gini,p90,p99,p999,p9999,gini_total,p90_total,p99_total,p999_total,p9999_total,welfare,welfare0,approval,approval0,conceal_share_e,conceal_share_n,evasion_share_e,evasion_share_n,conceal_frac_e,conceal_frac_n,evasion_frac_e,evasion_frac_n,shelter_pct_e,shelter_pct_n,detection_rate,detection_revenue,wtax_evasion_elast
65.58814045,2.85636918,2.85636918,0.00000000,29.60556204,258.92123760,50.99795345,1.28493979,0.15410008,0.04131327,0.03223471,34.91253177,0.25000000,0.18638875,1.79483382,6.92943078,0.00000000,0.00000000,9.18235041,0.01143410,1.01512040,0.85685066,0.00000000,0.00000000,0.00000000,0.00000000,0.75116756,0.38187765,0.70904701,0.84628285,0.93514369,0.75116756,0.38187765,0.70904701,0.84628285,0.93514369,-23.25069870,-46.21402917,0.85428677,0.50676051,-nan,-nan,-nan,-nan,0.00000000,0.00000000,0.00000000,0.00000000,0.00000000,0.00000000,-nan,0.00000000,13.41618692
