Y,A,A_rep,A_hid,L,Q,K,W,P,r,taua,abar,tauk,taul,WtaxRev,KtaxRev,WtaxRev_lost,KtaxRev_lost,G,lump_sum,ylbar,WtaxPct,ShelterPct,ShelterPctP99,TaxEvasionP99,ConcealPctP99,gini,p90,p99,p999,p9999,gini_total,p90_total,p99_total,p999_total,p9999_total,welfare,welfare0,approval,approval0,conceal_share_e,conceal_share_n,evasion_share_e,evasion_share_n,conceal_frac_e,conceal_frac_n,evasion_frac_e,evasion_frac_n,shelter_pct_e,shelter_pct_n,detection_rate,detection_revenue,wtax_evasion_elast
73.40391950,3.10863318,2.87342524,0.23520794,30.12518327,329.93818570,65.62152906,1.41325566,0.13866238,0.02942084,0.01702689,803.69626317,0.25000000,0.18606372,0.20714484,5.88848539,0.26266746,0.55067413,9.29156816,0.00064425,1.08952447,0.01652344,0.10779511,62.63692580,11.52989659,54.23863427,0.76828244,0.35613184,0.67046142,0.84365460,0.94930141,0.78576825,0.32918590,0.61979258,0.78435399,0.91369971,-23.76154785,-47.68661841,0.41040318,0.03281073,0.29449133,0.70550867,0.73251495,0.26748505,0.06794799,0.07942715,0.06924696,0.01507473,0.40111496,0.03697536,0.66946215,0.06802849,39.88601874
