Y,A,A_rep,A_hid,L,Q,K,W,P,r,taua,abar,tauk,taul,WtaxRev,KtaxRev,WtaxRev_lost,KtaxRev_lost,G,lump_sum,ylbar,WtaxPct,ShelterPct,ShelterPctP99,TaxEvasionP99,ConcealPctP99,gini,p90,p99,p999,p9999,gini_total,p90_total,p99_total,p999_total,p9999_total,welfare,welfare0,approval,approval0,conceal_share_e,conceal_share_n,evasion_share_e,evasion_share_n,conceal_frac_e,conceal_frac_n,evasion_frac_e,evasion_frac_n,shelter_pct_e,shelter_pct_n,detection_rate,detection_revenue,wtax_evasion_elast
65.56908036,2.85571668,2.85571668,0.00000000,29.60216142,258.77441280,50.96919981,1.28469684,0.15413181,0.04133695,0.03275498,35.46126630,0.25000000,0.18639303,1.80531392,6.93050957,0.00000000,0.00000000,9.18235041,0.01149695,1.01512040,0.63894169,0.00000000,0.00000000,0.00000000,0.00000000,0.75099499,0.38223690,0.70976140,0.84697518,0.93542623,0.75099499,0.38223690,0.70976140,0.84697518,0.93542623,-23.24725034,-46.21077609,0.85372617,0.50667878,-nan,-nan,-nan,-nan,0.00000000,0.00000000,0.00000000,0.00000000,0.00000000,0.00000000,-nan,0.00000000,13.38262913
