Y,A,A_rep,A_hid,L,Q,K,W,P,r,taua,abar,tauk,taul,WtaxRev,KtaxRev,WtaxRev_lost,KtaxRev_lost,G,lump_sum,ylbar,WtaxPct,ShelterPct,ShelterPctP99,TaxEvasionP99,ConcealPctP99,gini,p90,p99,p999,p9999,gini_total,p90_total,p99_total,p999_total,p9999_total,welfare,welfare0,approval,approval0,conceal_share_e,conceal_share_n,evasion_share_e,evasion_share_n,conceal_frac_e,conceal_frac_n,evasion_frac_e,evasion_frac_n,shelter_pct_e,shelter_pct_n,detection_rate,detection_revenue,wtax_evasion_elast
65.23042408,2.83401782,2.83401782,0.00000000,29.57263431,256.14093609,50.24454997,1.27935356,0.15475585,0.04217690,0.03000000,22.89724784,0.25000000,0.18641396,1.95381409,6.95736098,0.00000000,0.00000000,9.18235041,0.01210572,1.01512040,1.45857882,0.00000000,0.00000000,0.00000000,0.00000000,0.74689868,0.38874877,0.70753367,0.84000657,0.93242499,0.74689868,0.38874877,0.70753367,0.84000657,0.93242499,-23.24313353,-46.29588066,0.80685568,0.43609145,-nan,-nan,-nan,-nan,0.00000000,0.00000000,0.00000000,0.00000000,0.00000000,0.00000000,-nan,0.00000000,13.75635764
