Y,A,A_rep,A_hid,L,Q,K,W,P,r,taua,abar,tauk,taul,WtaxRev,KtaxRev,WtaxRev_lost,KtaxRev_lost,G,lump_sum,ylbar,WtaxPct,ShelterPct,ShelterPctP99,TaxEvasionP99,ConcealPctP99,gini,p90,p99,p999,p9999,gini_total,p90_total,p99_total,p999_total,p9999_total,welfare,welfare0,approval,approval0,conceal_share_e,conceal_share_n,evasion_share_e,evasion_share_n,conceal_frac_e,conceal_frac_n,evasion_frac_e,evasion_frac_n,shelter_pct_e,shelter_pct_n,detection_rate,detection_revenue,wtax_evasion_elast
65.58683630,2.85638579,2.85638579,0.00000000,29.60515551,258.91130504,50.99805949,1.28493044,0.15410213,0.04131114,0.03238848,35.13810087,0.25000000,0.18638935,1.79650682,6.92941459,0.00000000,0.00000000,9.18235041,0.01144604,1.01512040,0.63750972,0.00000000,0.00000000,0.00000000,0.00000000,0.75116597,0.38186905,0.70923275,0.84649739,0.93523153,0.75116597,0.38186905,0.70923275,0.84649739,0.93523153,-23.24990786,-46.21234767,0.85482367,0.50707570,-nan,-nan,-nan,-nan,0.00000000,0.00000000,0.00000000,0.00000000,0.00000000,0.00000000,-nan,0.00000000,13.40800401
