Y,A,A_rep,A_hid,L,Q,K,W,P,r,taua,abar,tauk,taul,WtaxRev,KtaxRev,WtaxRev_lost,KtaxRev_lost,G,lump_sum,ylbar,WtaxPct,ShelterPct,ShelterPctP99,TaxEvasionP99,ConcealPctP99,gini,p90,p99,p999,p9999,gini_total,p90_total,p99_total,p999_total,p9999_total,welfare,welfare0,approval,approval0,conceal_share_e,conceal_share_n,evasion_share_e,evasion_share_n,conceal_frac_e,conceal_frac_n,evasion_frac_e,evasion_frac_n,shelter_pct_e,shelter_pct_n,detection_rate,detection_revenue,wtax_evasion_elast
65.53951513,2.85466714,2.85466714,0.00000000,29.59721525,258.55963332,50.92567904,1.28433633,0.15417804,0.04137412,0.03388379,37.41742747,0.25000000,0.18639501,1.81799866,6.93180287,0.00000000,0.00000000,9.18235041,0.01153056,1.01512040,0.65141795,0.00000000,0.00000000,0.00000000,0.00000000,0.75066998,0.38255449,0.71097581,0.84855045,0.93609232,0.75066998,0.38255449,0.71097581,0.84855045,0.93609232,-23.24659894,-46.21555097,0.85039831,0.50167828,-nan,-nan,-nan,-nan,0.00000000,0.00000000,0.00000000,0.00000000,0.00000000,0.00000000,-nan,0.00000000,13.29744090
