Y,A,A_rep,A_hid,L,Q,K,W,P,r,taua,abar,tauk,taul,WtaxRev,KtaxRev,WtaxRev_lost,KtaxRev_lost,G,lump_sum,ylbar,WtaxPct,ShelterPct,ShelterPctP99,TaxEvasionP99,ConcealPctP99,gini,p90,p99,p999,p9999,gini_total,p90_total,p99_total,p999_total,p9999_total,welfare,welfare0,approval,approval0,conceal_share_e,conceal_share_n,evasion_share_e,evasion_share_n,conceal_frac_e,conceal_frac_n,evasion_frac_e,evasion_frac_n,shelter_pct_e,shelter_pct_n,detection_rate,detection_revenue,wtax_evasion_elast
65.59275572,2.85674239,2.85674239,0.00000000,29.60566327,258.95436206,51.00765457,1.28501330,0.15409160,0.04130139,0.03237511,35.38697804,0.25000000,0.18638971,1.79273489,6.92915462,0.00000000,0.00000000,9.18235041,0.01143376,1.01512040,0.63967587,0.00000000,0.00000000,0.00000000,0.00000000,0.75123377,0.38176268,0.70909858,0.84653330,0.93525933,0.75123377,0.38176268,0.70909858,0.84653330,0.93525933,-23.24990340,-46.21108410,0.85544629,0.50995681,-nan,-nan,-nan,-nan,0.00000000,0.00000000,0.00000000,0.00000000,0.00000000,0.00000000,-nan,0.00000000,13.40610809
