Y,A,A_rep,A_hid,L,Q,K,W,P,r,taua,abar,tauk,taul,WtaxRev,KtaxRev,WtaxRev_lost,KtaxRev_lost,G,lump_sum,ylbar,WtaxPct,ShelterPct,ShelterPctP99,TaxEvasionP99,ConcealPctP99,gini,p90,p99,p999,p9999,gini_total,p90_total,p99_total,p999_total,p9999_total,welfare,welfare0,approval,approval0,conceal_share_e,conceal_share_n,evasion_share_e,evasion_share_n,conceal_frac_e,conceal_frac_n,evasion_frac_e,evasion_frac_n,shelter_pct_e,shelter_pct_n,detection_rate,detection_revenue,wtax_evasion_elast
64.88435488,2.82744051,2.82744051,0.00000000,29.50486424,253.50798902,49.97380071,1.27549049,0.15537283,0.04218454,0.04742945,41.89444417,0.25000000,0.18647006,2.13910677,6.96523285,0.00000000,0.00000000,9.18235041,0.01283798,1.01512040,0.50060470,0.00000000,0.00000000,0.00000000,0.00000000,0.74454903,0.39186234,0.72863743,0.86348283,0.94186546,0.74454903,0.39186234,0.72863743,0.86348283,0.94186546,-23.21731088,-46.29162733,0.79453122,0.42067019,-nan,-nan,-nan,-nan,0.00000000,0.00000000,0.00000000,0.00000000,0.00000000,0.00000000,-nan,0.00000000,12.52173131
