Y,A,A_rep,A_hid,L,Q,K,W,P,r,taua,abar,tauk,taul,WtaxRev,KtaxRev,WtaxRev_lost,KtaxRev_lost,G,lump_sum,ylbar,WtaxPct,ShelterPct,ShelterPctP99,TaxEvasionP99,ConcealPctP99,gini,p90,p99,p999,p9999,gini_total,p90_total,p99_total,p999_total,p9999_total,welfare,welfare0,approval,approval0,conceal_share_e,conceal_share_n,evasion_share_e,evasion_share_n,conceal_frac_e,conceal_frac_n,evasion_frac_e,evasion_frac_n,shelter_pct_e,shelter_pct_n,detection_rate,detection_revenue,wtax_evasion_elast
73.44338309,3.11055019,2.90755985,0.20299034,30.12514196,330.46069851,65.60211195,1.41400625,0.13853851,0.02948650,0.02000000,1325.96998430,0.25000000,0.18606565,0.16862852,5.92447599,0.21678522,0.53615528,9.29156816,0.00075323,1.08952447,0.00913552,0.10476769,54.30631251,10.91319507,50.80342253,0.77074260,0.35229325,0.66262586,0.83291514,0.94739505,0.78566152,0.32930307,0.61944350,0.78301034,0.91294779,-23.73858523,-47.63674362,0.48749307,0.08998195,0.31055091,0.68944909,0.76233393,0.23766607,0.06186357,0.06691274,0.06697231,0.01242278,0.39541675,0.03459278,0.66815693,0.06350587,36.12666260
