Y,A,A_rep,A_hid,L,Q,K,W,P,r,taua,abar,tauk,taul,WtaxRev,KtaxRev,WtaxRev_lost,KtaxRev_lost,G,lump_sum,ylbar,WtaxPct,ShelterPct,ShelterPctP99,TaxEvasionP99,ConcealPctP99,gini,p90,p99,p999,p9999,gini_total,p90_total,p99_total,p999_total,p9999_total,welfare,welfare0,approval,approval0,conceal_share_e,conceal_share_n,evasion_share_e,evasion_share_n,conceal_frac_e,conceal_frac_n,evasion_frac_e,evasion_frac_n,shelter_pct_e,shelter_pct_n,detection_rate,detection_revenue,wtax_evasion_elast
65.56659743,2.85569874,2.85569874,0.00000000,29.60154571,258.75764413,50.96687449,1.28467479,0.15413495,0.04133766,0.03306320,36.27590377,0.25000000,0.18639245,1.80547691,6.93054401,0.00000000,0.00000000,9.18235041,0.01148704,1.01512040,0.64449375,0.00000000,0.00000000,0.00000000,0.00000000,0.75094777,0.38224306,0.71004428,0.84745351,0.93564801,0.75094777,0.38224306,0.71004428,0.84745351,0.93564801,-23.24777534,-46.21235226,0.85314712,0.50629903,-nan,-nan,-nan,-nan,0.00000000,0.00000000,0.00000000,0.00000000,0.00000000,0.00000000,-nan,0.00000000,13.35221438
