Y,A,A_rep,A_hid,L,Q,K,W,P,r,taua,abar,tauk,taul,WtaxRev,KtaxRev,WtaxRev_lost,KtaxRev_lost,G,lump_sum,ylbar,WtaxPct,ShelterPct,ShelterPctP99,TaxEvasionP99,ConcealPctP99,gini,p90,p99,p999,p9999,gini_total,p90_total,p99_total,p999_total,p9999_total,welfare,welfare0,approval,approval0,conceal_share_e,conceal_share_n,evasion_share_e,evasion_share_n,conceal_frac_e,conceal_frac_n,evasion_frac_e,evasion_frac_n,shelter_pct_e,shelter_pct_n,detection_rate,detection_revenue,wtax_evasion_elast
65.84261711,2.86789197,2.86789197,0.00000000,29.64112740,260.84909186,51.41038924,1.28835917,0.15366626,0.04093077,0.03000000,39.29635292,0.25000000,0.18634974,1.65252242,6.91525384,0.00000000,0.00000000,9.18235041,0.01065554,1.01512040,0.68126222,0.00000000,0.00000000,0.00000000,0.00000000,0.75361830,0.37797521,0.70368193,0.84435200,0.93461187,0.75361830,0.37797521,0.70368193,0.84435200,0.93461187,-23.28412409,-46.23009435,0.87430371,0.60301354,-nan,-nan,-nan,-nan,0.00000000,0.00000000,0.00000000,0.00000000,0.00000000,0.00000000,-nan,0.00000000,13.56539436
