Y,A,A_rep,A_hid,L,Q,K,W,P,r,taua,abar,tauk,taul,WtaxRev,KtaxRev,WtaxRev_lost,KtaxRev_lost,G,lump_sum,ylbar,WtaxPct,ShelterPct,ShelterPctP99,TaxEvasionP99,ConcealPctP99,gini,p90,p99,p999,p9999,gini_total,p90_total,p99_total,p999_total,p9999_total,welfare,welfare0,approval,approval0,conceal_share_e,conceal_share_n,evasion_share_e,evasion_share_n,conceal_frac_e,conceal_frac_n,evasion_frac_e,evasion_frac_n,shelter_pct_e,shelter_pct_n,detection_rate,detection_revenue,wtax_evasion_elast
65.52914782,2.85391578,2.85391578,0.00000000,29.59665107,258.47963636,50.90611181,1.28417276,0.15419842,0.04139587,0.03332150,35.39710584,0.25000000,0.18639780,1.82614738,6.93241867,0.00000000,0.00000000,9.18235041,0.01158601,1.01512040,0.63661242,0.00000000,0.00000000,0.00000000,0.00000000,0.75062868,0.38267701,0.71073786,0.84762985,0.93567692,0.75062868,0.38267701,0.71073786,0.84762985,0.93567692,-23.24492173,-46.21434309,0.85049550,0.50156464,-nan,-nan,-nan,-nan,0.00000000,0.00000000,0.00000000,0.00000000,0.00000000,0.00000000,-nan,0.00000000,13.35073551
