Y,A,A_rep,A_hid,L,Q,K,W,P,r,taua,abar,tauk,taul,WtaxRev,KtaxRev,WtaxRev_lost,KtaxRev_lost,G,lump_sum,ylbar,WtaxPct,ShelterPct,ShelterPctP99,TaxEvasionP99,ConcealPctP99,gini,p90,p99,p999,p9999,gini_total,p90_total,p99_total,p999_total,p9999_total,welfare,welfare0,approval,approval0,conceal_share_e,conceal_share_n,evasion_share_e,evasion_share_n,conceal_frac_e,conceal_frac_n,evasion_frac_e,evasion_frac_n,shelter_pct_e,shelter_pct_n,detection_rate,detection_revenue,wtax_evasion_elast
73.63807747,3.11646454,2.92433143,0.19213310,30.14366575,332.58904836,65.65166530,1.41688932,0.13810594,0.02963732,0.00513103,764.98549249,0.25000000,0.18604967,0.09676540,5.92227287,0.06277866,0.53833574,9.29156816,0.00025822,1.08952447,0.02147908,0.10289363,34.22504098,8.27410835,55.80752613,0.77123576,0.35134598,0.65851355,0.82450933,0.93349356,0.78529655,0.32968515,0.61796126,0.77811339,0.90646430,-23.72637914,-47.59442519,0.52359980,0.11574414,0.26232989,0.73767011,0.85905034,0.14094966,0.04951406,0.06753828,0.06117733,0.00592165,0.38898810,0.03381839,0.67562895,0.04417426,52.15775370
