Y,A,A_rep,A_hid,L,Q,K,W,P,r,taua,abar,tauk,taul,WtaxRev,KtaxRev,WtaxRev_lost,KtaxRev_lost,G,lump_sum,ylbar,WtaxPct,ShelterPct,ShelterPctP99,TaxEvasionP99,ConcealPctP99,gini,p90,p99,p999,p9999,gini_total,p90_total,p99_total,p999_total,p9999_total,welfare,welfare0,approval,approval0,conceal_share_e,conceal_share_n,evasion_share_e,evasion_share_n,conceal_frac_e,conceal_frac_n,evasion_frac_e,evasion_frac_n,shelter_pct_e,shelter_pct_n,detection_rate,detection_revenue,wtax_evasion_elast
73.41956636,3.10938947,2.88690141,0.22248806,30.12332699,330.20316650,65.59706692,1.41365133,0.13859243,0.02946778,0.01725847,934.83102158,0.25000000,0.18606808,0.19489417,5.90883526,0.23908706,0.53832147,9.29156816,0.00079344,1.08952447,0.01352563,0.10634646,59.60280228,10.80864503,53.27369444,0.76923524,0.35464610,0.66735354,0.83924030,0.94833253,0.78570254,0.32926989,0.61966246,0.78366194,0.91316158,-23.74207260,-47.64580159,0.47714870,0.07327371,0.29636994,0.70363006,0.74239302,0.25760698,0.06470535,0.07489224,0.06720693,0.01388619,0.39722915,0.03611515,0.66194238,0.06395119,38.36881852
