Y,A,A_rep,A_hid,L,Q,K,W,P,r,taua,abar,tauk,taul,WtaxRev,KtaxRev,WtaxRev_lost,KtaxRev_lost,G,lump_sum,ylbar,WtaxPct,ShelterPct,ShelterPctP99,TaxEvasionP99,ConcealPctP99,gini,p90,p99,p999,p9999,gini_total,p90_total,p99_total,p999_total,p9999_total,welfare,welfare0,approval,approval0,conceal_share_e,conceal_share_n,evasion_share_e,evasion_share_n,conceal_frac_e,conceal_frac_n,evasion_frac_e,evasion_frac_n,shelter_pct_e,shelter_pct_n,detection_rate,detection_revenue,wtax_evasion_elast
65.61793988,2.85778029,2.85778029,0.00000000,29.60927746,259.14912854,51.04533276,1.28535184,0.15404676,0.04126919,0.03198876,35.35476540,0.25000000,0.18638618,1.77931950,6.92783029,0.00000000,0.00000000,9.18235041,0.01136654,1.01512040,0.64084392,0.00000000,0.00000000,0.00000000,0.00000000,0.75149607,0.38130643,0.70840772,0.84607380,0.93508230,0.75149607,0.38130643,0.70840772,0.84607380,0.93508230,-23.25271731,-46.21182798,0.85760750,0.51001861,-nan,-nan,-nan,-nan,0.00000000,0.00000000,0.00000000,0.00000000,0.00000000,0.00000000,-nan,0.00000000,13.42803540
