Y,A,A_rep,A_hid,L,Q,K,W,P,r,taua,abar,tauk,taul,WtaxRev,KtaxRev,WtaxRev_lost,KtaxRev_lost,G,lump_sum,ylbar,WtaxPct,ShelterPct,ShelterPctP99,TaxEvasionP99,ConcealPctP99,gini,p90,p99,p999,p9999,gini_total,p90_total,p99_total,p999_total,p9999_total,welfare,welfare0,approval,approval0,conceal_share_e,conceal_share_n,evasion_share_e,evasion_share_n,conceal_frac_e,conceal_frac_n,evasion_frac_e,evasion_frac_n,shelter_pct_e,shelter_pct_n,detection_rate,detection_revenue,wtax_evasion_elast
65.52947877,2.85347839,2.85347839,0.00000000,29.59773470,258.47501913,50.89413994,1.28412385,0.15420064,0.04141722,0.03266848,34.13289209,0.25000000,0.18639710,1.82539313,6.93311742,0.00000000,0.00000000,9.18235041,0.01158717,1.01512040,0.83722409,0.00000000,0.00000000,0.00000000,0.00000000,0.75055240,0.38277235,0.71012741,0.84661215,0.93525495,0.75055240,0.38277235,0.71012741,0.84661215,0.93525495,-23.24503850,-46.21597668,0.84898271,0.49943420,-nan,-nan,-nan,-nan,0.00000000,0.00000000,0.00000000,0.00000000,0.00000000,0.00000000,-nan,0.00000000,13.36982509
