Y,A,A_rep,A_hid,L,Q,K,W,P,r,taua,abar,tauk,taul,WtaxRev,KtaxRev,WtaxRev_lost,KtaxRev_lost,G,lump_sum,ylbar,WtaxPct,ShelterPct,ShelterPctP99,TaxEvasionP99,ConcealPctP99,gini,p90,p99,p999,p9999,gini_total,p90_total,p99_total,p999_total,p9999_total,welfare,welfare0,approval,approval0,conceal_share_e,conceal_share_n,evasion_share_e,evasion_share_n,conceal_frac_e,conceal_frac_n,evasion_frac_e,evasion_frac_n,shelter_pct_e,shelter_pct_n,detection_rate,detection_revenue,wtax_evasion_elast
65.54711690,2.85492751,2.85492751,0.00000000,29.59866010,258.61616049,50.93960023,1.28443307,0.15416683,0.04136048,0.03379241,37.47827026,0.25000000,0.18639322,1.81375540,6.93122257,0.00000000,0.00000000,9.18235041,0.01149760,1.01512040,0.65223934,0.00000000,0.00000000,0.00000000,0.00000000,0.75075072,0.38243730,0.71082347,0.84846484,0.93607501,0.75075072,0.38243730,0.71082347,0.84846484,0.93607501,-23.24885134,-46.21832529,0.84957413,0.50011829,-nan,-nan,-nan,-nan,0.00000000,0.00000000,0.00000000,0.00000000,0.00000000,0.00000000,-nan,0.00000000,13.30672594
