Y,A,A_rep,A_hid,L,Q,K,W,P,r,taua,abar,tauk,taul,WtaxRev,KtaxRev,WtaxRev_lost,KtaxRev_lost,G,lump_sum,ylbar,WtaxPct,ShelterPct,ShelterPctP99,TaxEvasionP99,ConcealPctP99,gini,p90,p99,p999,p9999,gini_total,p90_total,p99_total,p999_total,p9999_total,welfare,welfare0,approval,approval0,conceal_share_e,conceal_share_n,evasion_share_e,evasion_share_n,conceal_frac_e,conceal_frac_n,evasion_frac_e,evasion_frac_n,shelter_pct_e,shelter_pct_n,detection_rate,detection_revenue,wtax_evasion_elast
73.65236163,3.11728679,2.94104550,0.17624130,30.14561049,332.74795139,65.64874561,1.41708220,0.13807433,0.02965687,0.00503563,1085.23995833,0.25000000,0.18604863,0.07764526,5.93242761,0.04857088,0.53871455,9.29156816,0.00019457,1.08952447,0.01406206,0.10191325,32.70302478,8.27316852,54.87325357,0.77239055,0.34958799,0.65493849,0.81972142,0.93291233,0.78521837,0.32982342,0.61795552,0.77779141,0.90618383,-23.72684509,-47.59448694,0.50013803,0.10001126,0.26963473,0.73036527,0.87305676,0.12694324,0.04668802,0.06131154,0.06084981,0.00521326,0.38798391,0.03284376,0.68080186,0.04360641,50.65828392
