Y,A,A_rep,A_hid,L,Q,K,W,P,r,taua,abar,tauk,taul,WtaxRev,KtaxRev,WtaxRev_lost,KtaxRev_lost,G,lump_sum,ylbar,WtaxPct,ShelterPct,ShelterPctP99,TaxEvasionP99,ConcealPctP99,gini,p90,p99,p999,p9999,gini_total,p90_total,p99_total,p999_total,p9999_total,welfare,welfare0,approval,approval0,conceal_share_e,conceal_share_n,evasion_share_e,evasion_share_n,conceal_frac_e,conceal_frac_n,evasion_frac_e,evasion_frac_n,shelter_pct_e,shelter_pct_n,detection_rate,detection_revenue,wtax_evasion_elast
65.61695605,2.85771769,2.85771769,0.00000000,29.60919110,259.13909842,51.04371844,1.28533343,0.15404944,0.04127048,0.03192906,35.12389072,0.25000000,0.18638628,1.78008525,6.92794216,0.00000000,0.00000000,9.18235041,0.01137200,1.01512040,0.63928948,0.00000000,0.00000000,0.00000000,0.00000000,0.75148940,0.38133528,0.70843899,0.84597745,0.93504063,0.75148940,0.38133528,0.70843899,0.84597745,0.93504063,-23.25250844,-46.21183462,0.85755240,0.51001832,-nan,-nan,-nan,-nan,0.00000000,0.00000000,0.00000000,0.00000000,0.00000000,0.00000000,-nan,0.00000000,13.43596661
