Y,A,A_rep,A_hid,L,Q,K,W,P,r,taua,abar,tauk,taul,WtaxRev,KtaxRev,WtaxRev_lost,KtaxRev_lost,G,lump_sum,ylbar,WtaxPct,ShelterPct,ShelterPctP99,TaxEvasionP99,ConcealPctP99,gini,p90,p99,p999,p9999,gini_total,p90_total,p99_total,p999_total,p9999_total,welfare,welfare0,approval,approval0,conceal_share_e,conceal_share_n,evasion_share_e,evasion_share_n,conceal_frac_e,conceal_frac_n,evasion_frac_e,evasion_frac_n,shelter_pct_e,shelter_pct_n,detection_rate,detection_revenue,wtax_evasion_elast
73.67399698,3.11839192,2.94596634,0.17242558,30.14774586,332.94911816,65.66866292,1.41737076,0.13803700,0.02965450,0.00410659,1162.24167093,0.25000000,0.18604713,0.06193318,5.93810609,0.03714657,0.53493323,9.29156816,0.00013648,1.08952447,0.01318545,0.10120466,31.68637985,8.06878467,55.05194518,0.77276313,0.34899892,0.65366771,0.81797359,0.93201906,0.78528797,0.32970169,0.61756903,0.77713346,0.90554019,-23.72715250,-47.59281598,0.48633446,0.09433445,0.27058336,0.72941664,0.88526120,0.11473880,0.04582855,0.05988061,0.06019930,0.00459383,0.38597171,0.03244991,0.68044677,0.04229560,56.43807533
