Y,A,A_rep,A_hid,L,Q,K,W,P,r,taua,abar,tauk,taul,WtaxRev,KtaxRev,WtaxRev_lost,KtaxRev_lost,G,lump_sum,ylbar,WtaxPct,ShelterPct,ShelterPctP99,TaxEvasionP99,ConcealPctP99,gini,p90,p99,p999,p9999,gini_total,p90_total,p99_total,p999_total,p9999_total,welfare,welfare0,approval,approval0,conceal_share_e,conceal_share_n,evasion_share_e,evasion_share_n,conceal_frac_e,conceal_frac_n,evasion_frac_e,evasion_frac_n,shelter_pct_e,shelter_pct_n,detection_rate,detection_revenue,wtax_evasion_elast
65.54942891,2.85392666,2.85392666,0.00000000,29.60176322,258.62225992,50.91592818,1.28434448,0.15416911,0.04140625,0.03178067,32.92042526,0.25000000,0.18639362,1.81449994,6.93248941,0.00000000,0.00000000,9.18235041,0.01154013,1.01512040,0.81601929,0.00000000,0.00000000,0.00000000,0.00000000,0.75076361,0.38247064,0.70896765,0.84525188,0.93469974,0.75076361,0.38247064,0.70896765,0.84525188,0.93469974,-23.24782681,-46.21819811,0.85036624,0.50101178,-nan,-nan,-nan,-nan,0.00000000,0.00000000,0.00000000,0.00000000,0.00000000,0.00000000,-nan,0.00000000,13.41101148
