Y,A,A_rep,A_hid,L,Q,K,W,P,r,taua,abar,tauk,taul,WtaxRev,KtaxRev,WtaxRev_lost,KtaxRev_lost,G,lump_sum,ylbar,WtaxPct,ShelterPct,ShelterPctP99,TaxEvasionP99,ConcealPctP99,gini,p90,p99,p999,p9999,gini_total,p90_total,p99_total,p999_total,p9999_total,welfare,welfare0,approval,approval0,conceal_share_e,conceal_share_n,evasion_share_e,evasion_share_n,conceal_frac_e,conceal_frac_n,evasion_frac_e,evasion_frac_n,shelter_pct_e,shelter_pct_n,detection_rate,detection_revenue,wtax_evasion_elast
66.10181459,2.88009164,2.88009164,0.00000000,29.67708613,262.80514333,51.86148075,1.29186597,0.15323767,0.04049487,0.03000000,52.91768740,0.25000000,0.18630237,1.50308897,6.89998250,0.00000000,0.00000000,9.18235041,0.00976628,1.01512040,0.47957309,0.00000000,0.00000000,0.00000000,0.00000000,0.75598845,0.37421970,0.69913551,0.84565214,0.93546155,0.75598845,0.37421970,0.69913551,0.84565214,0.93546155,-23.32470195,-46.25766153,0.89479616,0.64582955,-nan,-nan,-nan,-nan,0.00000000,0.00000000,0.00000000,0.00000000,0.00000000,0.00000000,-nan,0.00000000,13.62216822
