Y,A,A_rep,A_hid,L,Q,K,W,P,r,taua,abar,tauk,taul,WtaxRev,KtaxRev,WtaxRev_lost,KtaxRev_lost,G,lump_sum,ylbar,WtaxPct,ShelterPct,ShelterPctP99,TaxEvasionP99,ConcealPctP99,gini,p90,p99,p999,p9999,gini_total,p90_total,p99_total,p999_total,p9999_total,welfare,welfare0,approval,approval0,conceal_share_e,conceal_share_n,evasion_share_e,evasion_share_n,conceal_frac_e,conceal_frac_n,evasion_frac_e,evasion_frac_n,shelter_pct_e,shelter_pct_n,detection_rate,detection_revenue,wtax_evasion_elast
65.57065787,2.85591267,2.85591267,0.00000000,29.60196755,258.79219893,50.97374192,1.28473906,0.15412636,0.04133124,0.03312242,36.59061884,0.25000000,0.18639183,1.80326360,6.93023537,0.00000000,0.00000000,9.18235041,0.01147421,1.01512040,0.64704053,0.00000000,0.00000000,0.00000000,0.00000000,0.75098698,0.38217829,0.70996275,0.84757986,0.93569618,0.75098698,0.38217829,0.70996275,0.84757986,0.93569618,-23.24820855,-46.21216098,0.85343233,0.50632010,-nan,-nan,-nan,-nan,0.00000000,0.00000000,0.00000000,0.00000000,0.00000000,0.00000000,-nan,0.00000000,13.34571794
