Y,A,A_rep,A_hid,L,Q,K,W,P,r,taua,abar,tauk,taul,WtaxRev,KtaxRev,WtaxRev_lost,KtaxRev_lost,G,lump_sum,ylbar,WtaxPct,ShelterPct,ShelterPctP99,TaxEvasionP99,ConcealPctP99,gini,p90,p99,p999,p9999,gini_total,p90_total,p99_total,p999_total,p9999_total,welfare,welfare0,approval,approval0,conceal_share_e,conceal_share_n,evasion_share_e,evasion_share_n,conceal_frac_e,conceal_frac_n,evasion_frac_e,evasion_frac_n,shelter_pct_e,shelter_pct_n,detection_rate,detection_revenue,wtax_evasion_elast
65.56428689,2.85552233,2.85552233,0.00000000,29.60143811,258.74205145,50.96230472,1.28464132,0.15413876,0.04134315,0.03295833,35.87237529,0.25000000,0.18639279,1.80720722,6.93063695,0.00000000,0.00000000,9.18235041,0.01149942,1.01512040,0.64133415,0.00000000,0.00000000,0.00000000,0.00000000,0.75093678,0.38228649,0.70993439,0.84726852,0.93555745,0.75093678,0.38228649,0.70993439,0.84726852,0.93555745,-23.24731267,-46.21177157,0.85327352,0.50629108,-nan,-nan,-nan,-nan,0.00000000,0.00000000,0.00000000,0.00000000,0.00000000,0.00000000,-nan,0.00000000,13.36296614
