Y,A,A_rep,A_hid,L,Q,K,W,P,r,taua,abar,tauk,taul,WtaxRev,KtaxRev,WtaxRev_lost,KtaxRev_lost,G,lump_sum,ylbar,WtaxPct,ShelterPct,ShelterPctP99,TaxEvasionP99,ConcealPctP99,gini,p90,p99,p999,p9999,gini_total,p90_total,p99_total,p999_total,p9999_total,welfare,welfare0,approval,approval0,conceal_share_e,conceal_share_n,evasion_share_e,evasion_share_n,conceal_frac_e,conceal_frac_n,evasion_frac_e,evasion_frac_n,shelter_pct_e,shelter_pct_n,detection_rate,detection_revenue,wtax_evasion_elast
65.65919017,2.85949252,2.85949252,0.00000000,29.61539445,259.46067581,51.10955439,1.28589423,0.15397701,0.04121180,0.03128747,35.06503161,0.25000000,0.18637988,1.75728992,6.92568154,0.00000000,0.00000000,9.18235041,0.01125516,1.01512040,0.86365505,0.00000000,0.00000000,0.00000000,0.00000000,0.75189979,0.38065669,0.70730528,0.84520973,0.93476218,0.75189979,0.38065669,0.70730528,0.84520973,0.93476218,-23.25731387,-46.21312432,0.86154368,0.51993051,-nan,-nan,-nan,-nan,0.00000000,0.00000000,0.00000000,0.00000000,0.00000000,0.00000000,-nan,0.00000000,13.47791333
