Y,A,A_rep,A_hid,L,Q,K,W,P,r,taua,abar,tauk,taul,WtaxRev,KtaxRev,WtaxRev_lost,KtaxRev_lost,G,lump_sum,ylbar,WtaxPct,ShelterPct,ShelterPctP99,TaxEvasionP99,ConcealPctP99,gini,p90,p99,p999,p9999,gini_total,p90_total,p99_total,p999_total,p9999_total,welfare,welfare0,approval,approval0,conceal_share_e,conceal_share_n,evasion_share_e,evasion_share_n,conceal_frac_e,conceal_frac_n,evasion_frac_e,evasion_frac_n,shelter_pct_e,shelter_pct_n,detection_rate,detection_revenue,wtax_evasion_elast
63.92169746,2.76335955,2.76335955,0.00000000,29.42656328,246.13545456,47.83118470,1.25990248,0.15718711,0.04488454,0.03766330,15.59559061,0.25000000,0.18655076,2.57815220,7.04569524,0.00000000,0.00000000,9.18235041,0.01466928,1.01512040,2.54629546,0.00000000,0.00000000,0.00000000,0.00000000,0.73152599,0.41227924,0.71876656,0.84283812,0.93281374,0.73152599,0.41227924,0.71876656,0.84283812,0.93281374,-23.19593321,-46.52680017,0.73049168,0.37364418,-nan,-nan,-nan,-nan,0.00000000,0.00000000,0.00000000,0.00000000,0.00000000,0.00000000,-nan,0.00000000,13.77834841
