Y,A,A_rep,A_hid,L,Q,K,W,P,r,taua,abar,tauk,taul,WtaxRev,KtaxRev,WtaxRev_lost,KtaxRev_lost,G,lump_sum,ylbar,WtaxPct,ShelterPct,ShelterPctP99,TaxEvasionP99,ConcealPctP99,gini,p90,p99,p999,p9999,gini_total,p90_total,p99_total,p999_total,p9999_total,welfare,welfare0,approval,approval0,conceal_share_e,conceal_share_n,evasion_share_e,evasion_share_n,conceal_frac_e,conceal_frac_n,evasion_frac_e,evasion_frac_n,shelter_pct_e,shelter_pct_n,detection_rate,detection_revenue,wtax_evasion_elast
65.64845938,2.85949406,2.85949406,0.00000000,29.61273295,259.38970737,51.10462884,1.28581065,0.15399114,0.04120651,0.03276439,38.85341079,0.25000000,0.18637712,1.75864322,6.92551247,0.00000000,0.00000000,9.18235041,0.01120802,1.01512040,0.66880419,0.00000000,0.00000000,0.00000000,0.00000000,0.75171513,0.38103916,0.70857157,0.84750123,0.93574202,0.75171513,0.38103916,0.70857157,0.84750123,0.93574202,-23.26010410,-46.22067181,0.85637036,0.51005707,-nan,-nan,-nan,-nan,0.00000000,0.00000000,0.00000000,0.00000000,0.00000000,0.00000000,-nan,0.00000000,13.37102805
