Y,A,A_rep,A_hid,L,Q,K,W,P,r,taua,abar,tauk,taul,WtaxRev,KtaxRev,WtaxRev_lost,KtaxRev_lost,G,lump_sum,ylbar,WtaxPct,ShelterPct,ShelterPctP99,TaxEvasionP99,ConcealPctP99,gini,p90,p99,p999,p9999,gini_total,p90_total,p99_total,p999_total,p9999_total,welfare,welfare0,approval,approval0,conceal_share_e,conceal_share_n,evasion_share_e,evasion_share_n,conceal_frac_e,conceal_frac_n,evasion_frac_e,evasion_frac_n,shelter_pct_e,shelter_pct_n,detection_rate,detection_revenue,wtax_evasion_elast
73.52506696,3.11185862,2.91850224,0.19335638,30.12769571,331.60113864,65.47719945,1.41546648,0.13826386,0.02972708,0.01090937,989.59312289,0.25000000,0.18606454,0.15792767,5.92347592,0.11895896,0.54151860,9.29156816,0.00069615,1.08952447,0.01452068,0.10389509,37.36781369,8.63893298,55.28340764,0.77061895,0.35231686,0.66078130,0.82806954,0.93767845,0.78482842,0.33042554,0.61977062,0.78110415,0.90946583,-23.70826516,-47.57438905,0.68473738,0.33621050,0.26063665,0.73936335,0.80326390,0.19673610,0.04957554,0.06822874,0.06240360,0.00904290,0.39039782,0.03472128,0.67251375,0.04681714,34.65760584
