Y,A,A_rep,A_hid,L,Q,K,W,P,r,taua,abar,tauk,taul,WtaxRev,KtaxRev,WtaxRev_lost,KtaxRev_lost,G,lump_sum,ylbar,WtaxPct,ShelterPct,ShelterPctP99,TaxEvasionP99,ConcealPctP99,gini,p90,p99,p999,p9999,gini_total,p90_total,p99_total,p999_total,p9999_total,welfare,welfare0,approval,approval0,conceal_share_e,conceal_share_n,evasion_share_e,evasion_share_n,conceal_frac_e,conceal_frac_n,evasion_frac_e,evasion_frac_n,shelter_pct_e,shelter_pct_n,detection_rate,detection_revenue,wtax_evasion_elast
65.55969983,2.85541747,2.85541747,0.00000000,29.60106621,258.71975263,50.96289562,1.28460810,0.15414509,0.04133876,0.03355058,37.38368159,0.25000000,0.18639032,1.80657931,6.93018518,0.00000000,0.00000000,9.18235041,0.01145859,1.01512040,0.65199642,0.00000000,0.00000000,0.00000000,0.00000000,0.75084679,0.38230732,0.71044343,0.84818476,0.93594831,0.75084679,0.38230732,0.71044343,0.84818476,0.93594831,-23.25023990,-46.21820481,0.85083180,0.50167828,-nan,-nan,-nan,-nan,0.00000000,0.00000000,0.00000000,0.00000000,0.00000000,0.00000000,-nan,0.00000000,13.32529441
