Y,A,A_rep,A_hid,L,Q,K,W,P,r,taua,abar,tauk,taul,WtaxRev,KtaxRev,WtaxRev_lost,KtaxRev_lost,G,lump_sum,ylbar,WtaxPct,ShelterPct,ShelterPctP99,TaxEvasionP99,ConcealPctP99,gini,p90,p99,p999,p9999,gini_total,p90_total,p99_total,p999_total,p9999_total,welfare,welfare0,approval,approval0,conceal_share_e,conceal_share_n,evasion_share_e,evasion_share_n,conceal_frac_e,conceal_frac_n,evasion_frac_e,evasion_frac_n,shelter_pct_e,shelter_pct_n,detection_rate,detection_revenue,wtax_evasion_elast
65.57966781,2.85606188,2.85606188,0.00000000,29.60393886,258.85899818,50.98690729,1.28484310,0.15411322,0.04132108,0.03261414,35.47252573,0.25000000,0.18639087,1.80003263,6.92967395,0.00000000,0.00000000,9.18235041,0.01146174,1.01512040,0.63946741,0.00000000,0.00000000,0.00000000,0.00000000,0.75108660,0.38193672,0.70949970,0.84682781,0.93536875,0.75108660,0.38193672,0.70949970,0.84682781,0.93536875,-23.24911452,-46.21214256,0.85382661,0.50707538,-nan,-nan,-nan,-nan,0.00000000,0.00000000,0.00000000,0.00000000,0.00000000,0.00000000,-nan,0.00000000,13.39240323
