Y,A,A_rep,A_hid,L,Q,K,W,P,r,taua,abar,tauk,taul,WtaxRev,KtaxRev,WtaxRev_lost,KtaxRev_lost,G,lump_sum,ylbar,WtaxPct,ShelterPct,ShelterPctP99,TaxEvasionP99,ConcealPctP99,gini,p90,p99,p999,p9999,gini_total,p90_total,p99_total,p999_total,p9999_total,welfare,welfare0,approval,approval0,conceal_share_e,conceal_share_n,evasion_share_e,evasion_share_n,conceal_frac_e,conceal_frac_n,evasion_frac_e,evasion_frac_n,shelter_pct_e,shelter_pct_n,detection_rate,detection_revenue,wtax_evasion_elast
65.58758010,2.85645362,2.85645362,0.00000000,29.60518222,258.91487910,50.99989349,1.28493992,0.15410143,0.04130858,0.03242886,35.29110017,0.25000000,0.18638927,1.79585651,6.92934964,0.00000000,0.00000000,9.18235041,0.01144085,1.01512040,0.63878200,0.00000000,0.00000000,0.00000000,0.00000000,0.75117428,0.38184396,0.70927753,0.84658798,0.93527616,0.75117428,0.38184396,0.70927753,0.84658798,0.93527616,-23.25025112,-46.21278754,0.85476645,0.50711311,-nan,-nan,-nan,-nan,0.00000000,0.00000000,0.00000000,0.00000000,0.00000000,0.00000000,-nan,0.00000000,13.40504747
