Y,A,A_rep,A_hid,L,Q,K,W,P,r,taua,abar,tauk,taul,WtaxRev,KtaxRev,WtaxRev_lost,KtaxRev_lost,G,lump_sum,ylbar,WtaxPct,ShelterPct,ShelterPctP99,TaxEvasionP99,ConcealPctP99,gini,p90,p99,p999,p9999,gini_total,p90_total,p99_total,p999_total,p9999_total,welfare,welfare0,approval,approval0,conceal_share_e,conceal_share_n,evasion_share_e,evasion_share_n,conceal_frac_e,conceal_frac_n,evasion_frac_e,evasion_frac_n,shelter_pct_e,shelter_pct_n,detection_rate,detection_revenue,wtax_evasion_elast
64.21492325,2.79808256,2.79808256,0.00000000,29.41851743,248.30628429,48.97416590,1.26603477,0.15666608,0.04309572,0.05558489,34.39995914,0.25000000,0.18655476,2.47512661,7.00224330,0.00000000,0.00000000,9.18235041,0.01422888,1.01512040,0.78651223,0.00000000,0.00000000,0.00000000,0.00000000,0.73791053,0.40207900,0.74304855,0.86974768,0.94383572,0.73791053,0.40207900,0.74304855,0.86974768,0.94383572,-23.19013148,-46.37754205,0.75783359,0.38805449,-nan,-nan,-nan,-nan,0.00000000,0.00000000,0.00000000,0.00000000,0.00000000,0.00000000,-nan,0.00000000,12.04608624
