Y,A,A_rep,A_hid,L,Q,K,W,P,r,taua,abar,tauk,taul,WtaxRev,KtaxRev,WtaxRev_lost,KtaxRev_lost,G,lump_sum,ylbar,WtaxPct,ShelterPct,ShelterPctP99,TaxEvasionP99,ConcealPctP99,gini,p90,p99,p999,p9999,gini_total,p90_total,p99_total,p999_total,p9999_total,welfare,welfare0,approval,approval0,conceal_share_e,conceal_share_n,evasion_share_e,evasion_share_n,conceal_frac_e,conceal_frac_n,evasion_frac_e,evasion_frac_n,shelter_pct_e,shelter_pct_n,detection_rate,detection_revenue,wtax_evasion_elast
65.57764046,2.85613554,2.85613554,0.00000000,29.60312589,258.83507137,50.98206819,1.28480825,0.15411758,0.04132473,0.03271804,35.71941194,0.25000000,0.18639214,1.80058879,6.93018495,0.00000000,0.00000000,9.18235041,0.01147110,1.01512040,0.64109026,0.00000000,0.00000000,0.00000000,0.00000000,0.75106569,0.38211972,0.70958471,0.84698135,0.93544047,0.75106569,0.38211972,0.70958471,0.84698135,0.93544047,-23.24827973,-46.21135959,0.85384845,0.50707578,-nan,-nan,-nan,-nan,0.00000000,0.00000000,0.00000000,0.00000000,0.00000000,0.00000000,-nan,0.00000000,13.38122196
