Y,A,A_rep,A_hid,L,Q,K,W,P,r,taua,abar,tauk,taul,WtaxRev,KtaxRev,WtaxRev_lost,KtaxRev_lost,G,lump_sum,ylbar,WtaxPct,ShelterPct,ShelterPctP99,TaxEvasionP99,ConcealPctP99,gini,p90,p99,p999,p9999,gini_total,p90_total,p99_total,p999_total,p9999_total,welfare,welfare0,approval,approval0,conceal_share_e,conceal_share_n,evasion_share_e,evasion_share_n,conceal_frac_e,conceal_frac_n,evasion_frac_e,evasion_frac_n,shelter_pct_e,shelter_pct_n,detection_rate,detection_revenue,wtax_evasion_elast
65.50025554,2.85269584,2.85269584,0.00000000,29.59234002,258.26126677,50.86074661,1.28379108,0.15424745,0.04143690,0.03377693,35.44296433,0.25000000,0.18640192,1.84177096,6.93403266,0.00000000,0.00000000,9.18235041,0.01166702,1.01512040,0.63541094,0.00000000,0.00000000,0.00000000,0.00000000,0.75036172,0.38305077,0.71145839,0.84816044,0.93588225,0.75036172,0.38305077,0.71145839,0.84816044,0.93588225,-23.24155716,-46.21336636,0.84876536,0.49996457,-nan,-nan,-nan,-nan,0.00000000,0.00000000,0.00000000,0.00000000,0.00000000,0.00000000,-nan,0.00000000,13.31770621
