Y,A,A_rep,A_hid,L,Q,K,W,P,r,taua,abar,tauk,taul,WtaxRev,KtaxRev,WtaxRev_lost,KtaxRev_lost,G,lump_sum,ylbar,WtaxPct,ShelterPct,ShelterPctP99,TaxEvasionP99,ConcealPctP99,gini,p90,p99,p999,p9999,gini_total,p90_total,p99_total,p999_total,p9999_total,welfare,welfare0,approval,approval0,conceal_share_e,conceal_share_n,evasion_share_e,evasion_share_n,conceal_frac_e,conceal_frac_n,evasion_frac_e,evasion_frac_n,shelter_pct_e,shelter_pct_n,detection_rate,detection_revenue,wtax_evasion_elast
73.58925042,3.11463534,2.93951005,0.17512529,30.13580904,332.20837053,65.54003724,1.41630791,0.13815553,0.02971939,0.00907266,1376.74741399,0.25000000,0.18605711,0.11003781,5.93676564,0.07460650,0.53848974,9.29156816,0.00046546,1.08952447,0.01002471,0.10212528,33.17838329,8.35889515,52.39954281,0.77220878,0.34987985,0.65569045,0.82108983,0.93502110,0.78497610,0.33020730,0.61886900,0.77935015,0.90793582,-23.71403520,-47.57859967,0.68019801,0.33179772,0.26847282,0.73152718,0.84366892,0.15633108,0.04623251,0.06107171,0.06115405,0.00668785,0.38755668,0.03321013,0.67822223,0.04427113,36.56203696
