Y,A,A_rep,A_hid,L,Q,K,W,P,r,taua,abar,tauk,taul,WtaxRev,KtaxRev,WtaxRev_lost,KtaxRev_lost,G,lump_sum,ylbar,WtaxPct,ShelterPct,ShelterPctP99,TaxEvasionP99,ConcealPctP99,gini,p90,p99,p999,p9999,gini_total,p90_total,p99_total,p999_total,p9999_total,welfare,welfare0,approval,approval0,conceal_share_e,conceal_share_n,evasion_share_e,evasion_share_n,conceal_frac_e,conceal_frac_n,evasion_frac_e,evasion_frac_n,shelter_pct_e,shelter_pct_n,detection_rate,detection_revenue,wtax_evasion_elast
73.59172153,3.11471328,2.93352799,0.18118529,30.13725391,332.19794323,65.56260313,1.41629759,0.13816514,0.02969525,0.00802272,1129.97002464,0.25000000,0.18605428,0.11252321,5.92941148,0.07809227,0.54125537,9.29156816,0.00039909,1.08952447,0.01248929,0.10283144,34.61929048,8.42612365,54.05509592,0.77176635,0.35051349,0.65701066,0.82275758,0.93549782,0.78500164,0.33012385,0.61883837,0.77934442,0.90776274,-23.72030333,-47.59042760,0.59803713,0.29806251,0.26614598,0.73385402,0.84129044,0.15870956,0.04740757,0.06339025,0.06159403,0.00685905,0.38956507,0.03360188,0.67782592,0.04488970,40.36171781
