Y,A,A_rep,A_hid,L,Q,K,W,P,r,taua,abar,tauk,taul,WtaxRev,KtaxRev,WtaxRev_lost,KtaxRev_lost,G,lump_sum,ylbar,WtaxPct,ShelterPct,ShelterPctP99,TaxEvasionP99,ConcealPctP99,gini,p90,p99,p999,p9999,gini_total,p90_total,p99_total,p999_total,p9999_total,welfare,welfare0,approval,approval0,conceal_share_e,conceal_share_n,evasion_share_e,evasion_share_n,conceal_frac_e,conceal_frac_n,evasion_frac_e,evasion_frac_n,shelter_pct_e,shelter_pct_n,detection_rate,detection_revenue,wtax_evasion_elast
65.58881618,2.85660384,2.85660384,0.00000000,29.60507612,258.92458004,51.00143023,1.28496071,0.15409826,0.04130703,0.03246965,35.50232504,0.25000000,0.18639020,1.79456813,6.92939686,0.00000000,0.00000000,9.18235041,0.01144031,1.01512040,0.64032995,0.00000000,0.00000000,0.00000000,0.00000000,0.75118984,0.38180979,0.70924302,0.84665809,0.93530674,0.75118984,0.38180979,0.70924302,0.84665809,0.93530674,-23.24976559,-46.21163714,0.85521061,0.50995681,-nan,-nan,-nan,-nan,0.00000000,0.00000000,0.00000000,0.00000000,0.00000000,0.00000000,-nan,0.00000000,13.39965674
