Y,A,A_rep,A_hid,L,Q,K,W,P,r,taua,abar,tauk,taul,WtaxRev,KtaxRev,WtaxRev_lost,KtaxRev_lost,G,lump_sum,ylbar,WtaxPct,ShelterPct,ShelterPctP99,TaxEvasionP99,ConcealPctP99,gini,p90,p99,p999,p9999,gini_total,p90_total,p99_total,p999_total,p9999_total,welfare,welfare0,approval,approval0,conceal_share_e,conceal_share_n,evasion_share_e,evasion_share_n,conceal_frac_e,conceal_frac_n,evasion_frac_e,evasion_frac_n,shelter_pct_e,shelter_pct_n,detection_rate,detection_revenue,wtax_evasion_elast
65.51236026,2.85299585,2.85299585,0.00000000,29.59451682,258.35093658,50.87426242,1.28393178,0.15422744,0.04142931,0.03329409,34.81728418,0.25000000,0.18640006,1.83480084,6.93362443,0.00000000,0.00000000,9.18235041,0.01163137,1.01512040,0.85172408,0.00000000,0.00000000,0.00000000,0.00000000,0.75046822,0.38296949,0.71089736,0.84748457,0.93560946,0.75046822,0.38296949,0.71089736,0.84748457,0.93560946,-23.24349449,-46.21530129,0.84890690,0.49955445,-nan,-nan,-nan,-nan,0.00000000,0.00000000,0.00000000,0.00000000,0.00000000,0.00000000,-nan,0.00000000,13.34661005
