Y,A,A_rep,A_hid,L,Q,K,W,P,r,taua,abar,tauk,taul,WtaxRev,KtaxRev,WtaxRev_lost,KtaxRev_lost,G,lump_sum,ylbar,WtaxPct,ShelterPct,ShelterPctP99,TaxEvasionP99,ConcealPctP99,gini,p90,p99,p999,p9999,gini_total,p90_total,p99_total,p999_total,p9999_total,welfare,welfare0,approval,approval0,conceal_share_e,conceal_share_n,evasion_share_e,evasion_share_n,conceal_frac_e,conceal_frac_n,evasion_frac_e,evasion_frac_n,shelter_pct_e,shelter_pct_n,detection_rate,detection_revenue,wtax_evasion_elast
73.41977816,3.10940451,2.87965392,0.22975059,30.12521953,330.12568422,65.62441461,1.41353936,0.13861951,0.02943340,0.01705106,878.79952905,0.25000000,0.18606516,0.19919361,5.89581990,0.24652661,0.54679029,9.29156816,0.00068913,1.08952447,0.01463596,0.10711893,60.47148606,11.27202619,53.67201798,0.76872727,0.35542710,0.66901070,0.84158714,0.94847872,0.78576985,0.32916497,0.61963850,0.78390187,0.91343910,-23.75304487,-47.66809890,0.43300328,0.04629285,0.29434213,0.70565787,0.74072811,0.25927189,0.06634326,0.07756893,0.06838298,0.01426172,0.39877014,0.03670206,0.66845932,0.06639352,39.08513947
