Y,A,A_rep,A_hid,L,Q,K,W,P,r,taua,abar,tauk,taul,WtaxRev,KtaxRev,WtaxRev_lost,KtaxRev_lost,G,lump_sum,ylbar,WtaxPct,ShelterPct,ShelterPctP99,TaxEvasionP99,ConcealPctP99,gini,p90,p99,p999,p9999,gini_total,p90_total,p99_total,p999_total,p9999_total,welfare,welfare0,approval,approval0,conceal_share_e,conceal_share_n,evasion_share_e,evasion_share_n,conceal_frac_e,conceal_frac_n,evasion_frac_e,evasion_frac_n,shelter_pct_e,shelter_pct_n,detection_rate,detection_revenue,wtax_evasion_elast
65.60390850,2.85707500,2.85707500,0.00000000,29.60747287,259.03846936,51.02086967,1.28514990,0.15407233,0.04129301,0.03201856,34.93601815,0.25000000,0.18638814,1.78677214,6.92877832,0.00000000,0.00000000,9.18235041,0.01140643,1.01512040,0.85825240,0.00000000,0.00000000,0.00000000,0.00000000,0.75134530,0.38156097,0.70862586,0.84603050,0.93505682,0.75134530,0.38156097,0.70862586,0.84603050,0.93505682,-23.25119350,-46.21182042,0.85586425,0.50964710,-nan,-nan,-nan,-nan,0.00000000,0.00000000,0.00000000,0.00000000,0.00000000,0.00000000,-nan,0.00000000,13.42586534
