Y,A,A_rep,A_hid,L,Q,K,W,P,r,taua,abar,tauk,taul,WtaxRev,KtaxRev,WtaxRev_lost,KtaxRev_lost,G,lump_sum,ylbar,WtaxPct,ShelterPct,ShelterPctP99,TaxEvasionP99,ConcealPctP99,gini,p90,p99,p999,p9999,gini_total,p90_total,p99_total,p999_total,p9999_total,welfare,welfare0,approval,approval0,conceal_share_e,conceal_share_n,evasion_share_e,evasion_share_n,conceal_frac_e,conceal_frac_n,evasion_frac_e,evasion_frac_n,shelter_pct_e,shelter_pct_n,detection_rate,detection_revenue,wtax_evasion_elast
65.58841038,2.85643346,2.85643346,0.00000000,29.60531339,258.92294020,50.99861670,1.28494884,0.15409891,0.04131193,0.03227821,34.99726194,0.25000000,0.18639021,1.79498018,6.92945170,0.00000000,0.00000000,9.18235041,0.01144683,1.01512040,0.85932130,0.00000000,0.00000000,0.00000000,0.00000000,0.75118887,0.38176928,0.70906541,0.84634388,0.93517096,0.75118887,0.38176928,0.70906541,0.84634388,0.93517096,-23.24949321,-46.21127135,0.85525655,0.50973441,-nan,-nan,-nan,-nan,0.00000000,0.00000000,0.00000000,0.00000000,0.00000000,0.00000000,-nan,0.00000000,13.41269848
