Y,A,A_rep,A_hid,L,Q,K,W,P,r,taua,abar,tauk,taul,WtaxRev,KtaxRev,WtaxRev_lost,KtaxRev_lost,G,lump_sum,ylbar,WtaxPct,ShelterPct,ShelterPctP99,TaxEvasionP99,ConcealPctP99,gini,p90,p99,p999,p9999,gini_total,p90_total,p99_total,p999_total,p9999_total,welfare,welfare0,approval,approval0,conceal_share_e,conceal_share_n,evasion_share_e,evasion_share_n,conceal_frac_e,conceal_frac_n,evasion_frac_e,evasion_frac_n,shelter_pct_e,shelter_pct_n,detection_rate,detection_revenue,wtax_evasion_elast
65.17676596,2.83082753,2.83082753,0.00000000,29.56676249,255.73669407,50.13094072,1.27854991,0.15484786,0.04230941,0.03000000,22.06439839,0.25000000,0.18641484,1.97615118,6.96143046,0.00000000,0.00000000,9.18235041,0.01218071,1.01512040,1.39542282,0.00000000,0.00000000,0.00000000,0.00000000,0.74620888,0.38972187,0.70749724,0.83965357,0.93228074,0.74620888,0.38972187,0.70749724,0.83965357,0.93228074,-23.24329221,-46.30937913,0.80061631,0.43457983,-nan,-nan,-nan,-nan,0.00000000,0.00000000,0.00000000,0.00000000,0.00000000,0.00000000,-nan,0.00000000,13.81595452
