Y,A,A_rep,A_hid,L,Q,K,W,P,r,taua,abar,tauk,taul,WtaxRev,KtaxRev,WtaxRev_lost,KtaxRev_lost,G,lump_sum,ylbar,WtaxPct,ShelterPct,ShelterPctP99,TaxEvasionP99,ConcealPctP99,gini,p90,p99,p999,p9999,gini_total,p90_total,p99_total,p999_total,p9999_total,welfare,welfare0,approval,approval0,conceal_share_e,conceal_share_n,evasion_share_e,evasion_share_n,conceal_frac_e,conceal_frac_n,evasion_frac_e,evasion_frac_n,shelter_pct_e,shelter_pct_n,detection_rate,detection_revenue,wtax_evasion_elast
63.32027863,2.71980430,2.71980430,0.00000000,29.40724029,241.25689275,46.44937585,1.24887266,0.15853976,0.04678832,0.03540393,10.23345758,0.25000000,0.18666990,2.89321364,7.10015683,0.00000000,0.00000000,9.18235041,0.01632074,1.01512040,4.30483368,0.00000000,0.00000000,0.00000000,0.00000000,0.72465095,0.42165374,0.70772200,0.83329614,0.92897610,0.72465095,0.42165374,0.70772200,0.83329614,0.92897610,-23.18468808,-46.67854426,0.70527384,0.35770317,-nan,-nan,-nan,-nan,0.00000000,0.00000000,0.00000000,0.00000000,0.00000000,0.00000000,-nan,0.00000000,14.40595931
