Y,A,A_rep,A_hid,L,Q,K,W,P,r,taua,abar,tauk,taul,WtaxRev,KtaxRev,WtaxRev_lost,KtaxRev_lost,G,lump_sum,ylbar,WtaxPct,ShelterPct,ShelterPctP99,TaxEvasionP99,ConcealPctP99,gini,p90,p99,p999,p9999,gini_total,p90_total,p99_total,p999_total,p9999_total,welfare,welfare0,approval,approval0,conceal_share_e,conceal_share_n,evasion_share_e,evasion_share_n,conceal_frac_e,conceal_frac_n,evasion_frac_e,evasion_frac_n,shelter_pct_e,shelter_pct_n,detection_rate,detection_revenue,wtax_evasion_elast
65.60786333,2.85727841,2.85727841,0.00000000,29.60806373,259.07016313,51.02872634,1.28520757,0.15406541,0.04128490,0.03201735,35.04060217,0.25000000,0.18638762,1.78466529,6.92844691,0.00000000,0.00000000,9.18235041,0.01139409,1.01512040,0.86105589,0.00000000,0.00000000,0.00000000,0.00000000,0.75138871,0.38149027,0.70858099,0.84605374,0.93507355,0.75138871,0.38149027,0.70858099,0.84605374,0.93507355,-23.25170438,-46.21212062,0.85608228,0.50985683,-nan,-nan,-nan,-nan,0.00000000,0.00000000,0.00000000,0.00000000,0.00000000,0.00000000,-nan,0.00000000,13.43024326
