Y,A,A_rep,A_hid,L,Q,K,W,P,r,taua,abar,tauk,taul,WtaxRev,KtaxRev,WtaxRev_lost,KtaxRev_lost,G,lump_sum,ylbar,WtaxPct,ShelterPct,ShelterPctP99,TaxEvasionP99,ConcealPctP99,gini,p90,p99,p999,p9999,gini_total,p90_total,p99_total,p999_total,p9999_total,welfare,welfare0,approval,approval0,conceal_share_e,conceal_share_n,evasion_share_e,evasion_share_n,conceal_frac_e,conceal_frac_n,evasion_frac_e,evasion_frac_n,shelter_pct_e,shelter_pct_n,detection_rate,detection_revenue,wtax_evasion_elast
65.20847409,2.83684272,2.83684272,0.00000000,29.55849185,256.02433869,50.31467786,1.27953406,0.15476707,0.04201738,0.03362364,27.55493119,0.25000000,0.18643668,1.98838055,6.95383767,0.00000000,0.00000000,9.18235041,0.01238362,1.01512040,1.04027995,0.00000000,0.00000000,0.00000000,0.00000000,0.74713787,0.38816581,0.71332392,0.84588054,0.93472066,0.74713787,0.38816581,0.71332392,0.84588054,0.93472066,-23.21842193,-46.23992797,0.82119247,0.45633716,-nan,-nan,-nan,-nan,0.00000000,0.00000000,0.00000000,0.00000000,0.00000000,0.00000000,-nan,0.00000000,13.33412169
