Y,A,A_rep,A_hid,L,Q,K,W,P,r,taua,abar,tauk,taul,WtaxRev,KtaxRev,WtaxRev_lost,KtaxRev_lost,G,lump_sum,ylbar,WtaxPct,ShelterPct,ShelterPctP99,TaxEvasionP99,ConcealPctP99,gini,p90,p99,p999,p9999,gini_total,p90_total,p99_total,p999_total,p9999_total,welfare,welfare0,approval,approval0,conceal_share_e,conceal_share_n,evasion_share_e,evasion_share_n,conceal_frac_e,conceal_frac_n,evasion_frac_e,evasion_frac_n,shelter_pct_e,shelter_pct_n,detection_rate,detection_revenue,wtax_evasion_elast
65.59467514,2.85691661,2.85691661,0.00000000,29.60547510,258.97616479,51.01198851,1.28506221,0.15408482,0.04129653,0.03270726,36.42645308,0.25000000,0.18638842,1.79061914,6.92887085,0.00000000,0.00000000,9.18235041,0.01141106,1.01512040,0.64700517,0.00000000,0.00000000,0.00000000,0.00000000,0.75121712,0.38171287,0.70935413,0.84708768,0.93551403,0.75121712,0.38171287,0.70935413,0.84708768,0.93551403,-23.25061919,-46.21216715,0.85532457,0.50999139,-nan,-nan,-nan,-nan,0.00000000,0.00000000,0.00000000,0.00000000,0.00000000,0.00000000,-nan,0.00000000,13.37625913
