Y,A,A_rep,A_hid,L,Q,K,W,P,r,taua,abar,tauk,taul,WtaxRev,KtaxRev,WtaxRev_lost,KtaxRev_lost,G,lump_sum,ylbar,WtaxPct,ShelterPct,ShelterPctP99,TaxEvasionP99,ConcealPctP99,gini,p90,p99,p999,p9999,gini_total,p90_total,p99_total,p999_total,p9999_total,welfare,welfare0,approval,approval0,conceal_share_e,conceal_share_n,evasion_share_e,evasion_share_n,conceal_frac_e,conceal_frac_n,evasion_frac_e,evasion_frac_n,shelter_pct_e,shelter_pct_n,detection_rate,detection_revenue,wtax_evasion_elast
73.49297232,3.11043586,2.92858405,0.18185181,30.12342079,331.26995646,65.41978240,1.41497893,0.13832001,0.02975770,0.01529787,1347.04456687,0.25000000,0.18606891,0.16839763,5.92839632,0.13297876,0.54699209,9.29156816,0.00079667,1.08952447,0.00951850,0.10378264,38.03265195,9.02606367,52.48209416,0.77136358,0.35118121,0.65874280,0.82574732,0.93938812,0.78468917,0.33064938,0.62027698,0.78197892,0.91071494,-23.70640481,-47.57634883,0.67984372,0.33008841,0.27197314,0.72802686,0.79513621,0.20486379,0.04867421,0.06321538,0.06345755,0.00968366,0.39268252,0.03403006,0.68018210,0.04905976,29.06524754
