Y,A,A_rep,A_hid,L,Q,K,W,P,r,taua,abar,tauk,taul,WtaxRev,KtaxRev,WtaxRev_lost,KtaxRev_lost,G,lump_sum,ylbar,WtaxPct,ShelterPct,ShelterPctP99,TaxEvasionP99,ConcealPctP99,gini,p90,p99,p999,p9999,gini_total,p90_total,p99_total,p999_total,p9999_total,welfare,welfare0,approval,approval0,conceal_share_e,conceal_share_n,evasion_share_e,evasion_share_n,conceal_frac_e,conceal_frac_n,evasion_frac_e,evasion_frac_n,shelter_pct_e,shelter_pct_n,detection_rate,detection_revenue,wtax_evasion_elast
65.60170393,2.85709252,2.85709252,0.00000000,29.60702108,259.02227503,51.02093094,1.28513004,0.15407629,0.04129010,0.03222103,35.32421821,0.25000000,0.18638838,1.78781759,6.92869267,0.00000000,0.00000000,9.18235041,0.01140714,1.01512040,0.63957967,0.00000000,0.00000000,0.00000000,0.00000000,0.75131296,0.38166494,0.70887576,0.84634037,0.93517653,0.75131296,0.38166494,0.70887576,0.84634037,0.93517653,-23.25104158,-46.21194641,0.85582313,0.50999952,-nan,-nan,-nan,-nan,0.00000000,0.00000000,0.00000000,0.00000000,0.00000000,0.00000000,-nan,0.00000000,13.41954438
