Y,A,A_rep,A_hid,L,Q,K,W,P,r,taua,abar,tauk,taul,WtaxRev,KtaxRev,WtaxRev_lost,KtaxRev_lost,G,lump_sum,ylbar,WtaxPct,ShelterPct,ShelterPctP99,TaxEvasionP99,ConcealPctP99,gini,p90,p99,p999,p9999,gini_total,p90_total,p99_total,p999_total,p9999_total,welfare,welfare0,approval,approval0,conceal_share_e,conceal_share_n,evasion_share_e,evasion_share_n,conceal_frac_e,conceal_frac_n,evasion_frac_e,evasion_frac_n,shelter_pct_e,shelter_pct_n,detection_rate,detection_revenue,wtax_evasion_elast
66.14679330,2.88218862,2.88218862,0.00000000,29.68371858,263.13645482,51.94071241,1.29245273,0.15316778,0.04041809,0.03000000,55.65455510,0.25000000,0.18629450,1.47626408,6.89746288,0.00000000,0.00000000,9.18235041,0.00960140,1.01512040,0.49172813,0.00000000,0.00000000,0.00000000,0.00000000,0.75640048,0.37353473,0.69824968,0.84584048,0.93559632,0.75640048,0.37353473,0.69824968,0.84584048,0.93559632,-23.33320608,-46.26554302,0.89714997,0.65126294,-nan,-nan,-nan,-nan,0.00000000,0.00000000,0.00000000,0.00000000,0.00000000,0.00000000,-nan,0.00000000,13.65558748
