Y,A,A_rep,A_hid,L,Q,K,W,P,r,taua,abar,tauk,taul,WtaxRev,KtaxRev,WtaxRev_lost,KtaxRev_lost,G,lump_sum,ylbar,WtaxPct,ShelterPct,ShelterPctP99,TaxEvasionP99,ConcealPctP99,gini,p90,p99,p999,p9999,gini_total,p90_total,p99_total,p999_total,p9999_total,welfare,welfare0,approval,approval0,conceal_share_e,conceal_share_n,evasion_share_e,evasion_share_n,conceal_frac_e,conceal_frac_n,evasion_frac_e,evasion_frac_n,shelter_pct_e,shelter_pct_n,detection_rate,detection_revenue,wtax_evasion_elast
73.47143158,3.10970555,2.91340913,0.19629642,30.12130526,331.09265823,65.40767124,1.41472848,0.13835336,0.02975327,0.01358528,987.18557410,0.25000000,0.18607047,0.18783491,5.92066534,0.15031977,0.54473877,9.29156816,0.00086484,1.08952447,0.01402963,0.10462137,39.79047183,8.85329012,55.59292984,0.77023259,0.35293938,0.66224960,0.83038237,0.93947029,0.78469255,0.33066051,0.62049312,0.78250155,0.91081184,-23.70516534,-47.57480439,0.68178549,0.33621723,0.26146536,0.73853464,0.77810884,0.22189116,0.05051326,0.06924381,0.06337903,0.01071081,0.39182897,0.03527737,0.67197488,0.04826709,31.33375167
