Y,A,A_rep,A_hid,L,Q,K,W,P,r,taua,abar,tauk,taul,WtaxRev,KtaxRev,WtaxRev_lost,KtaxRev_lost,G,lump_sum,ylbar,WtaxPct,ShelterPct,ShelterPctP99,TaxEvasionP99,ConcealPctP99,gini,p90,p99,p999,p9999,gini_total,p90_total,p99_total,p999_total,p9999_total,welfare,welfare0,approval,approval0,conceal_share_e,conceal_share_n,evasion_share_e,evasion_share_n,conceal_frac_e,conceal_frac_n,evasion_frac_e,evasion_frac_n,shelter_pct_e,shelter_pct_n,detection_rate,detection_revenue,wtax_evasion_elast
60.23837891,2.48522450,2.48522450,0.00000000,29.43593785,216.20640823,39.11508814,1.18692924,0.16646331,0.05934245,0.03000000,2.08789539,0.25000000,0.18677291,4.46607400,7.39338762,0.00000000,0.00000000,9.18235041,0.02276454,1.01512040,22.42955831,0.00000000,0.00000000,0.00000000,0.00000000,0.72877952,0.37446341,0.63598548,0.78852129,0.91305900,0.72877952,0.37446341,0.63598548,0.78852129,0.91305900,-23.84188196,-48.67863212,0.48287191,0.13036269,-nan,-nan,-nan,-nan,0.00000000,0.00000000,0.00000000,0.00000000,0.00000000,0.00000000,-nan,0.00000000,16.39946016
