Y,A,A_rep,A_hid,L,Q,K,W,P,r,taua,abar,tauk,taul,WtaxRev,KtaxRev,WtaxRev_lost,KtaxRev_lost,G,lump_sum,ylbar,WtaxPct,ShelterPct,ShelterPctP99,TaxEvasionP99,ConcealPctP99,gini,p90,p99,p999,p9999,gini_total,p90_total,p99_total,p999_total,p9999_total,welfare,welfare0,approval,approval0,conceal_share_e,conceal_share_n,evasion_share_e,evasion_share_n,conceal_frac_e,conceal_frac_n,evasion_frac_e,evasion_frac_n,shelter_pct_e,shelter_pct_n,detection_rate,detection_revenue,wtax_evasion_elast
65.77817006,2.86731385,2.86731385,0.00000000,29.63325008,260.21011737,51.44238571,1.28745664,0.15385714,0.04078648,0.04470688,82.27517202,0.25000000,0.18632540,1.63972608,6.91572980,0.00000000,0.00000000,9.18235041,0.01016284,1.01512040,0.28207420,0.00000000,0.00000000,0.00000000,0.00000000,0.75299621,0.37854604,0.70913617,0.86272197,0.94306632,0.75299621,0.37854604,0.70913617,0.86272197,0.94306632,-23.33131901,-46.33335160,0.82381630,0.45254547,-nan,-nan,-nan,-nan,0.00000000,0.00000000,0.00000000,0.00000000,0.00000000,0.00000000,-nan,0.00000000,12.83723445
