Y,A,A_rep,A_hid,L,Q,K,W,P,r,taua,abar,tauk,taul,WtaxRev,KtaxRev,WtaxRev_lost,KtaxRev_lost,G,lump_sum,ylbar,WtaxPct,ShelterPct,ShelterPctP99,TaxEvasionP99,ConcealPctP99,gini,p90,p99,p999,p9999,gini_total,p90_total,p99_total,p999_total,p9999_total,welfare,welfare0,approval,approval0,conceal_share_e,conceal_share_n,evasion_share_e,evasion_share_n,conceal_frac_e,conceal_frac_n,evasion_frac_e,evasion_frac_n,shelter_pct_e,shelter_pct_n,detection_rate,detection_revenue,wtax_evasion_elast
65.58716907,2.85646930,2.85646930,0.00000000,29.60499883,258.91567368,50.99958188,1.28494361,0.15410055,0.04130887,0.03254883,35.62065894,0.25000000,0.18638880,1.79580803,6.92931019,0.00000000,0.00000000,9.18235041,0.01143694,1.01512040,0.64093221,0.00000000,0.00000000,0.00000000,0.00000000,0.75115664,0.38184221,0.70933732,0.84676599,0.93535649,0.75115664,0.38184221,0.70933732,0.84676599,0.93535649,-23.25027807,-46.21291474,0.85457634,0.50707567,-nan,-nan,-nan,-nan,0.00000000,0.00000000,0.00000000,0.00000000,0.00000000,0.00000000,-nan,0.00000000,13.39341887
