Y,A,A_rep,A_hid,L,Q,K,W,P,r,taua,abar,tauk,taul,WtaxRev,KtaxRev,WtaxRev_lost,KtaxRev_lost,G,lump_sum,ylbar,WtaxPct,ShelterPct,ShelterPctP99,TaxEvasionP99,ConcealPctP99,gini,p90,p99,p999,p9999,gini_total,p90_total,p99_total,p999_total,p9999_total,welfare,welfare0,approval,approval0,conceal_share_e,conceal_share_n,evasion_share_e,evasion_share_n,conceal_frac_e,conceal_frac_n,evasion_frac_e,evasion_frac_n,shelter_pct_e,shelter_pct_n,detection_rate,detection_revenue,wtax_evasion_elast
65.66251665,2.86008115,2.86008115,0.00000000,29.61456769,259.49428492,51.12376647,1.28599242,0.15396656,0.04119089,0.03244267,38.58986069,0.25000000,0.18637612,1.75118959,6.92506806,0.00000000,0.00000000,9.18235041,0.01118306,1.01512040,0.66719667,0.00000000,0.00000000,0.00000000,0.00000000,0.75186356,0.38068057,0.70811703,0.84709338,0.93558118,0.75186356,0.38068057,0.70811703,0.84709338,0.93558118,-23.26060923,-46.21872960,0.85850779,0.51005069,-nan,-nan,-nan,-nan,0.00000000,0.00000000,0.00000000,0.00000000,0.00000000,0.00000000,-nan,0.00000000,13.38978843
