Y,A,A_rep,A_hid,L,Q,K,W,P,r,taua,abar,tauk,taul,WtaxRev,KtaxRev,WtaxRev_lost,KtaxRev_lost,G,lump_sum,ylbar,WtaxPct,ShelterPct,ShelterPctP99,TaxEvasionP99,ConcealPctP99,gini,p90,p99,p999,p9999,gini_total,p90_total,p99_total,p999_total,p9999_total,welfare,welfare0,approval,approval0,conceal_share_e,conceal_share_n,evasion_share_e,evasion_share_n,conceal_frac_e,conceal_frac_n,evasion_frac_e,evasion_frac_n,shelter_pct_e,shelter_pct_n,detection_rate,detection_revenue,wtax_evasion_elast
65.59510737,2.85607219,2.85607219,0.00000000,29.60776277,258.97100957,50.99143925,1.28497478,0.15408900,0.04133417,0.03134442,33.35428204,0.25000000,0.18638703,1.79028113,6.92986285,0.00000000,0.00000000,9.18235041,0.01141475,1.01512040,0.82659678,0.00000000,0.00000000,0.00000000,0.00000000,0.75118487,0.38182535,0.70819368,0.84488041,0.93458253,0.75118487,0.38182535,0.70819368,0.84488041,0.93458253,-23.25225442,-46.21753045,0.85344147,0.50612593,-nan,-nan,-nan,-nan,0.00000000,0.00000000,0.00000000,0.00000000,0.00000000,0.00000000,-nan,0.00000000,13.44430248
