Y,A,A_rep,A_hid,L,Q,K,W,P,r,taua,abar,tauk,taul,WtaxRev,KtaxRev,WtaxRev_lost,KtaxRev_lost,G,lump_sum,ylbar,WtaxPct,ShelterPct,ShelterPctP99,TaxEvasionP99,ConcealPctP99,gini,p90,p99,p999,p9999,gini_total,p90_total,p99_total,p999_total,p9999_total,welfare,welfare0,approval,approval0,conceal_share_e,conceal_share_n,evasion_share_e,evasion_share_n,conceal_frac_e,conceal_frac_n,evasion_frac_e,evasion_frac_n,shelter_pct_e,shelter_pct_n,detection_rate,detection_revenue,wtax_evasion_elast
66.06172682,2.87906661,2.87906661,0.00000000,29.67236919,262.43825925,51.85068717,1.29130257,0.15333927,0.04045992,0.03672582,76.22634493,0.25000000,0.18629287,1.50356102,6.90105015,0.00000000,0.00000000,9.18235041,0.00958185,1.01512040,0.27989347,0.00000000,0.00000000,0.00000000,0.00000000,0.75557318,0.37463854,0.70157470,0.85442117,0.93944397,0.75557318,0.37463854,0.70157470,0.85442117,0.93944397,-23.34417278,-46.30344370,0.85921878,0.51234006,-nan,-nan,-nan,-nan,0.00000000,0.00000000,0.00000000,0.00000000,0.00000000,0.00000000,-nan,0.00000000,13.31720776
