Y,A,A_rep,A_hid,L,Q,K,W,P,r,taua,abar,tauk,taul,WtaxRev,KtaxRev,WtaxRev_lost,KtaxRev_lost,G,lump_sum,ylbar,WtaxPct,ShelterPct,ShelterPctP99,TaxEvasionP99,ConcealPctP99,gini,p90,p99,p999,p9999,gini_total,p90_total,p99_total,p999_total,p9999_total,welfare,welfare0,approval,approval0,conceal_share_e,conceal_share_n,evasion_share_e,evasion_share_n,conceal_frac_e,conceal_frac_n,evasion_frac_e,evasion_frac_n,shelter_pct_e,shelter_pct_n,detection_rate,detection_revenue,wtax_evasion_elast
65.59292990,2.85653525,2.85653525,0.00000000,29.60593306,258.95273209,51.00050206,1.28499353,0.15409142,0.04131357,0.03203810,34.67057815,0.25000000,0.18638930,1.79262663,6.92958011,0.00000000,0.00000000,9.18235041,0.01143779,1.01512040,0.85202168,0.00000000,0.00000000,0.00000000,0.00000000,0.75122025,0.38174579,0.70884808,0.84597885,0.93502255,0.75122025,0.38174579,0.70884808,0.84597885,0.93502255,-23.24988774,-46.21177546,0.85525571,0.50954617,-nan,-nan,-nan,-nan,0.00000000,0.00000000,0.00000000,0.00000000,0.00000000,0.00000000,-nan,0.00000000,13.41534200
