Y,A,A_rep,A_hid,L,Q,K,W,P,r,taua,abar,tauk,taul,WtaxRev,KtaxRev,WtaxRev_lost,KtaxRev_lost,G,lump_sum,ylbar,WtaxPct,ShelterPct,ShelterPctP99,TaxEvasionP99,ConcealPctP99,gini,p90,p99,p999,p9999,gini_total,p90_total,p99_total,p999_total,p9999_total,welfare,welfare0,approval,approval0,conceal_share_e,conceal_share_n,evasion_share_e,evasion_share_n,conceal_frac_e,conceal_frac_n,evasion_frac_e,evasion_frac_n,shelter_pct_e,shelter_pct_n,detection_rate,detection_revenue,wtax_evasion_elast
65.69980663,2.86072635,2.86072635,0.00000000,29.62269867,259.75955899,51.16107680,1.28637031,0.15391238,0.04117613,0.03000000,33.63206995,0.25000000,0.18637329,1.73399652,6.92412679,0.00000000,0.00000000,9.18235041,0.01113509,1.01512040,0.83712664,0.00000000,0.00000000,0.00000000,0.00000000,0.75222903,0.38021924,0.70554026,0.84338986,0.93408787,0.75222903,0.38021924,0.70554026,0.84338986,0.93408787,-23.26339542,-46.21843390,0.86426600,0.51955689,-nan,-nan,-nan,-nan,0.00000000,0.00000000,0.00000000,0.00000000,0.00000000,0.00000000,-nan,0.00000000,13.53136540
