Y,A,A_rep,A_hid,L,Q,K,W,P,r,taua,abar,tauk,taul,WtaxRev,KtaxRev,WtaxRev_lost,KtaxRev_lost,G,lump_sum,ylbar,WtaxPct,ShelterPct,ShelterPctP99,TaxEvasionP99,ConcealPctP99,gini,p90,p99,p999,p9999,gini_total,p90_total,p99_total,p999_total,p9999_total,welfare,welfare0,approval,approval0,conceal_share_e,conceal_share_n,evasion_share_e,evasion_share_n,conceal_frac_e,conceal_frac_n,evasion_frac_e,evasion_frac_n,shelter_pct_e,shelter_pct_n,detection_rate,detection_revenue,wtax_evasion_elast
65.42828658,2.84718932,2.84718932,0.00000000,29.58832802,257.68869335,50.68507875,1.28255534,0.15438613,0.04165303,0.03142314,28.72545021,0.25000000,0.18640805,1.87551340,6.94085032,0.00000000,0.00000000,9.18235041,0.01184481,1.01512040,1.10621236,0.00000000,0.00000000,0.00000000,0.00000000,0.74952031,0.38446030,0.70944064,0.84386938,0.93404719,0.74952031,0.38446030,0.70944064,0.84386938,0.93404719,-23.23947472,-46.23067835,0.83673590,0.47090132,-nan,-nan,-nan,-nan,0.00000000,0.00000000,0.00000000,0.00000000,0.00000000,0.00000000,-nan,0.00000000,13.47105084
