Y,A,A_rep,A_hid,L,Q,K,W,P,r,taua,abar,tauk,taul,WtaxRev,KtaxRev,WtaxRev_lost,KtaxRev_lost,G,lump_sum,ylbar,WtaxPct,ShelterPct,ShelterPctP99,TaxEvasionP99,ConcealPctP99,gini,p90,p99,p999,p9999,gini_total,p90_total,p99_total,p999_total,p9999_total,welfare,welfare0,approval,approval0,conceal_share_e,conceal_share_n,evasion_share_e,evasion_share_n,conceal_frac_e,conceal_frac_n,evasion_frac_e,evasion_frac_n,shelter_pct_e,shelter_pct_n,detection_rate,detection_revenue,wtax_evasion_elast
65.19638662,2.84304063,2.84304063,0.00000000,29.55184904,255.70910482,50.57568090,1.27957492,0.15490887,0.04152485,0.05415975,68.53580662,0.25000000,0.18640360,1.93700848,6.94627162,0.00000000,0.00000000,9.18235041,0.01155123,1.01512040,0.30923817,0.00000000,0.00000000,0.00000000,0.00000000,0.74767519,0.38667170,0.72378844,0.87162924,0.94627490,0.74767519,0.38667170,0.72378844,0.87162924,0.94627490,-23.28828241,-46.36461416,0.78655015,0.42037814,-nan,-nan,-nan,-nan,0.00000000,0.00000000,0.00000000,0.00000000,0.00000000,0.00000000,-nan,0.00000000,12.26469479
