Y,A,A_rep,A_hid,L,Q,K,W,P,r,taua,abar,tauk,taul,WtaxRev,KtaxRev,WtaxRev_lost,KtaxRev_lost,G,lump_sum,ylbar,WtaxPct,ShelterPct,ShelterPctP99,TaxEvasionP99,ConcealPctP99,gini,p90,p99,p999,p9999,gini_total,p90_total,p99_total,p999_total,p9999_total,welfare,welfare0,approval,approval0,conceal_share_e,conceal_share_n,evasion_share_e,evasion_share_n,conceal_frac_e,conceal_frac_n,evasion_frac_e,evasion_frac_n,shelter_pct_e,shelter_pct_n,detection_rate,detection_revenue,wtax_evasion_elast
65.57501335,2.85577760,2.85577760,0.00000000,29.60374945,258.82562373,50.97915108,1.28477339,0.15412193,0.04132954,0.03248153,34.99470125,0.25000000,0.18639044,1.80227620,6.92992772,0.00000000,0.00000000,9.18235041,0.01147233,1.01512040,0.85886728,0.00000000,0.00000000,0.00000000,0.00000000,0.75105383,0.38202994,0.70942704,0.84660064,0.93527548,0.75105383,0.38202994,0.70942704,0.84660064,0.93527548,-23.24914239,-46.21316193,0.85348031,0.50644817,-nan,-nan,-nan,-nan,0.00000000,0.00000000,0.00000000,0.00000000,0.00000000,0.00000000,-nan,0.00000000,13.40156245
