Y,A,A_rep,A_hid,L,Q,K,W,P,r,taua,abar,tauk,taul,WtaxRev,KtaxRev,WtaxRev_lost,KtaxRev_lost,G,lump_sum,ylbar,WtaxPct,ShelterPct,ShelterPctP99,TaxEvasionP99,ConcealPctP99,gini,p90,p99,p999,p9999,gini_total,p90_total,p99_total,p999_total,p9999_total,welfare,welfare0,approval,approval0,conceal_share_e,conceal_share_n,evasion_share_e,evasion_share_n,conceal_frac_e,conceal_frac_n,evasion_frac_e,evasion_frac_n,shelter_pct_e,shelter_pct_n,detection_rate,detection_revenue,wtax_evasion_elast
65.56807148,2.85559748,2.85559748,0.00000000,29.60256924,258.77172049,50.96918370,1.28468309,0.15413392,0.04133738,0.03266983,35.17798893,0.25000000,0.18639175,1.80581346,6.93034881,0.00000000,0.00000000,9.18235041,0.01148809,1.01512040,0.63681505,0.00000000,0.00000000,0.00000000,0.00000000,0.75098194,0.38209889,0.70971344,0.84684906,0.93536482,0.75098194,0.38209889,0.70971344,0.84684906,0.93536482,-23.24839413,-46.21321393,0.85322395,0.50628414,-nan,-nan,-nan,-nan,0.00000000,0.00000000,0.00000000,0.00000000,0.00000000,0.00000000,-nan,0.00000000,13.39516024
