Y,A,A_rep,A_hid,L,Q,K,W,P,r,taua,abar,tauk,taul,WtaxRev,KtaxRev,WtaxRev_lost,KtaxRev_lost,G,lump_sum,ylbar,WtaxPct,ShelterPct,ShelterPctP99,TaxEvasionP99,ConcealPctP99,gini,p90,p99,p999,p9999,gini_total,p90_total,p99_total,p999_total,p9999_total,welfare,welfare0,approval,approval0,conceal_share_e,conceal_share_n,evasion_share_e,evasion_share_n,conceal_frac_e,conceal_frac_n,evasion_frac_e,evasion_frac_n,shelter_pct_e,shelter_pct_n,detection_rate,detection_revenue,wtax_evasion_elast
65.58374329,2.85646087,2.85646087,0.00000000,29.60430865,258.89773645,50.99561457,1.28491554,0.15410350,0.04131203,0.03271718,35.98280213,0.25000000,0.18638836,1.79686786,6.92946052,0.00000000,0.00000000,9.18235041,0.01143944,1.01512040,0.64300472,0.00000000,0.00000000,0.00000000,0.00000000,0.75110879,0.38203294,0.70954237,0.84703546,0.93547209,0.75110879,0.38203294,0.70954237,0.84703546,0.93547209,-23.24974252,-46.21268115,0.85420728,0.50708198,-nan,-nan,-nan,-nan,0.00000000,0.00000000,0.00000000,0.00000000,0.00000000,0.00000000,-nan,0.00000000,13.38117847
