Y,A,A_rep,A_hid,L,Q,K,W,P,r,taua,abar,tauk,taul,WtaxRev,KtaxRev,WtaxRev_lost,KtaxRev_lost,G,lump_sum,ylbar,WtaxPct,ShelterPct,ShelterPctP99,TaxEvasionP99,ConcealPctP99,gini,p90,p99,p999,p9999,gini_total,p90_total,p99_total,p999_total,p9999_total,welfare,welfare0,approval,approval0,conceal_share_e,conceal_share_n,evasion_share_e,evasion_share_n,conceal_frac_e,conceal_frac_n,evasion_frac_e,evasion_frac_n,shelter_pct_e,shelter_pct_n,detection_rate,detection_revenue,wtax_evasion_elast
65.91762265,2.87213243,2.87213243,0.00000000,29.64980054,261.41984739,51.56256500,1.28945366,0.15353957,0.04076604,0.03236515,50.62438336,0.25000000,0.18633014,1.60236575,6.90996751,0.00000000,0.00000000,9.18235041,0.01029674,1.01512040,0.46464155,0.00000000,0.00000000,0.00000000,0.00000000,0.75422441,0.37689381,0.70365189,0.84835614,0.93641706,0.75422441,0.37689381,0.70365189,0.84835614,0.93641706,-23.30112239,-46.24776579,0.87363647,0.59736547,-nan,-nan,-nan,-nan,0.00000000,0.00000000,0.00000000,0.00000000,0.00000000,0.00000000,-nan,0.00000000,13.46792107
