Y,A,A_rep,A_hid,L,Q,K,W,P,r,taua,abar,tauk,taul,WtaxRev,KtaxRev,WtaxRev_lost,KtaxRev_lost,G,lump_sum,ylbar,WtaxPct,ShelterPct,ShelterPctP99,TaxEvasionP99,ConcealPctP99,gini,p90,p99,p999,p9999,gini_total,p90_total,p99_total,p999_total,p9999_total,welfare,welfare0,approval,approval0,conceal_share_e,conceal_share_n,evasion_share_e,evasion_share_n,conceal_frac_e,conceal_frac_n,evasion_frac_e,evasion_frac_n,shelter_pct_e,shelter_pct_n,detection_rate,detection_revenue,wtax_evasion_elast
66.18505783,2.88442980,2.88442980,0.00000000,29.69053959,263.36740192,52.04697870,1.29291108,0.15313638,0.04028624,0.03468640,78.55573741,0.25000000,0.18627732,1.43703460,6.89452686,0.00000000,0.00000000,9.18235041,0.00923533,1.01512040,0.28657521,0.00000000,0.00000000,0.00000000,0.00000000,0.75672151,0.37286322,0.69843703,0.85219243,0.93864399,0.75672151,0.37286322,0.69843703,0.85219243,0.93864399,-23.35903414,-46.30781781,0.87218421,0.52930980,-nan,-nan,-nan,-nan,0.00000000,0.00000000,0.00000000,0.00000000,0.00000000,0.00000000,-nan,0.00000000,13.45070233
