Y,A,A_rep,A_hid,L,Q,K,W,P,r,taua,abar,tauk,taul,WtaxRev,KtaxRev,WtaxRev_lost,KtaxRev_lost,G,lump_sum,ylbar,WtaxPct,ShelterPct,ShelterPctP99,TaxEvasionP99,ConcealPctP99,gini,p90,p99,p999,p9999,gini_total,p90_total,p99_total,p999_total,p9999_total,welfare,welfare0,approval,approval0,conceal_share_e,conceal_share_n,evasion_share_e,evasion_share_n,conceal_frac_e,conceal_frac_n,evasion_frac_e,evasion_frac_n,shelter_pct_e,shelter_pct_n,detection_rate,detection_revenue,wtax_evasion_elast
65.58595068,2.85637986,2.85637986,0.00000000,29.60501957,258.90594636,50.99790665,1.28492311,0.15410344,0.04131049,0.03242916,35.22730655,0.25000000,0.18638973,1.79669779,6.92935639,0.00000000,0.00000000,9.18235041,0.01144638,1.01512040,0.63839293,0.00000000,0.00000000,0.00000000,0.00000000,0.75116148,0.38185956,0.70927463,0.84658019,0.93526961,0.75116148,0.38185956,0.70927463,0.84658019,0.93526961,-23.24992086,-46.21230216,0.85478385,0.50711311,-nan,-nan,-nan,-nan,0.00000000,0.00000000,0.00000000,0.00000000,0.00000000,0.00000000,-nan,0.00000000,13.40610189
