Y,A,A_rep,A_hid,L,Q,K,W,P,r,taua,abar,tauk,taul,WtaxRev,KtaxRev,WtaxRev_lost,KtaxRev_lost,G,lump_sum,ylbar,WtaxPct,ShelterPct,ShelterPctP99,TaxEvasionP99,ConcealPctP99,gini,p90,p99,p999,p9999,gini_total,p90_total,p99_total,p999_total,p9999_total,welfare,welfare0,approval,approval0,conceal_share_e,conceal_share_n,evasion_share_e,evasion_share_n,conceal_frac_e,conceal_frac_n,evasion_frac_e,evasion_frac_n,shelter_pct_e,shelter_pct_n,detection_rate,detection_revenue,wtax_evasion_elast
65.12407211,2.83808937,2.83808937,0.00000000,29.53740149,255.35029070,50.34332066,1.27879185,0.15493415,0.04184614,0.04504549,46.30522835,0.25000000,0.18643847,2.01609342,6.95230382,0.00000000,0.00000000,9.18235041,0.01228544,1.01512040,0.54174510,0.00000000,0.00000000,0.00000000,0.00000000,0.74668920,0.38847283,0.72349794,0.86171625,0.94137869,0.74668920,0.38847283,0.72349794,0.86171625,0.94137869,-23.23117585,-46.26893356,0.80716567,0.43436949,-nan,-nan,-nan,-nan,0.00000000,0.00000000,0.00000000,0.00000000,0.00000000,0.00000000,-nan,0.00000000,12.65382199
