Y,A,A_rep,A_hid,L,Q,K,W,P,r,taua,abar,tauk,taul,WtaxRev,KtaxRev,WtaxRev_lost,KtaxRev_lost,G,lump_sum,ylbar,WtaxPct,ShelterPct,ShelterPctP99,TaxEvasionP99,ConcealPctP99,gini,p90,p99,p999,p9999,gini_total,p90_total,p99_total,p999_total,p9999_total,welfare,welfare0,approval,approval0,conceal_share_e,conceal_share_n,evasion_share_e,evasion_share_n,conceal_frac_e,conceal_frac_n,evasion_frac_e,evasion_frac_n,shelter_pct_e,shelter_pct_n,detection_rate,detection_revenue,wtax_evasion_elast
65.58336963,2.85632113,2.85632113,0.00000000,29.60428579,258.88301863,50.99279353,1.28488840,0.15410765,0.04131487,0.03250081,35.32720908,0.25000000,0.18639126,1.79801504,6.92967968,0.00000000,0.00000000,9.18235041,0.01146210,1.01512040,0.63878857,0.00000000,0.00000000,0.00000000,0.00000000,0.75113323,0.38187945,0.70933584,0.84666432,0.93530018,0.75113323,0.38187945,0.70933584,0.84666432,0.93530018,-23.24856621,-46.21040500,0.85520617,0.50995652,-nan,-nan,-nan,-nan,0.00000000,0.00000000,0.00000000,0.00000000,0.00000000,0.00000000,-nan,0.00000000,13.39942705
