Y,A,A_rep,A_hid,L,Q,K,W,P,r,taua,abar,tauk,taul,WtaxRev,KtaxRev,WtaxRev_lost,KtaxRev_lost,G,lump_sum,ylbar,WtaxPct,ShelterPct,ShelterPctP99,TaxEvasionP99,ConcealPctP99,gini,p90,p99,p999,p9999,gini_total,p90_total,p99_total,p999_total,p9999_total,welfare,welfare0,approval,approval0,conceal_share_e,conceal_share_n,evasion_share_e,evasion_share_n,conceal_frac_e,conceal_frac_n,evasion_frac_e,evasion_frac_n,shelter_pct_e,shelter_pct_n,detection_rate,detection_revenue,wtax_evasion_elast
65.12033501,2.83827131,2.83827131,0.00000000,29.53715250,255.30623514,50.35572455,1.27874058,0.15495083,0.04181914,0.04636003,48.54926963,0.25000000,0.18643461,2.01148859,6.95198498,0.00000000,0.00000000,9.18235041,0.01220610,1.01512040,0.42520211,0.00000000,0.00000000,0.00000000,0.00000000,0.74670365,0.38842743,0.72402648,0.86332708,0.94210400,0.74670365,0.38842743,0.72402648,0.86332708,0.94210400,-23.23825309,-46.28335634,0.80363454,0.43423996,-nan,-nan,-nan,-nan,0.00000000,0.00000000,0.00000000,0.00000000,0.00000000,0.00000000,-nan,0.00000000,12.62423617
