Y,A,A_rep,A_hid,L,Q,K,W,P,r,taua,abar,tauk,taul,WtaxRev,KtaxRev,WtaxRev_lost,KtaxRev_lost,G,lump_sum,ylbar,WtaxPct,ShelterPct,ShelterPctP99,TaxEvasionP99,ConcealPctP99,gini,p90,p99,p999,p9999,gini_total,p90_total,p99_total,p999_total,p9999_total,welfare,welfare0,approval,approval0,conceal_share_e,conceal_share_n,evasion_share_e,evasion_share_n,conceal_frac_e,conceal_frac_n,evasion_frac_e,evasion_frac_n,shelter_pct_e,shelter_pct_n,detection_rate,detection_revenue,wtax_evasion_elast
65.59495487,2.85684897,2.85684897,0.00000000,29.60585322,258.97163465,51.01173057,1.28504740,0.15408739,0.04129708,0.03242659,35.62762994,0.25000000,0.18638945,1.79139485,6.92898874,0.00000000,0.00000000,9.18235041,0.01142487,1.01512040,0.64130524,0.00000000,0.00000000,0.00000000,0.00000000,0.75124438,0.38173261,0.70912139,0.84662159,0.93530085,0.75124438,0.38173261,0.70912139,0.84662159,0.93530085,-23.25015752,-46.21122484,0.85554397,0.50997601,-nan,-nan,-nan,-nan,0.00000000,0.00000000,0.00000000,0.00000000,0.00000000,0.00000000,-nan,0.00000000,13.40007824
