Y,A,A_rep,A_hid,L,Q,K,W,P,r,taua,abar,tauk,taul,WtaxRev,KtaxRev,WtaxRev_lost,KtaxRev_lost,G,lump_sum,ylbar,WtaxPct,ShelterPct,ShelterPctP99,TaxEvasionP99,ConcealPctP99,gini,p90,p99,p999,p9999,gini_total,p90_total,p99_total,p999_total,p9999_total,welfare,welfare0,approval,approval0,conceal_share_e,conceal_share_n,evasion_share_e,evasion_share_n,conceal_frac_e,conceal_frac_n,evasion_frac_e,evasion_frac_n,shelter_pct_e,shelter_pct_n,detection_rate,detection_revenue,wtax_evasion_elast
65.55234818,2.85461657,2.85461657,0.00000000,29.60074382,258.65419556,50.93658042,1.28445565,0.15415998,0.04137393,0.03255883,34.54528502,0.25000000,0.18639408,1.81371057,6.93137514,0.00000000,0.00000000,9.18235041,0.01153322,1.01512040,0.84807756,0.00000000,0.00000000,0.00000000,0.00000000,0.75082364,0.38236034,0.70973565,0.84658393,0.93525058,0.75082364,0.38236034,0.70973565,0.84658393,0.93525058,-23.24686037,-46.21383534,0.85164806,0.50577327,-nan,-nan,-nan,-nan,0.00000000,0.00000000,0.00000000,0.00000000,0.00000000,0.00000000,-nan,0.00000000,13.38425757
