Y,A,A_rep,A_hid,L,Q,K,W,P,r,taua,abar,tauk,taul,WtaxRev,KtaxRev,WtaxRev_lost,KtaxRev_lost,G,lump_sum,ylbar,WtaxPct,ShelterPct,ShelterPctP99,TaxEvasionP99,ConcealPctP99,gini,p90,p99,p999,p9999,gini_total,p90_total,p99_total,p999_total,p9999_total,welfare,welfare0,approval,approval0,conceal_share_e,conceal_share_n,evasion_share_e,evasion_share_n,conceal_frac_e,conceal_frac_n,evasion_frac_e,evasion_frac_n,shelter_pct_e,shelter_pct_n,detection_rate,detection_revenue,wtax_evasion_elast
65.58234908,2.85628225,2.85628225,0.00000000,29.60387609,258.86388670,50.98799430,1.28485644,0.15411166,0.04131976,0.03249904,35.24746196,0.25000000,0.18639163,1.79911849,6.93008270,0.00000000,0.00000000,9.18235041,0.01147152,1.01512040,0.63835583,0.00000000,0.00000000,0.00000000,0.00000000,0.75112844,0.38188907,0.70937456,0.84665726,0.93529920,0.75112844,0.38188907,0.70937456,0.84665726,0.93529920,-23.24832690,-46.21036188,0.85493686,0.50995652,-nan,-nan,-nan,-nan,0.00000000,0.00000000,0.00000000,0.00000000,0.00000000,0.00000000,-nan,0.00000000,13.39833367
