Y,A,A_rep,A_hid,L,Q,K,W,P,r,taua,abar,tauk,taul,WtaxRev,KtaxRev,WtaxRev_lost,KtaxRev_lost,G,lump_sum,ylbar,WtaxPct,ShelterPct,ShelterPctP99,TaxEvasionP99,ConcealPctP99,gini,p90,p99,p999,p9999,gini_total,p90_total,p99_total,p999_total,p9999_total,welfare,welfare0,approval,approval0,conceal_share_e,conceal_share_n,evasion_share_e,evasion_share_n,conceal_frac_e,conceal_frac_n,evasion_frac_e,evasion_frac_n,shelter_pct_e,shelter_pct_n,detection_rate,detection_revenue,wtax_evasion_elast
73.56140648,3.11340145,2.92910670,0.18429475,30.13334942,331.91495044,65.52163967,1.41589088,0.13821352,0.02971183,0.00957374,1128.92216417,0.25000000,0.18605857,0.13083285,5.92525085,0.09387509,0.54473860,9.29156816,0.00049603,1.08952447,0.01221465,0.10336252,35.21480516,8.61927103,54.28078236,0.77146857,0.35099979,0.65813770,0.82442616,0.93640739,0.78495435,0.33022270,0.61922654,0.78010731,0.90854846,-23.71825304,-47.59040516,0.63779318,0.30913154,0.26489022,0.73510978,0.82655913,0.17344087,0.04800893,0.06461891,0.06226842,0.00772043,0.39058772,0.03401428,0.67902745,0.04624986,36.62168546
