Y,A,A_rep,A_hid,L,Q,K,W,P,r,taua,abar,tauk,taul,WtaxRev,KtaxRev,WtaxRev_lost,KtaxRev_lost,G,lump_sum,ylbar,WtaxPct,ShelterPct,ShelterPctP99,TaxEvasionP99,ConcealPctP99,gini,p90,p99,p999,p9999,gini_total,p90_total,p99_total,p999_total,p9999_total,welfare,welfare0,approval,approval0,conceal_share_e,conceal_share_n,evasion_share_e,evasion_share_n,conceal_frac_e,conceal_frac_n,evasion_frac_e,evasion_frac_n,shelter_pct_e,shelter_pct_n,detection_rate,detection_revenue,wtax_evasion_elast
65.60334767,2.85719341,2.85719341,0.00000000,29.60725831,259.03586821,51.02399502,1.28515405,0.15407320,0.04128711,0.03220250,35.35362729,0.25000000,0.18638765,1.78679294,6.92860737,0.00000000,0.00000000,9.18235041,0.01140062,1.01512040,0.63996537,0.00000000,0.00000000,0.00000000,0.00000000,0.75132700,0.38164337,0.70883542,0.84632375,0.93517029,0.75132700,0.38164337,0.70883542,0.84632375,0.93517029,-23.25132230,-46.21219084,0.85585162,0.50999952,-nan,-nan,-nan,-nan,0.00000000,0.00000000,0.00000000,0.00000000,0.00000000,0.00000000,-nan,0.00000000,13.41990027
