Y,A,A_rep,A_hid,L,Q,K,W,P,r,taua,abar,tauk,taul,WtaxRev,KtaxRev,WtaxRev_lost,KtaxRev_lost,G,lump_sum,ylbar,WtaxPct,ShelterPct,ShelterPctP99,TaxEvasionP99,ConcealPctP99,gini,p90,p99,p999,p9999,gini_total,p90_total,p99_total,p999_total,p9999_total,welfare,welfare0,approval,approval0,conceal_share_e,conceal_share_n,evasion_share_e,evasion_share_n,conceal_frac_e,conceal_frac_n,evasion_frac_e,evasion_frac_n,shelter_pct_e,shelter_pct_n,detection_rate,detection_revenue,wtax_evasion_elast
73.50772513,3.11109516,2.91458242,0.19651274,30.12545692,331.44228619,65.45361532,1.41523801,0.13829087,0.02973700,0.01133869,920.78808550,0.25000000,0.18606654,0.16940603,5.92144503,0.13113855,0.54207219,9.29156816,0.00075983,1.08952447,0.01549282,0.10431919,38.18295711,8.71723717,55.97799129,0.77034290,0.35273663,0.66172119,0.82941269,0.93836619,0.78480561,0.33045598,0.61997129,0.78151147,0.90974238,-23.70651029,-47.57300789,0.68976984,0.34260469,0.25922164,0.74077836,0.79269854,0.20730146,0.05011747,0.06949637,0.06268951,0.00970471,0.39097412,0.03510863,0.67060229,0.04730929,34.50845553
