Y,A,A_rep,A_hid,L,Q,K,W,P,r,taua,abar,tauk,taul,WtaxRev,KtaxRev,WtaxRev_lost,KtaxRev_lost,G,lump_sum,ylbar,WtaxPct,ShelterPct,ShelterPctP99,TaxEvasionP99,ConcealPctP99,gini,p90,p99,p999,p9999,gini_total,p90_total,p99_total,p999_total,p9999_total,welfare,welfare0,approval,approval0,conceal_share_e,conceal_share_n,evasion_share_e,evasion_share_n,conceal_frac_e,conceal_frac_n,evasion_frac_e,evasion_frac_n,shelter_pct_e,shelter_pct_n,detection_rate,detection_revenue,wtax_evasion_elast
65.55991588,2.85522530,2.85522530,0.00000000,29.60115078,258.71039000,50.95564998,1.28458010,0.15414686,0.04134982,0.03290620,35.49949219,0.25000000,0.18639237,1.81033485,6.93071407,0.00000000,0.00000000,9.18235041,0.01151008,1.01512040,0.63868931,0.00000000,0.00000000,0.00000000,0.00000000,0.75090869,0.38234698,0.71001182,0.84714224,0.93548892,0.75090869,0.38234698,0.71001182,0.84714224,0.93548892,-23.24757790,-46.21288702,0.85282783,0.50628482,-nan,-nan,-nan,-nan,0.00000000,0.00000000,0.00000000,0.00000000,0.00000000,0.00000000,-nan,0.00000000,13.37043963
