Y,A,A_rep,A_hid,L,Q,K,W,P,r,taua,abar,tauk,taul,WtaxRev,KtaxRev,WtaxRev_lost,KtaxRev_lost,G,lump_sum,ylbar,WtaxPct,ShelterPct,ShelterPctP99,TaxEvasionP99,ConcealPctP99,gini,p90,p99,p999,p9999,gini_total,p90_total,p99_total,p999_total,p9999_total,welfare,welfare0,approval,approval0,conceal_share_e,conceal_share_n,evasion_share_e,evasion_share_n,conceal_frac_e,conceal_frac_n,evasion_frac_e,evasion_frac_n,shelter_pct_e,shelter_pct_n,detection_rate,detection_revenue,wtax_evasion_elast
65.55294930,2.85511484,2.85511484,0.00000000,29.59963257,258.65229626,50.94405575,1.28448597,0.15415886,0.04135925,0.03320092,36.13173180,0.25000000,0.18639473,1.81209469,6.93140325,0.00000000,0.00000000,9.18235041,0.01151571,1.01512040,0.64263064,0.00000000,0.00000000,0.00000000,0.00000000,0.75084142,0.38235622,0.71027449,0.84758771,0.93568431,0.75084142,0.38235622,0.71027449,0.84758771,0.93568431,-23.24739201,-46.21448150,0.85136740,0.50167631,-nan,-nan,-nan,-nan,0.00000000,0.00000000,0.00000000,0.00000000,0.00000000,0.00000000,-nan,0.00000000,13.34870520
