Y,A,A_rep,A_hid,L,Q,K,W,P,r,taua,abar,tauk,taul,WtaxRev,KtaxRev,WtaxRev_lost,KtaxRev_lost,G,lump_sum,ylbar,WtaxPct,ShelterPct,ShelterPctP99,TaxEvasionP99,ConcealPctP99,gini,p90,p99,p999,p9999,gini_total,p90_total,p99_total,p999_total,p9999_total,welfare,welfare0,approval,approval0,conceal_share_e,conceal_share_n,evasion_share_e,evasion_share_n,conceal_frac_e,conceal_frac_n,evasion_frac_e,evasion_frac_n,shelter_pct_e,shelter_pct_n,detection_rate,detection_revenue,wtax_evasion_elast
73.44712014,3.11062630,2.91009064,0.20053567,30.12548124,330.50357723,65.60535521,1.41406867,0.13853000,0.02948697,0.02000000,1356.74185809,0.25000000,0.18606560,0.16590477,5.92577847,0.21279520,0.53637109,9.29156816,0.00075096,1.08952447,0.00892715,0.10459295,53.99232929,10.92743204,49.81327513,0.77094649,0.35203453,0.66200443,0.83209106,0.94676598,0.78567119,0.32933959,0.61938612,0.78289243,0.91282662,-23.73798308,-47.63484678,0.49096760,0.09422752,0.31198954,0.68801046,0.76525306,0.23474694,0.06139831,0.06596341,0.06691440,0.01221051,0.39493887,0.03449123,0.66954137,0.06355117,36.12253487
