Y,A,A_rep,A_hid,L,Q,K,W,P,r,taua,abar,tauk,taul,WtaxRev,KtaxRev,WtaxRev_lost,KtaxRev_lost,G,lump_sum,ylbar,WtaxPct,ShelterPct,ShelterPctP99,TaxEvasionP99,ConcealPctP99,gini,p90,p99,p999,p9999,gini_total,p90_total,p99_total,p999_total,p9999_total,welfare,welfare0,approval,approval0,conceal_share_e,conceal_share_n,evasion_share_e,evasion_share_n,conceal_frac_e,conceal_frac_n,evasion_frac_e,evasion_frac_n,shelter_pct_e,shelter_pct_n,detection_rate,detection_revenue,wtax_evasion_elast
65.58381713,2.85637037,2.85637037,0.00000000,29.60425273,258.88924099,50.99388844,1.28490159,0.15410575,0.04131375,0.03259925,35.65273826,0.25000000,0.18639064,1.79716445,6.92957226,0.00000000,0.00000000,9.18235041,0.01145286,1.01512040,0.64097079,0.00000000,0.00000000,0.00000000,0.00000000,0.75113062,0.38187052,0.70941148,0.84683571,0.93537851,0.75113062,0.38187052,0.70941148,0.84683571,0.93537851,-23.24902143,-46.21115143,0.85493379,0.50995691,-nan,-nan,-nan,-nan,0.00000000,0.00000000,0.00000000,0.00000000,0.00000000,0.00000000,-nan,0.00000000,13.39062241
