Y,A,A_rep,A_hid,L,Q,K,W,P,r,taua,abar,tauk,taul,WtaxRev,KtaxRev,WtaxRev_lost,KtaxRev_lost,G,lump_sum,ylbar,WtaxPct,ShelterPct,ShelterPctP99,TaxEvasionP99,ConcealPctP99,gini,p90,p99,p999,p9999,gini_total,p90_total,p99_total,p999_total,p9999_total,welfare,welfare0,approval,approval0,conceal_share_e,conceal_share_n,evasion_share_e,evasion_share_n,conceal_frac_e,conceal_frac_n,evasion_frac_e,evasion_frac_n,shelter_pct_e,shelter_pct_n,detection_rate,detection_revenue,wtax_evasion_elast
65.57196692,2.85579578,2.85579578,0.00000000,29.60299214,258.80493891,50.97600486,1.28474496,0.15412576,0.04133087,0.03266892,35.32887673,0.25000000,0.18639126,1.80380947,6.93004009,0.00000000,0.00000000,9.18235041,0.01148087,1.01512040,0.63830555,0.00000000,0.00000000,0.00000000,0.00000000,0.75102242,0.38220574,0.70966534,0.84687879,0.93539248,0.75102242,0.38220574,0.70966534,0.84687879,0.93539248,-23.24836773,-46.21209922,0.85354381,0.50667878,-nan,-nan,-nan,-nan,0.00000000,0.00000000,0.00000000,0.00000000,0.00000000,0.00000000,-nan,0.00000000,13.39264500
