Y,A,A_rep,A_hid,L,Q,K,W,P,r,taua,abar,tauk,taul,WtaxRev,KtaxRev,WtaxRev_lost,KtaxRev_lost,G,lump_sum,ylbar,WtaxPct,ShelterPct,ShelterPctP99,TaxEvasionP99,ConcealPctP99,gini,p90,p99,p999,p9999,gini_total,p90_total,p99_total,p999_total,p9999_total,welfare,welfare0,approval,approval0,conceal_share_e,conceal_share_n,evasion_share_e,evasion_share_n,conceal_frac_e,conceal_frac_n,evasion_frac_e,evasion_frac_n,shelter_pct_e,shelter_pct_n,detection_rate,detection_revenue,wtax_evasion_elast
65.57745231,2.85497467,2.85497467,0.00000000,29.60618718,258.83483335,50.95611495,1.28470440,0.15412133,0.04137339,0.03113136,32.33673623,0.25000000,0.18638951,1.79939633,6.93107972,0.00000000,0.00000000,9.18235041,0.01146439,1.01512040,0.80759066,0.00000000,0.00000000,0.00000000,0.00000000,0.75101526,0.38208819,0.70808479,0.84436966,0.93437094,0.75101526,0.38208819,0.70808479,0.84436966,0.93437094,-23.25101685,-46.21934298,0.85234357,0.50601205,-nan,-nan,-nan,-nan,0.00000000,0.00000000,0.00000000,0.00000000,0.00000000,0.00000000,-nan,0.00000000,13.45849886
