Y,A,A_rep,A_hid,L,Q,K,W,P,r,taua,abar,tauk,taul,WtaxRev,KtaxRev,WtaxRev_lost,KtaxRev_lost,G,lump_sum,ylbar,WtaxPct,ShelterPct,ShelterPctP99,TaxEvasionP99,ConcealPctP99,gini,p90,p99,p999,p9999,gini_total,p90_total,p99_total,p999_total,p9999_total,welfare,welfare0,approval,approval0,conceal_share_e,conceal_share_n,evasion_share_e,evasion_share_n,conceal_frac_e,conceal_frac_n,evasion_frac_e,evasion_frac_n,shelter_pct_e,shelter_pct_n,detection_rate,detection_revenue,wtax_evasion_elast
65.59494580,2.85683874,2.85683874,0.00000000,29.60598242,258.97103447,51.01128270,1.28504265,0.15408788,0.04129798,0.03232801,35.33531985,0.25000000,0.18638962,1.79169456,6.92904779,0.00000000,0.00000000,9.18235041,0.01142973,1.01512040,0.63931152,0.00000000,0.00000000,0.00000000,0.00000000,0.75125116,0.38173796,0.70906526,0.84646198,0.93522209,0.75125116,0.38173796,0.70906526,0.84646198,0.93522209,-23.24992258,-46.21078646,0.85570312,0.50995652,-nan,-nan,-nan,-nan,0.00000000,0.00000000,0.00000000,0.00000000,0.00000000,0.00000000,-nan,0.00000000,13.40997716
