Y,A,A_rep,A_hid,L,Q,K,W,P,r,taua,abar,tauk,taul,WtaxRev,KtaxRev,WtaxRev_lost,KtaxRev_lost,G,lump_sum,ylbar,WtaxPct,ShelterPct,ShelterPctP99,TaxEvasionP99,ConcealPctP99,gini,p90,p99,p999,p9999,gini_total,p90_total,p99_total,p999_total,p9999_total,welfare,welfare0,approval,approval0,conceal_share_e,conceal_share_n,evasion_share_e,evasion_share_n,conceal_frac_e,conceal_frac_n,evasion_frac_e,evasion_frac_n,shelter_pct_e,shelter_pct_n,detection_rate,detection_revenue,wtax_evasion_elast
65.58487090,2.85634058,2.85634058,0.00000000,29.60465520,258.89346997,50.99483460,1.28490346,0.15410578,0.04131342,0.03241736,35.16494290,0.25000000,0.18639082,1.79719622,6.92961045,0.00000000,0.00000000,9.18235041,0.01145698,1.01512040,0.63766837,0.00000000,0.00000000,0.00000000,0.00000000,0.75115154,0.38187921,0.70926425,0.84654220,0.93525167,0.75115154,0.38187921,0.70926425,0.84654220,0.93525167,-23.24902451,-46.21101916,0.85519418,0.50995584,-nan,-nan,-nan,-nan,0.00000000,0.00000000,0.00000000,0.00000000,0.00000000,0.00000000,-nan,0.00000000,13.40613344
