Y,A,A_rep,A_hid,L,Q,K,W,P,r,taua,abar,tauk,taul,WtaxRev,KtaxRev,WtaxRev_lost,KtaxRev_lost,G,lump_sum,ylbar,WtaxPct,ShelterPct,ShelterPctP99,TaxEvasionP99,ConcealPctP99,gini,p90,p99,p999,p9999,gini_total,p90_total,p99_total,p999_total,p9999_total,welfare,welfare0,approval,approval0,conceal_share_e,conceal_share_n,evasion_share_e,evasion_share_n,conceal_frac_e,conceal_frac_n,evasion_frac_e,evasion_frac_n,shelter_pct_e,shelter_pct_n,detection_rate,detection_revenue,wtax_evasion_elast
65.69077403,2.86022806,2.86022806,0.00000000,29.62148313,259.67857248,51.14257609,1.28622189,0.15393121,0.04119467,0.03000000,33.35101126,0.25000000,0.18637387,1.73873095,6.92501407,0.00000000,0.00000000,9.18235041,0.01115748,1.01512040,0.83158938,0.00000000,0.00000000,0.00000000,0.00000000,0.75212833,0.38033216,0.70564363,0.84329509,0.93403913,0.75212833,0.38033216,0.70564363,0.84329509,0.93403913,-23.26297375,-46.22011197,0.86164928,0.51935878,-nan,-nan,-nan,-nan,0.00000000,0.00000000,0.00000000,0.00000000,0.00000000,0.00000000,-nan,0.00000000,13.52956566
