Y,A,A_rep,A_hid,L,Q,K,W,P,r,taua,abar,tauk,taul,WtaxRev,KtaxRev,WtaxRev_lost,KtaxRev_lost,G,lump_sum,ylbar,WtaxPct,ShelterPct,ShelterPctP99,TaxEvasionP99,ConcealPctP99,gini,p90,p99,p999,p9999,gini_total,p90_total,p99_total,p999_total,p9999_total,welfare,welfare0,approval,approval0,conceal_share_e,conceal_share_n,evasion_share_e,evasion_share_n,conceal_frac_e,conceal_frac_n,evasion_frac_e,evasion_frac_n,shelter_pct_e,shelter_pct_n,detection_rate,detection_revenue,wtax_evasion_elast
65.58525676,2.85641243,2.85641243,0.00000000,29.60462934,258.89919681,50.99567669,1.28491476,0.15410400,0.04131268,0.03256878,35.60715344,0.25000000,0.18639086,1.79669329,6.92952365,0.00000000,0.00000000,9.18235041,0.01144266,1.01512040,0.64065632,0.00000000,0.00000000,0.00000000,0.00000000,0.75114052,0.38186398,0.70936883,0.84679027,0.93536811,0.75114052,0.38186398,0.70936883,0.84679027,0.93536811,-23.24997260,-46.21291863,0.85438097,0.50707567,-nan,-nan,-nan,-nan,0.00000000,0.00000000,0.00000000,0.00000000,0.00000000,0.00000000,-nan,0.00000000,13.39261227
