Y,A,A_rep,A_hid,L,Q,K,W,P,r,taua,abar,tauk,taul,WtaxRev,KtaxRev,WtaxRev_lost,KtaxRev_lost,G,lump_sum,ylbar,WtaxPct,ShelterPct,ShelterPctP99,TaxEvasionP99,ConcealPctP99,gini,p90,p99,p999,p9999,gini_total,p90_total,p99_total,p999_total,p9999_total,welfare,welfare0,approval,approval0,conceal_share_e,conceal_share_n,evasion_share_e,evasion_share_n,conceal_frac_e,conceal_frac_n,evasion_frac_e,evasion_frac_n,shelter_pct_e,shelter_pct_n,detection_rate,detection_revenue,wtax_evasion_elast
65.58491396,2.85631651,2.85631651,0.00000000,29.60477211,258.89469741,50.99462099,1.28490294,0.15410568,0.04131413,0.03240970,35.11016579,0.25000000,0.18638999,1.79766973,6.92958399,0.00000000,0.00000000,9.18235041,0.01145368,1.01512040,0.63719941,0.00000000,0.00000000,0.00000000,0.00000000,0.75114804,0.38187577,0.70924782,0.84652387,0.93524389,0.75114804,0.38187577,0.70924782,0.84652387,0.93524389,-23.24950199,-46.21199282,0.85477663,0.50706329,-nan,-nan,-nan,-nan,0.00000000,0.00000000,0.00000000,0.00000000,0.00000000,0.00000000,-nan,0.00000000,13.40649129
