Y,A,A_rep,A_hid,L,Q,K,W,P,r,taua,abar,tauk,taul,WtaxRev,KtaxRev,WtaxRev_lost,KtaxRev_lost,G,lump_sum,ylbar,WtaxPct,ShelterPct,ShelterPctP99,TaxEvasionP99,ConcealPctP99,gini,p90,p99,p999,p9999,gini_total,p90_total,p99_total,p999_total,p9999_total,welfare,welfare0,approval,approval0,conceal_share_e,conceal_share_n,evasion_share_e,evasion_share_n,conceal_frac_e,conceal_frac_n,evasion_frac_e,evasion_frac_n,shelter_pct_e,shelter_pct_n,detection_rate,detection_revenue,wtax_evasion_elast
65.76384258,2.86407937,2.86407937,0.00000000,29.63089751,260.24713919,51.27707544,1.28726944,0.15380284,0.04105868,0.03000000,35.82561136,0.25000000,0.18636338,1.69866461,6.91994650,0.00000000,0.00000000,9.18235041,0.01093404,1.01512040,0.65167153,0.00000000,0.00000000,0.00000000,0.00000000,0.75291851,0.37907770,0.70479939,0.84385313,0.93432033,0.75291851,0.37907770,0.70479939,0.84385313,0.93432033,-23.27217812,-46.22152664,0.86900759,0.52946211,-nan,-nan,-nan,-nan,0.00000000,0.00000000,0.00000000,0.00000000,0.00000000,0.00000000,-nan,0.00000000,13.56060918
