Y,A,A_rep,A_hid,L,Q,K,W,P,r,taua,abar,tauk,taul,WtaxRev,KtaxRev,WtaxRev_lost,KtaxRev_lost,G,lump_sum,ylbar,WtaxPct,ShelterPct,ShelterPctP99,TaxEvasionP99,ConcealPctP99,gini,p90,p99,p999,p9999,gini_total,p90_total,p99_total,p999_total,p9999_total,welfare,welfare0,approval,approval0,conceal_share_e,conceal_share_n,evasion_share_e,evasion_share_n,conceal_frac_e,conceal_frac_n,evasion_frac_e,evasion_frac_n,shelter_pct_e,shelter_pct_n,detection_rate,detection_revenue,wtax_evasion_elast
73.48603692,3.11068722,2.92388283,0.18680439,30.12311406,331.16987237,65.45749587,1.41488694,0.13834788,0.02970613,0.01563454,1305.62493159,0.25000000,0.18606488,0.16873738,5.92731724,0.14468757,0.54487698,9.29156816,0.00081937,1.08952447,0.01012189,0.10306231,40.85890495,9.37504941,52.61315925,0.77119043,0.35143796,0.65965782,0.82750601,0.94077330,0.78488941,0.33033325,0.62009146,0.78228021,0.91121835,-23.70829273,-47.57866238,0.66539974,0.33098024,0.27776398,0.72223602,0.79011485,0.20988515,0.05103541,0.06443050,0.06389136,0.01005952,0.38835910,0.03417967,0.68393828,0.05208856,31.12420512
