Y,A,A_rep,A_hid,L,Q,K,W,P,r,taua,abar,tauk,taul,WtaxRev,KtaxRev,WtaxRev_lost,KtaxRev_lost,G,lump_sum,ylbar,WtaxPct,ShelterPct,ShelterPctP99,TaxEvasionP99,ConcealPctP99,gini,p90,p99,p999,p9999,gini_total,p90_total,p99_total,p999_total,p9999_total,welfare,welfare0,approval,approval0,conceal_share_e,conceal_share_n,evasion_share_e,evasion_share_n,conceal_frac_e,conceal_frac_n,evasion_frac_e,evasion_frac_n,shelter_pct_e,shelter_pct_n,detection_rate,detection_revenue,wtax_evasion_elast
65.76342206,2.86481696,2.86481696,0.00000000,29.62842903,260.25764507,51.29513973,1.28736493,0.15379583,0.04102577,0.03214509,41.88430406,0.25000000,0.18635866,1.69380510,6.91908678,0.00000000,0.00000000,9.18235041,0.01085327,1.01512040,0.54124589,0.00000000,0.00000000,0.00000000,0.00000000,0.75282043,0.37917989,0.70632630,0.84723137,0.93573523,0.75282043,0.37917989,0.70632630,0.84723137,0.93573523,-23.27522193,-46.22687850,0.86696689,0.52095177,-nan,-nan,-nan,-nan,0.00000000,0.00000000,0.00000000,0.00000000,0.00000000,0.00000000,-nan,0.00000000,13.45084996
