Y,A,A_rep,A_hid,L,Q,K,W,P,r,taua,abar,tauk,taul,WtaxRev,KtaxRev,WtaxRev_lost,KtaxRev_lost,G,lump_sum,ylbar,WtaxPct,ShelterPct,ShelterPctP99,TaxEvasionP99,ConcealPctP99,gini,p90,p99,p999,p9999,gini_total,p90_total,p99_total,p999_total,p9999_total,welfare,welfare0,approval,approval0,conceal_share_e,conceal_share_n,evasion_share_e,evasion_share_n,conceal_frac_e,conceal_frac_n,evasion_frac_e,evasion_frac_n,shelter_pct_e,shelter_pct_n,detection_rate,detection_revenue,wtax_evasion_elast
65.58907103,2.85655997,2.85655997,0.00000000,29.60527730,258.93053317,51.00274125,1.28496975,0.15409720,0.04130594,0.03249895,35.56614460,0.25000000,0.18638885,1.79468585,6.92919502,0.00000000,0.00000000,9.18235041,0.01143235,1.01512040,0.64062638,0.00000000,0.00000000,0.00000000,0.00000000,0.75118234,0.38181286,0.70926414,0.84670550,0.93532190,0.75118234,0.38181286,0.70926414,0.84670550,0.93532190,-23.25043793,-46.21288675,0.85481323,0.50711340,-nan,-nan,-nan,-nan,0.00000000,0.00000000,0.00000000,0.00000000,0.00000000,0.00000000,-nan,0.00000000,13.39821331
