Y,A,A_rep,A_hid,L,Q,K,W,P,r,taua,abar,tauk,taul,WtaxRev,KtaxRev,WtaxRev_lost,KtaxRev_lost,G,lump_sum,ylbar,WtaxPct,ShelterPct,ShelterPctP99,TaxEvasionP99,ConcealPctP99,gini,p90,p99,p999,p9999,gini_total,p90_total,p99_total,p999_total,p9999_total,welfare,welfare0,approval,approval0,conceal_share_e,conceal_share_n,evasion_share_e,evasion_share_n,conceal_frac_e,conceal_frac_n,evasion_frac_e,evasion_frac_n,shelter_pct_e,shelter_pct_n,detection_rate,detection_revenue,wtax_evasion_elast
65.60363797,2.85733225,2.85733225,0.00000000,29.60684286,259.04223396,51.02616243,1.28517692,0.15407033,0.04128354,0.03266075,36.72152741,0.25000000,0.18638671,1.78483241,6.92839838,0.00000000,0.00000000,9.18235041,0.01137402,1.01512040,0.64955521,0.00000000,0.00000000,0.00000000,0.00000000,0.75130271,0.38158060,0.70916930,0.84706799,0.93551411,0.75130271,0.38158060,0.70916930,0.84706799,0.93551411,-23.25257269,-46.21476201,0.85533630,0.51003451,-nan,-nan,-nan,-nan,0.00000000,0.00000000,0.00000000,0.00000000,0.00000000,0.00000000,-nan,0.00000000,13.37957042
