Y,A,A_rep,A_hid,L,Q,K,W,P,r,taua,abar,tauk,taul,WtaxRev,KtaxRev,WtaxRev_lost,KtaxRev_lost,G,lump_sum,ylbar,WtaxPct,ShelterPct,ShelterPctP99,TaxEvasionP99,ConcealPctP99,gini,p90,p99,p999,p9999,gini_total,p90_total,p99_total,p999_total,p9999_total,welfare,welfare0,approval,approval0,conceal_share_e,conceal_share_n,evasion_share_e,evasion_share_n,conceal_frac_e,conceal_frac_n,evasion_frac_e,evasion_frac_n,shelter_pct_e,shelter_pct_n,detection_rate,detection_revenue,wtax_evasion_elast
65.58696039,2.85651700,2.85651700,0.00000000,29.60474486,258.91199976,50.99880466,1.28494063,0.15410082,0.04130925,0.03251020,35.52186452,0.25000000,0.18639036,1.79578192,6.92943940,0.00000000,0.00000000,9.18235041,0.01144779,1.01512040,0.64034283,0.00000000,0.00000000,0.00000000,0.00000000,0.75116878,0.38183461,0.70930070,0.84670537,0.93532784,0.75116878,0.38183461,0.70930070,0.84670537,0.93532784,-23.24927116,-46.21092678,0.85521385,0.50995681,-nan,-nan,-nan,-nan,0.00000000,0.00000000,0.00000000,0.00000000,0.00000000,0.00000000,-nan,0.00000000,13.39643376
