Y,A,A_rep,A_hid,L,Q,K,W,P,r,taua,abar,tauk,taul,WtaxRev,KtaxRev,WtaxRev_lost,KtaxRev_lost,G,lump_sum,ylbar,WtaxPct,ShelterPct,ShelterPctP99,TaxEvasionP99,ConcealPctP99,gini,p90,p99,p999,p9999,gini_total,p90_total,p99_total,p999_total,p9999_total,welfare,welfare0,approval,approval0,conceal_share_e,conceal_share_n,evasion_share_e,evasion_share_n,conceal_frac_e,conceal_frac_n,evasion_frac_e,evasion_frac_n,shelter_pct_e,shelter_pct_n,detection_rate,detection_revenue,wtax_evasion_elast
65.91844365,2.87191965,2.87191965,0.00000000,29.65024370,261.43699968,51.55642965,1.28946384,0.15353405,0.04077894,0.03142655,47.30345566,0.25000000,0.18633166,1.60666993,6.90999159,0.00000000,0.00000000,9.18235041,0.01034841,1.01512040,0.57636742,0.00000000,0.00000000,0.00000000,0.00000000,0.75424447,0.37690647,0.70324171,0.84698034,0.93580500,0.75424447,0.37690647,0.70324171,0.84698034,0.93580500,-23.29749359,-46.24032119,0.87644255,0.60358829,-nan,-nan,-nan,-nan,0.00000000,0.00000000,0.00000000,0.00000000,0.00000000,0.00000000,-nan,0.00000000,13.50931400
