Y,A,A_rep,A_hid,L,Q,K,W,P,r,taua,abar,tauk,taul,WtaxRev,KtaxRev,WtaxRev_lost,KtaxRev_lost,G,lump_sum,ylbar,WtaxPct,ShelterPct,ShelterPctP99,TaxEvasionP99,ConcealPctP99,gini,p90,p99,p999,p9999,gini_total,p90_total,p99_total,p999_total,p9999_total,welfare,welfare0,approval,approval0,conceal_share_e,conceal_share_n,evasion_share_e,evasion_share_n,conceal_frac_e,conceal_frac_n,evasion_frac_e,evasion_frac_n,shelter_pct_e,shelter_pct_n,detection_rate,detection_revenue,wtax_evasion_elast
65.83685775,2.86932602,2.86932602,0.00000000,29.63853723,260.75001486,51.48370375,1.28836532,0.15370619,0.04079383,0.03878387,67.14151110,0.25000000,0.18632918,1.62760041,6.91341640,0.00000000,0.00000000,9.18235041,0.01027235,1.01512040,0.32599959,0.00000000,0.00000000,0.00000000,0.00000000,0.75346470,0.37794685,0.70699866,0.85639874,0.94000123,0.75346470,0.37794685,0.70699866,0.85639874,0.94000123,-23.31256048,-46.28484217,0.84781000,0.48237492,-nan,-nan,-nan,-nan,0.00000000,0.00000000,0.00000000,0.00000000,0.00000000,0.00000000,-nan,0.00000000,13.13914936
