Y,A,A_rep,A_hid,L,Q,K,W,P,r,taua,abar,tauk,taul,WtaxRev,KtaxRev,WtaxRev_lost,KtaxRev_lost,G,lump_sum,ylbar,WtaxPct,ShelterPct,ShelterPctP99,TaxEvasionP99,ConcealPctP99,gini,p90,p99,p999,p9999,gini_total,p90_total,p99_total,p999_total,p9999_total,welfare,welfare0,approval,approval0,conceal_share_e,conceal_share_n,evasion_share_e,evasion_share_n,conceal_frac_e,conceal_frac_n,evasion_frac_e,evasion_frac_n,shelter_pct_e,shelter_pct_n,detection_rate,detection_revenue,wtax_evasion_elast
65.63208794,2.85865137,2.85865137,0.00000000,29.61064166,259.25868707,51.07248983,1.28556532,0.15402082,0.04124000,0.03248340,37.44227568,0.25000000,0.18638214,1.76889068,6.92681895,0.00000000,0.00000000,9.18235041,0.01128540,1.01512040,0.65618358,0.00000000,0.00000000,0.00000000,0.00000000,0.75159044,0.38115282,0.70859100,0.84695318,0.93548874,0.75159044,0.38115282,0.70859100,0.84695318,0.93548874,-23.25653608,-46.21704325,0.85622134,0.51003561,-nan,-nan,-nan,-nan,0.00000000,0.00000000,0.00000000,0.00000000,0.00000000,0.00000000,-nan,0.00000000,13.38338658
