Y,A,A_rep,A_hid,L,Q,K,W,P,r,taua,abar,tauk,taul,WtaxRev,KtaxRev,WtaxRev_lost,KtaxRev_lost,G,lump_sum,ylbar,WtaxPct,ShelterPct,ShelterPctP99,TaxEvasionP99,ConcealPctP99,gini,p90,p99,p999,p9999,gini_total,p90_total,p99_total,p999_total,p9999_total,welfare,welfare0,approval,approval0,conceal_share_e,conceal_share_n,evasion_share_e,evasion_share_n,conceal_frac_e,conceal_frac_n,evasion_frac_e,evasion_frac_n,shelter_pct_e,shelter_pct_n,detection_rate,detection_revenue,wtax_evasion_elast
65.78162315,2.86713362,2.86713362,0.00000000,29.63086673,260.30891164,51.40802613,1.28761073,0.15381049,0.04085065,0.04091464,70.38368399,0.25000000,0.18633540,1.65290485,6.91617331,0.00000000,0.00000000,9.18235041,0.01036555,1.01512040,0.33139904,0.00000000,0.00000000,0.00000000,0.00000000,0.75295048,0.37873619,0.70867449,0.85874792,0.94105803,0.75295048,0.37873619,0.70867449,0.85874792,0.94105803,-23.31161164,-46.29385411,0.83635096,0.47316720,-nan,-nan,-nan,-nan,0.00000000,0.00000000,0.00000000,0.00000000,0.00000000,0.00000000,-nan,0.00000000,13.00964923
