Y,A,A_rep,A_hid,L,Q,K,W,P,r,taua,abar,tauk,taul,WtaxRev,KtaxRev,WtaxRev_lost,KtaxRev_lost,G,lump_sum,ylbar,WtaxPct,ShelterPct,ShelterPctP99,TaxEvasionP99,ConcealPctP99,gini,p90,p99,p999,p9999,gini_total,p90_total,p99_total,p999_total,p9999_total,welfare,welfare0,approval,approval0,conceal_share_e,conceal_share_n,evasion_share_e,evasion_share_n,conceal_frac_e,conceal_frac_n,evasion_frac_e,evasion_frac_n,shelter_pct_e,shelter_pct_n,detection_rate,detection_revenue,wtax_evasion_elast
73.49136836,3.11065475,2.93070949,0.17994526,30.12300686,331.31007805,65.41688450,1.41503234,0.13830924,0.02976372,0.01529683,1376.74741399,0.25000000,0.18606920,0.16646799,5.93167329,0.12920802,0.54473052,9.29156816,0.00081622,1.08952447,0.00942972,0.10328146,37.85048516,8.97858219,52.09073359,0.77146148,0.35103497,0.65843961,0.82529485,0.93902404,0.78464058,0.33072829,0.62039799,0.78203015,0.91072962,-23.70302726,-47.56939030,0.69995802,0.35641197,0.27134492,0.72865508,0.79713571,0.20286429,0.04805750,0.06259699,0.06307493,0.00950445,0.39071654,0.03388255,0.68032353,0.04823679,28.77738896
