Y,A,A_rep,A_hid,L,Q,K,W,P,r,taua,abar,tauk,taul,WtaxRev,KtaxRev,WtaxRev_lost,KtaxRev_lost,G,lump_sum,ylbar,WtaxPct,ShelterPct,ShelterPctP99,TaxEvasionP99,ConcealPctP99,gini,p90,p99,p999,p9999,gini_total,p90_total,p99_total,p999_total,p9999_total,welfare,welfare0,approval,approval0,conceal_share_e,conceal_share_n,evasion_share_e,evasion_share_n,conceal_frac_e,conceal_frac_n,evasion_frac_e,evasion_frac_n,shelter_pct_e,shelter_pct_n,detection_rate,detection_revenue,wtax_evasion_elast
65.58847695,2.85656718,2.85656718,0.00000000,29.60484082,258.92541316,51.00042382,1.28496547,0.15409706,0.04130838,0.03255702,35.71799475,0.25000000,0.18639010,1.79486779,6.92933747,0.00000000,0.00000000,9.18235041,0.01144203,1.01512040,0.64158164,0.00000000,0.00000000,0.00000000,0.00000000,0.75117730,0.38181221,0.70937460,0.84679811,0.93537792,0.75117730,0.38181221,0.70937460,0.84679811,0.93537792,-23.24940832,-46.21093208,0.85532205,0.50995691,-nan,-nan,-nan,-nan,0.00000000,0.00000000,0.00000000,0.00000000,0.00000000,0.00000000,-nan,0.00000000,13.39093222
