Y,A,A_rep,A_hid,L,Q,K,W,P,r,taua,abar,tauk,taul,WtaxRev,KtaxRev,WtaxRev_lost,KtaxRev_lost,G,lump_sum,ylbar,WtaxPct,ShelterPct,ShelterPctP99,TaxEvasionP99,ConcealPctP99,gini,p90,p99,p999,p9999,gini_total,p90_total,p99_total,p999_total,p9999_total,welfare,welfare0,approval,approval0,conceal_share_e,conceal_share_n,evasion_share_e,evasion_share_n,conceal_frac_e,conceal_frac_n,evasion_frac_e,evasion_frac_n,shelter_pct_e,shelter_pct_n,detection_rate,detection_revenue,wtax_evasion_elast
65.35054070,2.84521097,2.84521097,0.00000000,29.57344283,257.11377882,50.59802552,1.28167074,0.15451228,0.04170122,0.03448497,32.66393069,0.25000000,0.18642168,1.91769820,6.94340012,0.00000000,0.00000000,9.18235041,0.01203481,1.01512040,0.79986577,0.00000000,0.00000000,0.00000000,0.00000000,0.74881776,0.38553858,0.71380079,0.84823644,0.93579669,0.74881776,0.38553858,0.71380079,0.84823644,0.93579669,-23.22974284,-46.22436421,0.83218517,0.47072786,-nan,-nan,-nan,-nan,0.00000000,0.00000000,0.00000000,0.00000000,0.00000000,0.00000000,-nan,0.00000000,13.24506805
