Y,A,A_rep,A_hid,L,Q,K,W,P,r,taua,abar,tauk,taul,WtaxRev,KtaxRev,WtaxRev_lost,KtaxRev_lost,G,lump_sum,ylbar,WtaxPct,ShelterPct,ShelterPctP99,TaxEvasionP99,ConcealPctP99,gini,p90,p99,p999,p9999,gini_total,p90_total,p99_total,p999_total,p9999_total,welfare,welfare0,approval,approval0,conceal_share_e,conceal_share_n,evasion_share_e,evasion_share_n,conceal_frac_e,conceal_frac_n,evasion_frac_e,evasion_frac_n,shelter_pct_e,shelter_pct_n,detection_rate,detection_revenue,wtax_evasion_elast
65.59860279,2.85707794,2.85707794,0.00000000,29.60630316,258.98956481,51.01449470,1.28507495,0.15408346,0.04129550,0.03224116,35.23156905,0.25000000,0.18638980,1.78991567,6.92927779,0.00000000,0.00000000,9.18235041,0.01142180,1.01512040,0.63898284,0.00000000,0.00000000,0.00000000,0.00000000,0.75128529,0.38168696,0.70898003,0.84635187,0.93517972,0.75128529,0.38168696,0.70898003,0.84635187,0.93517972,-23.25036364,-46.21135727,0.85569121,0.50995652,-nan,-nan,-nan,-nan,0.00000000,0.00000000,0.00000000,0.00000000,0.00000000,0.00000000,-nan,0.00000000,13.41671618
