Y,A,A_rep,A_hid,L,Q,K,W,P,r,taua,abar,tauk,taul,WtaxRev,KtaxRev,WtaxRev_lost,KtaxRev_lost,G,lump_sum,ylbar,WtaxPct,ShelterPct,ShelterPctP99,TaxEvasionP99,ConcealPctP99,gini,p90,p99,p999,p9999,gini_total,p90_total,p99_total,p999_total,p9999_total,welfare,welfare0,approval,approval0,conceal_share_e,conceal_share_n,evasion_share_e,evasion_share_n,conceal_frac_e,conceal_frac_n,evasion_frac_e,evasion_frac_n,shelter_pct_e,shelter_pct_n,detection_rate,detection_revenue,wtax_evasion_elast
65.57994382,2.85617346,2.85617346,0.00000000,29.60397294,258.85855917,50.98740038,1.28484100,0.15411357,0.04132027,0.03251020,35.18508673,0.25000000,0.18639036,1.80022867,6.92988298,0.00000000,0.00000000,9.18235041,0.01146655,1.01512040,0.63752643,0.00000000,0.00000000,0.00000000,0.00000000,0.75109555,0.38192929,0.70943637,0.84666542,0.93529896,0.75109555,0.38192929,0.70943637,0.84666542,0.93529896,-23.24883430,-46.21168793,0.85414154,0.50707471,-nan,-nan,-nan,-nan,0.00000000,0.00000000,0.00000000,0.00000000,0.00000000,0.00000000,-nan,0.00000000,13.40048773
