Y,A,A_rep,A_hid,L,Q,K,W,P,r,taua,abar,tauk,taul,WtaxRev,KtaxRev,WtaxRev_lost,KtaxRev_lost,G,lump_sum,ylbar,WtaxPct,ShelterPct,ShelterPctP99,TaxEvasionP99,ConcealPctP99,gini,p90,p99,p999,p9999,gini_total,p90_total,p99_total,p999_total,p9999_total,welfare,welfare0,approval,approval0,conceal_share_e,conceal_share_n,evasion_share_e,evasion_share_n,conceal_frac_e,conceal_frac_n,evasion_frac_e,evasion_frac_n,shelter_pct_e,shelter_pct_n,detection_rate,detection_revenue,wtax_evasion_elast
65.61637280,2.85776492,2.85776492,0.00000000,29.60911896,259.13390890,51.04388629,1.28532508,0.15405096,0.04126944,0.03211456,35.72565493,0.25000000,0.18638650,1.77879104,6.92787002,0.00000000,0.00000000,9.18235041,0.01135187,1.01512040,0.64294187,0.00000000,0.00000000,0.00000000,0.00000000,0.75146875,0.38132880,0.70853748,0.84627324,0.93517604,0.75146875,0.38132880,0.70853748,0.84627324,0.93517604,-23.25396233,-46.21496562,0.85589924,0.51001905,-nan,-nan,-nan,-nan,0.00000000,0.00000000,0.00000000,0.00000000,0.00000000,0.00000000,-nan,0.00000000,13.42017523
