Y,A,A_rep,A_hid,L,Q,K,W,P,r,taua,abar,tauk,taul,WtaxRev,KtaxRev,WtaxRev_lost,KtaxRev_lost,G,lump_sum,ylbar,WtaxPct,ShelterPct,ShelterPctP99,TaxEvasionP99,ConcealPctP99,gini,p90,p99,p999,p9999,gini_total,p90_total,p99_total,p999_total,p9999_total,welfare,welfare0,approval,approval0,conceal_share_e,conceal_share_n,evasion_share_e,evasion_share_n,conceal_frac_e,conceal_frac_n,evasion_frac_e,evasion_frac_n,shelter_pct_e,shelter_pct_n,detection_rate,detection_revenue,wtax_evasion_elast
65.57245129,2.85601706,2.85601706,0.00000000,29.60220001,258.80600698,50.97813701,1.28476664,0.15412347,0.04132604,0.03319026,36.83977154,0.25000000,0.18639154,1.80214507,6.93003906,0.00000000,0.00000000,9.18235041,0.01146540,1.01512040,0.64901352,0.00000000,0.00000000,0.00000000,0.00000000,0.75099425,0.38214461,0.70998954,0.84770104,0.93577020,0.75099425,0.38214461,0.70998954,0.84770104,0.93577020,-23.24853047,-46.21248432,0.85340297,0.50632010,-nan,-nan,-nan,-nan,0.00000000,0.00000000,0.00000000,0.00000000,0.00000000,0.00000000,-nan,0.00000000,13.34081007
