Y,A,A_rep,A_hid,L,Q,K,W,P,r,taua,abar,tauk,taul,WtaxRev,KtaxRev,WtaxRev_lost,KtaxRev_lost,G,lump_sum,ylbar,WtaxPct,ShelterPct,ShelterPctP99,TaxEvasionP99,ConcealPctP99,gini,p90,p99,p999,p9999,gini_total,p90_total,p99_total,p999_total,p9999_total,welfare,welfare0,approval,approval0,conceal_share_e,conceal_share_n,evasion_share_e,evasion_share_n,conceal_frac_e,conceal_frac_n,evasion_frac_e,evasion_frac_n,shelter_pct_e,shelter_pct_n,detection_rate,detection_revenue,wtax_evasion_elast
65.58222357,2.85623237,2.85623237,0.00000000,29.60426423,258.88025151,50.99149892,1.28488130,0.15410822,0.04131664,0.03260487,35.55858936,0.25000000,0.18638969,1.79863610,6.92953584,0.00000000,0.00000000,9.18235041,0.01145315,1.01512040,0.64028969,0.00000000,0.00000000,0.00000000,0.00000000,0.75111118,0.38189387,0.70946250,0.84683559,0.93537607,0.75111118,0.38189387,0.70946250,0.84683559,0.93537607,-23.24941962,-46.21224402,0.85447611,0.50707567,-nan,-nan,-nan,-nan,0.00000000,0.00000000,0.00000000,0.00000000,0.00000000,0.00000000,-nan,0.00000000,13.39063852
