Y,A,A_rep,A_hid,L,Q,K,W,P,r,taua,abar,tauk,taul,WtaxRev,KtaxRev,WtaxRev_lost,KtaxRev_lost,G,lump_sum,ylbar,WtaxPct,ShelterPct,ShelterPctP99,TaxEvasionP99,ConcealPctP99,gini,p90,p99,p999,p9999,gini_total,p90_total,p99_total,p999_total,p9999_total,welfare,welfare0,approval,approval0,conceal_share_e,conceal_share_n,evasion_share_e,evasion_share_n,conceal_frac_e,conceal_frac_n,evasion_frac_e,evasion_frac_n,shelter_pct_e,shelter_pct_n,detection_rate,detection_revenue,wtax_evasion_elast
73.57501473,3.11400510,2.93501522,0.17898989,30.13440408,332.05289389,65.52793618,1.41608699,0.13818563,0.02971789,0.00949051,1256.20602387,0.25000000,0.18605737,0.12148383,5.92919237,0.08497169,0.54405147,9.29156816,0.00047582,1.08952447,0.01099580,0.10269866,33.30846535,8.62575337,53.59245840,0.77186673,0.35042782,0.65684341,0.82266374,0.93582976,0.78493845,0.33028558,0.61913527,0.77982989,0.90829151,-23.71646843,-47.58554735,0.65191104,0.31260211,0.26692480,0.73307520,0.83495621,0.16504379,0.04698355,0.06256819,0.06201818,0.00723959,0.38895672,0.03358392,0.68217735,0.04606993,36.18302968
