Y,A,A_rep,A_hid,L,Q,K,W,P,r,taua,abar,tauk,taul,WtaxRev,KtaxRev,WtaxRev_lost,KtaxRev_lost,G,lump_sum,ylbar,WtaxPct,ShelterPct,ShelterPctP99,TaxEvasionP99,ConcealPctP99,gini,p90,p99,p999,p9999,gini_total,p90_total,p99_total,p999_total,p9999_total,welfare,welfare0,approval,approval0,conceal_share_e,conceal_share_n,evasion_share_e,evasion_share_n,conceal_frac_e,conceal_frac_n,evasion_frac_e,evasion_frac_n,shelter_pct_e,shelter_pct_n,detection_rate,detection_revenue,wtax_evasion_elast
65.70637382,2.86106602,2.86106602,0.00000000,29.62375095,259.81576177,51.17392082,1.28646973,0.15389995,0.04116363,0.03002993,33.90077390,0.25000000,0.18637107,1.73055290,6.92351752,0.00000000,0.00000000,9.18235041,0.01110633,1.01512040,0.84150716,0.00000000,0.00000000,0.00000000,0.00000000,0.75228850,0.38010578,0.70551877,0.84348839,0.93413717,0.75228850,0.38010578,0.70551877,0.84348839,0.93413717,-23.26489660,-46.21991863,0.86434869,0.51958061,-nan,-nan,-nan,-nan,0.00000000,0.00000000,0.00000000,0.00000000,0.00000000,0.00000000,-nan,0.00000000,13.53263563
