Y,A,A_rep,A_hid,L,Q,K,W,P,r,taua,abar,tauk,taul,WtaxRev,KtaxRev,WtaxRev_lost,KtaxRev_lost,G,lump_sum,ylbar,WtaxPct,ShelterPct,ShelterPctP99,TaxEvasionP99,ConcealPctP99,gini,p90,p99,p999,p9999,gini_total,p90_total,p99_total,p999_total,p9999_total,welfare,welfare0,approval,approval0,conceal_share_e,conceal_share_n,evasion_share_e,evasion_share_n,conceal_frac_e,conceal_frac_n,evasion_frac_e,evasion_frac_n,shelter_pct_e,shelter_pct_n,detection_rate,detection_revenue,wtax_evasion_elast
73.49340197,3.11062197,2.92412479,0.18649718,30.12229628,331.34974090,65.41752383,1.41510707,0.13829832,0.02976524,0.01346417,1148.08225195,0.25000000,0.18607096,0.17186570,5.93233033,0.13128945,0.53921017,9.29156816,0.00087818,1.08952447,0.01172401,0.10373852,37.87436372,8.49732388,54.08419867,0.77100596,0.35178194,0.65979641,0.82693835,0.93854276,0.78469299,0.33069087,0.62028620,0.78184404,0.91029145,-23.69786476,-47.55768370,0.74077753,0.39084753,0.26375987,0.73624013,0.79098709,0.20901291,0.04841477,0.06555271,0.06226550,0.00974103,0.39061366,0.03447479,0.66946907,0.04587392,30.26943715
