Y,A,A_rep,A_hid,L,Q,K,W,P,r,taua,abar,tauk,taul,WtaxRev,KtaxRev,WtaxRev_lost,KtaxRev_lost,G,lump_sum,ylbar,WtaxPct,ShelterPct,ShelterPctP99,TaxEvasionP99,ConcealPctP99,gini,p90,p99,p999,p9999,gini_total,p90_total,p99_total,p999_total,p9999_total,welfare,welfare0,approval,approval0,conceal_share_e,conceal_share_n,evasion_share_e,evasion_share_n,conceal_frac_e,conceal_frac_n,evasion_frac_e,evasion_frac_n,shelter_pct_e,shelter_pct_n,detection_rate,detection_revenue,wtax_evasion_elast
73.52224185,3.11177601,2.93378203,0.17799398,30.12763326,331.59197821,65.44874189,1.41541072,0.13826153,0.02975842,0.01294389,1350.57180937,0.25000000,0.18606378,0.14969335,5.92995763,0.10888259,0.54644273,9.29156816,0.00066460,1.08952447,0.00958579,0.10314406,34.76985586,8.80039424,52.86594179,0.77166070,0.35075181,0.65758924,0.82387828,0.93736974,0.78468029,0.33068876,0.62002244,0.78124129,0.90979934,-23.70930965,-47.57870201,0.67686403,0.33031868,0.26871229,0.73128771,0.81291578,0.18708422,0.04706770,0.06211345,0.06269617,0.00853324,0.39049627,0.03376514,0.68236087,0.04681539,30.39922570
