Y,A,A_rep,A_hid,L,Q,K,W,P,r,taua,abar,tauk,taul,WtaxRev,KtaxRev,WtaxRev_lost,KtaxRev_lost,G,lump_sum,ylbar,WtaxPct,ShelterPct,ShelterPctP99,TaxEvasionP99,ConcealPctP99,gini,p90,p99,p999,p9999,gini_total,p90_total,p99_total,p999_total,p9999_total,welfare,welfare0,approval,approval0,conceal_share_e,conceal_share_n,evasion_share_e,evasion_share_n,conceal_frac_e,conceal_frac_n,evasion_frac_e,evasion_frac_n,shelter_pct_e,shelter_pct_n,detection_rate,detection_revenue,wtax_evasion_elast
65.63039412,2.85873176,2.85873176,0.00000000,29.61003417,259.24700915,51.07460140,1.28555997,0.15402326,0.04123397,0.03296738,38.70528480,0.25000000,0.18638086,1.76770085,6.92668217,0.00000000,0.00000000,9.18235041,0.01126078,1.01512040,0.66671960,0.00000000,0.00000000,0.00000000,0.00000000,0.75154983,0.38128982,0.70896804,0.84770931,0.93580809,0.75154983,0.38128982,0.70896804,0.84770931,0.93580809,-23.25790749,-46.22000772,0.85567512,0.51005398,-nan,-nan,-nan,-nan,0.00000000,0.00000000,0.00000000,0.00000000,0.00000000,0.00000000,-nan,0.00000000,13.36018018
