Y,A,A_rep,A_hid,L,Q,K,W,P,r,taua,abar,tauk,taul,WtaxRev,KtaxRev,WtaxRev_lost,KtaxRev_lost,G,lump_sum,ylbar,WtaxPct,ShelterPct,ShelterPctP99,TaxEvasionP99,ConcealPctP99,gini,p90,p99,p999,p9999,gini_total,p90_total,p99_total,p999_total,p9999_total,welfare,welfare0,approval,approval0,conceal_share_e,conceal_share_n,evasion_share_e,evasion_share_n,conceal_frac_e,conceal_frac_n,evasion_frac_e,evasion_frac_n,shelter_pct_e,shelter_pct_n,detection_rate,detection_revenue,wtax_evasion_elast
65.07599741,2.82483113,2.82483113,0.00000000,29.55690841,254.95554720,49.92890451,1.27699821,0.15503465,0.04253960,0.03000000,20.50620165,0.25000000,0.18641712,2.01690908,6.96893934,0.00000000,0.00000000,9.18235041,0.01230570,1.01512040,2.16329691,0.00000000,0.00000000,0.00000000,0.00000000,0.74493466,0.39160783,0.70740655,0.83886832,0.93191737,0.74493466,0.39160783,0.70740655,0.83886832,0.93191737,-23.24547123,-46.34079416,0.78976210,0.41983346,-nan,-nan,-nan,-nan,0.00000000,0.00000000,0.00000000,0.00000000,0.00000000,0.00000000,-nan,0.00000000,13.98177968
