Y,A,A_rep,A_hid,L,Q,K,W,P,r,taua,abar,tauk,taul,WtaxRev,KtaxRev,WtaxRev_lost,KtaxRev_lost,G,lump_sum,ylbar,WtaxPct,ShelterPct,ShelterPctP99,TaxEvasionP99,ConcealPctP99,gini,p90,p99,p999,p9999,gini_total,p90_total,p99_total,p999_total,p9999_total,welfare,welfare0,approval,approval0,conceal_share_e,conceal_share_n,evasion_share_e,evasion_share_n,conceal_frac_e,conceal_frac_n,evasion_frac_e,evasion_frac_n,shelter_pct_e,shelter_pct_n,detection_rate,detection_revenue,wtax_evasion_elast
65.60313129,2.85714245,2.85714245,0.00000000,29.60733784,259.03417652,51.02358141,1.28514925,0.15407391,0.04128773,0.03223559,35.40675876,0.25000000,0.18638734,1.78728112,6.92856763,0.00000000,0.00000000,9.18235041,0.01139653,1.01512040,0.64028366,0.00000000,0.00000000,0.00000000,0.00000000,0.75131714,0.38165142,0.70888341,0.84636824,0.93519756,0.75131714,0.38165142,0.70888341,0.84636824,0.93519756,-23.25184069,-46.21334786,0.85553027,0.50995681,-nan,-nan,-nan,-nan,0.00000000,0.00000000,0.00000000,0.00000000,0.00000000,0.00000000,-nan,0.00000000,13.41696619
