Y,A,A_rep,A_hid,L,Q,K,W,P,r,taua,abar,tauk,taul,WtaxRev,KtaxRev,WtaxRev_lost,KtaxRev_lost,G,lump_sum,ylbar,WtaxPct,ShelterPct,ShelterPctP99,TaxEvasionP99,ConcealPctP99,gini,p90,p99,p999,p9999,gini_total,p90_total,p99_total,p999_total,p9999_total,welfare,welfare0,approval,approval0,conceal_share_e,conceal_share_n,evasion_share_e,evasion_share_n,conceal_frac_e,conceal_frac_n,evasion_frac_e,evasion_frac_n,shelter_pct_e,shelter_pct_n,detection_rate,detection_revenue,wtax_evasion_elast
65.55006718,2.85282518,2.85282518,0.00000000,29.60510003,258.60428976,50.88664639,1.28420040,0.15417880,0.04145888,0.03000000,29.01374961,0.25000000,0.18639241,1.81132183,6.93408250,0.00000000,0.00000000,9.18235041,0.01153598,1.01512040,1.12521849,0.00000000,0.00000000,0.00000000,0.00000000,0.75074415,0.38253465,0.70687467,0.84235090,0.93353964,0.75074415,0.38253465,0.70687467,0.84235090,0.93353964,-23.25085460,-46.22686031,0.84715081,0.49879498,-nan,-nan,-nan,-nan,0.00000000,0.00000000,0.00000000,0.00000000,0.00000000,0.00000000,-nan,0.00000000,13.57227922
