Y,A,A_rep,A_hid,L,Q,K,W,P,r,taua,abar,tauk,taul,WtaxRev,KtaxRev,WtaxRev_lost,KtaxRev_lost,G,lump_sum,ylbar,WtaxPct,ShelterPct,ShelterPctP99,TaxEvasionP99,ConcealPctP99,gini,p90,p99,p999,p9999,gini_total,p90_total,p99_total,p999_total,p9999_total,welfare,welfare0,approval,approval0,conceal_share_e,conceal_share_n,evasion_share_e,evasion_share_n,conceal_frac_e,conceal_frac_n,evasion_frac_e,evasion_frac_n,shelter_pct_e,shelter_pct_n,detection_rate,detection_revenue,wtax_evasion_elast
65.78864402,2.86757619,2.86757619,0.00000000,29.63230030,260.35460673,51.42853706,1.28769759,0.15380428,0.04082510,0.04157348,73.00769941,0.25000000,0.18633293,1.64526850,6.91567863,0.00000000,0.00000000,9.18235041,0.01030805,1.01512040,0.33858937,0.00000000,0.00000000,0.00000000,0.00000000,0.75304244,0.37858011,0.70856862,0.85950482,0.94143745,0.75304244,0.37858011,0.70856862,0.85950482,0.94143745,-23.31559906,-46.29983311,0.83441892,0.47310651,-nan,-nan,-nan,-nan,0.00000000,0.00000000,0.00000000,0.00000000,0.00000000,0.00000000,-nan,0.00000000,12.98914503
