Y,A,A_rep,A_hid,L,Q,K,W,P,r,taua,abar,tauk,taul,WtaxRev,KtaxRev,WtaxRev_lost,KtaxRev_lost,G,lump_sum,ylbar,WtaxPct,ShelterPct,ShelterPctP99,TaxEvasionP99,ConcealPctP99,gini,p90,p99,p999,p9999,gini_total,p90_total,p99_total,p999_total,p9999_total,welfare,welfare0,approval,approval0,conceal_share_e,conceal_share_n,evasion_share_e,evasion_share_n,conceal_frac_e,conceal_frac_n,evasion_frac_e,evasion_frac_n,shelter_pct_e,shelter_pct_n,detection_rate,detection_revenue,wtax_evasion_elast
73.52154992,3.11159461,2.91689082,0.19470379,30.12704741,331.54015013,65.47047694,1.41538335,0.13827514,0.02972858,0.01116934,977.14826974,0.25000000,0.18606620,0.16201592,5.92098816,0.12333434,0.54359903,9.29156816,0.00070918,1.08952447,0.01443026,0.10410993,38.07007338,8.75785264,55.42551616,0.77050864,0.35249236,0.66114572,0.82859673,0.93793945,0.78482535,0.33043563,0.61982322,0.78123584,0.90961412,-23.70852449,-47.57575944,0.68007669,0.33617491,0.26014822,0.73985178,0.79994704,0.20005296,0.04982824,0.06875772,0.06272076,0.00928332,0.39082130,0.03488574,0.67375191,0.04746867,34.39450097
