Y,A,A_rep,A_hid,L,Q,K,W,P,r,taua,abar,tauk,taul,WtaxRev,KtaxRev,WtaxRev_lost,KtaxRev_lost,G,lump_sum,ylbar,WtaxPct,ShelterPct,ShelterPctP99,TaxEvasionP99,ConcealPctP99,gini,p90,p99,p999,p9999,gini_total,p90_total,p99_total,p999_total,p9999_total,welfare,welfare0,approval,approval0,conceal_share_e,conceal_share_n,evasion_share_e,evasion_share_n,conceal_frac_e,conceal_frac_n,evasion_frac_e,evasion_frac_n,shelter_pct_e,shelter_pct_n,detection_rate,detection_revenue,wtax_evasion_elast
65.52937103,2.85152637,2.85152637,0.00000000,29.60313778,258.44745769,50.84371236,1.28388735,0.15421517,0.04150773,0.03000000,28.60056826,0.25000000,0.18639260,1.82108625,6.93554648,0.00000000,0.00000000,9.18235041,0.01156969,1.01512040,1.10854891,0.00000000,0.00000000,0.00000000,0.00000000,0.75049918,0.38292925,0.70682613,0.84222300,0.93347707,0.75049918,0.38292925,0.70682613,0.84222300,0.93347707,-23.25090117,-46.23250699,0.84419052,0.47928015,-nan,-nan,-nan,-nan,0.00000000,0.00000000,0.00000000,0.00000000,0.00000000,0.00000000,-nan,0.00000000,13.56196669
