Y,A,A_rep,A_hid,L,Q,K,W,P,r,taua,abar,tauk,taul,WtaxRev,KtaxRev,WtaxRev_lost,KtaxRev_lost,G,lump_sum,ylbar,WtaxPct,ShelterPct,ShelterPctP99,TaxEvasionP99,ConcealPctP99,gini,p90,p99,p999,p9999,gini_total,p90_total,p99_total,p999_total,p9999_total,welfare,welfare0,approval,approval0,conceal_share_e,conceal_share_n,evasion_share_e,evasion_share_n,conceal_frac_e,conceal_frac_n,evasion_frac_e,evasion_frac_n,shelter_pct_e,shelter_pct_n,detection_rate,detection_revenue,wtax_evasion_elast
65.54659315,2.85467303,2.85467303,0.00000000,29.59928630,258.60777181,50.93365593,1.28439638,0.15417020,0.04137047,0.03306785,35.43150136,0.25000000,0.18639490,1.81685189,6.93153622,0.00000000,0.00000000,9.18235041,0.01153909,1.01512040,0.63760925,0.00000000,0.00000000,0.00000000,0.00000000,0.75080780,0.38244844,0.71032413,0.84732198,0.93555392,0.75080780,0.38244844,0.71032413,0.84732198,0.93555392,-23.24704865,-46.21472184,0.85119269,0.50166210,-nan,-nan,-nan,-nan,0.00000000,0.00000000,0.00000000,0.00000000,0.00000000,0.00000000,-nan,0.00000000,13.36390697
