Y,A,A_rep,A_hid,L,Q,K,W,P,r,taua,abar,tauk,taul,WtaxRev,KtaxRev,WtaxRev_lost,KtaxRev_lost,G,lump_sum,ylbar,WtaxPct,ShelterPct,ShelterPctP99,TaxEvasionP99,ConcealPctP99,gini,p90,p99,p999,p9999,gini_total,p90_total,p99_total,p999_total,p9999_total,welfare,welfare0,approval,approval0,conceal_share_e,conceal_share_n,evasion_share_e,evasion_share_n,conceal_frac_e,conceal_frac_n,evasion_frac_e,evasion_frac_n,shelter_pct_e,shelter_pct_n,detection_rate,detection_revenue,wtax_evasion_elast
65.92512998,2.87187334,2.87187334,0.00000000,29.65236484,261.47953022,51.55557641,1.28949730,0.15352648,0.04078925,0.03000000,43.02932612,0.25000000,0.18633331,1.60573698,6.91009491,0.00000000,0.00000000,9.18235041,0.01037020,1.01512040,0.55349746,0.00000000,0.00000000,0.00000000,0.00000000,0.75435345,0.37675573,0.70239524,0.84483301,0.93489951,0.75435345,0.37675573,0.70239524,0.84483301,0.93489951,-23.29670367,-46.23805590,0.87964590,0.60750653,-nan,-nan,-nan,-nan,0.00000000,0.00000000,0.00000000,0.00000000,0.00000000,0.00000000,-nan,0.00000000,13.58750118
