Y,A,A_rep,A_hid,L,Q,K,W,P,r,taua,abar,tauk,taul,WtaxRev,KtaxRev,WtaxRev_lost,KtaxRev_lost,G,lump_sum,ylbar,WtaxPct,ShelterPct,ShelterPctP99,TaxEvasionP99,ConcealPctP99,gini,p90,p99,p999,p9999,gini_total,p90_total,p99_total,p999_total,p9999_total,welfare,welfare0,approval,approval0,conceal_share_e,conceal_share_n,evasion_share_e,evasion_share_n,conceal_frac_e,conceal_frac_n,evasion_frac_e,evasion_frac_n,shelter_pct_e,shelter_pct_n,detection_rate,detection_revenue,wtax_evasion_elast
66.14793083,2.88252912,2.88252912,0.00000000,29.68407950,263.11945122,51.96395777,1.29245810,0.15317918,0.04037911,0.03295986,68.08581102,0.25000000,0.18628708,1.46579287,6.89705510,0.00000000,0.00000000,9.18235041,0.00946137,1.01512040,0.33725979,0.00000000,0.00000000,0.00000000,0.00000000,0.75633940,0.37347166,0.69898618,0.84990588,0.93746366,0.75633940,0.37347166,0.69898618,0.84990588,0.93746366,-23.34364443,-46.28586672,0.88028514,0.60520502,-nan,-nan,-nan,-nan,0.00000000,0.00000000,0.00000000,0.00000000,0.00000000,0.00000000,-nan,0.00000000,13.50509071
