Y,A,A_rep,A_hid,L,Q,K,W,P,r,taua,abar,tauk,taul,WtaxRev,KtaxRev,WtaxRev_lost,KtaxRev_lost,G,lump_sum,ylbar,WtaxPct,ShelterPct,ShelterPctP99,TaxEvasionP99,ConcealPctP99,gini,p90,p99,p999,p9999,gini_total,p90_total,p99_total,p999_total,p9999_total,welfare,welfare0,approval,approval0,conceal_share_e,conceal_share_n,evasion_share_e,evasion_share_n,conceal_frac_e,conceal_frac_n,evasion_frac_e,evasion_frac_n,shelter_pct_e,shelter_pct_n,detection_rate,detection_revenue,wtax_evasion_elast
65.79248608,2.86767110,2.86767110,0.00000000,29.63275003,260.38338241,51.43131721,1.28774539,0.15379686,0.04082484,0.04134509,72.51496426,0.25000000,0.18633209,1.64456300,6.91554652,0.00000000,0.00000000,9.18235041,0.01030397,1.01512040,0.33723150,0.00000000,0.00000000,0.00000000,0.00000000,0.75305767,0.37856765,0.70847772,0.85924731,0.94131955,0.75305767,0.37856765,0.70847772,0.85924731,0.94131955,-23.31560878,-46.29952407,0.83513763,0.47317734,-nan,-nan,-nan,-nan,0.00000000,0.00000000,0.00000000,0.00000000,0.00000000,0.00000000,-nan,0.00000000,12.99630677
