Y,A,A_rep,A_hid,L,Q,K,W,P,r,taua,abar,tauk,taul,WtaxRev,KtaxRev,WtaxRev_lost,KtaxRev_lost,G,lump_sum,ylbar,WtaxPct,ShelterPct,ShelterPctP99,TaxEvasionP99,ConcealPctP99,gini,p90,p99,p999,p9999,gini_total,p90_total,p99_total,p999_total,p9999_total,welfare,welfare0,approval,approval0,conceal_share_e,conceal_share_n,evasion_share_e,evasion_share_n,conceal_frac_e,conceal_frac_n,evasion_frac_e,evasion_frac_n,shelter_pct_e,shelter_pct_n,detection_rate,detection_revenue,wtax_evasion_elast
65.68132291,2.85977518,2.85977518,0.00000000,29.62053257,259.61627641,51.12828182,1.28610312,0.15394564,0.04120902,0.03000000,33.10854947,0.25000000,0.18637444,1.74267288,6.92535130,0.00000000,0.00000000,9.18235041,0.01117202,1.01512040,0.82740216,0.00000000,0.00000000,0.00000000,0.00000000,0.75205497,0.38050743,0.70580567,0.84324614,0.93401023,0.75205497,0.38050743,0.70580567,0.84324614,0.93401023,-23.26282271,-46.22188084,0.85995065,0.51593852,-nan,-nan,-nan,-nan,0.00000000,0.00000000,0.00000000,0.00000000,0.00000000,0.00000000,-nan,0.00000000,13.53155096
