Y,A,A_rep,A_hid,L,Q,K,W,P,r,taua,abar,tauk,taul,WtaxRev,KtaxRev,WtaxRev_lost,KtaxRev_lost,G,lump_sum,ylbar,WtaxPct,ShelterPct,ShelterPctP99,TaxEvasionP99,ConcealPctP99,gini,p90,p99,p999,p9999,gini_total,p90_total,p99_total,p999_total,p9999_total,welfare,welfare0,approval,approval0,conceal_share_e,conceal_share_n,evasion_share_e,evasion_share_n,conceal_frac_e,conceal_frac_n,evasion_frac_e,evasion_frac_n,shelter_pct_e,shelter_pct_n,detection_rate,detection_revenue,wtax_evasion_elast
65.50249414,2.85280968,2.85280968,0.00000000,29.59253817,258.27769484,50.86408959,1.28382214,0.15424336,0.04143370,0.03374663,35.44672187,0.25000000,0.18640188,1.84075795,6.93396377,0.00000000,0.00000000,9.18235041,0.01166493,1.01512040,0.63551091,0.00000000,0.00000000,0.00000000,0.00000000,0.75038398,0.38301906,0.71139897,0.84811495,0.93586191,0.75038398,0.38301906,0.71139897,0.84811495,0.93586191,-23.24144813,-46.21267030,0.84904227,0.49996457,-nan,-nan,-nan,-nan,0.00000000,0.00000000,0.00000000,0.00000000,0.00000000,0.00000000,-nan,0.00000000,13.31794243
