Y,A,A_rep,A_hid,L,Q,K,W,P,r,taua,abar,tauk,taul,WtaxRev,KtaxRev,WtaxRev_lost,KtaxRev_lost,G,lump_sum,ylbar,WtaxPct,ShelterPct,ShelterPctP99,TaxEvasionP99,ConcealPctP99,gini,p90,p99,p999,p9999,gini_total,p90_total,p99_total,p999_total,p9999_total,welfare,welfare0,approval,approval0,conceal_share_e,conceal_share_n,evasion_share_e,evasion_share_n,conceal_frac_e,conceal_frac_n,evasion_frac_e,evasion_frac_n,shelter_pct_e,shelter_pct_n,detection_rate,detection_revenue,wtax_evasion_elast
65.58767312,2.85546996,2.85546996,0.00000000,29.60773154,258.91131973,50.97145098,1.28483487,0.15410419,0.04136004,0.03085623,32.06197166,0.25000000,0.18638786,1.79303095,6.93073471,0.00000000,0.00000000,9.18235041,0.01143651,1.01512040,0.80437312,0.00000000,0.00000000,0.00000000,0.00000000,0.75111668,0.38196406,0.70768371,0.84403368,0.93425009,0.75111668,0.38196406,0.70768371,0.84403368,0.93425009,-23.25201518,-46.21935068,0.85264044,0.50601126,-nan,-nan,-nan,-nan,0.00000000,0.00000000,0.00000000,0.00000000,0.00000000,0.00000000,-nan,0.00000000,13.48342871
