Y,A,A_rep,A_hid,L,Q,K,W,P,r,taua,abar,tauk,taul,WtaxRev,KtaxRev,WtaxRev_lost,KtaxRev_lost,G,lump_sum,ylbar,WtaxPct,ShelterPct,ShelterPctP99,TaxEvasionP99,ConcealPctP99,gini,p90,p99,p999,p9999,gini_total,p90_total,p99_total,p999_total,p9999_total,welfare,welfare0,approval,approval0,conceal_share_e,conceal_share_n,evasion_share_e,evasion_share_n,conceal_frac_e,conceal_frac_n,evasion_frac_e,evasion_frac_n,shelter_pct_e,shelter_pct_n,detection_rate,detection_revenue,wtax_evasion_elast
65.57141304,2.85565758,2.85565758,0.00000000,29.60312724,258.79497768,50.97272288,1.28472046,0.15412873,0.04133535,0.03254718,35.01380750,0.25000000,0.18639139,1.80439743,6.93023495,0.00000000,0.00000000,9.18235041,0.01148458,1.01512040,0.85930679,0.00000000,0.00000000,0.00000000,0.00000000,0.75102315,0.38206952,0.70951834,0.84667051,0.93529734,0.75102315,0.38206952,0.70951834,0.84667051,0.93529734,-23.24864169,-46.21291256,0.85333721,0.50644817,-nan,-nan,-nan,-nan,0.00000000,0.00000000,0.00000000,0.00000000,0.00000000,0.00000000,-nan,0.00000000,13.39592972
