Y,A,A_rep,A_hid,L,Q,K,W,P,r,taua,abar,tauk,taul,WtaxRev,KtaxRev,WtaxRev_lost,KtaxRev_lost,G,lump_sum,ylbar,WtaxPct,ShelterPct,ShelterPctP99,TaxEvasionP99,ConcealPctP99,gini,p90,p99,p999,p9999,gini_total,p90_total,p99_total,p999_total,p9999_total,welfare,welfare0,approval,approval0,conceal_share_e,conceal_share_n,evasion_share_e,evasion_share_n,conceal_frac_e,conceal_frac_n,evasion_frac_e,evasion_frac_n,shelter_pct_e,shelter_pct_n,detection_rate,detection_revenue,wtax_evasion_elast
65.74548215,2.86414531,2.86414531,0.00000000,29.62568648,260.12622396,51.27168784,1.28714575,0.15382539,0.04104351,0.03305228,43.88787204,0.25000000,0.18635879,1.70178745,6.91971154,0.00000000,0.00000000,9.18235041,0.01086629,1.01512040,0.54989424,0.00000000,0.00000000,0.00000000,0.00000000,0.75261474,0.37955568,0.70711739,0.84849336,0.93628071,0.75261474,0.37955568,0.70711739,0.84849336,0.93628071,-23.27573417,-46.23104132,0.86081479,0.51716761,-nan,-nan,-nan,-nan,0.00000000,0.00000000,0.00000000,0.00000000,0.00000000,0.00000000,-nan,0.00000000,13.38064647
