Y,A,A_rep,A_hid,L,Q,K,W,P,r,taua,abar,tauk,taul,WtaxRev,KtaxRev,WtaxRev_lost,KtaxRev_lost,G,lump_sum,ylbar,WtaxPct,ShelterPct,ShelterPctP99,TaxEvasionP99,ConcealPctP99,gini,p90,p99,p999,p9999,gini_total,p90_total,p99_total,p999_total,p9999_total,welfare,welfare0,approval,approval0,conceal_share_e,conceal_share_n,evasion_share_e,evasion_share_n,conceal_frac_e,conceal_frac_n,evasion_frac_e,evasion_frac_n,shelter_pct_e,shelter_pct_n,detection_rate,detection_revenue,wtax_evasion_elast
73.68546894,3.11862322,2.93706976,0.18155346,30.15015583,333.01798821,65.71187395,1.41749102,0.13803412,0.02961527,0.00333638,776.25223944,0.25000000,0.18604423,0.06565952,5.92728736,0.03879155,0.53865210,9.29156816,0.00007646,1.08952447,0.02183764,0.10205734,33.30175584,8.25215734,55.92008268,0.77219072,0.34994973,0.65543016,0.82026683,0.93158206,0.78541160,0.32957709,0.61731819,0.77692113,0.90529775,-23.73228994,-47.60004227,0.39036428,0.03580374,0.26590038,0.73409962,0.88398831,0.11601169,0.04740611,0.06345705,0.06066609,0.00468960,0.38788426,0.03304670,0.67993712,0.04299748,64.73131546
