Y,A,A_rep,A_hid,L,Q,K,W,P,r,taua,abar,tauk,taul,WtaxRev,KtaxRev,WtaxRev_lost,KtaxRev_lost,G,lump_sum,ylbar,WtaxPct,ShelterPct,ShelterPctP99,TaxEvasionP99,ConcealPctP99,gini,p90,p99,p999,p9999,gini_total,p90_total,p99_total,p999_total,p9999_total,welfare,welfare0,approval,approval0,conceal_share_e,conceal_share_n,evasion_share_e,evasion_share_n,conceal_frac_e,conceal_frac_n,evasion_frac_e,evasion_frac_n,shelter_pct_e,shelter_pct_n,detection_rate,detection_revenue,wtax_evasion_elast
65.54284704,2.85475189,2.85475189,0.00000000,29.59795841,258.58215794,50.93162271,1.28437290,0.15417417,0.04136833,0.03386459,37.47351020,0.25000000,0.18639291,1.81647808,6.93156619,0.00000000,0.00000000,9.18235041,0.01151004,1.01512040,0.65202162,0.00000000,0.00000000,0.00000000,0.00000000,0.75069554,0.38251564,0.71090845,0.84853608,0.93608426,0.75069554,0.38251564,0.71090845,0.84853608,0.93608426,-23.24832417,-46.21838869,0.84925267,0.50010395,-nan,-nan,-nan,-nan,0.00000000,0.00000000,0.00000000,0.00000000,0.00000000,0.00000000,-nan,0.00000000,13.29919612
