Y,A,A_rep,A_hid,L,Q,K,W,P,r,taua,abar,tauk,taul,WtaxRev,KtaxRev,WtaxRev_lost,KtaxRev_lost,G,lump_sum,ylbar,WtaxPct,ShelterPct,ShelterPctP99,TaxEvasionP99,ConcealPctP99,gini,p90,p99,p999,p9999,gini_total,p90_total,p99_total,p999_total,p9999_total,welfare,welfare0,approval,approval0,conceal_share_e,conceal_share_n,evasion_share_e,evasion_share_n,conceal_frac_e,conceal_frac_n,evasion_frac_e,evasion_frac_n,shelter_pct_e,shelter_pct_n,detection_rate,detection_revenue,wtax_evasion_elast
73.49942696,3.11085608,2.92063880,0.19021728,30.12312107,331.39239543,65.42888602,1.41517231,0.13829242,0.02975722,0.01254735,1056.18333398,0.25000000,0.18607036,0.17056238,5.92901267,0.13108418,0.53968173,9.29156816,0.00085285,1.08952447,0.01300594,0.10386013,37.81735755,8.58215221,54.87230226,0.77076833,0.35210414,0.66047649,0.82780023,0.93849900,0.78474227,0.33057428,0.62013865,0.78166824,0.91003968,-23.69912339,-47.55946137,0.73601250,0.38388534,0.26191948,0.73808052,0.79141603,0.20858397,0.04902800,0.06702523,0.06234047,0.00972652,0.39038027,0.03468212,0.66957570,0.04641624,31.84536961
