Y,A,A_rep,A_hid,L,Q,K,W,P,r,taua,abar,tauk,taul,WtaxRev,KtaxRev,WtaxRev_lost,KtaxRev_lost,G,lump_sum,ylbar,WtaxPct,ShelterPct,ShelterPctP99,TaxEvasionP99,ConcealPctP99,gini,p90,p99,p999,p9999,gini_total,p90_total,p99_total,p999_total,p9999_total,welfare,welfare0,approval,approval0,conceal_share_e,conceal_share_n,evasion_share_e,evasion_share_n,conceal_frac_e,conceal_frac_n,evasion_frac_e,evasion_frac_n,shelter_pct_e,shelter_pct_n,detection_rate,detection_revenue,wtax_evasion_elast
65.58527841,2.85641652,2.85641652,0.00000000,29.60461895,258.89676496,50.99627796,1.28491215,0.15410490,0.04131136,0.03246099,35.30583869,0.25000000,0.18639076,1.79679101,6.92957009,0.00000000,0.00000000,9.18235041,0.01145447,1.01512040,0.63882401,0.00000000,0.00000000,0.00000000,0.00000000,0.75115621,0.38185895,0.70933071,0.84662479,0.93528871,0.75115621,0.38185895,0.70933071,0.84662479,0.93528871,-23.24905917,-46.21095615,0.85520568,0.50995652,-nan,-nan,-nan,-nan,0.00000000,0.00000000,0.00000000,0.00000000,0.00000000,0.00000000,-nan,0.00000000,13.40355148
