Y,A,A_rep,A_hid,L,Q,K,W,P,r,taua,abar,tauk,taul,WtaxRev,KtaxRev,WtaxRev_lost,KtaxRev_lost,G,lump_sum,ylbar,WtaxPct,ShelterPct,ShelterPctP99,TaxEvasionP99,ConcealPctP99,gini,p90,p99,p999,p9999,gini_total,p90_total,p99_total,p999_total,p9999_total,welfare,welfare0,approval,approval0,conceal_share_e,conceal_share_n,evasion_share_e,evasion_share_n,conceal_frac_e,conceal_frac_n,evasion_frac_e,evasion_frac_n,shelter_pct_e,shelter_pct_n,detection_rate,detection_revenue,wtax_evasion_elast
64.69392242,2.81838351,2.81838351,0.00000000,29.48013926,252.06168343,49.65218898,1.27280853,0.15571626,0.04250913,0.04727215,35.74671559,0.25000000,0.18650089,2.24517847,6.97695776,0.00000000,0.00000000,9.18235041,0.01339353,1.01512040,0.59469062,0.00000000,0.00000000,0.00000000,0.00000000,0.74257062,0.39490464,0.73163644,0.86234736,0.94115409,0.74257062,0.39490464,0.73163644,0.86234736,0.94115409,-23.19589465,-46.28953360,0.78895122,0.41867987,-nan,-nan,-nan,-nan,0.00000000,0.00000000,0.00000000,0.00000000,0.00000000,0.00000000,-nan,0.00000000,12.51016824
