Y,A,A_rep,A_hid,L,Q,K,W,P,r,taua,abar,tauk,taul,WtaxRev,KtaxRev,WtaxRev_lost,KtaxRev_lost,G,lump_sum,ylbar,WtaxPct,ShelterPct,ShelterPctP99,TaxEvasionP99,ConcealPctP99,gini,p90,p99,p999,p9999,gini_total,p90_total,p99_total,p999_total,p9999_total,welfare,welfare0,approval,approval0,conceal_share_e,conceal_share_n,evasion_share_e,evasion_share_n,conceal_frac_e,conceal_frac_n,evasion_frac_e,evasion_frac_n,shelter_pct_e,shelter_pct_n,detection_rate,detection_revenue,wtax_evasion_elast
65.62619289,2.85810818,2.85810818,0.00000000,29.61056431,259.21078781,51.05757428,1.28545698,0.15403308,0.04125874,0.03178040,35.08532424,0.25000000,0.18638476,1.77525582,6.92744321,0.00000000,0.00000000,9.18235041,0.01134792,1.01512040,0.86309748,0.00000000,0.00000000,0.00000000,0.00000000,0.75158611,0.38120008,0.70818631,0.84578675,0.93496852,0.75158611,0.38120008,0.70818631,0.84578675,0.93496852,-23.25362446,-46.21195454,0.85822037,0.51033730,-nan,-nan,-nan,-nan,0.00000000,0.00000000,0.00000000,0.00000000,0.00000000,0.00000000,-nan,0.00000000,13.44439165
