Y,A,A_rep,A_hid,L,Q,K,W,P,r,taua,abar,tauk,taul,WtaxRev,KtaxRev,WtaxRev_lost,KtaxRev_lost,G,lump_sum,ylbar,WtaxPct,ShelterPct,ShelterPctP99,TaxEvasionP99,ConcealPctP99,gini,p90,p99,p999,p9999,gini_total,p90_total,p99_total,p999_total,p9999_total,welfare,welfare0,approval,approval0,conceal_share_e,conceal_share_n,evasion_share_e,evasion_share_n,conceal_frac_e,conceal_frac_n,evasion_frac_e,evasion_frac_n,shelter_pct_e,shelter_pct_n,detection_rate,detection_revenue,wtax_evasion_elast
65.65896916,2.85995021,2.85995021,0.00000000,29.61410020,259.46663236,51.11973508,1.28594634,0.15397333,0.04119335,0.03258176,38.82581108,0.25000000,0.18637641,1.75261872,6.92509893,0.00000000,0.00000000,9.18235041,0.01118398,1.01512040,0.66906645,0.00000000,0.00000000,0.00000000,0.00000000,0.75183286,0.38086670,0.70826485,0.84728654,0.93566260,0.75183286,0.38086670,0.70826485,0.84728654,0.93566260,-23.26099238,-46.22002079,0.85786416,0.51005467,-nan,-nan,-nan,-nan,0.00000000,0.00000000,0.00000000,0.00000000,0.00000000,0.00000000,-nan,0.00000000,13.38360184
