Y,A,A_rep,A_hid,L,Q,K,W,P,r,taua,abar,tauk,taul,WtaxRev,KtaxRev,WtaxRev_lost,KtaxRev_lost,G,lump_sum,ylbar,WtaxPct,ShelterPct,ShelterPctP99,TaxEvasionP99,ConcealPctP99,gini,p90,p99,p999,p9999,gini_total,p90_total,p99_total,p999_total,p9999_total,welfare,welfare0,approval,approval0,conceal_share_e,conceal_share_n,evasion_share_e,evasion_share_n,conceal_frac_e,conceal_frac_n,evasion_frac_e,evasion_frac_n,shelter_pct_e,shelter_pct_n,detection_rate,detection_revenue,wtax_evasion_elast
65.56677650,2.85555832,2.85555832,0.00000000,29.60213926,258.76291050,50.96693279,1.28467266,0.15413503,0.04133927,0.03288105,35.74534060,0.25000000,0.18639148,1.80594751,6.93034827,0.00000000,0.00000000,9.18235041,0.01148407,1.01512040,0.64058558,0.00000000,0.00000000,0.00000000,0.00000000,0.75095248,0.38227115,0.70985671,0.84716077,0.93551057,0.75095248,0.38227115,0.70985671,0.84716077,0.93551057,-23.24849604,-46.21364256,0.85286282,0.50628521,-nan,-nan,-nan,-nan,0.00000000,0.00000000,0.00000000,0.00000000,0.00000000,0.00000000,-nan,0.00000000,13.37271463
