Y,A,A_rep,A_hid,L,Q,K,W,P,r,taua,abar,tauk,taul,WtaxRev,KtaxRev,WtaxRev_lost,KtaxRev_lost,G,lump_sum,ylbar,WtaxPct,ShelterPct,ShelterPctP99,TaxEvasionP99,ConcealPctP99,gini,p90,p99,p999,p9999,gini_total,p90_total,p99_total,p999_total,p9999_total,welfare,welfare0,approval,approval0,conceal_share_e,conceal_share_n,evasion_share_e,evasion_share_n,conceal_frac_e,conceal_frac_n,evasion_frac_e,evasion_frac_n,shelter_pct_e,shelter_pct_n,detection_rate,detection_revenue,wtax_evasion_elast
73.46328499,3.10977850,2.91041564,0.19936286,30.12250174,330.89195127,65.48066643,1.41451739,0.13841374,0.02965565,0.01486009,1059.59577144,0.25000000,0.18606867,0.18149089,5.92174252,0.16718564,0.54158908,9.29156816,0.00084724,1.08952447,0.01269628,0.10387497,43.74725409,9.49547979,54.30126115,0.77033883,0.35289207,0.66247644,0.83155640,0.94244850,0.78501913,0.33026873,0.62006206,0.78270822,0.91162710,-23.71483735,-47.59180574,0.63059005,0.29464605,0.27733651,0.72266349,0.77455087,0.22544913,0.05436920,0.06884084,0.06426233,0.01109793,0.38895520,0.03504461,0.67580414,0.05442056,33.98109205
