Y,A,A_rep,A_hid,L,Q,K,W,P,r,taua,abar,tauk,taul,WtaxRev,KtaxRev,WtaxRev_lost,KtaxRev_lost,G,lump_sum,ylbar,WtaxPct,ShelterPct,ShelterPctP99,TaxEvasionP99,ConcealPctP99,gini,p90,p99,p999,p9999,gini_total,p90_total,p99_total,p999_total,p9999_total,welfare,welfare0,approval,approval0,conceal_share_e,conceal_share_n,evasion_share_e,evasion_share_n,conceal_frac_e,conceal_frac_n,evasion_frac_e,evasion_frac_n,shelter_pct_e,shelter_pct_n,detection_rate,detection_revenue,wtax_evasion_elast
65.62420837,2.85833538,2.85833538,0.00000000,29.60940149,259.20116456,51.06077970,1.28546736,0.15403340,0.04125015,0.03276375,37.89739297,0.25000000,0.18638277,1.77232103,6.92717072,0.00000000,0.00000000,9.18235041,0.01129687,1.01512040,0.65933454,0.00000000,0.00000000,0.00000000,0.00000000,0.75149423,0.38124560,0.70890232,0.84734124,0.93565473,0.75149423,0.38124560,0.70890232,0.84734124,0.93565473,-23.25606443,-46.21742618,0.85570314,0.51003569,-nan,-nan,-nan,-nan,0.00000000,0.00000000,0.00000000,0.00000000,0.00000000,0.00000000,-nan,0.00000000,13.36717188
