Y,A,A_rep,A_hid,L,Q,K,W,P,r,taua,abar,tauk,taul,WtaxRev,KtaxRev,WtaxRev_lost,KtaxRev_lost,G,lump_sum,ylbar,WtaxPct,ShelterPct,ShelterPctP99,TaxEvasionP99,ConcealPctP99,gini,p90,p99,p999,p9999,gini_total,p90_total,p99_total,p999_total,p9999_total,welfare,welfare0,approval,approval0,conceal_share_e,conceal_share_n,evasion_share_e,evasion_share_n,conceal_frac_e,conceal_frac_n,evasion_frac_e,evasion_frac_n,shelter_pct_e,shelter_pct_n,detection_rate,detection_revenue,wtax_evasion_elast
65.58387985,2.85638464,2.85638464,0.00000000,29.60413591,258.87844126,50.99179409,1.28488267,0.15410849,0.04131570,0.03251692,35.38103172,0.25000000,0.18639205,1.79799421,6.92989473,0.00000000,0.00000000,9.18235041,0.01146306,1.01512040,0.63911441,0.00000000,0.00000000,0.00000000,0.00000000,0.75113884,0.38186493,0.70937079,0.84668800,0.93531182,0.75113884,0.38186493,0.70937079,0.84668800,0.93531182,-23.24861679,-46.21067778,0.85491724,0.50995652,-nan,-nan,-nan,-nan,0.00000000,0.00000000,0.00000000,0.00000000,0.00000000,0.00000000,-nan,0.00000000,13.39569494
