Y,A,A_rep,A_hid,L,Q,K,W,P,r,taua,abar,tauk,taul,WtaxRev,KtaxRev,WtaxRev_lost,KtaxRev_lost,G,lump_sum,ylbar,WtaxPct,ShelterPct,ShelterPctP99,TaxEvasionP99,ConcealPctP99,gini,p90,p99,p999,p9999,gini_total,p90_total,p99_total,p999_total,p9999_total,welfare,welfare0,approval,approval0,conceal_share_e,conceal_share_n,evasion_share_e,evasion_share_n,conceal_frac_e,conceal_frac_n,evasion_frac_e,evasion_frac_n,shelter_pct_e,shelter_pct_n,detection_rate,detection_revenue,wtax_evasion_elast
65.62531162,2.85828102,2.85828102,0.00000000,29.60995702,259.20603439,51.06029715,1.28546505,0.15403338,0.04125255,0.03243446,37.03726412,0.25000000,0.18638352,1.77253793,6.92719530,0.00000000,0.00000000,9.18235041,0.01130629,1.01512040,0.65295958,0.00000000,0.00000000,0.00000000,0.00000000,0.75152467,0.38126197,0.70864354,0.84685463,0.93543882,0.75152467,0.38126197,0.70864354,0.84685463,0.93543882,-23.25579384,-46.21670802,0.85599270,0.51003451,-nan,-nan,-nan,-nan,0.00000000,0.00000000,0.00000000,0.00000000,0.00000000,0.00000000,-nan,0.00000000,13.39133265
