Y,A,A_rep,A_hid,L,Q,K,W,P,r,taua,abar,tauk,taul,WtaxRev,KtaxRev,WtaxRev_lost,KtaxRev_lost,G,lump_sum,ylbar,WtaxPct,ShelterPct,ShelterPctP99,TaxEvasionP99,ConcealPctP99,gini,p90,p99,p999,p9999,gini_total,p90_total,p99_total,p999_total,p9999_total,welfare,welfare0,approval,approval0,conceal_share_e,conceal_share_n,evasion_share_e,evasion_share_n,conceal_frac_e,conceal_frac_n,evasion_frac_e,evasion_frac_n,shelter_pct_e,shelter_pct_n,detection_rate,detection_revenue,wtax_evasion_elast
65.31341377,2.84303226,2.84303226,0.00000000,29.56990679,256.81684191,50.52983500,1.28109542,0.15458516,0.04177279,0.03375458,29.82738116,0.25000000,0.18642754,1.93882934,6.94615605,0.00000000,0.00000000,9.18235041,0.01215964,1.01512040,0.75807995,0.00000000,0.00000000,0.00000000,0.00000000,0.74848031,0.38605442,0.71350250,0.84680502,0.93514443,0.74848031,0.38605442,0.71350250,0.84680502,0.93514443,-23.22601720,-46.22596942,0.82959519,0.46234776,-nan,-nan,-nan,-nan,0.00000000,0.00000000,0.00000000,0.00000000,0.00000000,0.00000000,-nan,0.00000000,13.34084972
