Y,A,A_rep,A_hid,L,Q,K,W,P,r,taua,abar,tauk,taul,WtaxRev,KtaxRev,WtaxRev_lost,KtaxRev_lost,G,lump_sum,ylbar,WtaxPct,ShelterPct,ShelterPctP99,TaxEvasionP99,ConcealPctP99,gini,p90,p99,p999,p9999,gini_total,p90_total,p99_total,p999_total,p9999_total,welfare,welfare0,approval,approval0,conceal_share_e,conceal_share_n,evasion_share_e,evasion_share_n,conceal_frac_e,conceal_frac_n,evasion_frac_e,evasion_frac_n,shelter_pct_e,shelter_pct_n,detection_rate,detection_revenue,wtax_evasion_elast
65.56511246,2.85547629,2.85547629,0.00000000,29.60196662,258.75216259,50.96535590,1.28465408,0.15413769,0.04134026,0.03292679,35.81079420,0.25000000,0.18639144,1.80670615,6.93033459,0.00000000,0.00000000,9.18235041,0.01148618,1.01512040,0.64095833,0.00000000,0.00000000,0.00000000,0.00000000,0.75093832,0.38228926,0.70991768,0.84722357,0.93553418,0.75093832,0.38228926,0.70991768,0.84722357,0.93553418,-23.24849399,-46.21388746,0.85252077,0.50628521,-nan,-nan,-nan,-nan,0.00000000,0.00000000,0.00000000,0.00000000,0.00000000,0.00000000,-nan,0.00000000,13.36899883
