Y,A,A_rep,A_hid,L,Q,K,W,P,r,taua,abar,tauk,taul,WtaxRev,KtaxRev,WtaxRev_lost,KtaxRev_lost,G,lump_sum,ylbar,WtaxPct,ShelterPct,ShelterPctP99,TaxEvasionP99,ConcealPctP99,gini,p90,p99,p999,p9999,gini_total,p90_total,p99_total,p999_total,p9999_total,welfare,welfare0,approval,approval0,conceal_share_e,conceal_share_n,evasion_share_e,evasion_share_n,conceal_frac_e,conceal_frac_n,evasion_frac_e,evasion_frac_n,shelter_pct_e,shelter_pct_n,detection_rate,detection_revenue,wtax_evasion_elast
65.58592392,2.85643902,2.85643902,0.00000000,29.60473283,258.90217025,50.99734901,1.28492132,0.15410370,0.04131044,0.03244460,35.28657917,0.25000000,0.18639072,1.79645912,6.92951106,0.00000000,0.00000000,9.18235041,0.01145278,1.01512040,0.63872232,0.00000000,0.00000000,0.00000000,0.00000000,0.75116303,0.38185428,0.70925821,0.84660718,0.93528224,0.75116303,0.38185428,0.70925821,0.84660718,0.93528224,-23.24912558,-46.21094302,0.85520335,0.50995652,-nan,-nan,-nan,-nan,0.00000000,0.00000000,0.00000000,0.00000000,0.00000000,0.00000000,-nan,0.00000000,13.40475739
