Y,A,A_rep,A_hid,L,Q,K,W,P,r,taua,abar,tauk,taul,WtaxRev,KtaxRev,WtaxRev_lost,KtaxRev_lost,G,lump_sum,ylbar,WtaxPct,ShelterPct,ShelterPctP99,TaxEvasionP99,ConcealPctP99,gini,p90,p99,p999,p9999,gini_total,p90_total,p99_total,p999_total,p9999_total,welfare,welfare0,approval,approval0,conceal_share_e,conceal_share_n,evasion_share_e,evasion_share_n,conceal_frac_e,conceal_frac_n,evasion_frac_e,evasion_frac_n,shelter_pct_e,shelter_pct_n,detection_rate,detection_revenue,wtax_evasion_elast
65.56316890,2.85546009,2.85546009,0.00000000,29.60141716,258.73206437,50.96106769,1.28462229,0.15414171,0.04134395,0.03303952,36.04026962,0.25000000,0.18639179,1.80780679,6.93066218,0.00000000,0.00000000,9.18235041,0.01149070,1.01512040,0.64242425,0.00000000,0.00000000,0.00000000,0.00000000,0.75091288,0.38230670,0.71003261,0.84738638,0.93560409,0.75091288,0.38230670,0.71003261,0.84738638,0.93560409,-23.24837264,-46.21407748,0.85184756,0.50625537,-nan,-nan,-nan,-nan,0.00000000,0.00000000,0.00000000,0.00000000,0.00000000,0.00000000,-nan,0.00000000,13.35617409
