Y,A,A_rep,A_hid,L,Q,K,W,P,r,taua,abar,tauk,taul,WtaxRev,KtaxRev,WtaxRev_lost,KtaxRev_lost,G,lump_sum,ylbar,WtaxPct,ShelterPct,ShelterPctP99,TaxEvasionP99,ConcealPctP99,gini,p90,p99,p999,p9999,gini_total,p90_total,p99_total,p999_total,p9999_total,welfare,welfare0,approval,approval0,conceal_share_e,conceal_share_n,evasion_share_e,evasion_share_n,conceal_frac_e,conceal_frac_n,evasion_frac_e,evasion_frac_n,shelter_pct_e,shelter_pct_n,detection_rate,detection_revenue,wtax_evasion_elast
65.12161470,2.83825579,2.83825579,0.00000000,29.53719626,255.31276601,50.35507639,1.27875180,0.15494864,0.04182114,0.04623534,48.33073221,0.25000000,0.18643562,2.01219381,6.95203803,0.00000000,0.00000000,9.18235041,0.01221681,1.01512040,0.55994048,0.00000000,0.00000000,0.00000000,0.00000000,0.74672938,0.38841555,0.72391584,0.86314922,0.94203064,0.74672938,0.38841555,0.72391584,0.86314922,0.94203064,-23.23758157,-46.28177474,0.80418336,0.43423728,-nan,-nan,-nan,-nan,0.00000000,0.00000000,0.00000000,0.00000000,0.00000000,0.00000000,-nan,0.00000000,12.62380966
