Y,A,A_rep,A_hid,L,Q,K,W,P,r,taua,abar,tauk,taul,WtaxRev,KtaxRev,WtaxRev_lost,KtaxRev_lost,G,lump_sum,ylbar,WtaxPct,ShelterPct,ShelterPctP99,TaxEvasionP99,ConcealPctP99,gini,p90,p99,p999,p9999,gini_total,p90_total,p99_total,p999_total,p9999_total,welfare,welfare0,approval,approval0,conceal_share_e,conceal_share_n,evasion_share_e,evasion_share_n,conceal_frac_e,conceal_frac_n,evasion_frac_e,evasion_frac_n,shelter_pct_e,shelter_pct_n,detection_rate,detection_revenue,wtax_evasion_elast
65.55629279,2.85466057,2.85466057,0.00000000,29.60168825,258.67894837,50.93682697,1.28448141,0.15415476,0.04137827,0.03229225,34.17189961,0.25000000,0.18639274,1.81096112,6.93160267,0.00000000,0.00000000,9.18235041,0.01151503,1.01512040,0.83923459,0.00000000,0.00000000,0.00000000,0.00000000,0.75079729,0.38236836,0.70946962,0.84618258,0.93508790,0.75079729,0.38236836,0.70946962,0.84618258,0.93508790,-23.24762799,-46.21594002,0.85097712,0.50107842,-nan,-nan,-nan,-nan,0.00000000,0.00000000,0.00000000,0.00000000,0.00000000,0.00000000,-nan,0.00000000,13.39389944
