Y,A,A_rep,A_hid,L,Q,K,W,P,r,taua,abar,tauk,taul,WtaxRev,KtaxRev,WtaxRev_lost,KtaxRev_lost,G,lump_sum,ylbar,WtaxPct,ShelterPct,ShelterPctP99,TaxEvasionP99,ConcealPctP99,gini,p90,p99,p999,p9999,gini_total,p90_total,p99_total,p999_total,p9999_total,welfare,welfare0,approval,approval0,conceal_share_e,conceal_share_n,evasion_share_e,evasion_share_n,conceal_frac_e,conceal_frac_n,evasion_frac_e,evasion_frac_n,shelter_pct_e,shelter_pct_n,detection_rate,detection_revenue,wtax_evasion_elast
65.92227491,2.87258561,2.87258561,0.00000000,29.65044898,261.43996459,51.59187592,1.28952867,0.15354120,0.04072172,0.03483526,59.49225803,0.25000000,0.18632180,1.59137728,6.90911693,0.00000000,0.00000000,9.18235041,0.01015369,1.01512040,0.39306185,0.00000000,0.00000000,0.00000000,0.00000000,0.75422520,0.37681652,0.70432745,0.85172235,0.93794178,0.75422520,0.37681652,0.70432745,0.85172235,0.93794178,-23.31179037,-46.26739576,0.86223703,0.51800823,-nan,-nan,-nan,-nan,0.00000000,0.00000000,0.00000000,0.00000000,0.00000000,0.00000000,-nan,0.00000000,13.34274065
