Y,A,A_rep,A_hid,L,Q,K,W,P,r,taua,abar,tauk,taul,WtaxRev,KtaxRev,WtaxRev_lost,KtaxRev_lost,G,lump_sum,ylbar,WtaxPct,ShelterPct,ShelterPctP99,TaxEvasionP99,ConcealPctP99,gini,p90,p99,p999,p9999,gini_total,p90_total,p99_total,p999_total,p9999_total,welfare,welfare0,approval,approval0,conceal_share_e,conceal_share_n,evasion_share_e,evasion_share_n,conceal_frac_e,conceal_frac_n,evasion_frac_e,evasion_frac_n,shelter_pct_e,shelter_pct_n,detection_rate,detection_revenue,wtax_evasion_elast
73.59360802,3.11468468,2.93931624,0.17536843,30.13669239,332.25503430,65.54916410,1.41637454,0.13814856,0.02971435,0.00879916,1376.74741399,0.25000000,0.18605556,0.10714759,5.93701435,0.07234627,0.53747726,9.29156816,0.00044037,1.08952447,0.01004722,0.10204664,32.80719030,8.29850299,52.68092288,0.77220910,0.34988834,0.65567217,0.82100358,0.93494536,0.78499400,0.33018832,0.61880113,0.77920440,0.90780641,-23.71543944,-47.58050438,0.67142096,0.32874032,0.26819321,0.73180679,0.84574025,0.15425975,0.04624753,0.06117904,0.06099697,0.00656536,0.38731517,0.03317082,0.67742071,0.04395201,37.24022512
