Y,A,A_rep,A_hid,L,Q,K,W,P,r,taua,abar,tauk,taul,WtaxRev,KtaxRev,WtaxRev_lost,KtaxRev_lost,G,lump_sum,ylbar,WtaxPct,ShelterPct,ShelterPctP99,TaxEvasionP99,ConcealPctP99,gini,p90,p99,p999,p9999,gini_total,p90_total,p99_total,p999_total,p9999_total,welfare,welfare0,approval,approval0,conceal_share_e,conceal_share_n,evasion_share_e,evasion_share_n,conceal_frac_e,conceal_frac_n,evasion_frac_e,evasion_frac_n,shelter_pct_e,shelter_pct_n,detection_rate,detection_revenue,wtax_evasion_elast
65.59382668,2.85705694,2.85705694,0.00000000,29.60494846,258.96913944,51.01486845,1.28506468,0.15408615,0.04128994,0.03324895,37.91756880,0.25000000,0.18638741,1.78894577,6.92878996,0.00000000,0.00000000,9.18235041,0.01138397,1.01512040,0.65806606,0.00000000,0.00000000,0.00000000,0.00000000,0.75118490,0.38184469,0.70971751,0.84792619,0.93587899,0.75118490,0.38184469,0.70971751,0.84792619,0.93587899,-23.25218683,-46.21560225,0.85372747,0.50671415,-nan,-nan,-nan,-nan,0.00000000,0.00000000,0.00000000,0.00000000,0.00000000,0.00000000,-nan,0.00000000,13.33662694
