Y,A,A_rep,A_hid,L,Q,K,W,P,r,taua,abar,tauk,taul,WtaxRev,KtaxRev,WtaxRev_lost,KtaxRev_lost,G,lump_sum,ylbar,WtaxPct,ShelterPct,ShelterPctP99,TaxEvasionP99,ConcealPctP99,gini,p90,p99,p999,p9999,gini_total,p90_total,p99_total,p999_total,p9999_total,welfare,welfare0,approval,approval0,conceal_share_e,conceal_share_n,evasion_share_e,evasion_share_n,conceal_frac_e,conceal_frac_n,evasion_frac_e,evasion_frac_n,shelter_pct_e,shelter_pct_n,detection_rate,detection_revenue,wtax_evasion_elast
65.60614177,2.85727454,2.85727454,0.00000000,29.60767732,259.05680156,51.02777785,1.28518998,0.15406842,0.04128414,0.03213153,35.26592895,0.25000000,0.18638790,1.78538815,6.92844502,0.00000000,0.00000000,9.18235041,0.01139573,1.01512040,0.63951454,0.00000000,0.00000000,0.00000000,0.00000000,0.75136521,0.38149901,0.70874398,0.84623180,0.93513946,0.75136521,0.38149901,0.70874398,0.84623180,0.93513946,-23.25150347,-46.21210362,0.85593612,0.50999923,-nan,-nan,-nan,-nan,0.00000000,0.00000000,0.00000000,0.00000000,0.00000000,0.00000000,-nan,0.00000000,13.42518591
