Y,A,A_rep,A_hid,L,Q,K,W,P,r,taua,abar,tauk,taul,WtaxRev,KtaxRev,WtaxRev_lost,KtaxRev_lost,G,lump_sum,ylbar,WtaxPct,ShelterPct,ShelterPctP99,TaxEvasionP99,ConcealPctP99,gini,p90,p99,p999,p9999,gini_total,p90_total,p99_total,p999_total,p9999_total,welfare,welfare0,approval,approval0,conceal_share_e,conceal_share_n,evasion_share_e,evasion_share_n,conceal_frac_e,conceal_frac_n,evasion_frac_e,evasion_frac_n,shelter_pct_e,shelter_pct_n,detection_rate,detection_revenue,wtax_evasion_elast
73.44440270,3.11037030,2.90228289,0.20808741,30.12477367,330.45757148,65.59062249,1.41399687,0.13853653,0.02949861,0.01826932,1183.41758065,0.25000000,0.18606762,0.17551366,5.92109850,0.21288062,0.53609119,9.29156816,0.00076413,1.08952447,0.01067136,0.10509127,54.63365708,10.58329861,51.94607081,0.77030879,0.35299175,0.66384244,0.83439360,0.94725989,0.78563260,0.32937619,0.61949040,0.78302325,0.91271575,-23.73764961,-47.63554701,0.49265270,0.09540416,0.30244735,0.69755265,0.75978653,0.24021347,0.06176827,0.06940175,0.06640826,0.01248966,0.39546864,0.03498195,0.66574537,0.06146693,36.74457487
