Y,A,A_rep,A_hid,L,Q,K,W,P,r,taua,abar,tauk,taul,WtaxRev,KtaxRev,WtaxRev_lost,KtaxRev_lost,G,lump_sum,ylbar,WtaxPct,ShelterPct,ShelterPctP99,TaxEvasionP99,ConcealPctP99,gini,p90,p99,p999,p9999,gini_total,p90_total,p99_total,p999_total,p9999_total,welfare,welfare0,approval,approval0,conceal_share_e,conceal_share_n,evasion_share_e,evasion_share_n,conceal_frac_e,conceal_frac_n,evasion_frac_e,evasion_frac_n,shelter_pct_e,shelter_pct_n,detection_rate,detection_revenue,wtax_evasion_elast
65.54601785,2.85248185,2.85248185,0.00000000,29.60517338,258.57973279,50.87976504,1.28414306,0.15418561,0.04146747,0.03000000,28.95031370,0.25000000,0.18639111,1.81280194,6.93409347,0.00000000,0.00000000,9.18235041,0.01152745,1.01512040,1.12227637,0.00000000,0.00000000,0.00000000,0.00000000,0.75069155,0.38260799,0.70683920,0.84232192,0.93352926,0.75069155,0.38260799,0.70683920,0.84232192,0.93352926,-23.25224950,-46.23059874,0.84683894,0.49753904,-nan,-nan,-nan,-nan,0.00000000,0.00000000,0.00000000,0.00000000,0.00000000,0.00000000,-nan,0.00000000,13.57146344
