Y,A,A_rep,A_hid,L,Q,K,W,P,r,taua,abar,tauk,taul,WtaxRev,KtaxRev,WtaxRev_lost,KtaxRev_lost,G,lump_sum,ylbar,WtaxPct,ShelterPct,ShelterPctP99,TaxEvasionP99,ConcealPctP99,gini,p90,p99,p999,p9999,gini_total,p90_total,p99_total,p999_total,p9999_total,welfare,welfare0,approval,approval0,conceal_share_e,conceal_share_n,evasion_share_e,evasion_share_n,conceal_frac_e,conceal_frac_n,evasion_frac_e,evasion_frac_n,shelter_pct_e,shelter_pct_n,detection_rate,detection_revenue,wtax_evasion_elast
73.63230696,3.11658402,2.94309028,0.17349374,30.14187284,332.58422180,65.60610932,1.41684830,0.13809548,0.02968554,0.00680085,1376.74741399,0.25000000,0.18605285,0.08565092,5.93706754,0.05556817,0.53722893,9.29156816,0.00029381,1.08952447,0.01032696,0.10164703,32.63653352,8.23207947,53.41890657,0.77248279,0.34952849,0.65468230,0.81948605,0.93394323,0.78510808,0.33007097,0.61828250,0.77827761,0.90684619,-23.72059842,-47.58614057,0.60575259,0.30128113,0.26924868,0.73075132,0.86362639,0.13637361,0.04591029,0.06039767,0.06069149,0.00564949,0.38682088,0.03279406,0.67974219,0.04328699,43.20031855
