Y,A,A_rep,A_hid,L,Q,K,W,P,r,taua,abar,tauk,taul,WtaxRev,KtaxRev,WtaxRev_lost,KtaxRev_lost,G,lump_sum,ylbar,WtaxPct,ShelterPct,ShelterPctP99,TaxEvasionP99,ConcealPctP99,gini,p90,p99,p999,p9999,gini_total,p90_total,p99_total,p999_total,p9999_total,welfare,welfare0,approval,approval0,conceal_share_e,conceal_share_n,evasion_share_e,evasion_share_n,conceal_frac_e,conceal_frac_n,evasion_frac_e,evasion_frac_n,shelter_pct_e,shelter_pct_n,detection_rate,detection_revenue,wtax_evasion_elast
73.59522755,3.11482780,2.93534771,0.17948009,30.13728717,332.24410223,65.56004204,1.41636176,0.13815427,0.02970206,0.00809467,1192.65652069,0.25000000,0.18605452,0.10965246,5.93206982,0.07529443,0.53972180,9.29156816,0.00040830,1.08952447,0.01207461,0.10245724,34.10404269,8.37064072,53.53076830,0.77191540,0.35033923,0.65656639,0.82216389,0.93521116,0.78501693,0.33015227,0.61878002,0.77922570,0.90771322,-23.71862481,-47.58677199,0.64249364,0.31124844,0.26640343,0.73359657,0.84336229,0.15663771,0.04700840,0.06276719,0.06133172,0.00672306,0.38822066,0.03346193,0.67792110,0.04453597,39.78881661
