Y,A,A_rep,A_hid,L,Q,K,W,P,r,taua,abar,tauk,taul,WtaxRev,KtaxRev,WtaxRev_lost,KtaxRev_lost,G,lump_sum,ylbar,WtaxPct,ShelterPct,ShelterPctP99,TaxEvasionP99,ConcealPctP99,gini,p90,p99,p999,p9999,gini_total,p90_total,p99_total,p999_total,p9999_total,welfare,welfare0,approval,approval0,conceal_share_e,conceal_share_n,evasion_share_e,evasion_share_n,conceal_frac_e,conceal_frac_n,evasion_frac_e,evasion_frac_n,shelter_pct_e,shelter_pct_n,detection_rate,detection_revenue,wtax_evasion_elast
73.74839098,3.12294064,3.00483715,0.11810348,30.15534255,333.67623159,65.77010014,1.41845497,0.13790644,0.02961258,0.00000000,1365.23790423,0.25000000,0.18604251,0.00000000,5.97207769,0.00000000,0.53559863,9.29156816,0.00000362,1.08952447,0.01267544,0.09975751,30.73613128,7.67265835,33.63889385,0.77733409,0.34203144,0.64026850,0.80052004,0.91647912,0.78571826,0.32909648,0.61609917,0.77456877,0.90255052,-23.72438297,-47.57592688,0.84746422,0.97984836,0.31237656,0.68762344,0.91886779,0.08113221,0.03621121,0.03859607,0.05882071,0.00304483,0.38393213,0.03114580,0.68025784,0.03702722,93461.62999799
