Y,A,A_rep,A_hid,L,Q,K,W,P,r,taua,abar,tauk,taul,WtaxRev,KtaxRev,WtaxRev_lost,KtaxRev_lost,G,lump_sum,ylbar,WtaxPct,ShelterPct,ShelterPctP99,TaxEvasionP99,ConcealPctP99,gini,p90,p99,p999,p9999,gini_total,p90_total,p99_total,p999_total,p9999_total,welfare,welfare0,approval,approval0,conceal_share_e,conceal_share_n,evasion_share_e,evasion_share_n,conceal_frac_e,conceal_frac_n,evasion_frac_e,evasion_frac_n,shelter_pct_e,shelter_pct_n,detection_rate,detection_revenue,wtax_evasion_elast
65.59541218,2.85683700,2.85683700,0.00000000,29.60605572,258.97054896,51.01125753,1.28504123,0.15408825,0.04129810,0.03232073,35.31101904,0.25000000,0.18639127,1.79176859,6.92910460,0.00000000,0.00000000,9.18235041,0.01142720,1.01512040,0.63919939,0.00000000,0.00000000,0.00000000,0.00000000,0.75125267,0.38173609,0.70906289,0.84645214,0.93521771,0.75125267,0.38173609,0.70906289,0.84645214,0.93521771,-23.25030662,-46.21160113,0.85542240,0.50995652,-nan,-nan,-nan,-nan,0.00000000,0.00000000,0.00000000,0.00000000,0.00000000,0.00000000,-nan,0.00000000,13.41021133
