Y,A,A_rep,A_hid,L,Q,K,W,P,r,taua,abar,tauk,taul,WtaxRev,KtaxRev,WtaxRev_lost,KtaxRev_lost,G,lump_sum,ylbar,WtaxPct,ShelterPct,ShelterPctP99,TaxEvasionP99,ConcealPctP99,gini,p90,p99,p999,p9999,gini_total,p90_total,p99_total,p999_total,p9999_total,welfare,welfare0,approval,approval0,conceal_share_e,conceal_share_n,evasion_share_e,evasion_share_n,conceal_frac_e,conceal_frac_n,evasion_frac_e,evasion_frac_n,shelter_pct_e,shelter_pct_n,detection_rate,detection_revenue,wtax_evasion_elast
65.58218092,2.85590907,2.85590907,0.00000000,29.60495063,258.87594988,50.98386543,1.28484825,0.15411006,0.04133004,0.03212947,34.56213928,0.25000000,0.18639010,1.79777390,6.92986495,0.00000000,0.00000000,9.18235041,0.01145565,1.01512040,0.84937854,0.00000000,0.00000000,0.00000000,0.00000000,0.75112148,0.38190939,0.70899161,0.84605854,0.93505140,0.75112148,0.38190939,0.70899161,0.84605854,0.93505140,-23.24988992,-46.21376373,0.85395215,0.50669931,-nan,-nan,-nan,-nan,0.00000000,0.00000000,0.00000000,0.00000000,0.00000000,0.00000000,-nan,0.00000000,13.41123308
