Y,A,A_rep,A_hid,L,Q,K,W,P,r,taua,abar,tauk,taul,WtaxRev,KtaxRev,WtaxRev_lost,KtaxRev_lost,G,lump_sum,ylbar,WtaxPct,ShelterPct,ShelterPctP99,TaxEvasionP99,ConcealPctP99,gini,p90,p99,p999,p9999,gini_total,p90_total,p99_total,p999_total,p9999_total,welfare,welfare0,approval,approval0,conceal_share_e,conceal_share_n,evasion_share_e,evasion_share_n,conceal_frac_e,conceal_frac_n,evasion_frac_e,evasion_frac_n,shelter_pct_e,shelter_pct_n,detection_rate,detection_revenue,wtax_evasion_elast
65.41062360,2.84746401,2.84746401,0.00000000,29.58287781,257.56264583,50.68191813,1.28243026,0.15441057,0.04163290,0.03286794,31.08394839,0.25000000,0.18641355,1.88571097,6.94078722,0.00000000,0.00000000,9.18235041,0.01189509,1.01512040,0.77955904,0.00000000,0.00000000,0.00000000,0.00000000,0.74945372,0.38457991,0.71153711,0.84609713,0.93493376,0.74945372,0.38457991,0.71153711,0.84609713,0.93493376,-23.23580860,-46.22430288,0.83737620,0.47151535,-nan,-nan,-nan,-nan,0.00000000,0.00000000,0.00000000,0.00000000,0.00000000,0.00000000,-nan,0.00000000,13.36721652
