Y,A,A_rep,A_hid,L,Q,K,W,P,r,taua,abar,tauk,taul,WtaxRev,KtaxRev,WtaxRev_lost,KtaxRev_lost,G,lump_sum,ylbar,WtaxPct,ShelterPct,ShelterPctP99,TaxEvasionP99,ConcealPctP99,gini,p90,p99,p999,p9999,gini_total,p90_total,p99_total,p999_total,p9999_total,welfare,welfare0,approval,approval0,conceal_share_e,conceal_share_n,evasion_share_e,evasion_share_n,conceal_frac_e,conceal_frac_n,evasion_frac_e,evasion_frac_n,shelter_pct_e,shelter_pct_n,detection_rate,detection_revenue,wtax_evasion_elast
65.58560474,2.85643328,2.85643328,0.00000000,29.60467280,258.89925547,50.99675882,1.28491630,0.15410435,0.04131096,0.03245215,35.30015653,0.25000000,0.18639086,1.79655538,6.92955028,0.00000000,0.00000000,9.18235041,0.01145344,1.01512040,0.63877035,0.00000000,0.00000000,0.00000000,0.00000000,0.75116070,0.38185667,0.70932063,0.84661922,0.93528959,0.75116070,0.38185667,0.70932063,0.84661922,0.93528959,-23.24910827,-46.21096946,0.85520568,0.50995652,-nan,-nan,-nan,-nan,0.00000000,0.00000000,0.00000000,0.00000000,0.00000000,0.00000000,-nan,0.00000000,13.40410795
