Y,A,A_rep,A_hid,L,Q,K,W,P,r,taua,abar,tauk,taul,WtaxRev,KtaxRev,WtaxRev_lost,KtaxRev_lost,G,lump_sum,ylbar,WtaxPct,ShelterPct,ShelterPctP99,TaxEvasionP99,ConcealPctP99,gini,p90,p99,p999,p9999,gini_total,p90_total,p99_total,p999_total,p9999_total,welfare,welfare0,approval,approval0,conceal_share_e,conceal_share_n,evasion_share_e,evasion_share_n,conceal_frac_e,conceal_frac_n,evasion_frac_e,evasion_frac_n,shelter_pct_e,shelter_pct_n,detection_rate,detection_revenue,wtax_evasion_elast
73.52149058,3.11175355,2.93364891,0.17810464,30.12744467,331.58906374,65.44825952,1.41540894,0.13826163,0.02975843,0.01306718,1356.31004062,0.25000000,0.18606396,0.15040805,5.92987384,0.10960633,0.54643497,9.29156816,0.00067455,1.08952447,0.00959759,0.10317059,34.77126597,8.80721449,52.88227743,0.77164889,0.35077103,0.65762366,0.82392122,0.93742983,0.78467737,0.33069426,0.62003124,0.78125222,0.90982504,-23.70849564,-47.57709206,0.68212562,0.33215767,0.26863380,0.73136620,0.81220540,0.18779460,0.04708366,0.06215911,0.06270422,0.00857461,0.39051926,0.03379253,0.68213446,0.04698184,30.24059204
