Y,A,A_rep,A_hid,L,Q,K,W,P,r,taua,abar,tauk,taul,WtaxRev,KtaxRev,WtaxRev_lost,KtaxRev_lost,G,lump_sum,ylbar,WtaxPct,ShelterPct,ShelterPctP99,TaxEvasionP99,ConcealPctP99,gini,p90,p99,p999,p9999,gini_total,p90_total,p99_total,p999_total,p9999_total,welfare,welfare0,approval,approval0,conceal_share_e,conceal_share_n,evasion_share_e,evasion_share_n,conceal_frac_e,conceal_frac_n,evasion_frac_e,evasion_frac_n,shelter_pct_e,shelter_pct_n,detection_rate,detection_revenue,wtax_evasion_elast
65.57198189,2.85549453,2.85549453,0.00000000,29.60360604,258.79720903,50.96656932,1.28470474,0.15412812,0.04134673,0.03225716,34.52670866,0.25000000,0.18639086,1.80322365,6.93056320,0.00000000,0.00000000,9.18235041,0.01147798,1.01512040,0.84834033,0.00000000,0.00000000,0.00000000,0.00000000,0.75101791,0.38212726,0.70924135,0.84621045,0.93511170,0.75101791,0.38212726,0.70924135,0.84621045,0.93511170,-23.24941523,-46.21485396,0.85290758,0.50626466,-nan,-nan,-nan,-nan,0.00000000,0.00000000,0.00000000,0.00000000,0.00000000,0.00000000,-nan,0.00000000,13.40050235
