Y,A,A_rep,A_hid,L,Q,K,W,P,r,taua,abar,tauk,taul,WtaxRev,KtaxRev,WtaxRev_lost,KtaxRev_lost,G,lump_sum,ylbar,WtaxPct,ShelterPct,ShelterPctP99,TaxEvasionP99,ConcealPctP99,gini,p90,p99,p999,p9999,gini_total,p90_total,p99_total,p999_total,p9999_total,welfare,welfare0,approval,approval0,conceal_share_e,conceal_share_n,evasion_share_e,evasion_share_n,conceal_frac_e,conceal_frac_n,evasion_frac_e,evasion_frac_n,shelter_pct_e,shelter_pct_n,detection_rate,detection_revenue,wtax_evasion_elast
65.59497891,2.85684586,2.85684586,0.00000000,29.60592827,258.96855094,51.01051996,1.28503844,0.15408836,0.04129885,0.03232882,35.33145528,0.25000000,0.18638966,1.79182545,6.92914612,0.00000000,0.00000000,9.18235041,0.01143046,1.01512040,0.63930399,0.00000000,0.00000000,0.00000000,0.00000000,0.75125162,0.38173726,0.70906069,0.84645903,0.93522063,0.75125162,0.38173726,0.70906069,0.84645903,0.93522063,-23.24995524,-46.21093663,0.85552250,0.50995652,-nan,-nan,-nan,-nan,0.00000000,0.00000000,0.00000000,0.00000000,0.00000000,0.00000000,-nan,0.00000000,13.40903662
