Y,A,A_rep,A_hid,L,Q,K,W,P,r,taua,abar,tauk,taul,WtaxRev,KtaxRev,WtaxRev_lost,KtaxRev_lost,G,lump_sum,ylbar,WtaxPct,ShelterPct,ShelterPctP99,TaxEvasionP99,ConcealPctP99,gini,p90,p99,p999,p9999,gini_total,p90_total,p99_total,p999_total,p9999_total,welfare,welfare0,approval,approval0,conceal_share_e,conceal_share_n,evasion_share_e,evasion_share_n,conceal_frac_e,conceal_frac_n,evasion_frac_e,evasion_frac_n,shelter_pct_e,shelter_pct_n,detection_rate,detection_revenue,wtax_evasion_elast
65.74585441,2.86325602,2.86325602,0.00000000,29.62832996,260.11185191,51.24743183,1.28702978,0.15383286,0.04108650,0.03009961,35.27652036,0.25000000,0.18636703,1.70939936,6.92096372,0.00000000,0.00000000,9.18235041,0.01099938,1.01512040,0.64708488,0.00000000,0.00000000,0.00000000,0.00000000,0.75274577,0.37934688,0.70516322,0.84388573,0.93430970,0.75274577,0.37934688,0.70516322,0.84388573,0.93430970,-23.26905440,-46.21846926,0.86857579,0.52820888,-nan,-nan,-nan,-nan,0.00000000,0.00000000,0.00000000,0.00000000,0.00000000,0.00000000,-nan,0.00000000,13.55990285
