Y,A,A_rep,A_hid,L,Q,K,W,P,r,taua,abar,tauk,taul,WtaxRev,KtaxRev,WtaxRev_lost,KtaxRev_lost,G,lump_sum,ylbar,WtaxPct,ShelterPct,ShelterPctP99,TaxEvasionP99,ConcealPctP99,gini,p90,p99,p999,p9999,gini_total,p90_total,p99_total,p999_total,p9999_total,welfare,welfare0,approval,approval0,conceal_share_e,conceal_share_n,evasion_share_e,evasion_share_n,conceal_frac_e,conceal_frac_n,evasion_frac_e,evasion_frac_n,shelter_pct_e,shelter_pct_n,detection_rate,detection_revenue,wtax_evasion_elast
65.58842522,2.85659530,2.85659530,0.00000000,29.60481910,258.90565895,50.99713431,1.28492724,0.15410277,0.04131139,0.03239801,35.22187872,0.25000000,0.18639097,1.79595130,6.92997381,0.00000000,0.00000000,9.18235041,0.01144979,1.01512040,0.63847668,0.00000000,0.00000000,0.00000000,0.00000000,0.75118234,0.38182169,0.70920030,0.84652052,0.93524107,0.75118234,0.38182169,0.70920030,0.84652052,0.93524107,-23.24959462,-46.21205820,0.85479347,0.50711311,-nan,-nan,-nan,-nan,0.00000000,0.00000000,0.00000000,0.00000000,0.00000000,0.00000000,-nan,0.00000000,13.40271932
