Y,A,A_rep,A_hid,L,Q,K,W,P,r,taua,abar,tauk,taul,WtaxRev,KtaxRev,WtaxRev_lost,KtaxRev_lost,G,lump_sum,ylbar,WtaxPct,ShelterPct,ShelterPctP99,TaxEvasionP99,ConcealPctP99,gini,p90,p99,p999,p9999,gini_total,p90_total,p99_total,p999_total,p9999_total,welfare,welfare0,approval,approval0,conceal_share_e,conceal_share_n,evasion_share_e,evasion_share_n,conceal_frac_e,conceal_frac_n,evasion_frac_e,evasion_frac_n,shelter_pct_e,shelter_pct_n,detection_rate,detection_revenue,wtax_evasion_elast
65.60350365,2.85712015,2.85712015,0.00000000,29.60736962,259.03649009,51.02269262,1.28515126,0.15407306,0.04128955,0.03209540,35.05763857,0.25000000,0.18638832,1.78705237,6.92865513,0.00000000,0.00000000,9.18235041,0.01140611,1.01512040,0.86129008,0.00000000,0.00000000,0.00000000,0.00000000,0.75133346,0.38156554,0.70874329,0.84616028,0.93510324,0.75133346,0.38156554,0.70874329,0.84616028,0.93510324,-23.25104838,-46.21163181,0.85591066,0.50992008,-nan,-nan,-nan,-nan,0.00000000,0.00000000,0.00000000,0.00000000,0.00000000,0.00000000,-nan,0.00000000,13.42797226
