Y,A,A_rep,A_hid,L,Q,K,W,P,r,taua,abar,tauk,taul,WtaxRev,KtaxRev,WtaxRev_lost,KtaxRev_lost,G,lump_sum,ylbar,WtaxPct,ShelterPct,ShelterPctP99,TaxEvasionP99,ConcealPctP99,gini,p90,p99,p999,p9999,gini_total,p90_total,p99_total,p999_total,p9999_total,welfare,welfare0,approval,approval0,conceal_share_e,conceal_share_n,evasion_share_e,evasion_share_n,conceal_frac_e,conceal_frac_n,evasion_frac_e,evasion_frac_n,shelter_pct_e,shelter_pct_n,detection_rate,detection_revenue,wtax_evasion_elast
65.62228142,2.85780396,2.85780396,0.00000000,29.61017077,259.17917651,51.04740959,1.28539162,0.15404006,0.04127103,0.03166705,34.78321925,0.25000000,0.18638529,1.77703246,6.92790522,0.00000000,0.00000000,9.18235041,0.01135802,1.01512040,0.85573062,0.00000000,0.00000000,0.00000000,0.00000000,0.75153699,0.38132257,0.70804918,0.84555980,0.93487993,0.75153699,0.38132257,0.70804918,0.84555980,0.93487993,-23.25337074,-46.21276350,0.85777473,0.50959143,-nan,-nan,-nan,-nan,0.00000000,0.00000000,0.00000000,0.00000000,0.00000000,0.00000000,-nan,0.00000000,13.43880016
