Y,A,A_rep,A_hid,L,Q,K,W,P,r,taua,abar,tauk,taul,WtaxRev,KtaxRev,WtaxRev_lost,KtaxRev_lost,G,lump_sum,ylbar,WtaxPct,ShelterPct,ShelterPctP99,TaxEvasionP99,ConcealPctP99,gini,p90,p99,p999,p9999,gini_total,p90_total,p99_total,p999_total,p9999_total,welfare,welfare0,approval,approval0,conceal_share_e,conceal_share_n,evasion_share_e,evasion_share_n,conceal_frac_e,conceal_frac_n,evasion_frac_e,evasion_frac_n,shelter_pct_e,shelter_pct_n,detection_rate,detection_revenue,wtax_evasion_elast
65.54691219,2.85380713,2.85380713,0.00000000,29.60143974,258.60293867,50.91187134,1.28430954,0.15417361,0.04141006,0.03180378,32.88204529,0.25000000,0.18639435,1.81608333,6.93263310,0.00000000,0.00000000,9.18235041,0.01154811,1.01512040,0.81503305,0.00000000,0.00000000,0.00000000,0.00000000,0.75072325,0.38252238,0.70903525,0.84526332,0.93470210,0.75072325,0.38252238,0.70903525,0.84526332,0.93470210,-23.24744511,-46.21770398,0.85030749,0.50101178,-nan,-nan,-nan,-nan,0.00000000,0.00000000,0.00000000,0.00000000,0.00000000,0.00000000,-nan,0.00000000,13.40844811
