Y,A,A_rep,A_hid,L,Q,K,W,P,r,taua,abar,tauk,taul,WtaxRev,KtaxRev,WtaxRev_lost,KtaxRev_lost,G,lump_sum,ylbar,WtaxPct,ShelterPct,ShelterPctP99,TaxEvasionP99,ConcealPctP99,gini,p90,p99,p999,p9999,gini_total,p90_total,p99_total,p999_total,p9999_total,welfare,welfare0,approval,approval0,conceal_share_e,conceal_share_n,evasion_share_e,evasion_share_n,conceal_frac_e,conceal_frac_n,evasion_frac_e,evasion_frac_n,shelter_pct_e,shelter_pct_n,detection_rate,detection_revenue,wtax_evasion_elast
73.56250621,3.11360659,2.93752911,0.17607748,30.13192233,331.97510998,65.50063863,1.41597634,0.13819278,0.02973842,0.01049690,1368.56737799,0.25000000,0.18606154,0.12545299,5.93655843,0.08666760,0.53926099,9.29156816,0.00057273,1.08952447,0.00988390,0.10250179,32.99265247,8.36389257,52.84328710,0.77201776,0.35019553,0.65640425,0.82205311,0.93578222,0.78486944,0.33039163,0.61933053,0.78001654,0.90858149,-23.70957977,-47.57324676,0.70000787,0.35615883,0.26781142,0.73218858,0.83138695,0.16861305,0.04638433,0.06147981,0.06142194,0.00735706,0.38854614,0.03343865,0.67671527,0.04467976,33.42549921
