Y,A,A_rep,A_hid,L,Q,K,W,P,r,taua,abar,tauk,taul,WtaxRev,KtaxRev,WtaxRev_lost,KtaxRev_lost,G,lump_sum,ylbar,WtaxPct,ShelterPct,ShelterPctP99,TaxEvasionP99,ConcealPctP99,gini,p90,p99,p999,p9999,gini_total,p90_total,p99_total,p999_total,p9999_total,welfare,welfare0,approval,approval0,conceal_share_e,conceal_share_n,evasion_share_e,evasion_share_n,conceal_frac_e,conceal_frac_n,evasion_frac_e,evasion_frac_n,shelter_pct_e,shelter_pct_n,detection_rate,detection_revenue,wtax_evasion_elast
65.27539544,2.83979187,2.83979187,0.00000000,29.56798527,256.53058584,50.41946139,1.28043289,0.15465034,0.04192017,0.03267082,27.51461533,0.25000000,0.18642720,1.95212169,6.95022555,0.00000000,0.00000000,9.18235041,0.01220303,1.01512040,1.04476723,0.00000000,0.00000000,0.00000000,0.00000000,0.74783314,0.38711946,0.71168985,0.84484911,0.93433441,0.74783314,0.38711946,0.71168985,0.84484911,0.93433441,-23.22603143,-46.24138738,0.82344328,0.45719431,-nan,-nan,-nan,-nan,0.00000000,0.00000000,0.00000000,0.00000000,0.00000000,0.00000000,-nan,0.00000000,13.40119234
