Y,A,A_rep,A_hid,L,Q,K,W,P,r,taua,abar,tauk,taul,WtaxRev,KtaxRev,WtaxRev_lost,KtaxRev_lost,G,lump_sum,ylbar,WtaxPct,ShelterPct,ShelterPctP99,TaxEvasionP99,ConcealPctP99,gini,p90,p99,p999,p9999,gini_total,p90_total,p99_total,p999_total,p9999_total,welfare,welfare0,approval,approval0,conceal_share_e,conceal_share_n,evasion_share_e,evasion_share_n,conceal_frac_e,conceal_frac_n,evasion_frac_e,evasion_frac_n,shelter_pct_e,shelter_pct_n,detection_rate,detection_revenue,wtax_evasion_elast
65.14783649,2.83931200,2.83931200,0.00000000,29.54083267,255.51524727,50.39149640,1.27910522,0.15489998,0.04179143,0.04568355,48.31161528,0.25000000,0.18643188,1.99921764,6.95079987,0.00000000,0.00000000,9.18235041,0.01216440,1.01512040,0.56031938,0.00000000,0.00000000,0.00000000,0.00000000,0.74694568,0.38801989,0.72323507,0.86258369,0.94181280,0.74694568,0.38801989,0.72323507,0.86258369,0.94181280,-23.23846212,-46.27856504,0.80584293,0.43424234,-nan,-nan,-nan,-nan,0.00000000,0.00000000,0.00000000,0.00000000,0.00000000,0.00000000,-nan,0.00000000,12.65572230
