Y,A,A_rep,A_hid,L,Q,K,W,P,r,taua,abar,tauk,taul,WtaxRev,KtaxRev,WtaxRev_lost,KtaxRev_lost,G,lump_sum,ylbar,WtaxPct,ShelterPct,ShelterPctP99,TaxEvasionP99,ConcealPctP99,gini,p90,p99,p999,p9999,gini_total,p90_total,p99_total,p999_total,p9999_total,welfare,welfare0,approval,approval0,conceal_share_e,conceal_share_n,evasion_share_e,evasion_share_n,conceal_frac_e,conceal_frac_n,evasion_frac_e,evasion_frac_n,shelter_pct_e,shelter_pct_n,detection_rate,detection_revenue,wtax_evasion_elast
65.58355585,2.85631559,2.85631559,0.00000000,29.60442472,258.88500600,50.99339841,1.28489021,0.15410755,0.04131435,0.03248608,35.30546492,0.25000000,0.18639089,1.79767588,6.92961817,0.00000000,0.00000000,9.18235041,0.01145792,1.01512040,0.63869936,0.00000000,0.00000000,0.00000000,0.00000000,0.75113667,0.38188635,0.70932589,0.84665259,0.93530468,0.75113667,0.38188635,0.70932589,0.84665259,0.93530468,-23.24894902,-46.21107135,0.85491713,0.50995652,-nan,-nan,-nan,-nan,0.00000000,0.00000000,0.00000000,0.00000000,0.00000000,0.00000000,-nan,0.00000000,13.40239003
