Y,A,A_rep,A_hid,L,Q,K,W,P,r,taua,abar,tauk,taul,WtaxRev,KtaxRev,WtaxRev_lost,KtaxRev_lost,G,lump_sum,ylbar,WtaxPct,ShelterPct,ShelterPctP99,TaxEvasionP99,ConcealPctP99,gini,p90,p99,p999,p9999,gini_total,p90_total,p99_total,p999_total,p9999_total,welfare,welfare0,approval,approval0,conceal_share_e,conceal_share_n,evasion_share_e,evasion_share_n,conceal_frac_e,conceal_frac_n,evasion_frac_e,evasion_frac_n,shelter_pct_e,shelter_pct_n,detection_rate,detection_revenue,wtax_evasion_elast
73.42800418,3.10929386,2.88386084,0.22543301,30.12474479,330.29735698,65.58463898,1.41374335,0.13857257,0.02949185,0.01563619,840.27933111,0.25000000,0.18606498,0.19908866,5.89745148,0.22410193,0.54782205,9.29156816,0.00071353,1.08952447,0.01607103,0.10668710,56.18723154,10.74974537,54.14300376,0.76878143,0.35534486,0.66833120,0.84016497,0.94682473,0.78549953,0.32958130,0.61993578,0.78374725,0.91291866,-23.74440665,-47.65146558,0.45922931,0.05887060,0.28621877,0.71378123,0.74852537,0.25147463,0.06334418,0.07696526,0.06734629,0.01346529,0.39692057,0.03661254,0.67084489,0.06394041,38.82607953
