Y,A,A_rep,A_hid,L,Q,K,W,P,r,taua,abar,tauk,taul,WtaxRev,KtaxRev,WtaxRev_lost,KtaxRev_lost,G,lump_sum,ylbar,WtaxPct,ShelterPct,ShelterPctP99,TaxEvasionP99,ConcealPctP99,gini,p90,p99,p999,p9999,gini_total,p90_total,p99_total,p999_total,p9999_total,welfare,welfare0,approval,approval0,conceal_share_e,conceal_share_n,evasion_share_e,evasion_share_n,conceal_frac_e,conceal_frac_n,evasion_frac_e,evasion_frac_n,shelter_pct_e,shelter_pct_n,detection_rate,detection_revenue,wtax_evasion_elast
65.37953340,2.84761204,2.84761204,0.00000000,29.57477967,257.34340548,50.67447152,1.28218312,0.15445690,0.04160363,0.03619999,37.03582324,0.25000000,0.18641663,1.90139684,6.94036875,0.00000000,0.00000000,9.18235041,0.01192320,1.01512040,0.64076714,0.00000000,0.00000000,0.00000000,0.00000000,0.74917152,0.38485455,0.71484862,0.85105920,0.93701227,0.74917152,0.38485455,0.71484862,0.85105920,0.93701227,-23.23353153,-46.22250580,0.83421385,0.47145838,-nan,-nan,-nan,-nan,0.00000000,0.00000000,0.00000000,0.00000000,0.00000000,0.00000000,-nan,0.00000000,13.15284295
