Y,A,A_rep,A_hid,L,Q,K,W,P,r,taua,abar,tauk,taul,WtaxRev,KtaxRev,WtaxRev_lost,KtaxRev_lost,G,lump_sum,ylbar,WtaxPct,ShelterPct,ShelterPctP99,TaxEvasionP99,ConcealPctP99,gini,p90,p99,p999,p9999,gini_total,p90_total,p99_total,p999_total,p9999_total,welfare,welfare0,approval,approval0,conceal_share_e,conceal_share_n,evasion_share_e,evasion_share_n,conceal_frac_e,conceal_frac_n,evasion_frac_e,evasion_frac_n,shelter_pct_e,shelter_pct_n,detection_rate,detection_revenue,wtax_evasion_elast
65.17540412,2.83497887,2.83497887,0.00000000,29.55486956,255.77071522,50.25194341,1.27904340,0.15482689,0.04208569,0.03362238,26.88291739,0.25000000,0.18643836,2.00270862,6.95622185,0.00000000,0.00000000,9.18235041,0.01243612,1.01512040,1.00944713,0.00000000,0.00000000,0.00000000,0.00000000,0.74671750,0.38881581,0.71333622,0.84562752,0.93458877,0.74671750,0.38881581,0.71333622,0.84562752,0.93458877,-23.21808125,-46.24743205,0.81773885,0.44882786,-nan,-nan,-nan,-nan,0.00000000,0.00000000,0.00000000,0.00000000,0.00000000,0.00000000,-nan,0.00000000,13.36010134
