Y,A,A_rep,A_hid,L,Q,K,W,P,r,taua,abar,tauk,taul,WtaxRev,KtaxRev,WtaxRev_lost,KtaxRev_lost,G,lump_sum,ylbar,WtaxPct,ShelterPct,ShelterPctP99,TaxEvasionP99,ConcealPctP99,gini,p90,p99,p999,p9999,gini_total,p90_total,p99_total,p999_total,p9999_total,welfare,welfare0,approval,approval0,conceal_share_e,conceal_share_n,evasion_share_e,evasion_share_n,conceal_frac_e,conceal_frac_n,evasion_frac_e,evasion_frac_n,shelter_pct_e,shelter_pct_n,detection_rate,detection_revenue,wtax_evasion_elast
65.58172269,2.85619658,2.85619658,0.00000000,29.60422623,258.88353834,50.99240730,1.28488859,0.15410722,0.04131547,0.03261569,35.58956152,0.25000000,0.18638968,1.79850469,6.92932092,0.00000000,0.00000000,9.18235041,0.01145623,1.01512040,0.64041772,0.00000000,0.00000000,0.00000000,0.00000000,0.75110717,0.38190010,0.70946968,0.84685362,0.93538477,0.75110717,0.38190010,0.70946968,0.84685362,0.93538477,-23.24888024,-46.21096218,0.85492369,0.50995681,-nan,-nan,-nan,-nan,0.00000000,0.00000000,0.00000000,0.00000000,0.00000000,0.00000000,-nan,0.00000000,13.39161768
