Y,A,A_rep,A_hid,L,Q,K,W,P,r,taua,abar,tauk,taul,WtaxRev,KtaxRev,WtaxRev_lost,KtaxRev_lost,G,lump_sum,ylbar,WtaxPct,ShelterPct,ShelterPctP99,TaxEvasionP99,ConcealPctP99,gini,p90,p99,p999,p9999,gini_total,p90_total,p99_total,p999_total,p9999_total,welfare,welfare0,approval,approval0,conceal_share_e,conceal_share_n,evasion_share_e,evasion_share_n,conceal_frac_e,conceal_frac_n,evasion_frac_e,evasion_frac_n,shelter_pct_e,shelter_pct_n,detection_rate,detection_revenue,wtax_evasion_elast
65.57918896,2.85604690,2.85604690,0.00000000,29.60422826,258.85975083,50.98788091,1.28483862,0.15411406,0.04132007,0.03249415,35.14989554,0.25000000,0.18639021,1.79997376,6.92958897,0.00000000,0.00000000,9.18235041,0.01146115,1.01512040,0.63713122,0.00000000,0.00000000,0.00000000,0.00000000,0.75109663,0.38194843,0.70939973,0.84664060,0.93529255,0.75109663,0.38194843,0.70939973,0.84664060,0.93529255,-23.24934734,-46.21249266,0.85380919,0.50703797,-nan,-nan,-nan,-nan,0.00000000,0.00000000,0.00000000,0.00000000,0.00000000,0.00000000,-nan,0.00000000,13.40479908
