Y,A,A_rep,A_hid,L,Q,K,W,P,r,taua,abar,tauk,taul,WtaxRev,KtaxRev,WtaxRev_lost,KtaxRev_lost,G,lump_sum,ylbar,WtaxPct,ShelterPct,ShelterPctP99,TaxEvasionP99,ConcealPctP99,gini,p90,p99,p999,p9999,gini_total,p90_total,p99_total,p999_total,p9999_total,welfare,welfare0,approval,approval0,conceal_share_e,conceal_share_n,evasion_share_e,evasion_share_n,conceal_frac_e,conceal_frac_n,evasion_frac_e,evasion_frac_n,shelter_pct_e,shelter_pct_n,detection_rate,detection_revenue,wtax_evasion_elast
73.64074078,3.11677287,2.93856414,0.17820873,30.14339516,332.64539238,65.62982111,1.41694524,0.13808907,0.02966624,0.00540409,1035.97745700,0.25000000,0.18605137,0.08513234,5.93246175,0.05426966,0.53808070,9.29156816,0.00025964,1.08952447,0.01442847,0.10197317,33.34276354,8.24139757,54.74032562,0.77224494,0.34984906,0.65547957,0.82051970,0.93336456,0.78522670,0.32984562,0.61804597,0.77802224,0.90635962,-23.72375169,-47.58945863,0.56155024,0.16894080,0.26816963,0.73183037,0.86654465,0.13345535,0.04695712,0.06213271,0.06086981,0.00552563,0.38763776,0.03300173,0.67966095,0.04357161,48.82392834
