Y,A,A_rep,A_hid,L,Q,K,W,P,r,taua,abar,tauk,taul,WtaxRev,KtaxRev,WtaxRev_lost,KtaxRev_lost,G,lump_sum,ylbar,WtaxPct,ShelterPct,ShelterPctP99,TaxEvasionP99,ConcealPctP99,gini,p90,p99,p999,p9999,gini_total,p90_total,p99_total,p999_total,p9999_total,welfare,welfare0,approval,approval0,conceal_share_e,conceal_share_n,evasion_share_e,evasion_share_n,conceal_frac_e,conceal_frac_n,evasion_frac_e,evasion_frac_n,shelter_pct_e,shelter_pct_n,detection_rate,detection_revenue,wtax_evasion_elast
65.58221442,2.85619531,2.85619531,0.00000000,29.60430231,258.87342013,50.98817123,1.28486312,0.15410986,0.04132140,0.03237120,34.99224991,0.25000000,0.18639121,1.79845285,6.92989453,0.00000000,0.00000000,9.18235041,0.01146487,1.01512040,0.85904602,0.00000000,0.00000000,0.00000000,0.00000000,0.75112247,0.38192801,0.70922524,0.84645731,0.93521634,0.75112247,0.38192801,0.70922524,0.84645731,0.93521634,-23.24867274,-46.21111817,0.85486271,0.50972591,-nan,-nan,-nan,-nan,0.00000000,0.00000000,0.00000000,0.00000000,0.00000000,0.00000000,-nan,0.00000000,13.40648017
