Y,A,A_rep,A_hid,L,Q,K,W,P,r,taua,abar,tauk,taul,WtaxRev,KtaxRev,WtaxRev_lost,KtaxRev_lost,G,lump_sum,ylbar,WtaxPct,ShelterPct,ShelterPctP99,TaxEvasionP99,ConcealPctP99,gini,p90,p99,p999,p9999,gini_total,p90_total,p99_total,p999_total,p9999_total,welfare,welfare0,approval,approval0,conceal_share_e,conceal_share_n,evasion_share_e,evasion_share_n,conceal_frac_e,conceal_frac_n,evasion_frac_e,evasion_frac_n,shelter_pct_e,shelter_pct_n,detection_rate,detection_revenue,wtax_evasion_elast
66.29999650,2.88917195,2.88917195,0.00000000,29.70685089,264.27004693,52.21145465,1.29444681,0.15293091,0.04015826,0.03000000,67.01730285,0.25000000,0.18626746,1.38549991,6.88862079,0.00000000,0.00000000,9.18235041,0.00904170,1.01512040,0.34002744,0.00000000,0.00000000,0.00000000,0.00000000,0.75783899,0.37123081,0.69497683,0.84633217,0.93604812,0.75783899,0.37123081,0.69497683,0.84633217,0.93604812,-23.36247715,-46.29168775,0.90729056,0.81772729,-nan,-nan,-nan,-nan,0.00000000,0.00000000,0.00000000,0.00000000,0.00000000,0.00000000,-nan,0.00000000,13.70805740
