Y,A,A_rep,A_hid,L,Q,K,W,P,r,taua,abar,tauk,taul,WtaxRev,KtaxRev,WtaxRev_lost,KtaxRev_lost,G,lump_sum,ylbar,WtaxPct,ShelterPct,ShelterPctP99,TaxEvasionP99,ConcealPctP99,gini,p90,p99,p999,p9999,gini_total,p90_total,p99_total,p999_total,p9999_total,welfare,welfare0,approval,approval0,conceal_share_e,conceal_share_n,evasion_share_e,evasion_share_n,conceal_frac_e,conceal_frac_n,evasion_frac_e,evasion_frac_n,shelter_pct_e,shelter_pct_n,detection_rate,detection_revenue,wtax_evasion_elast
62.65231924,2.68390339,2.68390339,0.00000000,29.34151091,236.12095049,45.29415867,1.23847597,0.15993635,0.04821073,0.04004257,9.18515068,0.25000000,0.18675110,3.21546614,7.14505324,0.00000000,0.00000000,9.18235041,0.01744449,1.01512040,6.29513174,0.00000000,0.00000000,0.00000000,0.00000000,0.71628808,0.43415834,0.71345787,0.83513459,0.92924077,0.71628808,0.43415834,0.71345787,0.83513459,0.92924077,-23.18441691,-46.85077739,0.68245298,0.34424441,-nan,-nan,-nan,-nan,0.00000000,0.00000000,0.00000000,0.00000000,0.00000000,0.00000000,-nan,0.00000000,14.30848640
