Y,A,A_rep,A_hid,L,Q,K,W,P,r,taua,abar,tauk,taul,WtaxRev,KtaxRev,WtaxRev_lost,KtaxRev_lost,G,lump_sum,ylbar,WtaxPct,ShelterPct,ShelterPctP99,TaxEvasionP99,ConcealPctP99,gini,p90,p99,p999,p9999,gini_total,p90_total,p99_total,p999_total,p9999_total,welfare,welfare0,approval,approval0,conceal_share_e,conceal_share_n,evasion_share_e,evasion_share_n,conceal_frac_e,conceal_frac_n,evasion_frac_e,evasion_frac_n,shelter_pct_e,shelter_pct_n,detection_rate,detection_revenue,wtax_evasion_elast
65.61989416,2.85786370,2.85786370,0.00000000,29.60952374,259.16480222,51.04831748,1.28538000,0.15404301,0.04126660,0.03201902,35.54048475,0.25000000,0.18638545,1.77796897,6.92769441,0.00000000,0.00000000,9.18235041,0.01135694,1.01512040,0.64220363,0.00000000,0.00000000,0.00000000,0.00000000,0.75151253,0.38127588,0.70846592,0.84613180,0.93511453,0.75151253,0.38127588,0.70846592,0.84613180,0.93511453,-23.25326813,-46.21234923,0.85758678,0.51001872,-nan,-nan,-nan,-nan,0.00000000,0.00000000,0.00000000,0.00000000,0.00000000,0.00000000,-nan,0.00000000,13.42421059
