Y,A,A_rep,A_hid,L,Q,K,W,P,r,taua,abar,tauk,taul,WtaxRev,KtaxRev,WtaxRev_lost,KtaxRev_lost,G,lump_sum,ylbar,WtaxPct,ShelterPct,ShelterPctP99,TaxEvasionP99,ConcealPctP99,gini,p90,p99,p999,p9999,gini_total,p90_total,p99_total,p999_total,p9999_total,welfare,welfare0,approval,approval0,conceal_share_e,conceal_share_n,evasion_share_e,evasion_share_n,conceal_frac_e,conceal_frac_n,evasion_frac_e,evasion_frac_n,shelter_pct_e,shelter_pct_n,detection_rate,detection_revenue,wtax_evasion_elast
65.77980155,2.86479234,2.86479234,0.00000000,29.63313122,260.36882077,51.30309638,1.28748525,0.15377549,0.04103460,0.03000000,36.57614678,0.25000000,0.18636049,1.68888283,6.91902058,0.00000000,0.00000000,9.18235041,0.01087325,1.01512040,0.65743693,0.00000000,0.00000000,0.00000000,0.00000000,0.75303834,0.37888827,0.70459046,0.84395787,0.93437067,0.75303834,0.37888827,0.70459046,0.84395787,0.93437067,-23.27476527,-46.22361013,0.86956455,0.53006658,-nan,-nan,-nan,-nan,0.00000000,0.00000000,0.00000000,0.00000000,0.00000000,0.00000000,-nan,0.00000000,13.55816140
