Y,A,A_rep,A_hid,L,Q,K,W,P,r,taua,abar,tauk,taul,WtaxRev,KtaxRev,WtaxRev_lost,KtaxRev_lost,G,lump_sum,ylbar,WtaxPct,ShelterPct,ShelterPctP99,TaxEvasionP99,ConcealPctP99,gini,p90,p99,p999,p9999,gini_total,p90_total,p99_total,p999_total,p9999_total,welfare,welfare0,approval,approval0,conceal_share_e,conceal_share_n,evasion_share_e,evasion_share_n,conceal_frac_e,conceal_frac_n,evasion_frac_e,evasion_frac_n,shelter_pct_e,shelter_pct_n,detection_rate,detection_revenue,wtax_evasion_elast
63.95274627,2.78143706,2.78143706,0.00000000,29.39039119,246.36515811,48.42280370,1.26206447,0.15713139,0.04377072,0.05129791,25.30730403,0.25000000,0.18658299,2.60494926,7.02318495,0.00000000,0.00000000,9.18235041,0.01483205,1.01512040,0.83295588,0.00000000,0.00000000,0.00000000,0.00000000,0.73429493,0.40790177,0.74273054,0.86285428,0.94060563,0.73429493,0.40790177,0.74273054,0.86285428,0.94060563,-23.17072527,-46.41095029,0.74985215,0.38556516,-nan,-nan,-nan,-nan,0.00000000,0.00000000,0.00000000,0.00000000,0.00000000,0.00000000,-nan,0.00000000,12.39944039
