Y,A,A_rep,A_hid,L,Q,K,W,P,r,taua,abar,tauk,taul,WtaxRev,KtaxRev,WtaxRev_lost,KtaxRev_lost,G,lump_sum,ylbar,WtaxPct,ShelterPct,ShelterPctP99,TaxEvasionP99,ConcealPctP99,gini,p90,p99,p999,p9999,gini_total,p90_total,p99_total,p999_total,p9999_total,welfare,welfare0,approval,approval0,conceal_share_e,conceal_share_n,evasion_share_e,evasion_share_n,conceal_frac_e,conceal_frac_n,evasion_frac_e,evasion_frac_n,shelter_pct_e,shelter_pct_n,detection_rate,detection_revenue,wtax_evasion_elast
73.48401299,3.11014642,2.91461164,0.19553479,30.12218935,331.20593787,65.41568739,1.41489560,0.13833084,0.02975507,0.01321157,1014.97921691,0.25000000,0.18607093,0.18149475,5.92263881,0.14275841,0.54305764,9.29156816,0.00085093,1.08952447,0.01369490,0.10481308,39.23340604,8.70566774,55.14035920,0.77032518,0.35278168,0.66185885,0.82966693,0.93904199,0.78472114,0.33060231,0.62029555,0.78203030,0.91046070,-23.70370760,-47.57070996,0.69475405,0.35365822,0.26030378,0.73969622,0.78291111,0.21708889,0.05009109,0.06907085,0.06297162,0.01034479,0.39311919,0.03520385,0.66816666,0.04738524,31.35228399
