Y,A,A_rep,A_hid,L,Q,K,W,P,r,taua,abar,tauk,taul,WtaxRev,KtaxRev,WtaxRev_lost,KtaxRev_lost,G,lump_sum,ylbar,WtaxPct,ShelterPct,ShelterPctP99,TaxEvasionP99,ConcealPctP99,gini,p90,p99,p999,p9999,gini_total,p90_total,p99_total,p999_total,p9999_total,welfare,welfare0,approval,approval0,conceal_share_e,conceal_share_n,evasion_share_e,evasion_share_n,conceal_frac_e,conceal_frac_n,evasion_frac_e,evasion_frac_n,shelter_pct_e,shelter_pct_n,detection_rate,detection_revenue,wtax_evasion_elast
65.71219351,2.86142500,2.86142500,0.00000000,29.62419683,259.85517565,51.18291157,1.28654617,0.15389035,0.04115437,0.03000000,34.02404208,0.25000000,0.18637076,1.72735099,6.92341590,0.00000000,0.00000000,9.18235041,0.01109947,1.01512040,0.84378404,0.00000000,0.00000000,0.00000000,0.00000000,0.75235276,0.37999835,0.70540230,0.84349082,0.93413273,0.75235276,0.37999835,0.70540230,0.84349082,0.93413273,-23.26463969,-46.21804703,0.86573833,0.51990257,-nan,-nan,-nan,-nan,0.00000000,0.00000000,0.00000000,0.00000000,0.00000000,0.00000000,-nan,0.00000000,13.53484995
