Y,A,A_rep,A_hid,L,Q,K,W,P,r,taua,abar,tauk,taul,WtaxRev,KtaxRev,WtaxRev_lost,KtaxRev_lost,G,lump_sum,ylbar,WtaxPct,ShelterPct,ShelterPctP99,TaxEvasionP99,ConcealPctP99,gini,p90,p99,p999,p9999,gini_total,p90_total,p99_total,p999_total,p9999_total,welfare,welfare0,approval,approval0,conceal_share_e,conceal_share_n,evasion_share_e,evasion_share_n,conceal_frac_e,conceal_frac_n,evasion_frac_e,evasion_frac_n,shelter_pct_e,shelter_pct_n,detection_rate,detection_revenue,wtax_evasion_elast
65.62170676,2.85811905,2.85811905,0.00000000,29.60955184,259.18329275,51.05243656,1.28541677,0.15403792,0.04126208,0.03225938,36.33979561,0.25000000,0.18638472,1.77589654,6.92759519,0.00000000,0.00000000,9.18235041,0.01133067,1.01512040,0.64778580,0.00000000,0.00000000,0.00000000,0.00000000,0.75149920,0.38131973,0.70857714,0.84655890,0.93531232,0.75149920,0.38131973,0.70857714,0.84655890,0.93531232,-23.25457460,-46.21482247,0.85621326,0.51003327,-nan,-nan,-nan,-nan,0.00000000,0.00000000,0.00000000,0.00000000,0.00000000,0.00000000,-nan,0.00000000,13.40359318
