Y,A,A_rep,A_hid,L,Q,K,W,P,r,taua,abar,tauk,taul,WtaxRev,KtaxRev,WtaxRev_lost,KtaxRev_lost,G,lump_sum,ylbar,WtaxPct,ShelterPct,ShelterPctP99,TaxEvasionP99,ConcealPctP99,gini,p90,p99,p999,p9999,gini_total,p90_total,p99_total,p999_total,p9999_total,welfare,welfare0,approval,approval0,conceal_share_e,conceal_share_n,evasion_share_e,evasion_share_n,conceal_frac_e,conceal_frac_n,evasion_frac_e,evasion_frac_n,shelter_pct_e,shelter_pct_n,detection_rate,detection_revenue,wtax_evasion_elast
65.57439651,2.85594645,2.85594645,0.00000000,29.60292549,258.81531993,50.97778761,1.28476891,0.15412253,0.04132907,0.03265271,35.38608197,0.25000000,0.18639243,1.80256430,6.93022785,0.00000000,0.00000000,9.18235041,0.01148410,1.01512040,0.63870237,0.00000000,0.00000000,0.00000000,0.00000000,0.75104418,0.38216934,0.70964421,0.84685559,0.93538173,0.75104418,0.38216934,0.70964421,0.84685559,0.93538173,-23.24770316,-46.21058670,0.85403523,0.50707538,-nan,-nan,-nan,-nan,0.00000000,0.00000000,0.00000000,0.00000000,0.00000000,0.00000000,-nan,0.00000000,13.39134812
