Y,A,A_rep,A_hid,L,Q,K,W,P,r,taua,abar,tauk,taul,WtaxRev,KtaxRev,WtaxRev_lost,KtaxRev_lost,G,lump_sum,ylbar,WtaxPct,ShelterPct,ShelterPctP99,TaxEvasionP99,ConcealPctP99,gini,p90,p99,p999,p9999,gini_total,p90_total,p99_total,p999_total,p9999_total,welfare,welfare0,approval,approval0,conceal_share_e,conceal_share_n,evasion_share_e,evasion_share_n,conceal_frac_e,conceal_frac_n,evasion_frac_e,evasion_frac_n,shelter_pct_e,shelter_pct_n,detection_rate,detection_revenue,wtax_evasion_elast
65.85370206,2.86886521,2.86886521,0.00000000,29.64131703,260.94318346,51.44202055,1.28857358,0.15364300,0.04089061,0.03139724,44.13549331,0.25000000,0.18634367,1.64281437,6.91398803,0.00000000,0.00000000,9.18235041,0.01056551,1.01512040,0.55589859,0.00000000,0.00000000,0.00000000,0.00000000,0.75368274,0.37783590,0.70435225,0.84660439,0.93556992,0.75368274,0.37783590,0.70435225,0.84660439,0.93556992,-23.28797372,-46.23503024,0.87321377,0.59692424,-nan,-nan,-nan,-nan,0.00000000,0.00000000,0.00000000,0.00000000,0.00000000,0.00000000,-nan,0.00000000,13.49032932
