Y,A,A_rep,A_hid,L,Q,K,W,P,r,taua,abar,tauk,taul,WtaxRev,KtaxRev,WtaxRev_lost,KtaxRev_lost,G,lump_sum,ylbar,WtaxPct,ShelterPct,ShelterPctP99,TaxEvasionP99,ConcealPctP99,gini,p90,p99,p999,p9999,gini_total,p90_total,p99_total,p999_total,p9999_total,welfare,welfare0,approval,approval0,conceal_share_e,conceal_share_n,evasion_share_e,evasion_share_n,conceal_frac_e,conceal_frac_n,evasion_frac_e,evasion_frac_n,shelter_pct_e,shelter_pct_n,detection_rate,detection_revenue,wtax_evasion_elast
65.56779262,2.85556588,2.85556588,0.00000000,29.60227662,258.76824663,50.96762975,1.28468127,0.15413384,0.04133902,0.03276730,35.42446435,0.25000000,0.18639210,1.80623542,6.93037329,0.00000000,0.00000000,9.18235041,0.01149297,1.01512040,0.63860367,0.00000000,0.00000000,0.00000000,0.00000000,0.75097248,0.38227320,0.70976188,0.84698340,0.93543215,0.75097248,0.38227320,0.70976188,0.84698340,0.93543215,-23.24787919,-46.21228732,0.85328899,0.50628482,-nan,-nan,-nan,-nan,0.00000000,0.00000000,0.00000000,0.00000000,0.00000000,0.00000000,-nan,0.00000000,13.38228022
