Y,A,A_rep,A_hid,L,Q,K,W,P,r,taua,abar,tauk,taul,WtaxRev,KtaxRev,WtaxRev_lost,KtaxRev_lost,G,lump_sum,ylbar,WtaxPct,ShelterPct,ShelterPctP99,TaxEvasionP99,ConcealPctP99,gini,p90,p99,p999,p9999,gini_total,p90_total,p99_total,p999_total,p9999_total,welfare,welfare0,approval,approval0,conceal_share_e,conceal_share_n,evasion_share_e,evasion_share_n,conceal_frac_e,conceal_frac_n,evasion_frac_e,evasion_frac_n,shelter_pct_e,shelter_pct_n,detection_rate,detection_revenue,wtax_evasion_elast
65.71517432,2.86207811,2.86207811,0.00000000,29.62319493,259.88819957,51.20226445,1.28665663,0.15388069,0.04112462,0.03132966,37.69376203,0.25000000,0.18636826,1.72381496,6.92233819,0.00000000,0.00000000,9.18235041,0.01104124,1.01512040,0.66188978,0.00000000,0.00000000,0.00000000,0.00000000,0.75237889,0.37985480,0.70653033,0.84565428,0.93501460,0.75237889,0.37985480,0.70653033,0.84565428,0.93501460,-23.26768576,-46.22188859,0.86378765,0.51998604,-nan,-nan,-nan,-nan,0.00000000,0.00000000,0.00000000,0.00000000,0.00000000,0.00000000,-nan,0.00000000,13.45989434
