Y,A,A_rep,A_hid,L,Q,K,W,P,r,taua,abar,tauk,taul,WtaxRev,KtaxRev,WtaxRev_lost,KtaxRev_lost,G,lump_sum,ylbar,WtaxPct,ShelterPct,ShelterPctP99,TaxEvasionP99,ConcealPctP99,gini,p90,p99,p999,p9999,gini_total,p90_total,p99_total,p999_total,p9999_total,welfare,welfare0,approval,approval0,conceal_share_e,conceal_share_n,evasion_share_e,evasion_share_n,conceal_frac_e,conceal_frac_n,evasion_frac_e,evasion_frac_n,shelter_pct_e,shelter_pct_n,detection_rate,detection_revenue,wtax_evasion_elast
65.71386790,2.86299027,2.86299027,0.00000000,29.62033776,259.88515144,51.22649455,1.28674696,0.15387824,0.04107911,0.03405954,45.32652183,0.25000000,0.18636395,1.71740194,6.92134094,0.00000000,0.00000000,9.18235041,0.01094450,1.01512040,0.55673733,0.00000000,0.00000000,0.00000000,0.00000000,0.75229779,0.37993280,0.70824383,0.84979405,0.93682278,0.75229779,0.37993280,0.70824383,0.84979405,0.93682278,-23.27200033,-46.22980514,0.85825160,0.51064153,-nan,-nan,-nan,-nan,0.00000000,0.00000000,0.00000000,0.00000000,0.00000000,0.00000000,-nan,0.00000000,13.31926455
