Y,A,A_rep,A_hid,L,Q,K,W,P,r,taua,abar,tauk,taul,WtaxRev,KtaxRev,WtaxRev_lost,KtaxRev_lost,G,lump_sum,ylbar,WtaxPct,ShelterPct,ShelterPctP99,TaxEvasionP99,ConcealPctP99,gini,p90,p99,p999,p9999,gini_total,p90_total,p99_total,p999_total,p9999_total,welfare,welfare0,approval,approval0,conceal_share_e,conceal_share_n,evasion_share_e,evasion_share_n,conceal_frac_e,conceal_frac_n,evasion_frac_e,evasion_frac_n,shelter_pct_e,shelter_pct_n,detection_rate,detection_revenue,wtax_evasion_elast
65.60565646,2.85721808,2.85721808,0.00000000,29.60768668,259.05354402,51.02616599,1.28518114,0.15406917,0.04128644,0.03207238,35.08015533,0.25000000,0.18638793,1.78575272,6.92850925,0.00000000,0.00000000,9.18235041,0.01139917,1.01512040,0.86194305,0.00000000,0.00000000,0.00000000,0.00000000,0.75136026,0.38151916,0.70870202,0.84613531,0.93509601,0.75136026,0.38151916,0.70870202,0.84613531,0.93509601,-23.25135617,-46.21189727,0.85591431,0.50995955,-nan,-nan,-nan,-nan,0.00000000,0.00000000,0.00000000,0.00000000,0.00000000,0.00000000,-nan,0.00000000,13.43074953
