Y,A,A_rep,A_hid,L,Q,K,W,P,r,taua,abar,tauk,taul,WtaxRev,KtaxRev,WtaxRev_lost,KtaxRev_lost,G,lump_sum,ylbar,WtaxPct,ShelterPct,ShelterPctP99,TaxEvasionP99,ConcealPctP99,gini,p90,p99,p999,p9999,gini_total,p90_total,p99_total,p999_total,p9999_total,welfare,welfare0,approval,approval0,conceal_share_e,conceal_share_n,evasion_share_e,evasion_share_n,conceal_frac_e,conceal_frac_n,evasion_frac_e,evasion_frac_n,shelter_pct_e,shelter_pct_n,detection_rate,detection_revenue,wtax_evasion_elast
60.07325256,2.47333220,2.47333220,0.00000000,29.43880406,214.88994798,38.74735184,1.18356019,0.16692189,0.06007752,0.03000000,1.94758810,0.25000000,0.18678232,4.57769452,7.40814291,0.00000000,0.00000000,9.18235041,0.02334484,1.01512040,33.18868584,0.00000000,0.00000000,0.00000000,0.00000000,0.73237334,0.36905626,0.63257192,0.78651695,0.91241605,0.73237334,0.36905626,0.63257192,0.78651695,0.91241605,-23.90500908,-48.80377159,0.47101228,0.12245840,-nan,-nan,-nan,-nan,0.00000000,0.00000000,0.00000000,0.00000000,0.00000000,0.00000000,-nan,0.00000000,16.25146926
