Y,A,A_rep,A_hid,L,Q,K,W,P,r,taua,abar,tauk,taul,WtaxRev,KtaxRev,WtaxRev_lost,KtaxRev_lost,G,lump_sum,ylbar,WtaxPct,ShelterPct,ShelterPctP99,TaxEvasionP99,ConcealPctP99,gini,p90,p99,p999,p9999,gini_total,p90_total,p99_total,p999_total,p9999_total,welfare,welfare0,approval,approval0,conceal_share_e,conceal_share_n,evasion_share_e,evasion_share_n,conceal_frac_e,conceal_frac_n,evasion_frac_e,evasion_frac_n,shelter_pct_e,shelter_pct_n,detection_rate,detection_revenue,wtax_evasion_elast
65.79376250,2.86764587,2.86764587,0.00000000,29.63311074,260.38998733,51.43415677,1.28775630,0.15379640,0.04082163,0.04143429,72.83525787,0.25000000,0.18633197,1.64395820,6.91539111,0.00000000,0.00000000,9.18235041,0.01029696,1.01512040,0.33828960,0.00000000,0.00000000,0.00000000,0.00000000,0.75308812,0.37852471,0.70842352,0.85933761,0.94136491,0.75308812,0.37852471,0.70842352,0.85933761,0.94136491,-23.31649592,-46.30068378,0.83441552,0.47317734,-nan,-nan,-nan,-nan,0.00000000,0.00000000,0.00000000,0.00000000,0.00000000,0.00000000,-nan,0.00000000,12.99087267
