Y,A,A_rep,A_hid,L,Q,K,W,P,r,taua,abar,tauk,taul,WtaxRev,KtaxRev,WtaxRev_lost,KtaxRev_lost,G,lump_sum,ylbar,WtaxPct,ShelterPct,ShelterPctP99,TaxEvasionP99,ConcealPctP99,gini,p90,p99,p999,p9999,gini_total,p90_total,p99_total,p999_total,p9999_total,welfare,welfare0,approval,approval0,conceal_share_e,conceal_share_n,evasion_share_e,evasion_share_n,conceal_frac_e,conceal_frac_n,evasion_frac_e,evasion_frac_n,shelter_pct_e,shelter_pct_n,detection_rate,detection_revenue,wtax_evasion_elast
73.49478064,3.11059664,2.92271758,0.18787906,30.12288167,331.35430059,65.42107206,1.41510780,0.13829937,0.02976250,0.01312777,1102.72967833,0.25000000,0.18607004,0.17251311,5.92865268,0.13210503,0.54183310,9.29156816,0.00084942,1.08952447,0.01247213,0.10373347,37.29119845,8.67807665,54.27607442,0.77088625,0.35195610,0.66013251,0.82734576,0.93852095,0.78468218,0.33069806,0.62030856,0.78185844,0.91024087,-23.70004868,-47.56213115,0.72484957,0.37648563,0.26300267,0.73699733,0.79117461,0.20882539,0.04863240,0.06610787,0.06259901,0.00978216,0.39025807,0.03455438,0.67311890,0.04677534,30.84869422
