Y,A,A_rep,A_hid,L,Q,K,W,P,r,taua,abar,tauk,taul,WtaxRev,KtaxRev,WtaxRev_lost,KtaxRev_lost,G,lump_sum,ylbar,WtaxPct,ShelterPct,ShelterPctP99,TaxEvasionP99,ConcealPctP99,gini,p90,p99,p999,p9999,gini_total,p90_total,p99_total,p999_total,p9999_total,welfare,welfare0,approval,approval0,conceal_share_e,conceal_share_n,evasion_share_e,evasion_share_n,conceal_frac_e,conceal_frac_n,evasion_frac_e,evasion_frac_n,shelter_pct_e,shelter_pct_n,detection_rate,detection_revenue,wtax_evasion_elast
65.42514795,2.84942870,2.84942870,0.00000000,29.58179878,257.68819732,50.74098145,1.28277390,0.15437861,0.04154744,0.03500911,35.80652838,0.25000000,0.18641132,1.87939408,6.93809527,0.00000000,0.00000000,9.18235041,0.01183559,1.01512040,0.63399154,0.00000000,0.00000000,0.00000000,0.00000000,0.74966694,0.38416767,0.71337466,0.84952660,0.93641506,0.74966694,0.38416767,0.71337466,0.84952660,0.93641506,-23.23663251,-46.21907660,0.83931391,0.47304685,-nan,-nan,-nan,-nan,0.00000000,0.00000000,0.00000000,0.00000000,0.00000000,0.00000000,-nan,0.00000000,13.23512181
