Y,A,A_rep,A_hid,L,Q,K,W,P,r,taua,abar,tauk,taul,WtaxRev,KtaxRev,WtaxRev_lost,KtaxRev_lost,G,lump_sum,ylbar,WtaxPct,ShelterPct,ShelterPctP99,TaxEvasionP99,ConcealPctP99,gini,p90,p99,p999,p9999,gini_total,p90_total,p99_total,p999_total,p9999_total,welfare,welfare0,approval,approval0,conceal_share_e,conceal_share_n,evasion_share_e,evasion_share_n,conceal_frac_e,conceal_frac_n,evasion_frac_e,evasion_frac_n,shelter_pct_e,shelter_pct_n,detection_rate,detection_revenue,wtax_evasion_elast
73.68408835,3.11885333,2.94620028,0.17265305,30.14958913,333.03794178,65.69261424,1.41750136,0.13802518,0.02963775,0.00337894,1013.90411968,0.25000000,0.18604446,0.05685476,5.93726522,0.03307639,0.53481421,9.29156816,0.00008440,1.08952447,0.01598005,0.10113802,31.91729108,8.06164832,55.08256450,0.77281180,0.34892700,0.65350453,0.81775490,0.93129490,0.78534867,0.32961114,0.61737192,0.77685304,0.90521272,-23.73010718,-47.59716504,0.41879259,0.05381216,0.26989761,0.73010239,0.88912769,0.11087231,0.04576587,0.06000714,0.06005532,0.00440808,0.38546610,0.03248926,0.68001665,0.04210894,62.43826121
