Y,A,A_rep,A_hid,L,Q,K,W,P,r,taua,abar,tauk,taul,WtaxRev,KtaxRev,WtaxRev_lost,KtaxRev_lost,G,lump_sum,ylbar,WtaxPct,ShelterPct,ShelterPctP99,TaxEvasionP99,ConcealPctP99,gini,p90,p99,p999,p9999,gini_total,p90_total,p99_total,p999_total,p9999_total,welfare,welfare0,approval,approval0,conceal_share_e,conceal_share_n,evasion_share_e,evasion_share_n,conceal_frac_e,conceal_frac_n,evasion_frac_e,evasion_frac_n,shelter_pct_e,shelter_pct_n,detection_rate,detection_revenue,wtax_evasion_elast
65.55710982,2.85522682,2.85522682,0.00000000,29.60030121,258.68605501,50.95044367,1.28454426,0.15415116,0.04135397,0.03314399,36.13425487,0.25000000,0.18639347,1.81013260,6.93107810,0.00000000,0.00000000,9.18235041,0.01150744,1.01512040,0.64289132,0.00000000,0.00000000,0.00000000,0.00000000,0.75086796,0.38236176,0.71020009,0.84752069,0.93565678,0.75086796,0.38236176,0.71020009,0.84752069,0.93565678,-23.24750582,-46.21355319,0.85180717,0.50625537,-nan,-nan,-nan,-nan,0.00000000,0.00000000,0.00000000,0.00000000,0.00000000,0.00000000,-nan,0.00000000,13.35080720
