Y,A,A_rep,A_hid,L,Q,K,W,P,r,taua,abar,tauk,taul,WtaxRev,KtaxRev,WtaxRev_lost,KtaxRev_lost,G,lump_sum,ylbar,WtaxPct,ShelterPct,ShelterPctP99,TaxEvasionP99,ConcealPctP99,gini,p90,p99,p999,p9999,gini_total,p90_total,p99_total,p999_total,p9999_total,welfare,welfare0,approval,approval0,conceal_share_e,conceal_share_n,evasion_share_e,evasion_share_n,conceal_frac_e,conceal_frac_n,evasion_frac_e,evasion_frac_n,shelter_pct_e,shelter_pct_n,detection_rate,detection_revenue,wtax_evasion_elast
65.59370146,2.85667268,2.85667268,0.00000000,29.60622440,258.96127562,51.00890550,1.28501710,0.15409130,0.04130117,0.03225638,35.07862114,0.25000000,0.18638836,1.79241476,6.92905781,0.00000000,0.00000000,9.18235041,0.01142254,1.01512040,0.86146001,0.00000000,0.00000000,0.00000000,0.00000000,0.75123976,0.38177449,0.70901630,0.84633829,0.93517201,0.75123976,0.38177449,0.70901630,0.84633829,0.93517201,-23.25118163,-46.21354083,0.85490591,0.50987737,-nan,-nan,-nan,-nan,0.00000000,0.00000000,0.00000000,0.00000000,0.00000000,0.00000000,-nan,0.00000000,13.41976702
