Y,A,A_rep,A_hid,L,Q,K,W,P,r,taua,abar,tauk,taul,WtaxRev,KtaxRev,WtaxRev_lost,KtaxRev_lost,G,lump_sum,ylbar,WtaxPct,ShelterPct,ShelterPctP99,TaxEvasionP99,ConcealPctP99,gini,p90,p99,p999,p9999,gini_total,p90_total,p99_total,p999_total,p9999_total,welfare,welfare0,approval,approval0,conceal_share_e,conceal_share_n,evasion_share_e,evasion_share_n,conceal_frac_e,conceal_frac_n,evasion_frac_e,evasion_frac_n,shelter_pct_e,shelter_pct_n,detection_rate,detection_revenue,wtax_evasion_elast
65.79914844,2.86642330,2.86642330,0.00000000,29.63341694,260.52913505,51.35343774,1.28784649,0.15373491,0.04097174,0.03192026,43.00830704,0.25000000,0.18635251,1.67341674,6.91706992,0.00000000,0.00000000,9.18235041,0.01073530,1.01512040,0.54810546,0.00000000,0.00000000,0.00000000,0.00000000,0.75315171,0.37858763,0.70562327,0.84709854,0.93571230,0.75315171,0.37858763,0.70562327,0.84709854,0.93571230,-23.28039172,-46.23078083,0.86821638,0.52683706,-nan,-nan,-nan,-nan,0.00000000,0.00000000,0.00000000,0.00000000,0.00000000,0.00000000,-nan,0.00000000,13.46064344
