Y,A,A_rep,A_hid,L,Q,K,W,P,r,taua,abar,tauk,taul,WtaxRev,KtaxRev,WtaxRev_lost,KtaxRev_lost,G,lump_sum,ylbar,WtaxPct,ShelterPct,ShelterPctP99,TaxEvasionP99,ConcealPctP99,gini,p90,p99,p999,p9999,gini_total,p90_total,p99_total,p999_total,p9999_total,welfare,welfare0,approval,approval0,conceal_share_e,conceal_share_n,evasion_share_e,evasion_share_n,conceal_frac_e,conceal_frac_n,evasion_frac_e,evasion_frac_n,shelter_pct_e,shelter_pct_n,detection_rate,detection_revenue,wtax_evasion_elast
65.61851741,2.85785791,2.85785791,0.00000000,29.60924733,259.15601663,51.04777570,1.28536930,0.15404494,0.04126592,0.03238982,36.58362228,0.25000000,0.18638397,1.77719680,6.92754671,0.00000000,0.00000000,9.18235041,0.01132777,1.01512040,0.64921479,0.00000000,0.00000000,0.00000000,0.00000000,0.75145449,0.38138278,0.70873004,0.84673283,0.93537948,0.75145449,0.38138278,0.70873004,0.84673283,0.93537948,-23.25522561,-46.21693040,0.85554717,0.51003451,-nan,-nan,-nan,-nan,0.00000000,0.00000000,0.00000000,0.00000000,0.00000000,0.00000000,-nan,0.00000000,13.39509189
