Y,A,A_rep,A_hid,L,Q,K,W,P,r,taua,abar,tauk,taul,WtaxRev,KtaxRev,WtaxRev_lost,KtaxRev_lost,G,lump_sum,ylbar,WtaxPct,ShelterPct,ShelterPctP99,TaxEvasionP99,ConcealPctP99,gini,p90,p99,p999,p9999,gini_total,p90_total,p99_total,p999_total,p9999_total,welfare,welfare0,approval,approval0,conceal_share_e,conceal_share_n,evasion_share_e,evasion_share_n,conceal_frac_e,conceal_frac_n,evasion_frac_e,evasion_frac_n,shelter_pct_e,shelter_pct_n,detection_rate,detection_revenue,wtax_evasion_elast
65.54364259,2.85420392,2.85420392,0.00000000,29.59939770,258.57426535,50.91540025,1.28430467,0.15417762,0.04139698,0.03249331,34.21666289,0.25000000,0.18639686,1.81773285,6.93259944,0.00000000,0.00000000,9.18235041,0.01155671,1.01512040,0.83948799,0.00000000,0.00000000,0.00000000,0.00000000,0.75071490,0.38254942,0.70975958,0.84640565,0.93517837,0.75071490,0.38254942,0.70975958,0.84640565,0.93517837,-23.24602113,-46.21537000,0.85069755,0.50103476,-nan,-nan,-nan,-nan,0.00000000,0.00000000,0.00000000,0.00000000,0.00000000,0.00000000,-nan,0.00000000,13.37810584
