Y,A,A_rep,A_hid,L,Q,K,W,P,r,taua,abar,tauk,taul,WtaxRev,KtaxRev,WtaxRev_lost,KtaxRev_lost,G,lump_sum,ylbar,WtaxPct,ShelterPct,ShelterPctP99,TaxEvasionP99,ConcealPctP99,gini,p90,p99,p999,p9999,gini_total,p90_total,p99_total,p999_total,p9999_total,welfare,welfare0,approval,approval0,conceal_share_e,conceal_share_n,evasion_share_e,evasion_share_n,conceal_frac_e,conceal_frac_n,evasion_frac_e,evasion_frac_n,shelter_pct_e,shelter_pct_n,detection_rate,detection_revenue,wtax_evasion_elast
73.43497724,3.10997005,2.89636310,0.21360695,30.12415345,330.38681207,65.58724313,1.41389387,0.13855071,0.02949553,0.01771024,1070.40625754,0.25000000,0.18606665,0.18434215,5.91575734,0.22165661,0.53753036,9.29156816,0.00078067,1.08952447,0.01227296,0.10568117,55.59185588,10.60757814,52.49154326,0.76984002,0.35375236,0.66526662,0.83625333,0.94746996,0.78560480,0.32945503,0.61963273,0.78327935,0.91285440,-23.73779583,-47.63625844,0.49341087,0.09539888,0.29835217,0.70164783,0.75302189,0.24697811,0.06255041,0.07167334,0.06666321,0.01300995,0.39650367,0.03546438,0.66436554,0.06190961,37.15330353
