Y,A,A_rep,A_hid,L,Q,K,W,P,r,taua,abar,tauk,taul,WtaxRev,KtaxRev,WtaxRev_lost,KtaxRev_lost,G,lump_sum,ylbar,WtaxPct,ShelterPct,ShelterPctP99,TaxEvasionP99,ConcealPctP99,gini,p90,p99,p999,p9999,gini_total,p90_total,p99_total,p999_total,p9999_total,welfare,welfare0,approval,approval0,conceal_share_e,conceal_share_n,evasion_share_e,evasion_share_n,conceal_frac_e,conceal_frac_n,evasion_frac_e,evasion_frac_n,shelter_pct_e,shelter_pct_n,detection_rate,detection_revenue,wtax_evasion_elast
65.59239122,2.85671374,2.85671374,0.00000000,29.60579427,258.95755363,51.00866127,1.28501720,0.15409117,0.04130035,0.03245270,35.58222241,0.25000000,0.18638881,1.79292411,6.92895396,0.00000000,0.00000000,9.18235041,0.01142444,1.01512040,0.64087460,0.00000000,0.00000000,0.00000000,0.00000000,0.75122030,0.38176667,0.70916800,0.84664640,0.93531172,0.75122030,0.38176667,0.70916800,0.84664640,0.93531172,-23.25065720,-46.21256455,0.85521894,0.50995681,-nan,-nan,-nan,-nan,0.00000000,0.00000000,0.00000000,0.00000000,0.00000000,0.00000000,-nan,0.00000000,13.39907144
