Y,A,A_rep,A_hid,L,Q,K,W,P,r,taua,abar,tauk,taul,WtaxRev,KtaxRev,WtaxRev_lost,KtaxRev_lost,G,lump_sum,ylbar,WtaxPct,ShelterPct,ShelterPctP99,TaxEvasionP99,ConcealPctP99,gini,p90,p99,p999,p9999,gini_total,p90_total,p99_total,p999_total,p9999_total,welfare,welfare0,approval,approval0,conceal_share_e,conceal_share_n,evasion_share_e,evasion_share_n,conceal_frac_e,conceal_frac_n,evasion_frac_e,evasion_frac_n,shelter_pct_e,shelter_pct_n,detection_rate,detection_revenue,wtax_evasion_elast
73.63924223,3.11652805,2.91906509,0.19746296,30.14381527,332.57947720,65.66271629,1.41688969,0.13811018,0.02962430,0.00500558,685.09569339,0.25000000,0.18605033,0.10022515,5.91696181,0.06527114,0.53987498,9.29156816,0.00025299,1.08952447,0.02407719,0.10322870,34.50459934,8.42068295,56.14618192,0.77085811,0.35194045,0.65965577,0.82598860,0.93352290,0.78533288,0.32964154,0.61790576,0.77809856,0.90644467,-23.72715733,-47.59553437,0.51320680,0.10985280,0.26012313,0.73987687,0.85759942,0.14240058,0.05045354,0.06962136,0.06146743,0.00602294,0.38933533,0.03415052,0.67621924,0.04501918,53.99792842
