Y,A,A_rep,A_hid,L,Q,K,W,P,r,taua,abar,tauk,taul,WtaxRev,KtaxRev,WtaxRev_lost,KtaxRev_lost,G,lump_sum,ylbar,WtaxPct,ShelterPct,ShelterPctP99,TaxEvasionP99,ConcealPctP99,gini,p90,p99,p999,p9999,gini_total,p90_total,p99_total,p999_total,p9999_total,welfare,welfare0,approval,approval0,conceal_share_e,conceal_share_n,evasion_share_e,evasion_share_n,conceal_frac_e,conceal_frac_n,evasion_frac_e,evasion_frac_n,shelter_pct_e,shelter_pct_n,detection_rate,detection_revenue,wtax_evasion_elast
63.45503326,2.73704215,2.73704215,0.00000000,29.38258702,242.51894850,46.96606635,1.25257309,0.15813191,0.04592666,0.04008311,13.62253284,0.25000000,0.18660831,2.80183344,7.07876497,0.00000000,0.00000000,9.18235041,0.01555029,1.01512040,3.54280602,0.00000000,0.00000000,0.00000000,0.00000000,0.72570155,0.42089813,0.72165927,0.84284435,0.93256714,0.72570155,0.42089813,0.72165927,0.84284435,0.93256714,-23.18765377,-46.63072863,0.71066652,0.36358448,-nan,-nan,-nan,-nan,0.00000000,0.00000000,0.00000000,0.00000000,0.00000000,0.00000000,-nan,0.00000000,13.82444474
