Y,A,A_rep,A_hid,L,Q,K,W,P,r,taua,abar,tauk,taul,WtaxRev,KtaxRev,WtaxRev_lost,KtaxRev_lost,G,lump_sum,ylbar,WtaxPct,ShelterPct,ShelterPctP99,TaxEvasionP99,ConcealPctP99,gini,p90,p99,p999,p9999,gini_total,p90_total,p99_total,p999_total,p9999_total,welfare,welfare0,approval,approval0,conceal_share_e,conceal_share_n,evasion_share_e,evasion_share_n,conceal_frac_e,conceal_frac_n,evasion_frac_e,evasion_frac_n,shelter_pct_e,shelter_pct_n,detection_rate,detection_revenue,wtax_evasion_elast
73.59734828,3.11493151,2.93454723,0.18038427,30.13755493,332.25757511,65.56467363,1.41638374,0.13815259,0.02969836,0.00780375,1155.99097791,0.25000000,0.18605499,0.10828286,5.93165015,0.07457317,0.53946165,9.29156816,0.00039874,1.08952447,0.01242103,0.10250176,34.33921598,8.33842526,53.83639990,0.77186974,0.35036362,0.65671108,0.82234360,0.93533218,0.78503965,0.33007422,0.61872701,0.77915817,0.90761011,-23.71912107,-47.58732459,0.64001541,0.31044170,0.26588728,0.73411272,0.84407529,0.15592471,0.04715116,0.06312629,0.06129483,0.00668249,0.38835960,0.03348366,0.67738819,0.04434979,40.92203290
