Y,A,A_rep,A_hid,L,Q,K,W,P,r,taua,abar,tauk,taul,WtaxRev,KtaxRev,WtaxRev_lost,KtaxRev_lost,G,lump_sum,ylbar,WtaxPct,ShelterPct,ShelterPctP99,TaxEvasionP99,ConcealPctP99,gini,p90,p99,p999,p9999,gini_total,p90_total,p99_total,p999_total,p9999_total,welfare,welfare0,approval,approval0,conceal_share_e,conceal_share_n,evasion_share_e,evasion_share_n,conceal_frac_e,conceal_frac_n,evasion_frac_e,evasion_frac_n,shelter_pct_e,shelter_pct_n,detection_rate,detection_revenue,wtax_evasion_elast
65.59590863,2.85695289,2.85695289,0.00000000,29.60579903,258.98326661,51.01411955,1.28507226,0.15408392,0.04129444,0.03257990,36.12099965,0.25000000,0.18638849,1.79022381,6.92884395,0.00000000,0.00000000,9.18235041,0.01141235,1.01512040,0.64467107,0.00000000,0.00000000,0.00000000,0.00000000,0.75123939,0.38170604,0.70927027,0.84688577,0.93541732,0.75123939,0.38170604,0.70927027,0.84688577,0.93541732,-23.25065186,-46.21196867,0.85538835,0.50998983,-nan,-nan,-nan,-nan,0.00000000,0.00000000,0.00000000,0.00000000,0.00000000,0.00000000,-nan,0.00000000,13.38666789
