Y,A,A_rep,A_hid,L,Q,K,W,P,r,taua,abar,tauk,taul,WtaxRev,KtaxRev,WtaxRev_lost,KtaxRev_lost,G,lump_sum,ylbar,WtaxPct,ShelterPct,ShelterPctP99,TaxEvasionP99,ConcealPctP99,gini,p90,p99,p999,p9999,gini_total,p90_total,p99_total,p999_total,p9999_total,welfare,welfare0,approval,approval0,conceal_share_e,conceal_share_n,evasion_share_e,evasion_share_n,conceal_frac_e,conceal_frac_n,evasion_frac_e,evasion_frac_n,shelter_pct_e,shelter_pct_n,detection_rate,detection_revenue,wtax_evasion_elast
65.41343255,2.84492504,2.84492504,0.00000000,29.59062213,257.55613893,50.61831787,1.28216322,0.15442239,0.04175298,0.03000000,26.06394958,0.25000000,0.18640022,1.87210100,6.94371991,0.00000000,0.00000000,9.18235041,0.01177030,1.01512040,1.00062949,0.00000000,0.00000000,0.00000000,0.00000000,0.74906406,0.38514233,0.70690242,0.84138892,0.93307090,0.74906406,0.38514233,0.70690242,0.84138892,0.93307090,-23.24726752,-46.25676816,0.82714489,0.46012651,-nan,-nan,-nan,-nan,0.00000000,0.00000000,0.00000000,0.00000000,0.00000000,0.00000000,-nan,0.00000000,13.65383944
