Y,A,A_rep,A_hid,L,Q,K,W,P,r,taua,abar,tauk,taul,WtaxRev,KtaxRev,WtaxRev_lost,KtaxRev_lost,G,lump_sum,ylbar,WtaxPct,ShelterPct,ShelterPctP99,TaxEvasionP99,ConcealPctP99,gini,p90,p99,p999,p9999,gini_total,p90_total,p99_total,p999_total,p9999_total,welfare,welfare0,approval,approval0,conceal_share_e,conceal_share_n,evasion_share_e,evasion_share_n,conceal_frac_e,conceal_frac_n,evasion_frac_e,evasion_frac_n,shelter_pct_e,shelter_pct_n,detection_rate,detection_revenue,wtax_evasion_elast
65.61748022,2.85773526,2.85773526,0.00000000,29.60924701,259.14608209,51.04459252,1.28534608,0.15404751,0.04126999,0.03198038,35.30830262,0.25000000,0.18638590,1.77960582,6.92781680,0.00000000,0.00000000,9.18235041,0.01136767,1.01512040,0.64051185,0.00000000,0.00000000,0.00000000,0.00000000,0.75149523,0.38131157,0.70842646,0.84606080,0.93507861,0.75149523,0.38131157,0.70842646,0.84606080,0.93507861,-23.25274017,-46.21193204,0.85760378,0.51001861,-nan,-nan,-nan,-nan,0.00000000,0.00000000,0.00000000,0.00000000,0.00000000,0.00000000,-nan,0.00000000,13.42942996
