Y,A,A_rep,A_hid,L,Q,K,W,P,r,taua,abar,tauk,taul,WtaxRev,KtaxRev,WtaxRev_lost,KtaxRev_lost,G,lump_sum,ylbar,WtaxPct,ShelterPct,ShelterPctP99,TaxEvasionP99,ConcealPctP99,gini,p90,p99,p999,p9999,gini_total,p90_total,p99_total,p999_total,p9999_total,welfare,welfare0,approval,approval0,conceal_share_e,conceal_share_n,evasion_share_e,evasion_share_n,conceal_frac_e,conceal_frac_n,evasion_frac_e,evasion_frac_n,shelter_pct_e,shelter_pct_n,detection_rate,detection_revenue,wtax_evasion_elast
65.57974420,2.85612578,2.85612578,0.00000000,29.60407772,258.86188029,50.98808545,1.28484593,0.15411295,0.04131972,0.03252637,35.24918596,0.25000000,0.18639157,1.79991315,6.92964693,0.00000000,0.00000000,9.18235041,0.01146591,1.01512040,0.63816534,0.00000000,0.00000000,0.00000000,0.00000000,0.75110265,0.38192995,0.70944803,0.84668697,0.93531186,0.75110265,0.38192995,0.70944803,0.84668697,0.93531186,-23.24874908,-46.21126599,0.85476362,0.50711311,-nan,-nan,-nan,-nan,0.00000000,0.00000000,0.00000000,0.00000000,0.00000000,0.00000000,-nan,0.00000000,13.39976784
