Y,A,A_rep,A_hid,L,Q,K,W,P,r,taua,abar,tauk,taul,WtaxRev,KtaxRev,WtaxRev_lost,KtaxRev_lost,G,lump_sum,ylbar,WtaxPct,ShelterPct,ShelterPctP99,TaxEvasionP99,ConcealPctP99,gini,p90,p99,p999,p9999,gini_total,p90_total,p99_total,p999_total,p9999_total,welfare,welfare0,approval,approval0,conceal_share_e,conceal_share_n,evasion_share_e,evasion_share_n,conceal_frac_e,conceal_frac_n,evasion_frac_e,evasion_frac_n,shelter_pct_e,shelter_pct_n,detection_rate,detection_revenue,wtax_evasion_elast
65.57707796,2.85603277,2.85603277,0.00000000,29.60348923,258.83941520,50.98347371,1.28481012,0.15411755,0.04132358,0.03267850,35.55534293,0.25000000,0.18639084,1.80116567,6.92989400,0.00000000,0.00000000,9.18235041,0.01146645,1.01512040,0.63994508,0.00000000,0.00000000,0.00000000,0.00000000,0.75105420,0.38214025,0.70959632,0.84690949,0.93540373,0.75105420,0.38214025,0.70959632,0.84690949,0.93540373,-23.24880130,-46.21227324,0.85377317,0.50707567,-nan,-nan,-nan,-nan,0.00000000,0.00000000,0.00000000,0.00000000,0.00000000,0.00000000,-nan,0.00000000,13.38864045
