Y,A,A_rep,A_hid,L,Q,K,W,P,r,taua,abar,tauk,taul,WtaxRev,KtaxRev,WtaxRev_lost,KtaxRev_lost,G,lump_sum,ylbar,WtaxPct,ShelterPct,ShelterPctP99,TaxEvasionP99,ConcealPctP99,gini,p90,p99,p999,p9999,gini_total,p90_total,p99_total,p999_total,p9999_total,welfare,welfare0,approval,approval0,conceal_share_e,conceal_share_n,evasion_share_e,evasion_share_n,conceal_frac_e,conceal_frac_n,evasion_frac_e,evasion_frac_n,shelter_pct_e,shelter_pct_n,detection_rate,detection_revenue,wtax_evasion_elast
73.56226116,3.11358603,2.93608129,0.17750474,30.13233281,331.95995964,65.50590361,1.41595402,0.13819813,0.02973183,0.01024125,1303.65930755,0.25000000,0.18606081,0.12670706,5.93293223,0.08835813,0.54178880,9.29156816,0.00054763,1.08952447,0.01076745,0.10261768,33.30583585,8.49619354,53.37598150,0.77191232,0.35034972,0.65673979,0.82256359,0.93600551,0.78487447,0.33037637,0.61934591,0.78012420,0.90858976,-23.71197489,-47.57814256,0.67963570,0.33196848,0.26766066,0.73233934,0.83064774,0.16935226,0.04673100,0.06199346,0.06177369,0.00743881,0.38886860,0.03350466,0.67943647,0.04558538,34.27620076
