Y,A,A_rep,A_hid,L,Q,K,W,P,r,taua,abar,tauk,taul,WtaxRev,KtaxRev,WtaxRev_lost,KtaxRev_lost,G,lump_sum,ylbar,WtaxPct,ShelterPct,ShelterPctP99,TaxEvasionP99,ConcealPctP99,gini,p90,p99,p999,p9999,gini_total,p90_total,p99_total,p999_total,p9999_total,welfare,welfare0,approval,approval0,conceal_share_e,conceal_share_n,evasion_share_e,evasion_share_n,conceal_frac_e,conceal_frac_n,evasion_frac_e,evasion_frac_n,shelter_pct_e,shelter_pct_n,detection_rate,detection_revenue,wtax_evasion_elast
64.60488574,2.81317121,2.81317121,0.00000000,29.46993431,251.40286222,49.47040386,1.27149952,0.15586907,0.04272152,0.04594736,31.87116801,0.25000000,0.18651416,2.29420464,6.98351414,0.00000000,0.00000000,9.18235041,0.01366399,1.01512040,0.74240908,0.00000000,0.00000000,0.00000000,0.00000000,0.74152260,0.39659253,0.73184903,0.86007498,0.94006150,0.74152260,0.39659253,0.73184903,0.86007498,0.94006150,-23.18506765,-46.28861564,0.78695744,0.41827110,-nan,-nan,-nan,-nan,0.00000000,0.00000000,0.00000000,0.00000000,0.00000000,0.00000000,-nan,0.00000000,12.56633429
