Y,A,A_rep,A_hid,L,Q,K,W,P,r,taua,abar,tauk,taul,WtaxRev,KtaxRev,WtaxRev_lost,KtaxRev_lost,G,lump_sum,ylbar,WtaxPct,ShelterPct,ShelterPctP99,TaxEvasionP99,ConcealPctP99,gini,p90,p99,p999,p9999,gini_total,p90_total,p99_total,p999_total,p9999_total,welfare,welfare0,approval,approval0,conceal_share_e,conceal_share_n,evasion_share_e,evasion_share_n,conceal_frac_e,conceal_frac_n,evasion_frac_e,evasion_frac_n,shelter_pct_e,shelter_pct_n,detection_rate,detection_revenue,wtax_evasion_elast
65.57944821,2.85609458,2.85609458,0.00000000,29.60365226,258.84272020,50.98365386,1.28481654,0.15411700,0.04132398,0.03256021,35.27703157,0.25000000,0.18639048,1.80091981,6.93013065,0.00000000,0.00000000,9.18235041,0.01147246,1.01512040,0.63832625,0.00000000,0.00000000,0.00000000,0.00000000,0.75109580,0.38193704,0.70946751,0.84672475,0.93532835,0.75109580,0.38193704,0.70946751,0.84672475,0.93532835,-23.24875966,-46.21191403,0.85381202,0.50707538,-nan,-nan,-nan,-nan,0.00000000,0.00000000,0.00000000,0.00000000,0.00000000,0.00000000,-nan,0.00000000,13.39402610
