Y,A,A_rep,A_hid,L,Q,K,W,P,r,taua,abar,tauk,taul,WtaxRev,KtaxRev,WtaxRev_lost,KtaxRev_lost,G,lump_sum,ylbar,WtaxPct,ShelterPct,ShelterPctP99,TaxEvasionP99,ConcealPctP99,gini,p90,p99,p999,p9999,gini_total,p90_total,p99_total,p999_total,p9999_total,welfare,welfare0,approval,approval0,conceal_share_e,conceal_share_n,evasion_share_e,evasion_share_n,conceal_frac_e,conceal_frac_n,evasion_frac_e,evasion_frac_n,shelter_pct_e,shelter_pct_n,detection_rate,detection_revenue,wtax_evasion_elast
65.66368956,2.85884267,2.85884267,0.00000000,29.61861017,259.47923169,51.09740332,1.28584578,0.15397804,0.04123998,0.03000000,32.56953980,0.25000000,0.18637686,1.75134164,6.92645283,0.00000000,0.00000000,9.18235041,0.01121557,1.01512040,0.81614236,0.00000000,0.00000000,0.00000000,0.00000000,0.75187861,0.38079209,0.70594009,0.84312515,0.93394857,0.75187861,0.38079209,0.70594009,0.84312515,0.93394857,-23.26167383,-46.22344658,0.85700016,0.50940260,-nan,-nan,-nan,-nan,0.00000000,0.00000000,0.00000000,0.00000000,0.00000000,0.00000000,-nan,0.00000000,13.53609132
