Y,A,A_rep,A_hid,L,Q,K,W,P,r,taua,abar,tauk,taul,WtaxRev,KtaxRev,WtaxRev_lost,KtaxRev_lost,G,lump_sum,ylbar,WtaxPct,ShelterPct,ShelterPctP99,TaxEvasionP99,ConcealPctP99,gini,p90,p99,p999,p9999,gini_total,p90_total,p99_total,p999_total,p9999_total,welfare,welfare0,approval,approval0,conceal_share_e,conceal_share_n,evasion_share_e,evasion_share_n,conceal_frac_e,conceal_frac_n,evasion_frac_e,evasion_frac_n,shelter_pct_e,shelter_pct_n,detection_rate,detection_revenue,wtax_evasion_elast
65.31321056,2.84010320,2.84010320,0.00000000,29.57686071,256.79678079,50.44687280,1.28078503,0.15459486,0.04192302,0.03081059,25.11606581,0.25000000,0.18641134,1.92275345,6.94987319,0.00000000,0.00000000,9.18235041,0.01200694,1.01512040,0.95897142,0.00000000,0.00000000,0.00000000,0.00000000,0.74797479,0.38686833,0.70899249,0.84204567,0.93326593,0.74797479,0.38686833,0.70899249,0.84204567,0.93326593,-23.23825639,-46.26289389,0.82068504,0.44927434,-nan,-nan,-nan,-nan,0.00000000,0.00000000,0.00000000,0.00000000,0.00000000,0.00000000,-nan,0.00000000,13.67248476
