Y,A,A_rep,A_hid,L,Q,K,W,P,r,taua,abar,tauk,taul,WtaxRev,KtaxRev,WtaxRev_lost,KtaxRev_lost,G,lump_sum,ylbar,WtaxPct,ShelterPct,ShelterPctP99,TaxEvasionP99,ConcealPctP99,gini,p90,p99,p999,p9999,gini_total,p90_total,p99_total,p999_total,p9999_total,welfare,welfare0,approval,approval0,conceal_share_e,conceal_share_n,evasion_share_e,evasion_share_n,conceal_frac_e,conceal_frac_n,evasion_frac_e,evasion_frac_n,shelter_pct_e,shelter_pct_n,detection_rate,detection_revenue,wtax_evasion_elast
65.64657316,2.85874351,2.85874351,0.00000000,29.61404453,259.36321546,51.08357525,1.28570392,0.15399925,0.04124052,0.03118359,34.53508808,0.25000000,0.18638117,1.76340537,6.92664491,0.00000000,0.00000000,9.18235041,0.01128660,1.01512040,0.85174146,0.00000000,0.00000000,0.00000000,0.00000000,0.75177416,0.38087170,0.70738304,0.84498192,0.93467390,0.75177416,0.38087170,0.70738304,0.84498192,0.93467390,-23.25665316,-46.21483252,0.85941202,0.51612082,-nan,-nan,-nan,-nan,0.00000000,0.00000000,0.00000000,0.00000000,0.00000000,0.00000000,-nan,0.00000000,13.46760189
