Y,A,A_rep,A_hid,L,Q,K,W,P,r,taua,abar,tauk,taul,WtaxRev,KtaxRev,WtaxRev_lost,KtaxRev_lost,G,lump_sum,ylbar,WtaxPct,ShelterPct,ShelterPctP99,TaxEvasionP99,ConcealPctP99,gini,p90,p99,p999,p9999,gini_total,p90_total,p99_total,p999_total,p9999_total,welfare,welfare0,approval,approval0,conceal_share_e,conceal_share_n,evasion_share_e,evasion_share_n,conceal_frac_e,conceal_frac_n,evasion_frac_e,evasion_frac_n,shelter_pct_e,shelter_pct_n,detection_rate,detection_revenue,wtax_evasion_elast
65.55839703,2.85518552,2.85518552,0.00000000,29.60094400,258.69900530,50.95364551,1.28456012,0.15414954,0.04135139,0.03295200,35.58865899,0.25000000,0.18639300,1.81073664,6.93079273,0.00000000,0.00000000,9.18235041,0.01151032,1.01512040,0.63931273,0.00000000,0.00000000,0.00000000,0.00000000,0.75089202,0.38236426,0.71003079,0.84721409,0.93552460,0.75089202,0.38236426,0.71003079,0.84721409,0.93552460,-23.24764962,-46.21337340,0.85188366,0.50624116,-nan,-nan,-nan,-nan,0.00000000,0.00000000,0.00000000,0.00000000,0.00000000,0.00000000,-nan,0.00000000,13.36733501
