Y,A,A_rep,A_hid,L,Q,K,W,P,r,taua,abar,tauk,taul,WtaxRev,KtaxRev,WtaxRev_lost,KtaxRev_lost,G,lump_sum,ylbar,WtaxPct,ShelterPct,ShelterPctP99,TaxEvasionP99,ConcealPctP99,gini,p90,p99,p999,p9999,gini_total,p90_total,p99_total,p999_total,p9999_total,welfare,welfare0,approval,approval0,conceal_share_e,conceal_share_n,evasion_share_e,evasion_share_n,conceal_frac_e,conceal_frac_n,evasion_frac_e,evasion_frac_n,shelter_pct_e,shelter_pct_n,detection_rate,detection_revenue,wtax_evasion_elast
73.56538440,3.11354685,2.92381576,0.18973109,30.13323665,331.93750058,65.53396966,1.41594846,0.13820989,0.02969961,0.00898223,1000.15359647,0.25000000,0.18605951,0.13356234,5.92487969,0.09661456,0.54113928,9.29156816,0.00052878,1.08952447,0.01449268,0.10365524,35.98540177,8.47872454,54.61361763,0.77111251,0.35157531,0.65923062,0.82580642,0.93632035,0.78501765,0.33015127,0.61910557,0.77997045,0.90836547,-23.71600037,-47.58454430,0.65218531,0.31343261,0.26226734,0.73773266,0.82379626,0.17620374,0.04892733,0.06676332,0.06196614,0.00783300,0.39090522,0.03430101,0.67339298,0.04573562,38.33407857
