Y,A,A_rep,A_hid,L,Q,K,W,P,r,taua,abar,tauk,taul,WtaxRev,KtaxRev,WtaxRev_lost,KtaxRev_lost,G,lump_sum,ylbar,WtaxPct,ShelterPct,ShelterPctP99,TaxEvasionP99,ConcealPctP99,gini,p90,p99,p999,p9999,gini_total,p90_total,p99_total,p999_total,p9999_total,welfare,welfare0,approval,approval0,conceal_share_e,conceal_share_n,evasion_share_e,evasion_share_n,conceal_frac_e,conceal_frac_n,evasion_frac_e,evasion_frac_n,shelter_pct_e,shelter_pct_n,detection_rate,detection_revenue,wtax_evasion_elast
65.59170465,2.85664234,2.85664234,0.00000000,29.60569370,258.94515356,51.00534737,1.28499259,0.15409422,0.04130415,0.03228609,35.09342496,0.25000000,0.18638974,1.79329312,6.92926122,0.00000000,0.00000000,9.18235041,0.01143655,1.01512040,0.63744674,0.00000000,0.00000000,0.00000000,0.00000000,0.75123073,0.38178788,0.70907899,0.84637742,0.93518128,0.75123073,0.38178788,0.70907899,0.84637742,0.93518128,-23.25007825,-46.21162941,0.85528967,0.50990669,-nan,-nan,-nan,-nan,0.00000000,0.00000000,0.00000000,0.00000000,0.00000000,0.00000000,-nan,0.00000000,13.41713534
