Y,A,A_rep,A_hid,L,Q,K,W,P,r,taua,abar,tauk,taul,WtaxRev,KtaxRev,WtaxRev_lost,KtaxRev_lost,G,lump_sum,ylbar,WtaxPct,ShelterPct,ShelterPctP99,TaxEvasionP99,ConcealPctP99,gini,p90,p99,p999,p9999,gini_total,p90_total,p99_total,p999_total,p9999_total,welfare,welfare0,approval,approval0,conceal_share_e,conceal_share_n,evasion_share_e,evasion_share_n,conceal_frac_e,conceal_frac_n,evasion_frac_e,evasion_frac_n,shelter_pct_e,shelter_pct_n,detection_rate,detection_revenue,wtax_evasion_elast
73.48579423,3.11071666,2.92208146,0.18863520,30.12584763,331.04312128,65.51890115,1.41474354,0.13839356,0.02963029,0.01644569,1376.74741399,0.25000000,0.18606609,0.16021073,5.92644855,0.15393403,0.54375782,9.29156816,0.00073903,1.08952447,0.00930482,0.10289647,43.19443579,9.96145399,51.67261679,0.77135184,0.35134795,0.65958849,0.82792581,0.94239745,0.78517584,0.33004206,0.61964609,0.78216807,0.91153688,-23.72184042,-47.60298024,0.60622525,0.27902679,0.29111548,0.70888452,0.79112153,0.20887847,0.05397709,0.06387883,0.06470341,0.01013257,0.38809193,0.03403829,0.68566640,0.05700282,33.52956870
