Y,A,A_rep,A_hid,L,Q,K,W,P,r,taua,abar,tauk,taul,WtaxRev,KtaxRev,WtaxRev_lost,KtaxRev_lost,G,lump_sum,ylbar,WtaxPct,ShelterPct,ShelterPctP99,TaxEvasionP99,ConcealPctP99,gini,p90,p99,p999,p9999,gini_total,p90_total,p99_total,p999_total,p9999_total,welfare,welfare0,approval,approval0,conceal_share_e,conceal_share_n,evasion_share_e,evasion_share_n,conceal_frac_e,conceal_frac_n,evasion_frac_e,evasion_frac_n,shelter_pct_e,shelter_pct_n,detection_rate,detection_revenue,wtax_evasion_elast
73.59503691,3.11481668,2.92809602,0.18672066,30.13777585,332.21304392,65.57794079,1.41633350,0.13816537,0.02968000,0.00753226,991.79181630,0.25000000,0.18605376,0.11561048,5.92548519,0.08065563,0.54105866,9.29156816,0.00039481,1.08952447,0.01529463,0.10309720,34.90372451,8.46123726,54.65163291,0.77139703,0.35111657,0.65815374,0.82423433,0.93543300,0.78505884,0.33006855,0.61874661,0.77927826,0.90765657,-23.72107398,-47.59092569,0.59239472,0.29531459,0.26378356,0.73621644,0.83928396,0.16071604,0.04841483,0.06553882,0.06166991,0.00697252,0.38968426,0.03390303,0.67654016,0.04496372,42.19364416
