Y,A,A_rep,A_hid,L,Q,K,W,P,r,taua,abar,tauk,taul,WtaxRev,KtaxRev,WtaxRev_lost,KtaxRev_lost,G,lump_sum,ylbar,WtaxPct,ShelterPct,ShelterPctP99,TaxEvasionP99,ConcealPctP99,gini,p90,p99,p999,p9999,gini_total,p90_total,p99_total,p999_total,p9999_total,welfare,welfare0,approval,approval0,conceal_share_e,conceal_share_n,evasion_share_e,evasion_share_n,conceal_frac_e,conceal_frac_n,evasion_frac_e,evasion_frac_n,shelter_pct_e,shelter_pct_n,detection_rate,detection_revenue,wtax_evasion_elast
73.42813600,3.10958078,2.88972106,0.21985972,30.12369099,330.31366920,65.58269615,1.41378565,0.13856570,0.02949380,0.01658086,932.04719152,0.25000000,0.18606691,0.19280504,5.90896768,0.22644827,0.54025039,9.29156816,0.00078449,1.08952447,0.01369017,0.10612382,56.35138274,10.55601054,53.76108834,0.76932532,0.35448038,0.66683965,0.83830155,0.94757865,0.78559028,0.32941721,0.61975159,0.78351493,0.91288836,-23.73912434,-47.63981848,0.48772893,0.09157595,0.29298068,0.70701932,0.74750817,0.25249183,0.06322632,0.07434767,0.06679950,0.01342751,0.39646293,0.03602375,0.66486202,0.06304133,38.28609671
