Y,A,A_rep,A_hid,L,Q,K,W,P,r,taua,abar,tauk,taul,WtaxRev,KtaxRev,WtaxRev_lost,KtaxRev_lost,G,lump_sum,ylbar,WtaxPct,ShelterPct,ShelterPctP99,TaxEvasionP99,ConcealPctP99,gini,p90,p99,p999,p9999,gini_total,p90_total,p99_total,p999_total,p9999_total,welfare,welfare0,approval,approval0,conceal_share_e,conceal_share_n,evasion_share_e,evasion_share_n,conceal_frac_e,conceal_frac_n,evasion_frac_e,evasion_frac_n,shelter_pct_e,shelter_pct_n,detection_rate,detection_revenue,wtax_evasion_elast
73.43465437,3.10929753,2.89360146,0.21569607,30.12284173,330.45332373,65.53806013,1.41394468,0.13852447,0.02955453,0.01520183,886.86005742,0.25000000,0.18606789,0.19479785,5.90753300,0.20425319,0.54470787,9.29156816,0.00078938,1.08952447,0.01529920,0.10572186,51.82519967,10.31308671,54.78334516,0.76935784,0.35448714,0.66626272,0.83717383,0.94553500,0.78531306,0.32989590,0.62010315,0.78356510,0.91250594,-23.73224501,-47.62795225,0.51828080,0.15165310,0.28407949,0.71592051,0.75667889,0.24332111,0.06018976,0.07384089,0.06614849,0.01264491,0.39432981,0.03603976,0.67106663,0.06032228,37.40127607
