Y,A,A_rep,A_hid,L,Q,K,W,P,r,taua,abar,tauk,taul,WtaxRev,KtaxRev,WtaxRev_lost,KtaxRev_lost,G,lump_sum,ylbar,WtaxPct,ShelterPct,ShelterPctP99,TaxEvasionP99,ConcealPctP99,gini,p90,p99,p999,p9999,gini_total,p90_total,p99_total,p999_total,p9999_total,welfare,welfare0,approval,approval0,conceal_share_e,conceal_share_n,evasion_share_e,evasion_share_n,conceal_frac_e,conceal_frac_n,evasion_frac_e,evasion_frac_n,shelter_pct_e,shelter_pct_n,detection_rate,detection_revenue,wtax_evasion_elast
73.56690165,3.11360832,2.92567073,0.18793759,30.13377739,331.95982921,65.53518021,1.41597096,0.13820639,0.02970095,0.00888090,1014.92840077,0.25000000,0.18605815,0.13103159,5.92514329,0.09441388,0.54195842,9.29156816,0.00050308,1.08952447,0.01449481,0.10351876,35.89649362,8.52420315,54.73781681,0.77123829,0.35137055,0.65883605,0.82529085,0.93630751,0.78500405,0.33016181,0.61911517,0.77995776,0.90830634,-23.71749404,-47.58761344,0.64343947,0.30946758,0.26329586,0.73670414,0.82621910,0.17378090,0.04865510,0.06603794,0.06203051,0.00770919,0.39083414,0.03414874,0.67529912,0.04588905,38.59006096
