Y,A,A_rep,A_hid,L,Q,K,W,P,r,taua,abar,tauk,taul,WtaxRev,KtaxRev,WtaxRev_lost,KtaxRev_lost,G,lump_sum,ylbar,WtaxPct,ShelterPct,ShelterPctP99,TaxEvasionP99,ConcealPctP99,gini,p90,p99,p999,p9999,gini_total,p90_total,p99_total,p999_total,p9999_total,welfare,welfare0,approval,approval0,conceal_share_e,conceal_share_n,evasion_share_e,evasion_share_n,conceal_frac_e,conceal_frac_n,evasion_frac_e,evasion_frac_n,shelter_pct_e,shelter_pct_n,detection_rate,detection_revenue,wtax_evasion_elast
65.11822767,2.83817761,2.83817761,0.00000000,29.53671802,255.28292753,50.35211964,1.27870283,0.15495652,0.04182154,0.04654240,48.83017832,0.25000000,0.18643505,2.01265402,6.95222734,0.00000000,0.00000000,9.18235041,0.01220910,1.01512040,0.42631349,0.00000000,0.00000000,0.00000000,0.00000000,0.74667883,0.38844804,0.72416694,0.86351199,0.94217484,0.74667883,0.38844804,0.72416694,0.86351199,0.94217484,-23.23834016,-46.28427307,0.80272613,0.43423996,-nan,-nan,-nan,-nan,0.00000000,0.00000000,0.00000000,0.00000000,0.00000000,0.00000000,-nan,0.00000000,12.61048917
