Y,A,A_rep,A_hid,L,Q,K,W,P,r,taua,abar,tauk,taul,WtaxRev,KtaxRev,WtaxRev_lost,KtaxRev_lost,G,lump_sum,ylbar,WtaxPct,ShelterPct,ShelterPctP99,TaxEvasionP99,ConcealPctP99,gini,p90,p99,p999,p9999,gini_total,p90_total,p99_total,p999_total,p9999_total,welfare,welfare0,approval,approval0,conceal_share_e,conceal_share_n,evasion_share_e,evasion_share_n,conceal_frac_e,conceal_frac_n,evasion_frac_e,evasion_frac_n,shelter_pct_e,shelter_pct_n,detection_rate,detection_revenue,wtax_evasion_elast
65.56292826,2.85541234,2.85541234,0.00000000,29.60158350,258.73085410,50.96009791,1.28461490,0.15414240,0.04134571,0.03282742,35.38974618,0.25000000,0.18639269,1.80892406,6.93067964,0.00000000,0.00000000,9.18235041,0.01150655,1.01512040,0.63815773,0.00000000,0.00000000,0.00000000,0.00000000,0.75092654,0.38232169,0.70990644,0.84705644,0.93545896,0.75092654,0.38232169,0.70990644,0.84705644,0.93545896,-23.24737795,-46.21207783,0.85307403,0.50628482,-nan,-nan,-nan,-nan,0.00000000,0.00000000,0.00000000,0.00000000,0.00000000,0.00000000,-nan,0.00000000,13.37766277
