Y,A,A_rep,A_hid,L,Q,K,W,P,r,taua,abar,tauk,taul,WtaxRev,KtaxRev,WtaxRev_lost,KtaxRev_lost,G,lump_sum,ylbar,WtaxPct,ShelterPct,ShelterPctP99,TaxEvasionP99,ConcealPctP99,gini,p90,p99,p999,p9999,gini_total,p90_total,p99_total,p999_total,p9999_total,welfare,welfare0,approval,approval0,conceal_share_e,conceal_share_n,evasion_share_e,evasion_share_n,conceal_frac_e,conceal_frac_n,evasion_frac_e,evasion_frac_n,shelter_pct_e,shelter_pct_n,detection_rate,detection_revenue,wtax_evasion_elast
73.51056353,3.11141884,2.92395381,0.18746504,30.12475622,331.46252293,65.43951924,1.41526244,0.13828224,0.02975358,0.01236214,1112.82057234,0.25000000,0.18606910,0.16313716,5.92846788,0.12367734,0.54232421,9.29156816,0.00077822,1.08952447,0.01170637,0.10367595,37.47183705,8.68564022,54.23413153,0.77101833,0.35174914,0.65970950,0.82675684,0.93812720,0.78477227,0.33055602,0.62000879,0.78142661,0.90988021,-23.70390038,-47.56855332,0.70679333,0.35642468,0.26331430,0.73668570,0.79862177,0.20137823,0.04857020,0.06591667,0.06250865,0.00932832,0.39028015,0.03447764,0.67406845,0.04671997,31.94122087
