Y,A,A_rep,A_hid,L,Q,K,W,P,r,taua,abar,tauk,taul,WtaxRev,KtaxRev,WtaxRev_lost,KtaxRev_lost,G,lump_sum,ylbar,WtaxPct,ShelterPct,ShelterPctP99,TaxEvasionP99,ConcealPctP99,gini,p90,p99,p999,p9999,gini_total,p90_total,p99_total,p999_total,p9999_total,welfare,welfare0,approval,approval0,conceal_share_e,conceal_share_n,evasion_share_e,evasion_share_n,conceal_frac_e,conceal_frac_n,evasion_frac_e,evasion_frac_n,shelter_pct_e,shelter_pct_n,detection_rate,detection_revenue,wtax_evasion_elast
65.51640887,2.85331920,2.85331920,0.00000000,29.59460187,258.37418156,50.88085203,1.28398326,0.15422147,0.04142133,0.03331510,34.95604557,0.25000000,0.18640124,1.83285828,6.93362988,0.00000000,0.00000000,9.18235041,0.01163312,1.01512040,0.85520101,0.00000000,0.00000000,0.00000000,0.00000000,0.75051750,0.38285977,0.71088726,0.84754207,0.93563792,0.75051750,0.38285977,0.71088726,0.84754207,0.93563792,-23.24267869,-46.21289265,0.84946388,0.49974870,-nan,-nan,-nan,-nan,0.00000000,0.00000000,0.00000000,0.00000000,0.00000000,0.00000000,-nan,0.00000000,13.34870484
