Y,A,A_rep,A_hid,L,Q,K,W,P,r,taua,abar,tauk,taul,WtaxRev,KtaxRev,WtaxRev_lost,KtaxRev_lost,G,lump_sum,ylbar,WtaxPct,ShelterPct,ShelterPctP99,TaxEvasionP99,ConcealPctP99,gini,p90,p99,p999,p9999,gini_total,p90_total,p99_total,p999_total,p9999_total,welfare,welfare0,approval,approval0,conceal_share_e,conceal_share_n,evasion_share_e,evasion_share_n,conceal_frac_e,conceal_frac_n,evasion_frac_e,evasion_frac_n,shelter_pct_e,shelter_pct_n,detection_rate,detection_revenue,wtax_evasion_elast
73.64339022,3.11691258,2.93505465,0.18185792,30.14371259,332.66085882,65.64049680,1.41697825,0.13808797,0.02965598,0.00515106,952.21953986,0.25000000,0.18605119,0.08590421,5.93122256,0.05477629,0.53657323,9.29156816,0.00025836,1.08952447,0.01602215,0.10225364,33.90291847,8.16097686,55.17056203,0.77201767,0.35023917,0.65615538,0.82139735,0.93327622,0.78527823,0.32980428,0.61791661,0.77789388,0.90626756,-23.72401659,-47.58939058,0.56485377,0.20024038,0.26664661,0.73335339,0.86625656,0.13374344,0.04764131,0.06353610,0.06074630,0.00552884,0.38816036,0.03322373,0.67639406,0.04321339,50.46712565
