Y,A,A_rep,A_hid,L,Q,K,W,P,r,taua,abar,tauk,taul,WtaxRev,KtaxRev,WtaxRev_lost,KtaxRev_lost,G,lump_sum,ylbar,WtaxPct,ShelterPct,ShelterPctP99,TaxEvasionP99,ConcealPctP99,gini,p90,p99,p999,p9999,gini_total,p90_total,p99_total,p999_total,p9999_total,welfare,welfare0,approval,approval0,conceal_share_e,conceal_share_n,evasion_share_e,evasion_share_n,conceal_frac_e,conceal_frac_n,evasion_frac_e,evasion_frac_n,shelter_pct_e,shelter_pct_n,detection_rate,detection_revenue,wtax_evasion_elast
65.52478749,2.85335675,2.85335675,0.00000000,29.59676441,258.44415859,50.89047324,1.28408174,0.15420706,0.04141779,0.03291118,34.44808765,0.25000000,0.18639776,1.82838726,6.93306277,0.00000000,0.00000000,9.18235041,0.01160312,1.01512040,0.84440522,0.00000000,0.00000000,0.00000000,0.00000000,0.75055274,0.38290037,0.71038468,0.84694379,0.93539283,0.75055274,0.38290037,0.71038468,0.84694379,0.93539283,-23.24442477,-46.21482955,0.84977596,0.49963735,-nan,-nan,-nan,-nan,0.00000000,0.00000000,0.00000000,0.00000000,0.00000000,0.00000000,-nan,0.00000000,13.35836997
