Y,A,A_rep,A_hid,L,Q,K,W,P,r,taua,abar,tauk,taul,WtaxRev,KtaxRev,WtaxRev_lost,KtaxRev_lost,G,lump_sum,ylbar,WtaxPct,ShelterPct,ShelterPctP99,TaxEvasionP99,ConcealPctP99,gini,p90,p99,p999,p9999,gini_total,p90_total,p99_total,p999_total,p9999_total,welfare,welfare0,approval,approval0,conceal_share_e,conceal_share_n,evasion_share_e,evasion_share_n,conceal_frac_e,conceal_frac_n,evasion_frac_e,evasion_frac_n,shelter_pct_e,shelter_pct_n,detection_rate,detection_revenue,wtax_evasion_elast
65.46611827,2.85000048,2.85000048,0.00000000,29.59032499,257.99211031,50.77577932,1.28320904,0.15431168,0.04154210,0.03256488,32.09467715,0.25000000,0.18640527,1.85770352,6.93731950,0.00000000,0.00000000,9.18235041,0.01175253,1.01512040,0.79775753,0.00000000,0.00000000,0.00000000,0.00000000,0.74996765,0.38377890,0.71077471,0.84598063,0.93492895,0.74996765,0.38377890,0.71077471,0.84598063,0.93492895,-23.24046832,-46.22140874,0.84374626,0.47995071,-nan,-nan,-nan,-nan,0.00000000,0.00000000,0.00000000,0.00000000,0.00000000,0.00000000,-nan,0.00000000,13.36964173
