Y,A,A_rep,A_hid,L,Q,K,W,P,r,taua,abar,tauk,taul,WtaxRev,KtaxRev,WtaxRev_lost,KtaxRev_lost,G,lump_sum,ylbar,WtaxPct,ShelterPct,ShelterPctP99,TaxEvasionP99,ConcealPctP99,gini,p90,p99,p999,p9999,gini_total,p90_total,p99_total,p999_total,p9999_total,welfare,welfare0,approval,approval0,conceal_share_e,conceal_share_n,evasion_share_e,evasion_share_n,conceal_frac_e,conceal_frac_n,evasion_frac_e,evasion_frac_n,shelter_pct_e,shelter_pct_n,detection_rate,detection_revenue,wtax_evasion_elast
65.56386483,2.85523177,2.85523177,0.00000000,29.60222216,258.73562112,50.95665540,1.28460567,0.15414203,0.04135317,0.03251411,34.76620219,0.25000000,0.18639226,1.80803279,6.93086828,0.00000000,0.00000000,9.18235041,0.01150270,1.01512040,0.85278861,0.00000000,0.00000000,0.00000000,0.00000000,0.75094296,0.38219433,0.70957058,0.84657691,0.93526015,0.75094296,0.38219433,0.70957058,0.84657691,0.93526015,-23.24822808,-46.21382174,0.85279135,0.50587447,-nan,-nan,-nan,-nan,0.00000000,0.00000000,0.00000000,0.00000000,0.00000000,0.00000000,-nan,0.00000000,13.39002893
