Y,A,A_rep,A_hid,L,Q,K,W,P,r,taua,abar,tauk,taul,WtaxRev,KtaxRev,WtaxRev_lost,KtaxRev_lost,G,lump_sum,ylbar,WtaxPct,ShelterPct,ShelterPctP99,TaxEvasionP99,ConcealPctP99,gini,p90,p99,p999,p9999,gini_total,p90_total,p99_total,p999_total,p9999_total,welfare,welfare0,approval,approval0,conceal_share_e,conceal_share_n,evasion_share_e,evasion_share_n,conceal_frac_e,conceal_frac_n,evasion_frac_e,evasion_frac_n,shelter_pct_e,shelter_pct_n,detection_rate,detection_revenue,wtax_evasion_elast
65.15995361,2.83398933,2.83398933,0.00000000,29.55331878,255.64988241,50.21834280,1.27880080,0.15485514,0.04212493,0.03356521,26.48965884,0.25000000,0.18643858,2.00846380,6.95749239,0.00000000,0.00000000,9.18235041,0.01244990,1.01512040,0.99064658,0.00000000,0.00000000,0.00000000,0.00000000,0.74654609,0.38907633,0.71335137,0.84542948,0.93450767,0.74654609,0.38907633,0.71335137,0.84542948,0.93450767,-23.21941005,-46.25349954,0.81569083,0.44816793,-nan,-nan,-nan,-nan,0.00000000,0.00000000,0.00000000,0.00000000,0.00000000,0.00000000,-nan,0.00000000,13.38546850
