Y,A,A_rep,A_hid,L,Q,K,W,P,r,taua,abar,tauk,taul,WtaxRev,KtaxRev,WtaxRev_lost,KtaxRev_lost,G,lump_sum,ylbar,WtaxPct,ShelterPct,ShelterPctP99,TaxEvasionP99,ConcealPctP99,gini,p90,p99,p999,p9999,gini_total,p90_total,p99_total,p999_total,p9999_total,welfare,welfare0,approval,approval0,conceal_share_e,conceal_share_n,evasion_share_e,evasion_share_n,conceal_frac_e,conceal_frac_n,evasion_frac_e,evasion_frac_n,shelter_pct_e,shelter_pct_n,detection_rate,detection_revenue,wtax_evasion_elast
73.45174566,3.11010042,2.90279060,0.20730981,30.12434847,330.60923842,65.55662418,1.41417971,0.13849527,0.02954900,0.01642191,1085.22706079,0.25000000,0.18606754,0.17899750,5.91667402,0.19585499,0.54083407,9.29156816,0.00076967,1.08952447,0.01202686,0.10479146,50.78551422,10.28948795,52.99522945,0.77012216,0.35331053,0.66395955,0.83424045,0.94568768,0.78540205,0.32975992,0.61976188,0.78306240,0.91240231,-23.73131654,-47.62372512,0.52667362,0.16027029,0.29124183,0.70875817,0.76448172,0.23551828,0.05929791,0.07023887,0.06580014,0.01204743,0.39304391,0.03519520,0.67194774,0.06036599,36.72425856
