Y,A,A_rep,A_hid,L,Q,K,W,P,r,taua,abar,tauk,taul,WtaxRev,KtaxRev,WtaxRev_lost,KtaxRev_lost,G,lump_sum,ylbar,WtaxPct,ShelterPct,ShelterPctP99,TaxEvasionP99,ConcealPctP99,gini,p90,p99,p999,p9999,gini_total,p90_total,p99_total,p999_total,p9999_total,welfare,welfare0,approval,approval0,conceal_share_e,conceal_share_n,evasion_share_e,evasion_share_n,conceal_frac_e,conceal_frac_n,evasion_frac_e,evasion_frac_n,shelter_pct_e,shelter_pct_n,detection_rate,detection_revenue,wtax_evasion_elast
73.50869755,3.11115797,2.91511137,0.19604660,30.12538021,331.44331884,65.45342213,1.41524177,0.13829040,0.02973719,0.01164184,969.01295768,0.25000000,0.18606723,0.16823079,5.92193376,0.12987601,0.54208981,9.29156816,0.00076101,1.08952447,0.01437845,0.10428288,38.47869681,8.70588073,55.45177168,0.77038771,0.35266775,0.66161010,0.82924852,0.93828904,0.78481294,0.33044474,0.61996719,0.78148230,0.90979600,-23.70625806,-47.57252761,0.69148991,0.34390455,0.25949799,0.74050201,0.79380583,0.20619417,0.05005216,0.06930339,0.06266379,0.00963613,0.39101798,0.03505296,0.67074868,0.04738691,33.77805155
