Y,A,A_rep,A_hid,L,Q,K,W,P,r,taua,abar,tauk,taul,WtaxRev,KtaxRev,WtaxRev_lost,KtaxRev_lost,G,lump_sum,ylbar,WtaxPct,ShelterPct,ShelterPctP99,TaxEvasionP99,ConcealPctP99,gini,p90,p99,p999,p9999,gini_total,p90_total,p99_total,p999_total,p9999_total,welfare,welfare0,approval,approval0,conceal_share_e,conceal_share_n,evasion_share_e,evasion_share_n,conceal_frac_e,conceal_frac_n,evasion_frac_e,evasion_frac_n,shelter_pct_e,shelter_pct_n,detection_rate,detection_revenue,wtax_evasion_elast
64.98417403,2.81991598,2.81991598,0.00000000,29.54602395,254.26822486,49.75611895,1.27567807,0.15519406,0.04273087,0.03057858,19.99330251,0.25000000,0.18643383,2.06596420,6.97493453,0.00000000,0.00000000,9.18235041,0.01256542,1.01512040,2.10705409,0.00000000,0.00000000,0.00000000,0.00000000,0.74387916,0.39328801,0.70835477,0.83921799,0.93202613,0.74387916,0.39328801,0.70835477,0.83921799,0.93202613,-23.23480904,-46.34197724,0.78723980,0.41948953,-nan,-nan,-nan,-nan,0.00000000,0.00000000,0.00000000,0.00000000,0.00000000,0.00000000,-nan,0.00000000,13.92746836
