Y,A,A_rep,A_hid,L,Q,K,W,P,r,taua,abar,tauk,taul,WtaxRev,KtaxRev,WtaxRev_lost,KtaxRev_lost,G,lump_sum,ylbar,WtaxPct,ShelterPct,ShelterPctP99,TaxEvasionP99,ConcealPctP99,gini,p90,p99,p999,p9999,gini_total,p90_total,p99_total,p999_total,p9999_total,welfare,welfare0,approval,approval0,conceal_share_e,conceal_share_n,evasion_share_e,evasion_share_n,conceal_frac_e,conceal_frac_n,evasion_frac_e,evasion_frac_n,shelter_pct_e,shelter_pct_n,detection_rate,detection_revenue,wtax_evasion_elast
65.86649198,2.86953393,2.86953393,0.00000000,29.64299897,261.03867710,51.46342414,1.28874449,0.15362162,0.04087008,0.03130223,44.40466847,0.25000000,0.18634264,1.63658997,6.91342291,0.00000000,0.00000000,9.18235041,0.01053514,1.01512040,0.55787083,0.00000000,0.00000000,0.00000000,0.00000000,0.75378450,0.37763570,0.70409976,0.84654303,0.93554594,0.75378450,0.37763570,0.70409976,0.84654303,0.93554594,-23.28891996,-46.23432271,0.87477676,0.60346935,-nan,-nan,-nan,-nan,0.00000000,0.00000000,0.00000000,0.00000000,0.00000000,0.00000000,-nan,0.00000000,13.49384995
