Y,A,A_rep,A_hid,L,Q,K,W,P,r,taua,abar,tauk,taul,WtaxRev,KtaxRev,WtaxRev_lost,KtaxRev_lost,G,lump_sum,ylbar,WtaxPct,ShelterPct,ShelterPctP99,TaxEvasionP99,ConcealPctP99,gini,p90,p99,p999,p9999,gini_total,p90_total,p99_total,p999_total,p9999_total,welfare,welfare0,approval,approval0,conceal_share_e,conceal_share_n,evasion_share_e,evasion_share_n,conceal_frac_e,conceal_frac_n,evasion_frac_e,evasion_frac_n,shelter_pct_e,shelter_pct_n,detection_rate,detection_revenue,wtax_evasion_elast
65.57572992,2.85608962,2.85608962,0.00000000,29.60272590,258.82388850,50.97925237,1.28479054,0.15411943,0.04132733,0.03281211,35.89516819,0.25000000,0.18639207,1.80178063,6.93027390,0.00000000,0.00000000,9.18235041,0.01147712,1.01512040,0.64207238,0.00000000,0.00000000,0.00000000,0.00000000,0.75104514,0.38213491,0.70970080,0.84710936,0.93550214,0.75104514,0.38213491,0.70970080,0.84710936,0.93550214,-23.24784241,-46.21076856,0.85386310,0.50708164,-nan,-nan,-nan,-nan,0.00000000,0.00000000,0.00000000,0.00000000,0.00000000,0.00000000,-nan,0.00000000,13.37006564
