Y,A,A_rep,A_hid,L,Q,K,W,P,r,taua,abar,tauk,taul,WtaxRev,KtaxRev,WtaxRev_lost,KtaxRev_lost,G,lump_sum,ylbar,WtaxPct,ShelterPct,ShelterPctP99,TaxEvasionP99,ConcealPctP99,gini,p90,p99,p999,p9999,gini_total,p90_total,p99_total,p999_total,p9999_total,welfare,welfare0,approval,approval0,conceal_share_e,conceal_share_n,evasion_share_e,evasion_share_n,conceal_frac_e,conceal_frac_n,evasion_frac_e,evasion_frac_n,shelter_pct_e,shelter_pct_n,detection_rate,detection_revenue,wtax_evasion_elast
73.50283545,3.11102745,2.93175488,0.17927256,30.12457974,331.41966771,65.42599299,1.41517935,0.13828959,0.02976502,0.01448853,1365.72451893,0.25000000,0.18606761,0.16172126,5.93024154,0.12196602,0.54611535,9.29156816,0.00076894,1.08952447,0.00945040,0.10312044,36.62808172,8.93980058,52.60798006,0.77151332,0.35093775,0.65815177,0.82481623,0.93837786,0.78463846,0.33071501,0.62027362,0.78176375,0.91040278,-23.70445423,-47.57110772,0.69703582,0.35517436,0.26945722,0.73054278,0.80229998,0.19770002,0.04754457,0.06251355,0.06298187,0.00918547,0.38996328,0.03386451,0.68266557,0.04778192,29.04328119
