Y,A,A_rep,A_hid,L,Q,K,W,P,r,taua,abar,tauk,taul,WtaxRev,KtaxRev,WtaxRev_lost,KtaxRev_lost,G,lump_sum,ylbar,WtaxPct,ShelterPct,ShelterPctP99,TaxEvasionP99,ConcealPctP99,gini,p90,p99,p999,p9999,gini_total,p90_total,p99_total,p999_total,p9999_total,welfare,welfare0,approval,approval0,conceal_share_e,conceal_share_n,evasion_share_e,evasion_share_n,conceal_frac_e,conceal_frac_n,evasion_frac_e,evasion_frac_n,shelter_pct_e,shelter_pct_n,detection_rate,detection_revenue,wtax_evasion_elast
65.42721120,2.84920618,2.84920618,0.00000000,29.58280557,257.70542757,50.73644180,1.28277671,0.15437499,0.04155900,0.03438068,34.55463730,0.25000000,0.18641104,1.87831475,6.93832121,0.00000000,0.00000000,9.18235041,0.01183823,1.01512040,0.84280322,0.00000000,0.00000000,0.00000000,0.00000000,0.74965775,0.38413487,0.71288077,0.84860454,0.93601379,0.74965775,0.38413487,0.71288077,0.84860454,0.93601379,-23.23649696,-46.21925100,0.83997962,0.47260229,-nan,-nan,-nan,-nan,0.00000000,0.00000000,0.00000000,0.00000000,0.00000000,0.00000000,-nan,0.00000000,13.27115600
