Y,A,A_rep,A_hid,L,Q,K,W,P,r,taua,abar,tauk,taul,WtaxRev,KtaxRev,WtaxRev_lost,KtaxRev_lost,G,lump_sum,ylbar,WtaxPct,ShelterPct,ShelterPctP99,TaxEvasionP99,ConcealPctP99,gini,p90,p99,p999,p9999,gini_total,p90_total,p99_total,p999_total,p9999_total,welfare,welfare0,approval,approval0,conceal_share_e,conceal_share_n,evasion_share_e,evasion_share_n,conceal_frac_e,conceal_frac_n,evasion_frac_e,evasion_frac_n,shelter_pct_e,shelter_pct_n,detection_rate,detection_revenue,wtax_evasion_elast
65.59909638,2.85697213,2.85697213,0.00000000,29.60667584,259.00221586,51.01705025,1.28509450,0.15408099,0.04129347,0.03218918,35.10848041,0.25000000,0.18638896,1.78948403,6.92884786,0.00000000,0.00000000,9.18235041,0.01141874,1.01512040,0.63806776,0.00000000,0.00000000,0.00000000,0.00000000,0.75129431,0.38169731,0.70888681,0.84627947,0.93514872,0.75129431,0.38169731,0.70888681,0.84627947,0.93514872,-23.25050163,-46.21126083,0.85580643,0.50991911,-nan,-nan,-nan,-nan,0.00000000,0.00000000,0.00000000,0.00000000,0.00000000,0.00000000,-nan,0.00000000,13.42445809
