Y,A,A_rep,A_hid,L,Q,K,W,P,r,taua,abar,tauk,taul,WtaxRev,KtaxRev,WtaxRev_lost,KtaxRev_lost,G,lump_sum,ylbar,WtaxPct,ShelterPct,ShelterPctP99,TaxEvasionP99,ConcealPctP99,gini,p90,p99,p999,p9999,gini_total,p90_total,p99_total,p999_total,p9999_total,welfare,welfare0,approval,approval0,conceal_share_e,conceal_share_n,evasion_share_e,evasion_share_n,conceal_frac_e,conceal_frac_n,evasion_frac_e,evasion_frac_n,shelter_pct_e,shelter_pct_n,detection_rate,detection_revenue,wtax_evasion_elast
73.46356725,3.10990616,2.91310426,0.19680191,30.12255850,330.89401163,65.48906796,1.41453121,0.13841468,0.02964642,0.01557171,1149.70192273,0.25000000,0.18606855,0.17694830,5.92598557,0.16626081,0.53902083,9.29156816,0.00085877,1.08952447,0.01150423,0.10355369,43.54782934,9.49784371,53.15963859,0.77061262,0.35250495,0.66179559,0.83074640,0.94271280,0.78508630,0.33019764,0.61997157,0.78263278,0.91172331,-23.71448048,-47.59029346,0.63202646,0.30008867,0.28151945,0.71848055,0.77678006,0.22321994,0.05447397,0.06756286,0.06413667,0.01093586,0.38853668,0.03474680,0.67515955,0.05494065,33.60951030
