Y,A,A_rep,A_hid,L,Q,K,W,P,r,taua,abar,tauk,taul,WtaxRev,KtaxRev,WtaxRev_lost,KtaxRev_lost,G,lump_sum,ylbar,WtaxPct,ShelterPct,ShelterPctP99,TaxEvasionP99,ConcealPctP99,gini,p90,p99,p999,p9999,gini_total,p90_total,p99_total,p999_total,p9999_total,welfare,welfare0,approval,approval0,conceal_share_e,conceal_share_n,evasion_share_e,evasion_share_n,conceal_frac_e,conceal_frac_n,evasion_frac_e,evasion_frac_n,shelter_pct_e,shelter_pct_n,detection_rate,detection_revenue,wtax_evasion_elast
64.88624384,2.82746837,2.82746837,0.00000000,29.50524158,253.52825601,49.97740283,1.27552557,0.15536794,0.04218162,0.04731537,41.76727759,0.25000000,0.18646884,2.13782961,6.96489884,0.00000000,0.00000000,9.18235041,0.01283599,1.01512040,0.49993726,0.00000000,0.00000000,0.00000000,0.00000000,0.74456981,0.39184457,0.72860345,0.86339439,0.94181880,0.74456981,0.39184457,0.72860345,0.86339439,0.94181880,-23.21702173,-46.29043186,0.79459683,0.42064212,-nan,-nan,-nan,-nan,0.00000000,0.00000000,0.00000000,0.00000000,0.00000000,0.00000000,-nan,0.00000000,12.53180273
