Y,A,A_rep,A_hid,L,Q,K,W,P,r,taua,abar,tauk,taul,WtaxRev,KtaxRev,WtaxRev_lost,KtaxRev_lost,G,lump_sum,ylbar,WtaxPct,ShelterPct,ShelterPctP99,TaxEvasionP99,ConcealPctP99,gini,p90,p99,p999,p9999,gini_total,p90_total,p99_total,p999_total,p9999_total,welfare,welfare0,approval,approval0,conceal_share_e,conceal_share_n,evasion_share_e,evasion_share_n,conceal_frac_e,conceal_frac_n,evasion_frac_e,evasion_frac_n,shelter_pct_e,shelter_pct_n,detection_rate,detection_revenue,wtax_evasion_elast
73.41034845,3.10865521,2.87072904,0.23792617,30.12553777,330.02037517,65.61377869,1.41336005,0.13864313,0.02943701,0.01555428,726.04322032,0.25000000,0.18606265,0.20959350,5.88329321,0.24839715,0.55375334,9.29156816,0.00061984,1.08952447,0.01827504,0.10781846,60.85527726,11.29326385,54.70595177,0.76791650,0.35667630,0.67130745,0.84450043,0.94817150,0.78563194,0.32937748,0.61998814,0.78438921,0.91350171,-23.75993952,-47.68444694,0.40973804,0.03336189,0.28691781,0.71308219,0.73778836,0.26221164,0.06698838,0.08119324,0.06885296,0.01458025,0.40011876,0.03724488,0.67299319,0.06749397,40.85631979
