Y,A,A_rep,A_hid,L,Q,K,W,P,r,taua,abar,tauk,taul,WtaxRev,KtaxRev,WtaxRev_lost,KtaxRev_lost,G,lump_sum,ylbar,WtaxPct,ShelterPct,ShelterPctP99,TaxEvasionP99,ConcealPctP99,gini,p90,p99,p999,p9999,gini_total,p90_total,p99_total,p999_total,p9999_total,welfare,welfare0,approval,approval0,conceal_share_e,conceal_share_n,evasion_share_e,evasion_share_n,conceal_frac_e,conceal_frac_n,evasion_frac_e,evasion_frac_n,shelter_pct_e,shelter_pct_n,detection_rate,detection_revenue,wtax_evasion_elast
65.60469762,2.85672844,2.85672844,0.00000000,29.60858656,259.04858657,51.01334110,1.28513288,0.15407076,0.04130876,0.03157134,34.13444805,0.25000000,0.18638562,1.78516887,6.92896576,0.00000000,0.00000000,9.18235041,0.01138568,1.01512040,0.84056212,0.00000000,0.00000000,0.00000000,0.00000000,0.75130734,0.38161770,0.70827089,0.84531217,0.93477013,0.75130734,0.38161770,0.70827089,0.84531217,0.93477013,-23.25316831,-46.21655318,0.85488066,0.50942664,-nan,-nan,-nan,-nan,0.00000000,0.00000000,0.00000000,0.00000000,0.00000000,0.00000000,-nan,0.00000000,13.43576563
