Y,A,A_rep,A_hid,L,Q,K,W,P,r,taua,abar,tauk,taul,WtaxRev,KtaxRev,WtaxRev_lost,KtaxRev_lost,G,lump_sum,ylbar,WtaxPct,ShelterPct,ShelterPctP99,TaxEvasionP99,ConcealPctP99,gini,p90,p99,p999,p9999,gini_total,p90_total,p99_total,p999_total,p9999_total,welfare,welfare0,approval,approval0,conceal_share_e,conceal_share_n,evasion_share_e,evasion_share_n,conceal_frac_e,conceal_frac_n,evasion_frac_e,evasion_frac_n,shelter_pct_e,shelter_pct_n,detection_rate,detection_revenue,wtax_evasion_elast
65.57950731,2.85580191,2.85580191,0.00000000,29.60460767,258.85228358,50.97663832,1.28480027,0.15411524,0.04133854,0.03209348,34.44602458,0.25000000,0.18639057,1.79874119,6.93030983,0.00000000,0.00000000,9.18235041,0.01146171,1.01512040,0.84667827,0.00000000,0.00000000,0.00000000,0.00000000,0.75109853,0.38194267,0.70895174,0.84597882,0.93502027,0.75109853,0.38194267,0.70895174,0.84597882,0.93502027,-23.24977288,-46.21444580,0.85366498,0.50626914,-nan,-nan,-nan,-nan,0.00000000,0.00000000,0.00000000,0.00000000,0.00000000,0.00000000,-nan,0.00000000,13.40931769
