Y,A,A_rep,A_hid,L,Q,K,W,P,r,taua,abar,tauk,taul,WtaxRev,KtaxRev,WtaxRev_lost,KtaxRev_lost,G,lump_sum,ylbar,WtaxPct,ShelterPct,ShelterPctP99,TaxEvasionP99,ConcealPctP99,gini,p90,p99,p999,p9999,gini_total,p90_total,p99_total,p999_total,p9999_total,welfare,welfare0,approval,approval0,conceal_share_e,conceal_share_n,evasion_share_e,evasion_share_n,conceal_frac_e,conceal_frac_n,evasion_frac_e,evasion_frac_n,shelter_pct_e,shelter_pct_n,detection_rate,detection_revenue,wtax_evasion_elast
65.63088864,2.85827843,2.85827843,0.00000000,29.61141414,259.24882327,51.06604678,1.28552233,0.15402500,0.04125086,0.03187659,35.61684845,0.25000000,0.18638268,1.77155314,6.92702287,0.00000000,0.00000000,9.18235041,0.01131054,1.01512040,0.64298534,0.00000000,0.00000000,0.00000000,0.00000000,0.75160752,0.38114764,0.70816462,0.84599193,0.93506895,0.75160752,0.38114764,0.70816462,0.84599193,0.93506895,-23.25593202,-46.21589356,0.85736447,0.51001905,-nan,-nan,-nan,-nan,0.00000000,0.00000000,0.00000000,0.00000000,0.00000000,0.00000000,-nan,0.00000000,13.43645297
