Y,A,A_rep,A_hid,L,Q,K,W,P,r,taua,abar,tauk,taul,WtaxRev,KtaxRev,WtaxRev_lost,KtaxRev_lost,G,lump_sum,ylbar,WtaxPct,ShelterPct,ShelterPctP99,TaxEvasionP99,ConcealPctP99,gini,p90,p99,p999,p9999,gini_total,p90_total,p99_total,p999_total,p9999_total,welfare,welfare0,approval,approval0,conceal_share_e,conceal_share_n,evasion_share_e,evasion_share_n,conceal_frac_e,conceal_frac_n,evasion_frac_e,evasion_frac_n,shelter_pct_e,shelter_pct_n,detection_rate,detection_revenue,wtax_evasion_elast
65.79363098,2.86772212,2.86772212,0.00000000,29.63304174,260.39056973,51.43459226,1.28775800,0.15379609,0.04082086,0.04144875,72.89901682,0.25000000,0.18633097,1.64365149,6.91546649,0.00000000,0.00000000,9.18235041,0.01029577,1.01512040,0.33845563,0.00000000,0.00000000,0.00000000,0.00000000,0.75308138,0.37853430,0.70844520,0.85935972,0.94138500,0.75308138,0.37853430,0.70844520,0.85935972,0.94138500,-23.31633208,-46.30058688,0.83474083,0.47317734,-nan,-nan,-nan,-nan,0.00000000,0.00000000,0.00000000,0.00000000,0.00000000,0.00000000,-nan,0.00000000,12.99176607
