Y,A,A_rep,A_hid,L,Q,K,W,P,r,taua,abar,tauk,taul,WtaxRev,KtaxRev,WtaxRev_lost,KtaxRev_lost,G,lump_sum,ylbar,WtaxPct,ShelterPct,ShelterPctP99,TaxEvasionP99,ConcealPctP99,gini,p90,p99,p999,p9999,gini_total,p90_total,p99_total,p999_total,p9999_total,welfare,welfare0,approval,approval0,conceal_share_e,conceal_share_n,evasion_share_e,evasion_share_n,conceal_frac_e,conceal_frac_n,evasion_frac_e,evasion_frac_n,shelter_pct_e,shelter_pct_n,detection_rate,detection_revenue,wtax_evasion_elast
65.59765040,2.85616861,2.85616861,0.00000000,29.60831625,258.99443246,50.99626469,1.28501278,0.15408403,0.04133001,0.03129284,33.34579509,0.25000000,0.18638624,1.78844189,6.92961857,0.00000000,0.00000000,9.18235041,0.01140265,1.01512040,0.82655100,0.00000000,0.00000000,0.00000000,0.00000000,0.75121839,0.38177583,0.70810790,0.84480440,0.93455463,0.75121839,0.38177583,0.70810790,0.84480440,0.93455463,-23.25294873,-46.21824870,0.85345054,0.50612593,-nan,-nan,-nan,-nan,0.00000000,0.00000000,0.00000000,0.00000000,0.00000000,0.00000000,-nan,0.00000000,13.44853003
