Y,A,A_rep,A_hid,L,Q,K,W,P,r,taua,abar,tauk,taul,WtaxRev,KtaxRev,WtaxRev_lost,KtaxRev_lost,G,lump_sum,ylbar,WtaxPct,ShelterPct,ShelterPctP99,TaxEvasionP99,ConcealPctP99,gini,p90,p99,p999,p9999,gini_total,p90_total,p99_total,p999_total,p9999_total,welfare,welfare0,approval,approval0,conceal_share_e,conceal_share_n,evasion_share_e,evasion_share_n,conceal_frac_e,conceal_frac_n,evasion_frac_e,evasion_frac_n,shelter_pct_e,shelter_pct_n,detection_rate,detection_revenue,wtax_evasion_elast
65.57940330,2.85613385,2.85613385,0.00000000,29.60373490,258.85650578,50.98641282,1.28484103,0.15411332,0.04132123,0.03264509,35.53599108,0.25000000,0.18639059,1.80034422,6.92979122,0.00000000,0.00000000,9.18235041,0.01146406,1.01512040,0.63998322,0.00000000,0.00000000,0.00000000,0.00000000,0.75107762,0.38210430,0.70953275,0.84687703,0.93539513,0.75107762,0.38210430,0.70953275,0.84687703,0.93539513,-23.24883027,-46.21176054,0.85383920,0.50707567,-nan,-nan,-nan,-nan,0.00000000,0.00000000,0.00000000,0.00000000,0.00000000,0.00000000,-nan,0.00000000,13.38876383
