Y,A,A_rep,A_hid,L,Q,K,W,P,r,taua,abar,tauk,taul,WtaxRev,KtaxRev,WtaxRev_lost,KtaxRev_lost,G,lump_sum,ylbar,WtaxPct,ShelterPct,ShelterPctP99,TaxEvasionP99,ConcealPctP99,gini,p90,p99,p999,p9999,gini_total,p90_total,p99_total,p999_total,p9999_total,welfare,welfare0,approval,approval0,conceal_share_e,conceal_share_n,evasion_share_e,evasion_share_n,conceal_frac_e,conceal_frac_n,evasion_frac_e,evasion_frac_n,shelter_pct_e,shelter_pct_n,detection_rate,detection_revenue,wtax_evasion_elast
65.67026208,2.86001045,2.86001045,0.00000000,29.61686396,259.54283277,51.12746567,1.28604166,0.15395841,0.04119482,0.03119372,35.25761822,0.25000000,0.18637840,1.75111066,6.92513843,0.00000000,0.00000000,9.18235041,0.01122252,1.01512040,0.64274221,0.00000000,0.00000000,0.00000000,0.00000000,0.75199229,0.38051116,0.70709257,0.84512843,0.93474697,0.75199229,0.38051116,0.70709257,0.84512843,0.93474697,-23.25851455,-46.21339634,0.86252970,0.51996797,-nan,-nan,-nan,-nan,0.00000000,0.00000000,0.00000000,0.00000000,0.00000000,0.00000000,-nan,0.00000000,13.48360520
