Y,A,A_rep,A_hid,L,Q,K,W,P,r,taua,abar,tauk,taul,WtaxRev,KtaxRev,WtaxRev_lost,KtaxRev_lost,G,lump_sum,ylbar,WtaxPct,ShelterPct,ShelterPctP99,TaxEvasionP99,ConcealPctP99,gini,p90,p99,p999,p9999,gini_total,p90_total,p99_total,p999_total,p9999_total,welfare,welfare0,approval,approval0,conceal_share_e,conceal_share_n,evasion_share_e,evasion_share_n,conceal_frac_e,conceal_frac_n,evasion_frac_e,evasion_frac_n,shelter_pct_e,shelter_pct_n,detection_rate,detection_revenue,wtax_evasion_elast
65.55148602,2.85463575,2.85463575,0.00000000,29.60048261,258.64493914,50.93613382,1.28444381,0.15416214,0.04137307,0.03267684,34.74361146,0.25000000,0.18639410,1.81410595,6.93144393,0.00000000,0.00000000,9.18235041,0.01152966,1.01512040,0.85172680,0.00000000,0.00000000,0.00000000,0.00000000,0.75080719,0.38252789,0.70988030,0.84675288,0.93531953,0.75080719,0.38252789,0.70988030,0.84675288,0.93531953,-23.24720596,-46.21476932,0.85118677,0.50115429,-nan,-nan,-nan,-nan,0.00000000,0.00000000,0.00000000,0.00000000,0.00000000,0.00000000,-nan,0.00000000,13.38345594
