Y,A,A_rep,A_hid,L,Q,K,W,P,r,taua,abar,tauk,taul,WtaxRev,KtaxRev,WtaxRev_lost,KtaxRev_lost,G,lump_sum,ylbar,WtaxPct,ShelterPct,ShelterPctP99,TaxEvasionP99,ConcealPctP99,gini,p90,p99,p999,p9999,gini_total,p90_total,p99_total,p999_total,p9999_total,welfare,welfare0,approval,approval0,conceal_share_e,conceal_share_n,evasion_share_e,evasion_share_n,conceal_frac_e,conceal_frac_n,evasion_frac_e,evasion_frac_n,shelter_pct_e,shelter_pct_n,detection_rate,detection_revenue,wtax_evasion_elast
65.53255539,2.85177732,2.85177732,0.00000000,29.60349760,258.47533154,50.85346028,1.28394536,0.15420919,0.04149552,0.03001936,28.71455713,0.25000000,0.18639241,1.81917194,6.93513638,0.00000000,0.00000000,9.18235041,0.01156046,1.01512040,1.11239626,0.00000000,0.00000000,0.00000000,0.00000000,0.75053738,0.38287474,0.70688667,0.84228527,0.93350268,0.75053738,0.38287474,0.70688667,0.84228527,0.93350268,-23.25097293,-46.23172922,0.84452471,0.47959520,-nan,-nan,-nan,-nan,0.00000000,0.00000000,0.00000000,0.00000000,0.00000000,0.00000000,-nan,0.00000000,13.56427713
