Y,A,A_rep,A_hid,L,Q,K,W,P,r,taua,abar,tauk,taul,WtaxRev,KtaxRev,WtaxRev_lost,KtaxRev_lost,G,lump_sum,ylbar,WtaxPct,ShelterPct,ShelterPctP99,TaxEvasionP99,ConcealPctP99,gini,p90,p99,p999,p9999,gini_total,p90_total,p99_total,p999_total,p9999_total,welfare,welfare0,approval,approval0,conceal_share_e,conceal_share_n,evasion_share_e,evasion_share_n,conceal_frac_e,conceal_frac_n,evasion_frac_e,evasion_frac_n,shelter_pct_e,shelter_pct_n,detection_rate,detection_revenue,wtax_evasion_elast
66.07404804,2.87943537,2.87943537,0.00000000,29.67287479,262.56645783,51.84817492,1.29150865,0.15329900,0.04048030,0.03425992,67.67450862,0.25000000,0.18629731,1.50532765,6.90092106,0.00000000,0.00000000,9.18235041,0.00967135,1.01512040,0.33410707,0.00000000,0.00000000,0.00000000,0.00000000,0.75565690,0.37459936,0.70090576,0.85140204,0.93805014,0.75565690,0.37459936,0.70090576,0.85140204,0.93805014,-23.33423095,-46.28159113,0.87293554,0.53171134,-nan,-nan,-nan,-nan,0.00000000,0.00000000,0.00000000,0.00000000,0.00000000,0.00000000,-nan,0.00000000,13.41715735
