Y,A,A_rep,A_hid,L,Q,K,W,P,r,taua,abar,tauk,taul,WtaxRev,KtaxRev,WtaxRev_lost,KtaxRev_lost,G,lump_sum,ylbar,WtaxPct,ShelterPct,ShelterPctP99,TaxEvasionP99,ConcealPctP99,gini,p90,p99,p999,p9999,gini_total,p90_total,p99_total,p999_total,p9999_total,welfare,welfare0,approval,approval0,conceal_share_e,conceal_share_n,evasion_share_e,evasion_share_n,conceal_frac_e,conceal_frac_n,evasion_frac_e,evasion_frac_n,shelter_pct_e,shelter_pct_n,detection_rate,detection_revenue,wtax_evasion_elast
65.89049736,2.87047898,2.87047898,0.00000000,29.64654174,261.22365963,51.50089944,1.28906598,0.15358025,0.04083740,0.03079921,43.90463062,0.25000000,0.18633968,1.62471906,6.91199105,0.00000000,0.00000000,9.18235041,0.01048292,1.01512040,0.55619280,0.00000000,0.00000000,0.00000000,0.00000000,0.75397586,0.37739352,0.70343793,0.84588302,0.93531009,0.75397586,0.37739352,0.70343793,0.84588302,0.93531009,-23.29003695,-46.23209907,0.87814068,0.60355498,-nan,-nan,-nan,-nan,0.00000000,0.00000000,0.00000000,0.00000000,0.00000000,0.00000000,-nan,0.00000000,13.52674569
