Y,A,A_rep,A_hid,L,Q,K,W,P,r,taua,abar,tauk,taul,WtaxRev,KtaxRev,WtaxRev_lost,KtaxRev_lost,G,lump_sum,ylbar,WtaxPct,ShelterPct,ShelterPctP99,TaxEvasionP99,ConcealPctP99,gini,p90,p99,p999,p9999,gini_total,p90_total,p99_total,p999_total,p9999_total,welfare,welfare0,approval,approval0,conceal_share_e,conceal_share_n,evasion_share_e,evasion_share_n,conceal_frac_e,conceal_frac_n,evasion_frac_e,evasion_frac_n,shelter_pct_e,shelter_pct_n,detection_rate,detection_revenue,wtax_evasion_elast
65.58009701,2.85609315,2.85609315,0.00000000,29.60390543,258.86139753,50.98716676,1.28484867,0.15411239,0.04132088,0.03262626,35.51301120,0.25000000,0.18639085,1.80000530,6.92968894,0.00000000,0.00000000,9.18235041,0.01146214,1.01512040,0.63988604,0.00000000,0.00000000,0.00000000,0.00000000,0.75108919,0.38192916,0.70950280,0.84685412,0.93538213,0.75108919,0.38192916,0.70950280,0.84685412,0.93538213,-23.24902060,-46.21192045,0.85404695,0.50707567,-nan,-nan,-nan,-nan,0.00000000,0.00000000,0.00000000,0.00000000,0.00000000,0.00000000,-nan,0.00000000,13.38973548
