Y,A,A_rep,A_hid,L,Q,K,W,P,r,taua,abar,tauk,taul,WtaxRev,KtaxRev,WtaxRev_lost,KtaxRev_lost,G,lump_sum,ylbar,WtaxPct,ShelterPct,ShelterPctP99,TaxEvasionP99,ConcealPctP99,gini,p90,p99,p999,p9999,gini_total,p90_total,p99_total,p999_total,p9999_total,welfare,welfare0,approval,approval0,conceal_share_e,conceal_share_n,evasion_share_e,evasion_share_n,conceal_frac_e,conceal_frac_n,evasion_frac_e,evasion_frac_n,shelter_pct_e,shelter_pct_n,detection_rate,detection_revenue,wtax_evasion_elast
65.59682216,2.85685422,2.85685422,0.00000000,29.60654636,258.98637939,51.01452189,1.28506462,0.15408524,0.04129549,0.03229698,35.31306972,0.25000000,0.18638818,1.79077314,6.92883565,0.00000000,0.00000000,9.18235041,0.01141468,1.01512040,0.63929640,0.00000000,0.00000000,0.00000000,0.00000000,0.75126245,0.38172931,0.70902403,0.84643102,0.93520798,0.75126245,0.38172931,0.70902403,0.84643102,0.93520798,-23.25123431,-46.21302208,0.85529315,0.50995652,-nan,-nan,-nan,-nan,0.00000000,0.00000000,0.00000000,0.00000000,0.00000000,0.00000000,-nan,0.00000000,13.41365490
