Y,A,A_rep,A_hid,L,Q,K,W,P,r,taua,abar,tauk,taul,WtaxRev,KtaxRev,WtaxRev_lost,KtaxRev_lost,G,lump_sum,ylbar,WtaxPct,ShelterPct,ShelterPctP99,TaxEvasionP99,ConcealPctP99,gini,p90,p99,p999,p9999,gini_total,p90_total,p99_total,p999_total,p9999_total,welfare,welfare0,approval,approval0,conceal_share_e,conceal_share_n,evasion_share_e,evasion_share_n,conceal_frac_e,conceal_frac_n,evasion_frac_e,evasion_frac_n,shelter_pct_e,shelter_pct_n,detection_rate,detection_revenue,wtax_evasion_elast
65.67389892,2.85938998,2.85938998,0.00000000,29.61962865,259.55942405,51.11514170,1.28599783,0.15395869,0.04122222,0.03000000,32.88204529,0.25000000,0.18637552,1.74630227,6.92581471,0.00000000,0.00000000,9.18235041,0.01119051,1.01512040,0.82229221,0.00000000,0.00000000,0.00000000,0.00000000,0.75197576,0.38062459,0.70586645,0.84319481,0.93398644,0.75197576,0.38062459,0.70586645,0.84319481,0.93398644,-23.26210380,-46.22231097,0.85924741,0.51593852,-nan,-nan,-nan,-nan,0.00000000,0.00000000,0.00000000,0.00000000,0.00000000,0.00000000,-nan,0.00000000,13.53371284
