Y,A,A_rep,A_hid,L,Q,K,W,P,r,taua,abar,tauk,taul,WtaxRev,KtaxRev,WtaxRev_lost,KtaxRev_lost,G,lump_sum,ylbar,WtaxPct,ShelterPct,ShelterPctP99,TaxEvasionP99,ConcealPctP99,gini,p90,p99,p999,p9999,gini_total,p90_total,p99_total,p999_total,p9999_total,welfare,welfare0,approval,approval0,conceal_share_e,conceal_share_n,evasion_share_e,evasion_share_n,conceal_frac_e,conceal_frac_n,evasion_frac_e,evasion_frac_n,shelter_pct_e,shelter_pct_n,detection_rate,detection_revenue,wtax_evasion_elast
65.58975525,2.85662239,2.85662239,0.00000000,29.60499954,258.92762708,51.00164202,1.28496967,0.15409708,0.04130691,0.03248623,35.54294639,0.25000000,0.18638987,1.79467299,6.92944880,0.00000000,0.00000000,9.18235041,0.01144178,1.01512040,0.64058370,0.00000000,0.00000000,0.00000000,0.00000000,0.75119182,0.38179924,0.70923914,0.84668423,0.93531536,0.75119182,0.38179924,0.70923914,0.84668423,0.93531536,-23.24961484,-46.21131060,0.85523728,0.50995681,-nan,-nan,-nan,-nan,0.00000000,0.00000000,0.00000000,0.00000000,0.00000000,0.00000000,-nan,0.00000000,13.39681507
