Y,A,A_rep,A_hid,L,Q,K,W,P,r,taua,abar,tauk,taul,WtaxRev,KtaxRev,WtaxRev_lost,KtaxRev_lost,G,lump_sum,ylbar,WtaxPct,ShelterPct,ShelterPctP99,TaxEvasionP99,ConcealPctP99,gini,p90,p99,p999,p9999,gini_total,p90_total,p99_total,p999_total,p9999_total,welfare,welfare0,approval,approval0,conceal_share_e,conceal_share_n,evasion_share_e,evasion_share_n,conceal_frac_e,conceal_frac_n,evasion_frac_e,evasion_frac_n,shelter_pct_e,shelter_pct_n,detection_rate,detection_revenue,wtax_evasion_elast
65.57349423,2.85555992,2.85555992,0.00000000,29.60377652,258.80764640,50.96873453,1.28472387,0.15412568,0.04134471,0.03224131,34.53029636,0.25000000,0.18639065,1.80262959,6.93051118,0.00000000,0.00000000,9.18235041,0.01147560,1.01512040,0.84853957,0.00000000,0.00000000,0.00000000,0.00000000,0.75103564,0.38209872,0.70919018,0.84618925,0.93510447,0.75103564,0.38209872,0.70919018,0.84618925,0.93510447,-23.24949505,-46.21483609,0.85293486,0.50626468,-nan,-nan,-nan,-nan,0.00000000,0.00000000,0.00000000,0.00000000,0.00000000,0.00000000,-nan,0.00000000,13.40056028
