Y,A,A_rep,A_hid,L,Q,K,W,P,r,taua,abar,tauk,taul,WtaxRev,KtaxRev,WtaxRev_lost,KtaxRev_lost,G,lump_sum,ylbar,WtaxPct,ShelterPct,ShelterPctP99,TaxEvasionP99,ConcealPctP99,gini,p90,p99,p999,p9999,gini_total,p90_total,p99_total,p999_total,p9999_total,welfare,welfare0,approval,approval0,conceal_share_e,conceal_share_n,evasion_share_e,evasion_share_n,conceal_frac_e,conceal_frac_n,evasion_frac_e,evasion_frac_n,shelter_pct_e,shelter_pct_n,detection_rate,detection_revenue,wtax_evasion_elast
65.59314706,2.85677415,2.85677415,0.00000000,29.60567319,258.96345681,51.00929073,1.28503127,0.15408900,0.04129981,0.03251646,35.78377433,0.25000000,0.18638833,1.79256822,6.92895010,0.00000000,0.00000000,9.18235041,0.01142259,1.01512040,0.64216842,0.00000000,0.00000000,0.00000000,0.00000000,0.75122046,0.38174945,0.70924767,0.84676014,0.93536100,0.75122046,0.38174945,0.70924767,0.84676014,0.93536100,-23.25052394,-46.21222778,0.85526461,0.50995691,-nan,-nan,-nan,-nan,0.00000000,0.00000000,0.00000000,0.00000000,0.00000000,0.00000000,-nan,0.00000000,13.39201413
