Y,A,A_rep,A_hid,L,Q,K,W,P,r,taua,abar,tauk,taul,WtaxRev,KtaxRev,WtaxRev_lost,KtaxRev_lost,G,lump_sum,ylbar,WtaxPct,ShelterPct,ShelterPctP99,TaxEvasionP99,ConcealPctP99,gini,p90,p99,p999,p9999,gini_total,p90_total,p99_total,p999_total,p9999_total,welfare,welfare0,approval,approval0,conceal_share_e,conceal_share_n,evasion_share_e,evasion_share_n,conceal_frac_e,conceal_frac_n,evasion_frac_e,evasion_frac_n,shelter_pct_e,shelter_pct_n,detection_rate,detection_revenue,wtax_evasion_elast
73.47763236,3.10960560,2.87032638,0.23927923,30.12733282,330.96311571,65.51413690,1.41457886,0.13841524,0.02963122,0.01011214,484.54429108,0.25000000,0.18606113,0.20461627,5.88106330,0.17481252,0.55289923,9.29156816,0.00061311,1.08952447,0.03040927,0.10682920,43.17314659,9.39322220,60.33374414,0.76705902,0.35782739,0.67181760,0.84307185,0.94099197,0.78493370,0.33029314,0.62017844,0.78269933,0.91027149,-23.73131073,-47.62575990,0.50024272,0.09758398,0.24937599,0.75062401,0.76489186,0.23510814,0.05866806,0.08583374,0.06514319,0.01188553,0.39243847,0.03787111,0.67249144,0.05386944,43.83652848
