Y,A,A_rep,A_hid,L,Q,K,W,P,r,taua,abar,tauk,taul,WtaxRev,KtaxRev,WtaxRev_lost,KtaxRev_lost,G,lump_sum,ylbar,WtaxPct,ShelterPct,ShelterPctP99,TaxEvasionP99,ConcealPctP99,gini,p90,p99,p999,p9999,gini_total,p90_total,p99_total,p999_total,p9999_total,welfare,welfare0,approval,approval0,conceal_share_e,conceal_share_n,evasion_share_e,evasion_share_n,conceal_frac_e,conceal_frac_n,evasion_frac_e,evasion_frac_n,shelter_pct_e,shelter_pct_n,detection_rate,detection_revenue,wtax_evasion_elast
65.50037174,2.85198086,2.85198086,0.00000000,29.59398844,258.24803415,50.83882858,1.28369975,0.15425207,0.04147484,0.03265792,33.35176510,0.25000000,0.18640178,1.83933410,6.93528826,0.00000000,0.00000000,9.18235041,0.01166332,1.01512040,0.82206112,0.00000000,0.00000000,0.00000000,0.00000000,0.75030897,0.38315201,0.71040989,0.84639947,0.93513572,0.75030897,0.38315201,0.71040989,0.84639947,0.93513572,-23.24288435,-46.21819163,0.84711235,0.49818329,-nan,-nan,-nan,-nan,0.00000000,0.00000000,0.00000000,0.00000000,0.00000000,0.00000000,-nan,0.00000000,13.36133766
