Y,A,A_rep,A_hid,L,Q,K,W,P,r,taua,abar,tauk,taul,WtaxRev,KtaxRev,WtaxRev_lost,KtaxRev_lost,G,lump_sum,ylbar,WtaxPct,ShelterPct,ShelterPctP99,TaxEvasionP99,ConcealPctP99,gini,p90,p99,p999,p9999,gini_total,p90_total,p99_total,p999_total,p9999_total,welfare,welfare0,approval,approval0,conceal_share_e,conceal_share_n,evasion_share_e,evasion_share_n,conceal_frac_e,conceal_frac_n,evasion_frac_e,evasion_frac_n,shelter_pct_e,shelter_pct_n,detection_rate,detection_revenue,wtax_evasion_elast
51.78523901,1.94202475,1.94202475,0.00000000,29.47951655,154.12766013,24.24520966,1.01884708,0.19405888,0.10164671,0.05331885,0.00000000,0.25000000,0.18664302,10.35465344,8.07238551,0.00000000,0.00000000,9.18235041,0.04229329,1.01512040,80.70744048,0.00000000,0.00000000,0.00000000,0.00000000,0.87162951,0.21855248,0.52795102,0.71811453,0.89148851,0.87162951,0.21855248,0.52795102,0.71811453,0.89148851,-28.38510995,-57.21794934,0.32677886,0.01298454,-nan,-nan,-nan,-nan,0.00000000,0.00000000,0.00000000,0.00000000,0.00000000,0.00000000,-nan,0.00000000,13.08263176
