Y,A,A_rep,A_hid,L,Q,K,W,P,r,taua,abar,tauk,taul,WtaxRev,KtaxRev,WtaxRev_lost,KtaxRev_lost,G,lump_sum,ylbar,WtaxPct,ShelterPct,ShelterPctP99,TaxEvasionP99,ConcealPctP99,gini,p90,p99,p999,p9999,gini_total,p90_total,p99_total,p999_total,p9999_total,welfare,welfare0,approval,approval0,conceal_share_e,conceal_share_n,evasion_share_e,evasion_share_n,conceal_frac_e,conceal_frac_n,evasion_frac_e,evasion_frac_n,shelter_pct_e,shelter_pct_n,detection_rate,detection_revenue,wtax_evasion_elast
73.47074059,3.10968053,2.90455089,0.20512964,30.12088530,331.06535418,65.42206925,1.41472027,0.13836069,0.02973402,0.01285272,847.74089433,0.25000000,0.18607075,0.19481175,5.91607262,0.15890928,0.54297409,9.29156816,0.00089352,1.08952447,0.01678383,0.10439197,40.34420798,8.88594181,56.29592417,0.76960963,0.35387944,0.66418538,0.83310271,0.93971169,0.78476260,0.33053583,0.62041992,0.78263933,0.91078629,-23.70397330,-47.57193873,0.68631564,0.34215966,0.25695297,0.74304703,0.77053427,0.22946573,0.05186517,0.07280965,0.06333705,0.01118272,0.38843143,0.03581289,0.67188613,0.04812680,33.20517190
