Y,A,A_rep,A_hid,L,Q,K,W,P,r,taua,abar,tauk,taul,WtaxRev,KtaxRev,WtaxRev_lost,KtaxRev_lost,G,lump_sum,ylbar,WtaxPct,ShelterPct,ShelterPctP99,TaxEvasionP99,ConcealPctP99,gini,p90,p99,p999,p9999,gini_total,p90_total,p99_total,p999_total,p9999_total,welfare,welfare0,approval,approval0,conceal_share_e,conceal_share_n,evasion_share_e,evasion_share_n,conceal_frac_e,conceal_frac_n,evasion_frac_e,evasion_frac_n,shelter_pct_e,shelter_pct_n,detection_rate,detection_revenue,wtax_evasion_elast
65.57829439,2.85609542,2.85609542,0.00000000,29.60373001,258.84963031,50.98564189,1.28482671,0.15411539,0.04132166,0.03260836,35.40380884,0.25000000,0.18639082,1.80070893,6.92982680,0.00000000,0.00000000,9.18235041,0.01146681,1.01512040,0.63895212,0.00000000,0.00000000,0.00000000,0.00000000,0.75107514,0.38212081,0.70955408,0.84680604,0.93535631,0.75107514,0.38212081,0.70955408,0.84680604,0.93535631,-23.24877379,-46.21180925,0.85382523,0.50707538,-nan,-nan,-nan,-nan,0.00000000,0.00000000,0.00000000,0.00000000,0.00000000,0.00000000,-nan,0.00000000,13.39416939
