Y,A,A_rep,A_hid,L,Q,K,W,P,r,taua,abar,tauk,taul,WtaxRev,KtaxRev,WtaxRev_lost,KtaxRev_lost,G,lump_sum,ylbar,WtaxPct,ShelterPct,ShelterPctP99,TaxEvasionP99,ConcealPctP99,gini,p90,p99,p999,p9999,gini_total,p90_total,p99_total,p999_total,p9999_total,welfare,welfare0,approval,approval0,conceal_share_e,conceal_share_n,evasion_share_e,evasion_share_n,conceal_frac_e,conceal_frac_n,evasion_frac_e,evasion_frac_n,shelter_pct_e,shelter_pct_n,detection_rate,detection_revenue,wtax_evasion_elast
73.58211973,3.11413175,2.90857799,0.20555376,30.13672208,332.05355760,65.58900176,1.41613376,0.13820078,0.02965255,0.00693464,668.39122537,0.25000000,0.18605551,0.13331916,5.91209246,0.09520203,0.54146932,9.29156816,0.00042094,1.08952447,0.02342234,0.10428760,37.08646793,8.47726658,56.42268649,0.77005335,0.35319493,0.66238928,0.82988129,0.93574423,0.78518652,0.32988167,0.61871381,0.77958873,0.90771103,-23.72395289,-47.59698990,0.56741548,0.24362281,0.25651774,0.74348226,0.82733514,0.17266486,0.05181783,0.07289337,0.06216233,0.00766791,0.39136764,0.03497440,0.67175548,0.04621889,46.87687320
