Y,A,A_rep,A_hid,L,Q,K,W,P,r,taua,abar,tauk,taul,WtaxRev,KtaxRev,WtaxRev_lost,KtaxRev_lost,G,lump_sum,ylbar,WtaxPct,ShelterPct,ShelterPctP99,TaxEvasionP99,ConcealPctP99,gini,p90,p99,p999,p9999,gini_total,p90_total,p99_total,p999_total,p9999_total,welfare,welfare0,approval,approval0,conceal_share_e,conceal_share_n,evasion_share_e,evasion_share_n,conceal_frac_e,conceal_frac_n,evasion_frac_e,evasion_frac_n,shelter_pct_e,shelter_pct_n,detection_rate,detection_revenue,wtax_evasion_elast
65.60281144,2.85712666,2.85712666,0.00000000,29.60713097,259.02863708,51.02205283,1.28514157,0.15407477,0.04128922,0.03217971,35.23892546,0.25000000,0.18638855,1.78748539,6.92869818,0.00000000,0.00000000,9.18235041,0.01140741,1.01512040,0.63922057,0.00000000,0.00000000,0.00000000,0.00000000,0.75132416,0.38156183,0.70885720,0.84627919,0.93515338,0.75132416,0.38156183,0.70885720,0.84627919,0.93515338,-23.25097578,-46.21167550,0.85588313,0.50999923,-nan,-nan,-nan,-nan,0.00000000,0.00000000,0.00000000,0.00000000,0.00000000,0.00000000,-nan,0.00000000,13.42234203
