Y,A,A_rep,A_hid,L,Q,K,W,P,r,taua,abar,tauk,taul,WtaxRev,KtaxRev,WtaxRev_lost,KtaxRev_lost,G,lump_sum,ylbar,WtaxPct,ShelterPct,ShelterPctP99,TaxEvasionP99,ConcealPctP99,gini,p90,p99,p999,p9999,gini_total,p90_total,p99_total,p999_total,p9999_total,welfare,welfare0,approval,approval0,conceal_share_e,conceal_share_n,evasion_share_e,evasion_share_n,conceal_frac_e,conceal_frac_n,evasion_frac_e,evasion_frac_n,shelter_pct_e,shelter_pct_n,detection_rate,detection_revenue,wtax_evasion_elast
65.60060514,2.85704427,2.85704427,0.00000000,29.60683464,259.01273109,51.01880114,1.28511318,0.15407839,0.04129214,0.03217170,35.12126724,0.25000000,0.18638884,1.78866641,6.92882063,0.00000000,0.00000000,9.18235041,0.01141492,1.01512040,0.63823931,0.00000000,0.00000000,0.00000000,0.00000000,0.75130684,0.38167853,0.70889957,0.84626758,0.93514578,0.75130684,0.38167853,0.70889957,0.84626758,0.93514578,-23.25061331,-46.21126786,0.85586689,0.50996181,-nan,-nan,-nan,-nan,0.00000000,0.00000000,0.00000000,0.00000000,0.00000000,0.00000000,-nan,0.00000000,13.42563699
