Y,A,A_rep,A_hid,L,Q,K,W,P,r,taua,abar,tauk,taul,WtaxRev,KtaxRev,WtaxRev_lost,KtaxRev_lost,G,lump_sum,ylbar,WtaxPct,ShelterPct,ShelterPctP99,TaxEvasionP99,ConcealPctP99,gini,p90,p99,p999,p9999,gini_total,p90_total,p99_total,p999_total,p9999_total,welfare,welfare0,approval,approval0,conceal_share_e,conceal_share_n,evasion_share_e,evasion_share_n,conceal_frac_e,conceal_frac_n,evasion_frac_e,evasion_frac_n,shelter_pct_e,shelter_pct_n,detection_rate,detection_revenue,wtax_evasion_elast
65.68707827,2.86087041,2.86087041,0.00000000,29.61913250,259.67086206,51.15602728,1.28627220,0.15392952,0.04116726,0.03137372,36.66333303,0.25000000,0.18637312,1.73927838,6.92413816,0.00000000,0.00000000,9.18235041,0.01113607,1.01512040,0.65336503,0.00000000,0.00000000,0.00000000,0.00000000,0.75213587,0.38026565,0.70695112,0.84553868,0.93493548,0.75213587,0.38026565,0.70695112,0.84553868,0.93493548,-23.26335068,-46.21926739,0.86101500,0.51766491,-nan,-nan,-nan,-nan,0.00000000,0.00000000,0.00000000,0.00000000,0.00000000,0.00000000,-nan,0.00000000,13.46130723
