Y,A,A_rep,A_hid,L,Q,K,W,P,r,taua,abar,tauk,taul,WtaxRev,KtaxRev,WtaxRev_lost,KtaxRev_lost,G,lump_sum,ylbar,WtaxPct,ShelterPct,ShelterPctP99,TaxEvasionP99,ConcealPctP99,gini,p90,p99,p999,p9999,gini_total,p90_total,p99_total,p999_total,p9999_total,welfare,welfare0,approval,approval0,conceal_share_e,conceal_share_n,evasion_share_e,evasion_share_n,conceal_frac_e,conceal_frac_n,evasion_frac_e,evasion_frac_n,shelter_pct_e,shelter_pct_n,detection_rate,detection_revenue,wtax_evasion_elast
64.60169413,2.81313912,2.81313912,0.00000000,29.46933926,251.37212648,49.46931137,1.27145451,0.15587750,0.04271838,0.04622264,32.17945923,0.25000000,0.18651460,2.29565654,6.98367045,0.00000000,0.00000000,9.18235041,0.01366441,1.01512040,0.74872847,0.00000000,0.00000000,0.00000000,0.00000000,0.74150675,0.39669835,0.73205553,0.86041352,0.94019521,0.74150675,0.39669835,0.73205553,0.86041352,0.94019521,-23.18563158,-46.29024042,0.78595789,0.41760043,-nan,-nan,-nan,-nan,0.00000000,0.00000000,0.00000000,0.00000000,0.00000000,0.00000000,-nan,0.00000000,12.54562772
