Y,A,A_rep,A_hid,L,Q,K,W,P,r,taua,abar,tauk,taul,WtaxRev,KtaxRev,WtaxRev_lost,KtaxRev_lost,G,lump_sum,ylbar,WtaxPct,ShelterPct,ShelterPctP99,TaxEvasionP99,ConcealPctP99,gini,p90,p99,p999,p9999,gini_total,p90_total,p99_total,p999_total,p9999_total,welfare,welfare0,approval,approval0,conceal_share_e,conceal_share_n,evasion_share_e,evasion_share_n,conceal_frac_e,conceal_frac_n,evasion_frac_e,evasion_frac_n,shelter_pct_e,shelter_pct_n,detection_rate,detection_revenue,wtax_evasion_elast
63.83498658,2.76593938,2.76593938,0.00000000,29.39589007,245.53621052,47.89851772,1.25950763,0.15731891,0.04462278,0.04354365,18.78971539,0.25000000,0.18656397,2.63201593,7.04253857,0.00000000,0.00000000,9.18235041,0.01484070,1.01512040,1.81801205,0.00000000,0.00000000,0.00000000,0.00000000,0.73116776,0.41274687,0.73024605,0.85135310,0.93600648,0.73116776,0.41274687,0.73024605,0.85135310,0.93600648,-23.18217125,-46.49693705,0.73517249,0.37615848,-nan,-nan,-nan,-nan,0.00000000,0.00000000,0.00000000,0.00000000,0.00000000,0.00000000,-nan,0.00000000,13.14359702
