Y,A,A_rep,A_hid,L,Q,K,W,P,r,taua,abar,tauk,taul,WtaxRev,KtaxRev,WtaxRev_lost,KtaxRev_lost,G,lump_sum,ylbar,WtaxPct,ShelterPct,ShelterPctP99,TaxEvasionP99,ConcealPctP99,gini,p90,p99,p999,p9999,gini_total,p90_total,p99_total,p999_total,p9999_total,welfare,welfare0,approval,approval0,conceal_share_e,conceal_share_n,evasion_share_e,evasion_share_n,conceal_frac_e,conceal_frac_n,evasion_frac_e,evasion_frac_n,shelter_pct_e,shelter_pct_n,detection_rate,detection_revenue,wtax_evasion_elast
65.59112081,2.85641162,2.85641162,0.00000000,29.60608081,258.94187515,51.00000290,1.28497026,0.15409532,0.04131333,0.03209137,34.73002909,0.25000000,0.18638835,1.79312305,6.92942806,0.00000000,0.00000000,9.18235041,0.01142538,1.01512040,0.85307689,0.00000000,0.00000000,0.00000000,0.00000000,0.75119292,0.38186801,0.70887234,0.84605861,0.93505704,0.75119292,0.38186801,0.70887234,0.84605861,0.93505704,-23.25124814,-46.21479345,0.85425367,0.50670276,-nan,-nan,-nan,-nan,0.00000000,0.00000000,0.00000000,0.00000000,0.00000000,0.00000000,-nan,0.00000000,13.41937989
