Y,A,A_rep,A_hid,L,Q,K,W,P,r,taua,abar,tauk,taul,WtaxRev,KtaxRev,WtaxRev_lost,KtaxRev_lost,G,lump_sum,ylbar,WtaxPct,ShelterPct,ShelterPctP99,TaxEvasionP99,ConcealPctP99,gini,p90,p99,p999,p9999,gini_total,p90_total,p99_total,p999_total,p9999_total,welfare,welfare0,approval,approval0,conceal_share_e,conceal_share_n,evasion_share_e,evasion_share_n,conceal_frac_e,conceal_frac_n,evasion_frac_e,evasion_frac_n,shelter_pct_e,shelter_pct_n,detection_rate,detection_revenue,wtax_evasion_elast
73.49352102,3.11062067,2.90783949,0.20278118,30.12464393,331.27087255,65.45468953,1.41500011,0.13832829,0.02972014,0.01178616,864.25843736,0.25000000,0.18606713,0.18009911,5.91516104,0.14340727,0.54442276,9.29156816,0.00076706,1.08952447,0.01579014,0.10494509,39.53247134,8.81999910,56.16576523,0.76984477,0.35352670,0.66332188,0.83163946,0.93893063,0.78480384,0.33048031,0.62012721,0.78196342,0.91015881,-23.70991602,-47.58150315,0.66130860,0.31866247,0.25830318,0.74169682,0.78348747,0.21651253,0.05153043,0.07182005,0.06322501,0.01035059,0.39199296,0.03563966,0.66997231,0.04822385,34.56389136
