Y,A,A_rep,A_hid,L,Q,K,W,P,r,taua,abar,tauk,taul,WtaxRev,KtaxRev,WtaxRev_lost,KtaxRev_lost,G,lump_sum,ylbar,WtaxPct,ShelterPct,ShelterPctP99,TaxEvasionP99,ConcealPctP99,gini,p90,p99,p999,p9999,gini_total,p90_total,p99_total,p999_total,p9999_total,welfare,welfare0,approval,approval0,conceal_share_e,conceal_share_n,evasion_share_e,evasion_share_n,conceal_frac_e,conceal_frac_n,evasion_frac_e,evasion_frac_n,shelter_pct_e,shelter_pct_n,detection_rate,detection_revenue,wtax_evasion_elast
65.89256246,2.87108845,2.87108845,0.00000000,29.64616149,261.22717524,51.52703078,1.28912539,0.15358350,0.04079436,0.03324047,52.27337734,0.25000000,0.18633193,1.61375408,6.91117617,0.00000000,0.00000000,9.18235041,0.01033734,1.01512040,0.46992716,0.00000000,0.00000000,0.00000000,0.00000000,0.75396356,0.37724884,0.70445598,0.84948870,0.93690463,0.75396356,0.37724884,0.70445598,0.84948870,0.93690463,-23.30038254,-46.25092809,0.86831786,0.52154608,-nan,-nan,-nan,-nan,0.00000000,0.00000000,0.00000000,0.00000000,0.00000000,0.00000000,-nan,0.00000000,13.41267774
