Y,A,A_rep,A_hid,L,Q,K,W,P,r,taua,abar,tauk,taul,WtaxRev,KtaxRev,WtaxRev_lost,KtaxRev_lost,G,lump_sum,ylbar,WtaxPct,ShelterPct,ShelterPctP99,TaxEvasionP99,ConcealPctP99,gini,p90,p99,p999,p9999,gini_total,p90_total,p99_total,p999_total,p9999_total,welfare,welfare0,approval,approval0,conceal_share_e,conceal_share_n,evasion_share_e,evasion_share_n,conceal_frac_e,conceal_frac_n,evasion_frac_e,evasion_frac_n,shelter_pct_e,shelter_pct_n,detection_rate,detection_revenue,wtax_evasion_elast
65.60151399,2.85711437,2.85711437,0.00000000,29.60689259,259.02146003,51.02129717,1.28513166,0.15407624,0.04128916,0.03229792,35.53485673,0.25000000,0.18638821,1.78791728,6.92866209,0.00000000,0.00000000,9.18235041,0.01140573,1.01512040,0.64105154,0.00000000,0.00000000,0.00000000,0.00000000,0.75130755,0.38165922,0.70892977,0.84646046,0.93523131,0.75130755,0.38165922,0.70892977,0.84646046,0.93523131,-23.25106971,-46.21201400,0.85573661,0.51001861,-nan,-nan,-nan,-nan,0.00000000,0.00000000,0.00000000,0.00000000,0.00000000,0.00000000,-nan,0.00000000,13.41040246
