Y,A,A_rep,A_hid,L,Q,K,W,P,r,taua,abar,tauk,taul,WtaxRev,KtaxRev,WtaxRev_lost,KtaxRev_lost,G,lump_sum,ylbar,WtaxPct,ShelterPct,ShelterPctP99,TaxEvasionP99,ConcealPctP99,gini,p90,p99,p999,p9999,gini_total,p90_total,p99_total,p999_total,p9999_total,welfare,welfare0,approval,approval0,conceal_share_e,conceal_share_n,evasion_share_e,evasion_share_n,conceal_frac_e,conceal_frac_n,evasion_frac_e,evasion_frac_n,shelter_pct_e,shelter_pct_n,detection_rate,detection_revenue,wtax_evasion_elast
73.45475721,3.10964026,2.90137518,0.20826508,30.12283646,330.75181210,65.50286784,1.41433557,0.13845028,0.02961931,0.01446107,930.75967078,0.25000000,0.18606804,0.18924036,5.91261979,0.18082234,0.54443921,9.29156816,0.00082613,1.08952447,0.01502160,0.10462699,46.07049251,9.85190800,55.58294613,0.76970779,0.35378793,0.66458707,0.83451659,0.94341425,0.78508731,0.33009333,0.62013537,0.78308275,0.91192043,-23.72038741,-47.60346928,0.60687377,0.27977846,0.27618722,0.72381278,0.76675734,0.23324266,0.05654247,0.07204578,0.06502615,0.01174432,0.38998423,0.03572974,0.67559308,0.05747943,35.79760945
