Y,A,A_rep,A_hid,L,Q,K,W,P,r,taua,abar,tauk,taul,WtaxRev,KtaxRev,WtaxRev_lost,KtaxRev_lost,G,lump_sum,ylbar,WtaxPct,ShelterPct,ShelterPctP99,TaxEvasionP99,ConcealPctP99,gini,p90,p99,p999,p9999,gini_total,p90_total,p99_total,p999_total,p9999_total,welfare,welfare0,approval,approval0,conceal_share_e,conceal_share_n,evasion_share_e,evasion_share_n,conceal_frac_e,conceal_frac_n,evasion_frac_e,evasion_frac_n,shelter_pct_e,shelter_pct_n,detection_rate,detection_revenue,wtax_evasion_elast
73.49902820,3.11085896,2.92665491,0.18420405,30.12359450,331.39570152,65.42337944,1.41515842,0.13829209,0.02976446,0.01324566,1180.90083921,0.25000000,0.18606912,0.16640454,5.93102372,0.12599522,0.54188443,9.29156816,0.00081658,1.08952447,0.01134341,0.10359384,37.86693025,8.63778933,53.74608907,0.77119080,0.35147984,0.65921744,0.82618604,0.93832460,0.78469731,0.33066758,0.62023078,0.78174752,0.91018668,-23.70175139,-47.56522102,0.71755511,0.36360813,0.26562422,0.73437578,0.79654214,0.20345786,0.04815506,0.06457700,0.06249557,0.00944793,0.39063555,0.03428990,0.67384042,0.04647234,30.53063728
