Y,A,A_rep,A_hid,L,Q,K,W,P,r,taua,abar,tauk,taul,WtaxRev,KtaxRev,WtaxRev_lost,KtaxRev_lost,G,lump_sum,ylbar,WtaxPct,ShelterPct,ShelterPctP99,TaxEvasionP99,ConcealPctP99,gini,p90,p99,p999,p9999,gini_total,p90_total,p99_total,p999_total,p9999_total,welfare,welfare0,approval,approval0,conceal_share_e,conceal_share_n,evasion_share_e,evasion_share_n,conceal_frac_e,conceal_frac_n,evasion_frac_e,evasion_frac_n,shelter_pct_e,shelter_pct_n,detection_rate,detection_revenue,wtax_evasion_elast
73.69964306,3.11943996,2.93900070,0.18043926,30.15259882,333.15690078,65.73658425,1.41768441,0.13801257,0.02960280,0.00254211,639.07613601,0.25000000,0.18604090,0.05737442,5.92580606,0.03150140,0.53960525,9.29156816,-0.00000466,1.08952447,0.02874117,0.10197342,32.90899091,8.23991363,55.08253024,0.77234984,0.34969011,0.65485915,0.81944649,0.92979934,0.78547644,0.32946282,0.61702386,0.77644338,0.90476210,-23.73601762,-47.60585867,0.11726658,0.01235932,0.26526093,0.73473907,0.89034531,0.10965469,0.04699313,0.06310370,0.06049384,0.00438623,0.38715423,0.03311877,0.67989765,0.04237992,73.82956313
