Y,A,A_rep,A_hid,L,Q,K,W,P,r,taua,abar,tauk,taul,WtaxRev,KtaxRev,WtaxRev_lost,KtaxRev_lost,G,lump_sum,ylbar,WtaxPct,ShelterPct,ShelterPctP99,TaxEvasionP99,ConcealPctP99,gini,p90,p99,p999,p9999,gini_total,p90_total,p99_total,p999_total,p9999_total,welfare,welfare0,approval,approval0,conceal_share_e,conceal_share_n,evasion_share_e,evasion_share_n,conceal_frac_e,conceal_frac_n,evasion_frac_e,evasion_frac_n,shelter_pct_e,shelter_pct_n,detection_rate,detection_revenue,wtax_evasion_elast
65.58436965,2.85639028,2.85639028,0.00000000,29.60417350,258.88884834,50.99320254,1.28490213,0.15410549,0.04131470,0.03255869,35.51506911,0.25000000,0.18639116,1.79771102,6.92971812,0.00000000,0.00000000,9.18235041,0.01146057,1.01512040,0.64017431,0.00000000,0.00000000,0.00000000,0.00000000,0.75113647,0.38185901,0.70939463,0.84676331,0.93535539,0.75113647,0.38185901,0.70939463,0.84676331,0.93535539,-23.24848971,-46.21016464,0.85521372,0.50995681,-nan,-nan,-nan,-nan,0.00000000,0.00000000,0.00000000,0.00000000,0.00000000,0.00000000,-nan,0.00000000,13.39145749
