Y,A,A_rep,A_hid,L,Q,K,W,P,r,taua,abar,tauk,taul,WtaxRev,KtaxRev,WtaxRev_lost,KtaxRev_lost,G,lump_sum,ylbar,WtaxPct,ShelterPct,ShelterPctP99,TaxEvasionP99,ConcealPctP99,gini,p90,p99,p999,p9999,gini_total,p90_total,p99_total,p999_total,p9999_total,welfare,welfare0,approval,approval0,conceal_share_e,conceal_share_n,evasion_share_e,evasion_share_n,conceal_frac_e,conceal_frac_n,evasion_frac_e,evasion_frac_n,shelter_pct_e,shelter_pct_n,detection_rate,detection_revenue,wtax_evasion_elast
73.58531150,3.11447258,2.93915501,0.17531758,30.13531022,332.18462815,65.53477506,1.41627294,0.13815886,0.02972259,0.00934844,1376.74741399,0.25000000,0.18605690,0.11295412,5.93684132,0.07699393,0.53829336,9.29156816,0.00048438,1.08952447,0.00998795,0.10217557,33.11182098,8.34614183,52.61860866,0.77216856,0.34994225,0.65581327,0.82125000,0.93517052,0.78495284,0.33024356,0.61894250,0.77944845,0.90802234,-23.71310110,-47.57711147,0.68746589,0.33223782,0.26810106,0.73189894,0.84096719,0.15903281,0.04622199,0.06117277,0.06115764,0.00682641,0.38757229,0.03326880,0.67757987,0.04431072,35.88624184
