Y,A,A_rep,A_hid,L,Q,K,W,P,r,taua,abar,tauk,taul,WtaxRev,KtaxRev,WtaxRev_lost,KtaxRev_lost,G,lump_sum,ylbar,WtaxPct,ShelterPct,ShelterPctP99,TaxEvasionP99,ConcealPctP99,gini,p90,p99,p999,p9999,gini_total,p90_total,p99_total,p999_total,p9999_total,welfare,welfare0,approval,approval0,conceal_share_e,conceal_share_n,evasion_share_e,evasion_share_n,conceal_frac_e,conceal_frac_n,evasion_frac_e,evasion_frac_n,shelter_pct_e,shelter_pct_n,detection_rate,detection_revenue,wtax_evasion_elast
65.57410060,2.85572533,2.85572533,0.00000000,29.60356255,258.81585784,50.97601951,1.28475478,0.15412390,0.04133321,0.03247134,34.95416466,0.25000000,0.18639077,1.80277534,6.93012071,0.00000000,0.00000000,9.18235041,0.01147588,1.01512040,0.85763245,0.00000000,0.00000000,0.00000000,0.00000000,0.75104537,0.38204757,0.70941508,0.84657041,0.93525888,0.75104537,0.38204757,0.70941508,0.84657041,0.93525888,-23.24905428,-46.21326309,0.85346446,0.50632617,-nan,-nan,-nan,-nan,0.00000000,0.00000000,0.00000000,0.00000000,0.00000000,0.00000000,-nan,0.00000000,13.39958564
