Y,A,A_rep,A_hid,L,Q,K,W,P,r,taua,abar,tauk,taul,WtaxRev,KtaxRev,WtaxRev_lost,KtaxRev_lost,G,lump_sum,ylbar,WtaxPct,ShelterPct,ShelterPctP99,TaxEvasionP99,ConcealPctP99,gini,p90,p99,p999,p9999,gini_total,p90_total,p99_total,p999_total,p9999_total,welfare,welfare0,approval,approval0,conceal_share_e,conceal_share_n,evasion_share_e,evasion_share_n,conceal_frac_e,conceal_frac_n,evasion_frac_e,evasion_frac_n,shelter_pct_e,shelter_pct_n,detection_rate,detection_revenue,wtax_evasion_elast
65.63081294,2.85835864,2.85835864,0.00000000,29.61112292,259.24945948,51.06678377,1.28553019,0.15402407,0.04124920,0.03204463,36.09655646,0.25000000,0.18638209,1.77137558,6.92697587,0.00000000,0.00000000,9.18235041,0.01130536,1.01512040,0.64634656,0.00000000,0.00000000,0.00000000,0.00000000,0.75159068,0.38113629,0.70828631,0.84625508,0.93517767,0.75159068,0.38113629,0.70828631,0.84625508,0.93517767,-23.25592534,-46.21601051,0.85736634,0.51003327,-nan,-nan,-nan,-nan,0.00000000,0.00000000,0.00000000,0.00000000,0.00000000,0.00000000,-nan,0.00000000,13.41963316
