Y,A,A_rep,A_hid,L,Q,K,W,P,r,taua,abar,tauk,taul,WtaxRev,KtaxRev,WtaxRev_lost,KtaxRev_lost,G,lump_sum,ylbar,WtaxPct,ShelterPct,ShelterPctP99,TaxEvasionP99,ConcealPctP99,gini,p90,p99,p999,p9999,gini_total,p90_total,p99_total,p999_total,p9999_total,welfare,welfare0,approval,approval0,conceal_share_e,conceal_share_n,evasion_share_e,evasion_share_n,conceal_frac_e,conceal_frac_n,evasion_frac_e,evasion_frac_n,shelter_pct_e,shelter_pct_n,detection_rate,detection_revenue,wtax_evasion_elast
65.58560239,2.85629734,2.85629734,0.00000000,29.60509850,258.91062839,50.99925550,1.28493227,0.15410244,0.04130897,0.03249206,35.40357858,0.25000000,0.18638850,1.79649256,6.92898688,0.00000000,0.00000000,9.18235041,0.01144238,1.01512040,0.63934579,0.00000000,0.00000000,0.00000000,0.00000000,0.75115764,0.38186931,0.70931899,0.84667385,0.93530731,0.75115764,0.38186931,0.70931899,0.84667385,0.93530731,-23.25007579,-46.21241986,0.85480968,0.50711311,-nan,-nan,-nan,-nan,0.00000000,0.00000000,0.00000000,0.00000000,0.00000000,0.00000000,-nan,0.00000000,13.40239570
