Y,A,A_rep,A_hid,L,Q,K,W,P,r,taua,abar,tauk,taul,WtaxRev,KtaxRev,WtaxRev_lost,KtaxRev_lost,G,lump_sum,ylbar,WtaxPct,ShelterPct,ShelterPctP99,TaxEvasionP99,ConcealPctP99,gini,p90,p99,p999,p9999,gini_total,p90_total,p99_total,p999_total,p9999_total,welfare,welfare0,approval,approval0,conceal_share_e,conceal_share_n,evasion_share_e,evasion_share_n,conceal_frac_e,conceal_frac_n,evasion_frac_e,evasion_frac_n,shelter_pct_e,shelter_pct_n,detection_rate,detection_revenue,wtax_evasion_elast
65.58288918,2.85626324,2.85626324,0.00000000,29.60434151,258.87716008,50.99156049,1.28487522,0.15410948,0.04131630,0.03243782,35.13972242,0.25000000,0.18639109,1.79816718,6.92975862,0.00000000,0.00000000,9.18235041,0.01146165,1.01512040,0.63724876,0.00000000,0.00000000,0.00000000,0.00000000,0.75113351,0.38189370,0.70929852,0.84656590,0.93526234,0.75113351,0.38189370,0.70929852,0.84656590,0.93526234,-23.24889706,-46.21119138,0.85485405,0.50991911,-nan,-nan,-nan,-nan,0.00000000,0.00000000,0.00000000,0.00000000,0.00000000,0.00000000,-nan,0.00000000,13.40687699
