Y,A,A_rep,A_hid,L,Q,K,W,P,r,taua,abar,tauk,taul,WtaxRev,KtaxRev,WtaxRev_lost,KtaxRev_lost,G,lump_sum,ylbar,WtaxPct,ShelterPct,ShelterPctP99,TaxEvasionP99,ConcealPctP99,gini,p90,p99,p999,p9999,gini_total,p90_total,p99_total,p999_total,p9999_total,welfare,welfare0,approval,approval0,conceal_share_e,conceal_share_n,evasion_share_e,evasion_share_n,conceal_frac_e,conceal_frac_n,evasion_frac_e,evasion_frac_n,shelter_pct_e,shelter_pct_n,detection_rate,detection_revenue,wtax_evasion_elast
65.58977128,2.85670106,2.85670106,0.00000000,29.60477174,258.93853374,51.00344800,1.28499455,0.15409320,0.04130485,0.03274005,36.30131243,0.25000000,0.18638941,1.79358326,6.92919175,0.00000000,0.00000000,9.18235041,0.01142975,1.01512040,0.64578792,0.00000000,0.00000000,0.00000000,0.00000000,0.75117291,0.38177753,0.70944433,0.84709791,0.93551569,0.75117291,0.38177753,0.70944433,0.84709791,0.93551569,-23.24974679,-46.21140720,0.85528423,0.50999057,-nan,-nan,-nan,-nan,0.00000000,0.00000000,0.00000000,0.00000000,0.00000000,0.00000000,-nan,0.00000000,13.37341871
