Y,A,A_rep,A_hid,L,Q,K,W,P,r,taua,abar,tauk,taul,WtaxRev,KtaxRev,WtaxRev_lost,KtaxRev_lost,G,lump_sum,ylbar,WtaxPct,ShelterPct,ShelterPctP99,TaxEvasionP99,ConcealPctP99,gini,p90,p99,p999,p9999,gini_total,p90_total,p99_total,p999_total,p9999_total,welfare,welfare0,approval,approval0,conceal_share_e,conceal_share_n,evasion_share_e,evasion_share_n,conceal_frac_e,conceal_frac_n,evasion_frac_e,evasion_frac_n,shelter_pct_e,shelter_pct_n,detection_rate,detection_revenue,wtax_evasion_elast
56.45701440,2.22629027,2.22629027,0.00000000,29.54604723,186.50828763,31.47551441,1.10827668,0.17820362,0.07735174,0.03344817,0.00000000,0.25000000,0.18668363,7.44653443,7.71690915,0.00000000,0.00000000,9.18235041,0.03815915,1.01512040,84.33899133,0.00000000,0.00000000,0.00000000,0.00000000,0.85002967,0.25084217,0.55998730,0.74392340,0.89851201,0.85002967,0.25084217,0.55998730,0.74392340,0.89851201,-26.28263754,-52.38777415,0.37601281,0.02434090,-nan,-nan,-nan,-nan,0.00000000,0.00000000,0.00000000,0.00000000,0.00000000,0.00000000,-nan,0.00000000,14.51648262
