Y,A,A_rep,A_hid,L,Q,K,W,P,r,taua,abar,tauk,taul,WtaxRev,KtaxRev,WtaxRev_lost,KtaxRev_lost,G,lump_sum,ylbar,WtaxPct,ShelterPct,ShelterPctP99,TaxEvasionP99,ConcealPctP99,gini,p90,p99,p999,p9999,gini_total,p90_total,p99_total,p999_total,p9999_total,welfare,welfare0,approval,approval0,conceal_share_e,conceal_share_n,evasion_share_e,evasion_share_n,conceal_frac_e,conceal_frac_n,evasion_frac_e,evasion_frac_n,shelter_pct_e,shelter_pct_n,detection_rate,detection_revenue,wtax_evasion_elast
73.57519451,3.11412430,2.93703651,0.17708779,30.13411312,332.07300328,65.52402346,1.41611474,0.13817966,0.02972355,0.00959407,1313.59069605,0.25000000,0.18605904,0.11917244,5.93395075,0.08232471,0.54057752,9.29156816,0.00050401,1.08952447,0.01014908,0.10252698,33.53446649,8.45385296,53.21039199,0.77198802,0.35021799,0.65640925,0.82202598,0.93562514,0.78491320,0.33030250,0.61912842,0.77972958,0.90825622,-23.71337588,-47.57916010,0.67560145,0.33031588,0.26792274,0.73207726,0.83644878,0.16355122,0.04666012,0.06181417,0.06154055,0.00710479,0.38889567,0.03338553,0.67851056,0.04505918,35.60844443
