Y,A,A_rep,A_hid,L,Q,K,W,P,r,taua,abar,tauk,taul,WtaxRev,KtaxRev,WtaxRev_lost,KtaxRev_lost,G,lump_sum,ylbar,WtaxPct,ShelterPct,ShelterPctP99,TaxEvasionP99,ConcealPctP99,gini,p90,p99,p999,p9999,gini_total,p90_total,p99_total,p999_total,p9999_total,welfare,welfare0,approval,approval0,conceal_share_e,conceal_share_n,evasion_share_e,evasion_share_n,conceal_frac_e,conceal_frac_n,evasion_frac_e,evasion_frac_n,shelter_pct_e,shelter_pct_n,detection_rate,detection_revenue,wtax_evasion_elast
65.72025631,2.86215738,2.86215738,0.00000000,29.62447517,259.92043198,51.20579938,1.28669538,0.15387478,0.04112500,0.03059786,35.73172139,0.25000000,0.18637028,1.72271965,6.92233060,0.00000000,0.00000000,9.18235041,0.01106390,1.01512040,0.64867612,0.00000000,0.00000000,0.00000000,0.00000000,0.75250458,0.37971741,0.70586349,0.84451323,0.93454897,0.75250458,0.37971741,0.70586349,0.84451323,0.93454897,-23.26662890,-46.21864393,0.86651663,0.52233274,-nan,-nan,-nan,-nan,0.00000000,0.00000000,0.00000000,0.00000000,0.00000000,0.00000000,-nan,0.00000000,13.51788767
