Y,A,A_rep,A_hid,L,Q,K,W,P,r,taua,abar,tauk,taul,WtaxRev,KtaxRev,WtaxRev_lost,KtaxRev_lost,G,lump_sum,ylbar,WtaxPct,ShelterPct,ShelterPctP99,TaxEvasionP99,ConcealPctP99,gini,p90,p99,p999,p9999,gini_total,p90_total,p99_total,p999_total,p9999_total,welfare,welfare0,approval,approval0,conceal_share_e,conceal_share_n,evasion_share_e,evasion_share_n,conceal_frac_e,conceal_frac_n,evasion_frac_e,evasion_frac_n,shelter_pct_e,shelter_pct_n,detection_rate,detection_revenue,wtax_evasion_elast
73.46101790,3.10964512,2.90717576,0.20246936,30.12251053,330.85545043,65.48226537,1.41446652,0.13842242,0.02965079,0.01462788,1011.58219595,0.25000000,0.18606927,0.18405160,5.91803102,0.17008838,0.54309461,9.29156816,0.00084154,1.08952447,0.01362243,0.10405957,43.77413325,9.60847237,54.91201110,0.77011328,0.35325281,0.66322779,0.83258733,0.94257577,0.78503783,0.33025248,0.62010092,0.78284115,0.91171176,-23.71618587,-47.59458724,0.62579375,0.29360867,0.27557047,0.72442953,0.77277457,0.22722543,0.05486333,0.07008974,0.06449816,0.01125425,0.38896706,0.03527092,0.67683262,0.05555459,34.50630792
