Y,A,A_rep,A_hid,L,Q,K,W,P,r,taua,abar,tauk,taul,WtaxRev,KtaxRev,WtaxRev_lost,KtaxRev_lost,G,lump_sum,ylbar,WtaxPct,ShelterPct,ShelterPctP99,TaxEvasionP99,ConcealPctP99,gini,p90,p99,p999,p9999,gini_total,p90_total,p99_total,p999_total,p9999_total,welfare,welfare0,approval,approval0,conceal_share_e,conceal_share_n,evasion_share_e,evasion_share_n,conceal_frac_e,conceal_frac_n,evasion_frac_e,evasion_frac_n,shelter_pct_e,shelter_pct_n,detection_rate,detection_revenue,wtax_evasion_elast
65.58887224,2.85654641,2.85654641,0.00000000,29.60555641,258.93375216,51.00395341,1.28497050,0.15409724,0.04130482,0.03243566,35.41952978,0.25000000,0.18638931,1.79433103,6.92908079,0.00000000,0.00000000,9.18235041,0.01143031,1.01512040,0.63965240,0.00000000,0.00000000,0.00000000,0.00000000,0.75118900,0.38182090,0.70920712,0.84661031,0.93528813,0.75118900,0.38182090,0.70920712,0.84661031,0.93528813,-23.25061113,-46.21309151,0.85484037,0.50711311,-nan,-nan,-nan,-nan,0.00000000,0.00000000,0.00000000,0.00000000,0.00000000,0.00000000,-nan,0.00000000,13.40480712
