Y,A,A_rep,A_hid,L,Q,K,W,P,r,taua,abar,tauk,taul,WtaxRev,KtaxRev,WtaxRev_lost,KtaxRev_lost,G,lump_sum,ylbar,WtaxPct,ShelterPct,ShelterPctP99,TaxEvasionP99,ConcealPctP99,gini,p90,p99,p999,p9999,gini_total,p90_total,p99_total,p999_total,p9999_total,welfare,welfare0,approval,approval0,conceal_share_e,conceal_share_n,evasion_share_e,evasion_share_n,conceal_frac_e,conceal_frac_n,evasion_frac_e,evasion_frac_n,shelter_pct_e,shelter_pct_n,detection_rate,detection_revenue,wtax_evasion_elast
65.45672768,2.84740461,2.84740461,0.00000000,29.59530503,257.88771269,50.70287670,1.28280620,0.15434542,0.04166037,0.03000000,27.03888729,0.25000000,0.18639847,1.85420050,6.94063047,0.00000000,0.00000000,9.18235041,0.01171008,1.01512040,1.04307757,0.00000000,0.00000000,0.00000000,0.00000000,0.74963499,0.38434808,0.70684592,0.84167245,0.93322371,0.74963499,0.38434808,0.70684592,0.84167245,0.93322371,-23.24789189,-46.24590305,0.83306651,0.47005252,-nan,-nan,-nan,-nan,0.00000000,0.00000000,0.00000000,0.00000000,0.00000000,0.00000000,-nan,0.00000000,13.58914026
