Y,A,A_rep,A_hid,L,Q,K,W,P,r,taua,abar,tauk,taul,WtaxRev,KtaxRev,WtaxRev_lost,KtaxRev_lost,G,lump_sum,ylbar,WtaxPct,ShelterPct,ShelterPctP99,TaxEvasionP99,ConcealPctP99,gini,p90,p99,p999,p9999,gini_total,p90_total,p99_total,p999_total,p9999_total,welfare,welfare0,approval,approval0,conceal_share_e,conceal_share_n,evasion_share_e,evasion_share_n,conceal_frac_e,conceal_frac_n,evasion_frac_e,evasion_frac_n,shelter_pct_e,shelter_pct_n,detection_rate,detection_revenue,wtax_evasion_elast
73.41441781,3.10930087,2.89201256,0.21728831,30.12449299,330.12515792,65.61964101,1.41354082,0.13861698,0.02943762,0.02000000,1106.29571357,0.25000000,0.18606601,0.18778657,5.90973019,0.25311274,0.54128325,9.29156816,0.00073902,1.08952447,0.01076989,0.10603963,59.05741359,11.47606922,52.47147475,0.76975059,0.35389837,0.66610967,0.83788385,0.94950505,0.78579754,0.32916677,0.61962007,0.78381476,0.91375265,-23.74931051,-47.65955418,0.44882496,0.05386315,0.30745776,0.69254224,0.74229805,0.25770195,0.06554426,0.07199941,0.06859635,0.01419218,0.39813239,0.03551616,0.66786000,0.06686285,36.95199166
