Y,A,A_rep,A_hid,L,Q,K,W,P,r,taua,abar,tauk,taul,WtaxRev,KtaxRev,WtaxRev_lost,KtaxRev_lost,G,lump_sum,ylbar,WtaxPct,ShelterPct,ShelterPctP99,TaxEvasionP99,ConcealPctP99,gini,p90,p99,p999,p9999,gini_total,p90_total,p99_total,p999_total,p9999_total,welfare,welfare0,approval,approval0,conceal_share_e,conceal_share_n,evasion_share_e,evasion_share_n,conceal_frac_e,conceal_frac_n,evasion_frac_e,evasion_frac_n,shelter_pct_e,shelter_pct_n,detection_rate,detection_revenue,wtax_evasion_elast
65.56298921,2.85539843,2.85539843,0.00000000,29.60155785,258.73126034,50.95982212,1.28461588,0.15414213,0.04134617,0.03284664,35.43438362,0.25000000,0.18639255,1.80904992,6.93069517,0.00000000,0.00000000,9.18235041,0.01150672,1.01512040,0.63840251,0.00000000,0.00000000,0.00000000,0.00000000,0.75092370,0.38232301,0.70990054,0.84707869,0.93547284,0.75092370,0.38232301,0.70990054,0.84707869,0.93547284,-23.24737156,-46.21205544,0.85307441,0.50628482,-nan,-nan,-nan,-nan,0.00000000,0.00000000,0.00000000,0.00000000,0.00000000,0.00000000,-nan,0.00000000,13.37519069
