Y,A,A_rep,A_hid,L,Q,K,W,P,r,taua,abar,tauk,taul,WtaxRev,KtaxRev,WtaxRev_lost,KtaxRev_lost,G,lump_sum,ylbar,WtaxPct,ShelterPct,ShelterPctP99,TaxEvasionP99,ConcealPctP99,gini,p90,p99,p999,p9999,gini_total,p90_total,p99_total,p999_total,p9999_total,welfare,welfare0,approval,approval0,conceal_share_e,conceal_share_n,evasion_share_e,evasion_share_n,conceal_frac_e,conceal_frac_n,evasion_frac_e,evasion_frac_n,shelter_pct_e,shelter_pct_n,detection_rate,detection_revenue,wtax_evasion_elast
65.60066140,2.85687538,2.85687538,0.00000000,29.60706948,259.01092237,51.01562625,1.28510152,0.15407901,0.04129761,0.03206120,34.90817439,0.25000000,0.18638853,1.78883157,6.92882258,0.00000000,0.00000000,9.18235041,0.01141105,1.01512040,0.85733818,0.00000000,0.00000000,0.00000000,0.00000000,0.75130288,0.38162484,0.70871886,0.84607270,0.93507194,0.75130288,0.38162484,0.70871886,0.84607270,0.93507194,-23.25136460,-46.21282503,0.85544019,0.50960391,-nan,-nan,-nan,-nan,0.00000000,0.00000000,0.00000000,0.00000000,0.00000000,0.00000000,-nan,0.00000000,13.42252641
