Y,A,A_rep,A_hid,L,Q,K,W,P,r,taua,abar,tauk,taul,WtaxRev,KtaxRev,WtaxRev_lost,KtaxRev_lost,G,lump_sum,ylbar,WtaxPct,ShelterPct,ShelterPctP99,TaxEvasionP99,ConcealPctP99,gini,p90,p99,p999,p9999,gini_total,p90_total,p99_total,p999_total,p9999_total,welfare,welfare0,approval,approval0,conceal_share_e,conceal_share_n,evasion_share_e,evasion_share_n,conceal_frac_e,conceal_frac_n,evasion_frac_e,evasion_frac_n,shelter_pct_e,shelter_pct_n,detection_rate,detection_revenue,wtax_evasion_elast
73.71450621,3.12071073,2.96907193,0.15163880,30.15257368,333.34026260,65.73195080,1.41795142,0.13796998,0.02962326,0.00165011,790.72295586,0.25000000,0.18604325,0.03524454,5.94839693,0.01663526,0.53694314,9.29156816,0.00004215,1.08952447,0.02198268,0.10063028,31.32464247,7.85049106,44.76229761,0.77460772,0.34618530,0.64824682,0.81091056,0.92448583,0.78552092,0.32936377,0.61679093,0.77586398,0.90397063,-23.72785053,-47.58790919,0.40961744,0.04947090,0.28104966,0.71895034,0.90170460,0.09829540,0.04184315,0.05186052,0.05949769,0.00381122,0.38393592,0.03222839,0.67999058,0.03994396,74.58461077
