Y,A,A_rep,A_hid,L,Q,K,W,P,r,taua,abar,tauk,taul,WtaxRev,KtaxRev,WtaxRev_lost,KtaxRev_lost,G,lump_sum,ylbar,WtaxPct,ShelterPct,ShelterPctP99,TaxEvasionP99,ConcealPctP99,gini,p90,p99,p999,p9999,gini_total,p90_total,p99_total,p999_total,p9999_total,welfare,welfare0,approval,approval0,conceal_share_e,conceal_share_n,evasion_share_e,evasion_share_n,conceal_frac_e,conceal_frac_n,evasion_frac_e,evasion_frac_n,shelter_pct_e,shelter_pct_n,detection_rate,detection_revenue,wtax_evasion_elast
65.77417452,2.86466075,2.86466075,0.00000000,29.63187145,260.32619016,51.29595180,1.28742230,0.15378405,0.04103893,0.03033789,37.34483759,0.25000000,0.18636068,1.69167750,6.91930646,0.00000000,0.00000000,9.18235041,0.01088257,1.01512040,0.66246905,0.00000000,0.00000000,0.00000000,0.00000000,0.75296689,0.37898055,0.70492198,0.84445121,0.93457914,0.75296689,0.37898055,0.70492198,0.84445121,0.93457914,-23.27417552,-46.22349265,0.86906536,0.52823742,-nan,-nan,-nan,-nan,0.00000000,0.00000000,0.00000000,0.00000000,0.00000000,0.00000000,-nan,0.00000000,13.53001917
