Y,A,A_rep,A_hid,L,Q,K,W,P,r,taua,abar,tauk,taul,WtaxRev,KtaxRev,WtaxRev_lost,KtaxRev_lost,G,lump_sum,ylbar,WtaxPct,ShelterPct,ShelterPctP99,TaxEvasionP99,ConcealPctP99,gini,p90,p99,p999,p9999,gini_total,p90_total,p99_total,p999_total,p9999_total,welfare,welfare0,approval,approval0,conceal_share_e,conceal_share_n,evasion_share_e,evasion_share_n,conceal_frac_e,conceal_frac_n,evasion_frac_e,evasion_frac_n,shelter_pct_e,shelter_pct_n,detection_rate,detection_revenue,wtax_evasion_elast
65.53093991,2.85401861,2.85401861,0.00000000,29.59682075,258.49262947,50.90874354,1.28419686,0.15419523,0.04139339,0.03330053,35.41092850,0.25000000,0.18639752,1.82527064,6.93238736,0.00000000,0.00000000,9.18235041,0.01158294,1.01512040,0.63676800,0.00000000,0.00000000,0.00000000,0.00000000,0.75064676,0.38265012,0.71068451,0.84761266,0.93567858,0.75064676,0.38265012,0.71068451,0.84761266,0.93567858,-23.24494865,-46.21406183,0.85063204,0.50156464,-nan,-nan,-nan,-nan,0.00000000,0.00000000,0.00000000,0.00000000,0.00000000,0.00000000,-nan,0.00000000,13.35103767
