Y,A,A_rep,A_hid,L,Q,K,W,P,r,taua,abar,tauk,taul,WtaxRev,KtaxRev,WtaxRev_lost,KtaxRev_lost,G,lump_sum,ylbar,WtaxPct,ShelterPct,ShelterPctP99,TaxEvasionP99,ConcealPctP99,gini,p90,p99,p999,p9999,gini_total,p90_total,p99_total,p999_total,p9999_total,welfare,welfare0,approval,approval0,conceal_share_e,conceal_share_n,evasion_share_e,evasion_share_n,conceal_frac_e,conceal_frac_n,evasion_frac_e,evasion_frac_n,shelter_pct_e,shelter_pct_n,detection_rate,detection_revenue,wtax_evasion_elast
65.54645930,2.85466902,2.85466902,0.00000000,29.59926639,258.60704400,50.93350608,1.28439519,0.15417035,0.04137060,0.03306005,35.40524953,0.25000000,0.18639501,1.81691036,6.93153121,0.00000000,0.00000000,9.18235041,0.01154038,1.01512040,0.63745292,0.00000000,0.00000000,0.00000000,0.00000000,0.75080782,0.38245003,0.71027022,0.84731283,0.93554928,0.75080782,0.38245003,0.71027022,0.84731283,0.93554928,-23.24694017,-46.21451329,0.85120982,0.50166210,-nan,-nan,-nan,-nan,0.00000000,0.00000000,0.00000000,0.00000000,0.00000000,0.00000000,-nan,0.00000000,13.36499580
