Y,A,A_rep,A_hid,L,Q,K,W,P,r,taua,abar,tauk,taul,WtaxRev,KtaxRev,WtaxRev_lost,KtaxRev_lost,G,lump_sum,ylbar,WtaxPct,ShelterPct,ShelterPctP99,TaxEvasionP99,ConcealPctP99,gini,p90,p99,p999,p9999,gini_total,p90_total,p99_total,p999_total,p9999_total,welfare,welfare0,approval,approval0,conceal_share_e,conceal_share_n,evasion_share_e,evasion_share_n,conceal_frac_e,conceal_frac_n,evasion_frac_e,evasion_frac_n,shelter_pct_e,shelter_pct_n,detection_rate,detection_revenue,wtax_evasion_elast
73.50066093,3.11084655,2.91788973,0.19295682,30.12396302,331.40628308,65.43729751,1.41518774,0.13829273,0.02975015,0.01236455,1029.02895533,0.25000000,0.18606873,0.17106811,5.92653874,0.13168562,0.53968360,9.29156816,0.00082425,1.08952447,0.01296576,0.10410236,37.77152443,8.55486173,54.82721987,0.77057601,0.35239453,0.66102364,0.82851663,0.93836785,0.78476331,0.33053652,0.62007010,0.78161526,0.91000934,-23.70173586,-47.56409563,0.71932540,0.36787043,0.26059212,0.73940788,0.79087061,0.20912939,0.04948044,0.06811420,0.06235480,0.00976151,0.39058238,0.03493403,0.66814188,0.04662542,32.22997362
