Y,A,A_rep,A_hid,L,Q,K,W,P,r,taua,abar,tauk,taul,WtaxRev,KtaxRev,WtaxRev_lost,KtaxRev_lost,G,lump_sum,ylbar,WtaxPct,ShelterPct,ShelterPctP99,TaxEvasionP99,ConcealPctP99,gini,p90,p99,p999,p9999,gini_total,p90_total,p99_total,p999_total,p9999_total,welfare,welfare0,approval,approval0,conceal_share_e,conceal_share_n,evasion_share_e,evasion_share_n,conceal_frac_e,conceal_frac_n,evasion_frac_e,evasion_frac_n,shelter_pct_e,shelter_pct_n,detection_rate,detection_revenue,wtax_evasion_elast
65.46907427,2.85103125,2.85103125,0.00000000,29.58856685,258.02361103,50.80421944,1.28334683,0.15430212,0.04149524,0.03388379,34.76155092,0.25000000,0.18640599,1.85684784,6.93593580,0.00000000,0.00000000,9.18235041,0.01173623,1.01512040,0.84889302,0.00000000,0.00000000,0.00000000,0.00000000,0.75006412,0.38352644,0.71190538,0.84811516,0.93584191,0.75006412,0.38352644,0.71190538,0.84811516,0.93584191,-23.24000240,-46.21692288,0.84533687,0.48055119,-nan,-nan,-nan,-nan,0.00000000,0.00000000,0.00000000,0.00000000,0.00000000,0.00000000,-nan,0.00000000,13.30708934
