Y,A,A_rep,A_hid,L,Q,K,W,P,r,taua,abar,tauk,taul,WtaxRev,KtaxRev,WtaxRev_lost,KtaxRev_lost,G,lump_sum,ylbar,WtaxPct,ShelterPct,ShelterPctP99,TaxEvasionP99,ConcealPctP99,gini,p90,p99,p999,p9999,gini_total,p90_total,p99_total,p999_total,p9999_total,welfare,welfare0,approval,approval0,conceal_share_e,conceal_share_n,evasion_share_e,evasion_share_n,conceal_frac_e,conceal_frac_n,evasion_frac_e,evasion_frac_n,shelter_pct_e,shelter_pct_n,detection_rate,detection_revenue,wtax_evasion_elast
65.58234660,2.85643482,2.85643482,0.00000000,29.60354699,258.88369934,50.99876914,1.28491515,0.15410648,0.04130369,0.03341851,37.86727784,0.25000000,0.18638714,1.79562533,6.92902587,0.00000000,0.00000000,9.18235041,0.01141326,1.01512040,0.65712626,0.00000000,0.00000000,0.00000000,0.00000000,0.75106803,0.38199727,0.71000441,0.84809194,0.93593208,0.75106803,0.38199727,0.71000441,0.84809194,0.93593208,-23.25133675,-46.21573313,0.85306260,0.50632018,-nan,-nan,-nan,-nan,0.00000000,0.00000000,0.00000000,0.00000000,0.00000000,0.00000000,-nan,0.00000000,13.32415569
