Y,A,A_rep,A_hid,L,Q,K,W,P,r,taua,abar,tauk,taul,WtaxRev,KtaxRev,WtaxRev_lost,KtaxRev_lost,G,lump_sum,ylbar,WtaxPct,ShelterPct,ShelterPctP99,TaxEvasionP99,ConcealPctP99,gini,p90,p99,p999,p9999,gini_total,p90_total,p99_total,p999_total,p9999_total,welfare,welfare0,approval,approval0,conceal_share_e,conceal_share_n,evasion_share_e,evasion_share_n,conceal_frac_e,conceal_frac_n,evasion_frac_e,evasion_frac_n,shelter_pct_e,shelter_pct_n,detection_rate,detection_revenue,wtax_evasion_elast
65.56500160,2.85545696,2.85545696,0.00000000,29.60209327,258.74835351,50.96360436,1.28464171,0.15413895,0.04134294,0.03271900,35.19393155,0.25000000,0.18639214,1.80748793,6.93050833,0.00000000,0.00000000,9.18235041,0.01149727,1.01512040,0.63681299,0.00000000,0.00000000,0.00000000,0.00000000,0.75095435,0.38230222,0.70977307,0.84690481,0.93540333,0.75095435,0.38230222,0.70977307,0.84690481,0.93540333,-23.24802238,-46.21300118,0.85306358,0.50628414,-nan,-nan,-nan,-nan,0.00000000,0.00000000,0.00000000,0.00000000,0.00000000,0.00000000,-nan,0.00000000,13.38989776
