Y,A,A_rep,A_hid,L,Q,K,W,P,r,taua,abar,tauk,taul,WtaxRev,KtaxRev,WtaxRev_lost,KtaxRev_lost,G,lump_sum,ylbar,WtaxPct,ShelterPct,ShelterPctP99,TaxEvasionP99,ConcealPctP99,gini,p90,p99,p999,p9999,gini_total,p90_total,p99_total,p999_total,p9999_total,welfare,welfare0,approval,approval0,conceal_share_e,conceal_share_n,evasion_share_e,evasion_share_n,conceal_frac_e,conceal_frac_n,evasion_frac_e,evasion_frac_n,shelter_pct_e,shelter_pct_n,detection_rate,detection_revenue,wtax_evasion_elast
65.53176804,2.85343177,2.85343177,0.00000000,29.59838166,258.49066292,50.89448879,1.28413990,0.15419753,0.04141972,0.03241651,33.69966198,0.25000000,0.18639689,1.82435271,6.93317891,0.00000000,0.00000000,9.18235041,0.01158634,1.01512040,0.83003626,0.00000000,0.00000000,0.00000000,0.00000000,0.75058549,0.38277630,0.70980951,0.84620187,0.93507390,0.75058549,0.38277630,0.70980951,0.84620187,0.93507390,-23.24530913,-46.21629240,0.84989952,0.49950168,-nan,-nan,-nan,-nan,0.00000000,0.00000000,0.00000000,0.00000000,0.00000000,0.00000000,-nan,0.00000000,13.37576843
