Y,A,A_rep,A_hid,L,Q,K,W,P,r,taua,abar,tauk,taul,WtaxRev,KtaxRev,WtaxRev_lost,KtaxRev_lost,G,lump_sum,ylbar,WtaxPct,ShelterPct,ShelterPctP99,TaxEvasionP99,ConcealPctP99,gini,p90,p99,p999,p9999,gini_total,p90_total,p99_total,p999_total,p9999_total,welfare,welfare0,approval,approval0,conceal_share_e,conceal_share_n,evasion_share_e,evasion_share_n,conceal_frac_e,conceal_frac_n,evasion_frac_e,evasion_frac_n,shelter_pct_e,shelter_pct_n,detection_rate,detection_revenue,wtax_evasion_elast
65.58313131,2.85628971,2.85628971,0.00000000,29.60438485,258.88638601,50.99293325,1.28489223,0.15410688,0.04131522,0.03261421,35.63281234,0.25000000,0.18638961,1.79791509,6.92949493,0.00000000,0.00000000,9.18235041,0.01144753,1.01512040,0.64084782,0.00000000,0.00000000,0.00000000,0.00000000,0.75111674,0.38187982,0.70945483,0.84686065,0.93538538,0.75111674,0.38187982,0.70945483,0.84686065,0.93538538,-23.24972784,-46.21275378,0.85385299,0.50707567,-nan,-nan,-nan,-nan,0.00000000,0.00000000,0.00000000,0.00000000,0.00000000,0.00000000,-nan,0.00000000,13.39040180
