Y,A,A_rep,A_hid,L,Q,K,W,P,r,taua,abar,tauk,taul,WtaxRev,KtaxRev,WtaxRev_lost,KtaxRev_lost,G,lump_sum,ylbar,WtaxPct,ShelterPct,ShelterPctP99,TaxEvasionP99,ConcealPctP99,gini,p90,p99,p999,p9999,gini_total,p90_total,p99_total,p999_total,p9999_total,welfare,welfare0,approval,approval0,conceal_share_e,conceal_share_n,evasion_share_e,evasion_share_n,conceal_frac_e,conceal_frac_n,evasion_frac_e,evasion_frac_n,shelter_pct_e,shelter_pct_n,detection_rate,detection_revenue,wtax_evasion_elast
65.56178238,2.85515957,2.85515957,0.00000000,29.60196273,258.72162965,50.95377482,1.28458034,0.15414522,0.04135578,0.03254090,34.77489558,0.25000000,0.18639239,1.80870501,6.93094786,0.00000000,0.00000000,9.18235041,0.01150499,1.01512040,0.85271967,0.00000000,0.00000000,0.00000000,0.00000000,0.75091876,0.38222121,0.70963320,0.84660474,0.93526217,0.75091876,0.38222121,0.70963320,0.84660474,0.93526217,-23.24813945,-46.21405226,0.85226977,0.50587447,-nan,-nan,-nan,-nan,0.00000000,0.00000000,0.00000000,0.00000000,0.00000000,0.00000000,-nan,0.00000000,13.39104566
