Y,A,A_rep,A_hid,L,Q,K,W,P,r,taua,abar,tauk,taul,WtaxRev,KtaxRev,WtaxRev_lost,KtaxRev_lost,G,lump_sum,ylbar,WtaxPct,ShelterPct,ShelterPctP99,TaxEvasionP99,ConcealPctP99,gini,p90,p99,p999,p9999,gini_total,p90_total,p99_total,p999_total,p9999_total,welfare,welfare0,approval,approval0,conceal_share_e,conceal_share_n,evasion_share_e,evasion_share_n,conceal_frac_e,conceal_frac_n,evasion_frac_e,evasion_frac_n,shelter_pct_e,shelter_pct_n,detection_rate,detection_revenue,wtax_evasion_elast
65.63944202,2.85873816,2.85873816,0.00000000,29.61241443,259.31420045,51.08032343,1.28564257,0.15400968,0.04123698,0.03189254,36.01972148,0.25000000,0.18638086,1.76685337,6.92655478,0.00000000,0.00000000,9.18235041,0.01128261,1.01512040,0.64624069,0.00000000,0.00000000,0.00000000,0.00000000,0.75168266,0.38101863,0.70811811,0.84606998,0.93511082,0.75168266,0.38101863,0.70811811,0.84606998,0.93511082,-23.25699280,-46.21646425,0.85768000,0.51003327,-nan,-nan,-nan,-nan,0.00000000,0.00000000,0.00000000,0.00000000,0.00000000,0.00000000,-nan,0.00000000,13.43039863
