Y,A,A_rep,A_hid,L,Q,K,W,P,r,taua,abar,tauk,taul,WtaxRev,KtaxRev,WtaxRev_lost,KtaxRev_lost,G,lump_sum,ylbar,WtaxPct,ShelterPct,ShelterPctP99,TaxEvasionP99,ConcealPctP99,gini,p90,p99,p999,p9999,gini_total,p90_total,p99_total,p999_total,p9999_total,welfare,welfare0,approval,approval0,conceal_share_e,conceal_share_n,evasion_share_e,evasion_share_n,conceal_frac_e,conceal_frac_n,evasion_frac_e,evasion_frac_n,shelter_pct_e,shelter_pct_n,detection_rate,detection_revenue,wtax_evasion_elast
65.61835563,2.85780679,2.85780679,0.00000000,29.60933079,259.15270894,51.04660805,1.28535942,0.15404602,0.04126761,0.03213000,35.83540832,0.25000000,0.18638512,1.77788725,6.92775117,0.00000000,0.00000000,9.18235041,0.01134876,1.01512040,0.64380915,0.00000000,0.00000000,0.00000000,0.00000000,0.75148515,0.38138793,0.70863537,0.84630500,0.93518541,0.75148515,0.38138793,0.70863537,0.84630500,0.93518541,-23.25389449,-46.21412200,0.85621481,0.51002492,-nan,-nan,-nan,-nan,0.00000000,0.00000000,0.00000000,0.00000000,0.00000000,0.00000000,-nan,0.00000000,13.41795070
