Y,A,A_rep,A_hid,L,Q,K,W,P,r,taua,abar,tauk,taul,WtaxRev,KtaxRev,WtaxRev_lost,KtaxRev_lost,G,lump_sum,ylbar,WtaxPct,ShelterPct,ShelterPctP99,TaxEvasionP99,ConcealPctP99,gini,p90,p99,p999,p9999,gini_total,p90_total,p99_total,p999_total,p9999_total,welfare,welfare0,approval,approval0,conceal_share_e,conceal_share_n,evasion_share_e,evasion_share_n,conceal_frac_e,conceal_frac_n,evasion_frac_e,evasion_frac_n,shelter_pct_e,shelter_pct_n,detection_rate,detection_revenue,wtax_evasion_elast
73.74841407,3.12293743,3.00465908,0.11827835,30.15532909,333.67565597,65.77085289,1.41845552,0.13790665,0.02961166,0.00000531,458.91580466,0.25000000,0.18604279,0.00017155,5.97196408,0.00004943,0.53559910,9.29156816,0.00000535,1.08952447,0.04827020,0.09978483,30.89148443,7.67519293,33.58846338,0.77732413,0.34204799,0.64030232,0.80056108,0.91644515,0.78572112,0.32909324,0.61609583,0.77456363,0.90255099,-23.72430095,-47.57565678,0.88079817,0.97708349,0.31221550,0.68778450,0.91880476,0.08119524,0.03624592,0.03866243,0.05882117,0.00304748,0.38397676,0.03116894,0.68007668,0.03701496,-4.97047962
