Y,A,A_rep,A_hid,L,Q,K,W,P,r,taua,abar,tauk,taul,WtaxRev,KtaxRev,WtaxRev_lost,KtaxRev_lost,G,lump_sum,ylbar,WtaxPct,ShelterPct,ShelterPctP99,TaxEvasionP99,ConcealPctP99,gini,p90,p99,p999,p9999,gini_total,p90_total,p99_total,p999_total,p9999_total,welfare,welfare0,approval,approval0,conceal_share_e,conceal_share_n,evasion_share_e,evasion_share_n,conceal_frac_e,conceal_frac_n,evasion_frac_e,evasion_frac_n,shelter_pct_e,shelter_pct_n,detection_rate,detection_revenue,wtax_evasion_elast
65.58184017,2.85620851,2.85620851,0.00000000,29.60418254,258.87108760,50.98997147,1.28486498,0.15411065,0.04131791,0.03255240,35.37854374,0.25000000,0.18639000,1.79918540,6.92972362,0.00000000,0.00000000,9.18235041,0.01146006,1.01512040,0.63896297,0.00000000,0.00000000,0.00000000,0.00000000,0.75111260,0.38190374,0.70944684,0.84673820,0.93533592,0.75111260,0.38190374,0.70944684,0.84673820,0.93533592,-23.24914205,-46.21191231,0.85415178,0.50707538,-nan,-nan,-nan,-nan,0.00000000,0.00000000,0.00000000,0.00000000,0.00000000,0.00000000,-nan,0.00000000,13.39529086
