Y,A,A_rep,A_hid,L,Q,K,W,P,r,taua,abar,tauk,taul,WtaxRev,KtaxRev,WtaxRev_lost,KtaxRev_lost,G,lump_sum,ylbar,WtaxPct,ShelterPct,ShelterPctP99,TaxEvasionP99,ConcealPctP99,gini,p90,p99,p999,p9999,gini_total,p90_total,p99_total,p999_total,p9999_total,welfare,welfare0,approval,approval0,conceal_share_e,conceal_share_n,evasion_share_e,evasion_share_n,conceal_frac_e,conceal_frac_n,evasion_frac_e,evasion_frac_n,shelter_pct_e,shelter_pct_n,detection_rate,detection_revenue,wtax_evasion_elast
65.61048975,2.85793406,2.85793406,0.00000000,29.60686269,259.10290863,51.04566811,1.28531597,0.15405469,0.04125863,0.03344817,39.09905878,0.25000000,0.18638343,1.77875911,6.92758539,0.00000000,0.00000000,9.18235041,0.01131903,1.01512040,0.66976279,0.00000000,0.00000000,0.00000000,0.00000000,0.75135906,0.38151015,0.70957759,0.84833800,0.93606701,0.75135906,0.38151015,0.70957759,0.84833800,0.93606701,-23.25512415,-46.21768691,0.85431980,0.50717593,-nan,-nan,-nan,-nan,0.00000000,0.00000000,0.00000000,0.00000000,0.00000000,0.00000000,-nan,0.00000000,13.32782072
