Y,A,A_rep,A_hid,L,Q,K,W,P,r,taua,abar,tauk,taul,WtaxRev,KtaxRev,WtaxRev_lost,KtaxRev_lost,G,lump_sum,ylbar,WtaxPct,ShelterPct,ShelterPctP99,TaxEvasionP99,ConcealPctP99,gini,p90,p99,p999,p9999,gini_total,p90_total,p99_total,p999_total,p9999_total,welfare,welfare0,approval,approval0,conceal_share_e,conceal_share_n,evasion_share_e,evasion_share_n,conceal_frac_e,conceal_frac_n,evasion_frac_e,evasion_frac_n,shelter_pct_e,shelter_pct_n,detection_rate,detection_revenue,wtax_evasion_elast
73.46105311,3.10945982,2.90937103,0.20008879,30.12015098,330.98029797,65.41833663,1.41459847,0.13837776,0.02972997,0.01397003,943.39073834,0.25000000,0.18607088,0.19378031,5.91773369,0.16257753,0.54507074,9.29156816,0.00090158,1.08952447,0.01389636,0.10423977,41.14948384,9.19289954,55.57629189,0.76995164,0.35335508,0.66323385,0.83201288,0.94051826,0.78471109,0.33061724,0.62060347,0.78296205,0.91129848,-23.70465178,-47.57467887,0.67605644,0.33483266,0.26334878,0.73665122,0.77105332,0.22894668,0.05185098,0.07041582,0.06387515,0.01124631,0.38885823,0.03552089,0.67597348,0.05089577,32.27769155
