Y,A,A_rep,A_hid,L,Q,K,W,P,r,taua,abar,tauk,taul,WtaxRev,KtaxRev,WtaxRev_lost,KtaxRev_lost,G,lump_sum,ylbar,WtaxPct,ShelterPct,ShelterPctP99,TaxEvasionP99,ConcealPctP99,gini,p90,p99,p999,p9999,gini_total,p90_total,p99_total,p999_total,p9999_total,welfare,welfare0,approval,approval0,conceal_share_e,conceal_share_n,evasion_share_e,evasion_share_n,conceal_frac_e,conceal_frac_n,evasion_frac_e,evasion_frac_n,shelter_pct_e,shelter_pct_n,detection_rate,detection_revenue,wtax_evasion_elast
64.87994466,2.82740401,2.82740401,0.00000000,29.50429260,253.47495717,49.96783755,1.27542921,0.15538093,0.04218953,0.04736846,41.59010418,0.25000000,0.18647047,2.14146307,6.96562794,0.00000000,0.00000000,9.18235041,0.01284954,1.01512040,0.49848141,0.00000000,0.00000000,0.00000000,0.00000000,0.74448298,0.39205038,0.72873874,0.86343160,0.94183070,0.74448298,0.39205038,0.72873874,0.86343160,0.94183070,-23.21654899,-46.29145893,0.79444102,0.42039931,-nan,-nan,-nan,-nan,0.00000000,0.00000000,0.00000000,0.00000000,0.00000000,0.00000000,-nan,0.00000000,12.53129729
