Y,A,A_rep,A_hid,L,Q,K,W,P,r,taua,abar,tauk,taul,WtaxRev,KtaxRev,WtaxRev_lost,KtaxRev_lost,G,lump_sum,ylbar,WtaxPct,ShelterPct,ShelterPctP99,TaxEvasionP99,ConcealPctP99,gini,p90,p99,p999,p9999,gini_total,p90_total,p99_total,p999_total,p9999_total,welfare,welfare0,approval,approval0,conceal_share_e,conceal_share_n,evasion_share_e,evasion_share_n,conceal_frac_e,conceal_frac_n,evasion_frac_e,evasion_frac_n,shelter_pct_e,shelter_pct_n,detection_rate,detection_revenue,wtax_evasion_elast
73.60000912,3.11471151,2.90283996,0.21187155,30.14028717,332.21355538,65.63156252,1.41636237,0.13817994,0.02962341,0.00578566,519.25683146,0.25000000,0.18605098,0.12915246,5.90418143,0.08863073,0.54359659,9.29156816,0.00031891,1.08952447,0.03374957,0.10484206,36.40868077,8.56315934,56.76717741,0.76960387,0.35385472,0.66358768,0.83119404,0.93508846,0.78522999,0.32978451,0.61849525,0.77914458,0.90708346,-23.72949840,-47.60502092,0.49306087,0.09256047,0.25435606,0.74564394,0.83623052,0.16376948,0.05294697,0.07534067,0.06244578,0.00722681,0.39272119,0.03533592,0.67262977,0.04640031,53.50524276
