Y,A,A_rep,A_hid,L,Q,K,W,P,r,taua,abar,tauk,taul,WtaxRev,KtaxRev,WtaxRev_lost,KtaxRev_lost,G,lump_sum,ylbar,WtaxPct,ShelterPct,ShelterPctP99,TaxEvasionP99,ConcealPctP99,gini,p90,p99,p999,p9999,gini_total,p90_total,p99_total,p999_total,p9999_total,welfare,welfare0,approval,approval0,conceal_share_e,conceal_share_n,evasion_share_e,evasion_share_n,conceal_frac_e,conceal_frac_n,evasion_frac_e,evasion_frac_n,shelter_pct_e,shelter_pct_n,detection_rate,detection_revenue,wtax_evasion_elast
73.59966375,3.11501709,2.93095761,0.18405948,30.13808914,332.26213286,65.57950442,1.41640310,0.13815518,0.02968282,0.00733179,1034.53043744,0.25000000,0.18605465,0.11014046,5.92843385,0.07600046,0.53987653,9.29156816,0.00039004,1.08952447,0.01388539,0.10279984,34.92232961,8.38224648,54.66200140,0.77163243,0.35076201,0.65743591,0.82330401,0.93526391,0.78508462,0.33003626,0.61863602,0.77910006,0.90748451,-23.72034587,-47.58865502,0.62585296,0.29757398,0.26468019,0.73531981,0.84349797,0.15650203,0.04788621,0.06452044,0.06143049,0.00672763,0.38900482,0.03369792,0.67665577,0.04460309,42.62933687
