Y,A,A_rep,A_hid,L,Q,K,W,P,r,taua,abar,tauk,taul,WtaxRev,KtaxRev,WtaxRev_lost,KtaxRev_lost,G,lump_sum,ylbar,WtaxPct,ShelterPct,ShelterPctP99,TaxEvasionP99,ConcealPctP99,gini,p90,p99,p999,p9999,gini_total,p90_total,p99_total,p999_total,p9999_total,welfare,welfare0,approval,approval0,conceal_share_e,conceal_share_n,evasion_share_e,evasion_share_n,conceal_frac_e,conceal_frac_n,evasion_frac_e,evasion_frac_n,shelter_pct_e,shelter_pct_n,detection_rate,detection_revenue,wtax_evasion_elast
65.58378131,2.85632010,2.85632010,0.00000000,29.60439854,258.89091831,50.99355627,1.28490103,0.15410556,0.04131477,0.03257624,35.53296654,0.25000000,0.18638987,1.79802192,6.92952553,0.00000000,0.00000000,9.18235041,0.01145250,1.01512040,0.64021382,0.00000000,0.00000000,0.00000000,0.00000000,0.75112589,0.38187295,0.70942140,0.84678978,0.93536713,0.75112589,0.38187295,0.70942140,0.84678978,0.93536713,-23.24928447,-46.21173592,0.85478608,0.50711340,-nan,-nan,-nan,-nan,0.00000000,0.00000000,0.00000000,0.00000000,0.00000000,0.00000000,-nan,0.00000000,13.39142637
