Y,A,A_rep,A_hid,L,Q,K,W,P,r,taua,abar,tauk,taul,WtaxRev,KtaxRev,WtaxRev_lost,KtaxRev_lost,G,lump_sum,ylbar,WtaxPct,ShelterPct,ShelterPctP99,TaxEvasionP99,ConcealPctP99,gini,p90,p99,p999,p9999,gini_total,p90_total,p99_total,p999_total,p9999_total,welfare,welfare0,approval,approval0,conceal_share_e,conceal_share_n,evasion_share_e,evasion_share_n,conceal_frac_e,conceal_frac_n,evasion_frac_e,evasion_frac_n,shelter_pct_e,shelter_pct_n,detection_rate,detection_revenue,wtax_evasion_elast
65.67606383,2.86242936,2.86242936,0.00000000,29.61491671,259.53696512,51.22599005,1.28624309,0.15397550,0.04102767,0.04069911,62.84924534,0.25000000,0.18635351,1.71498685,6.92200985,0.00000000,0.00000000,9.18235041,0.01073300,1.01512040,0.39641046,0.00000000,0.00000000,0.00000000,0.00000000,0.75196226,0.38020854,0.71102513,0.85828552,0.94065850,0.75196226,0.38020854,0.71102513,0.85828552,0.94065850,-23.29301098,-46.27776874,0.83467513,0.47286662,-nan,-nan,-nan,-nan,0.00000000,0.00000000,0.00000000,0.00000000,0.00000000,0.00000000,-nan,0.00000000,12.99455173
