Y,A,A_rep,A_hid,L,Q,K,W,P,r,taua,abar,tauk,taul,WtaxRev,KtaxRev,WtaxRev_lost,KtaxRev_lost,G,lump_sum,ylbar,WtaxPct,ShelterPct,ShelterPctP99,TaxEvasionP99,ConcealPctP99,gini,p90,p99,p999,p9999,gini_total,p90_total,p99_total,p999_total,p9999_total,welfare,welfare0,approval,approval0,conceal_share_e,conceal_share_n,evasion_share_e,evasion_share_n,conceal_frac_e,conceal_frac_n,evasion_frac_e,evasion_frac_n,shelter_pct_e,shelter_pct_n,detection_rate,detection_revenue,wtax_evasion_elast
65.49391144,2.84946918,2.84946918,0.00000000,29.59931552,258.17555924,50.77286992,1.28335832,0.15427781,0.04158582,0.03000000,27.86329863,0.25000000,0.18639508,1.83729397,6.93811909,0.00000000,0.00000000,9.18235041,0.01163966,1.01512040,1.07492888,0.00000000,0.00000000,0.00000000,0.00000000,0.75007622,0.38360528,0.70681795,0.84195528,0.93335758,0.75007622,0.38360528,0.70681795,0.84195528,0.93335758,-23.24944801,-46.23871020,0.83817559,0.47115776,-nan,-nan,-nan,-nan,0.00000000,0.00000000,0.00000000,0.00000000,0.00000000,0.00000000,-nan,0.00000000,13.56506584
