Y,A,A_rep,A_hid,L,Q,K,W,P,r,taua,abar,tauk,taul,WtaxRev,KtaxRev,WtaxRev_lost,KtaxRev_lost,G,lump_sum,ylbar,WtaxPct,ShelterPct,ShelterPctP99,TaxEvasionP99,ConcealPctP99,gini,p90,p99,p999,p9999,gini_total,p90_total,p99_total,p999_total,p9999_total,welfare,welfare0,approval,approval0,conceal_share_e,conceal_share_n,evasion_share_e,evasion_share_n,conceal_frac_e,conceal_frac_n,evasion_frac_e,evasion_frac_n,shelter_pct_e,shelter_pct_n,detection_rate,detection_revenue,wtax_evasion_elast
65.82143710,2.86734930,2.86734930,0.00000000,29.63680322,260.69776147,51.38843311,1.28813825,0.15369773,0.04094075,0.03151506,42.83862356,0.25000000,0.18635017,1.66143549,6.91578329,0.00000000,0.00000000,9.18235041,0.01067183,1.01512040,0.54828944,0.00000000,0.00000000,0.00000000,0.00000000,0.75339976,0.37829806,0.70499956,0.84659883,0.93552548,0.75339976,0.37829806,0.70499956,0.84659883,0.93552548,-23.28365684,-46.23222833,0.87004691,0.52881400,-nan,-nan,-nan,-nan,0.00000000,0.00000000,0.00000000,0.00000000,0.00000000,0.00000000,-nan,0.00000000,13.48619121
