Y,A,A_rep,A_hid,L,Q,K,W,P,r,taua,abar,tauk,taul,WtaxRev,KtaxRev,WtaxRev_lost,KtaxRev_lost,G,lump_sum,ylbar,WtaxPct,ShelterPct,ShelterPctP99,TaxEvasionP99,ConcealPctP99,gini,p90,p99,p999,p9999,gini_total,p90_total,p99_total,p999_total,p9999_total,welfare,welfare0,approval,approval0,conceal_share_e,conceal_share_n,evasion_share_e,evasion_share_n,conceal_frac_e,conceal_frac_n,evasion_frac_e,evasion_frac_n,shelter_pct_e,shelter_pct_n,detection_rate,detection_revenue,wtax_evasion_elast
65.17684035,2.83083207,2.83083207,0.00000000,29.56676720,255.73736002,50.13117094,1.27855138,0.15484771,0.04230911,0.03000000,22.06760754,0.25000000,0.18641484,1.97605215,6.96142108,0.00000000,0.00000000,9.18235041,0.01218024,1.01512040,1.39547345,0.00000000,0.00000000,0.00000000,0.00000000,0.74621040,0.38971977,0.70749274,0.83965471,0.93228110,0.74621040,0.38971977,0.70749274,0.83965471,0.93228110,-23.24330697,-46.30941146,0.80061925,0.43457983,-nan,-nan,-nan,-nan,0.00000000,0.00000000,0.00000000,0.00000000,0.00000000,0.00000000,-nan,0.00000000,13.81600832
