Y,A,A_rep,A_hid,L,Q,K,W,P,r,taua,abar,tauk,taul,WtaxRev,KtaxRev,WtaxRev_lost,KtaxRev_lost,G,lump_sum,ylbar,WtaxPct,ShelterPct,ShelterPctP99,TaxEvasionP99,ConcealPctP99,gini,p90,p99,p999,p9999,gini_total,p90_total,p99_total,p999_total,p9999_total,welfare,welfare0,approval,approval0,conceal_share_e,conceal_share_n,evasion_share_e,evasion_share_n,conceal_frac_e,conceal_frac_n,evasion_frac_e,evasion_frac_n,shelter_pct_e,shelter_pct_n,detection_rate,detection_revenue,wtax_evasion_elast
65.94894226,2.87304965,2.87304965,0.00000000,29.65536084,261.65780218,51.59632305,1.28982204,0.15348644,0.04074955,0.03000000,44.27575620,0.25000000,0.18633049,1.59233372,6.90880703,0.00000000,0.00000000,9.18235041,0.01030489,1.01512040,0.56043791,0.00000000,0.00000000,0.00000000,0.00000000,0.75458185,0.37639941,0.70195506,0.84493243,0.93496993,0.75458185,0.37639941,0.70195506,0.84493243,0.93496993,-23.29889672,-46.23726368,0.88422478,0.60993042,-nan,-nan,-nan,-nan,0.00000000,0.00000000,0.00000000,0.00000000,0.00000000,0.00000000,-nan,0.00000000,13.58094670
