Y,A,A_rep,A_hid,L,Q,K,W,P,r,taua,abar,tauk,taul,WtaxRev,KtaxRev,WtaxRev_lost,KtaxRev_lost,G,lump_sum,ylbar,WtaxPct,ShelterPct,ShelterPctP99,TaxEvasionP99,ConcealPctP99,gini,p90,p99,p999,p9999,gini_total,p90_total,p99_total,p999_total,p9999_total,welfare,welfare0,approval,approval0,conceal_share_e,conceal_share_n,evasion_share_e,evasion_share_n,conceal_frac_e,conceal_frac_n,evasion_frac_e,evasion_frac_n,shelter_pct_e,shelter_pct_n,detection_rate,detection_revenue,wtax_evasion_elast
65.58453724,2.85638653,2.85638653,0.00000000,29.60442605,258.89279500,50.99448058,1.28490553,0.15410523,0.04131351,0.03249590,35.37127834,0.25000000,0.18639097,1.79724026,6.92962450,0.00000000,0.00000000,9.18235041,0.01145787,1.01512040,0.63908003,0.00000000,0.00000000,0.00000000,0.00000000,0.75114481,0.38186881,0.70934764,0.84666596,0.93530204,0.75114481,0.38186881,0.70934764,0.84666596,0.93530204,-23.24872653,-46.21046405,0.85520726,0.50995652,-nan,-nan,-nan,-nan,0.00000000,0.00000000,0.00000000,0.00000000,0.00000000,0.00000000,-nan,0.00000000,13.39951493
