Y,A,A_rep,A_hid,L,Q,K,W,P,r,taua,abar,tauk,taul,WtaxRev,KtaxRev,WtaxRev_lost,KtaxRev_lost,G,lump_sum,ylbar,WtaxPct,ShelterPct,ShelterPctP99,TaxEvasionP99,ConcealPctP99,gini,p90,p99,p999,p9999,gini_total,p90_total,p99_total,p999_total,p9999_total,welfare,welfare0,approval,approval0,conceal_share_e,conceal_share_n,evasion_share_e,evasion_share_n,conceal_frac_e,conceal_frac_n,evasion_frac_e,evasion_frac_n,shelter_pct_e,shelter_pct_n,detection_rate,detection_revenue,wtax_evasion_elast
73.47252899,3.11087556,2.91854562,0.19232994,30.12544862,330.90011708,65.54798048,1.41457125,0.13842981,0.02958485,0.01762806,1376.74741399,0.25000000,0.18606561,0.16204535,5.92592522,0.17182134,0.54156579,9.29156816,0.00075846,1.08952447,0.00919781,0.10316681,46.46708601,10.31819014,51.61396763,0.77115762,0.35168032,0.66049129,0.82939382,0.94418686,0.78526460,0.32993768,0.61971410,0.78253325,0.91204708,-23.72369155,-47.60658454,0.59476793,0.26746897,0.29791395,0.70208605,0.78255949,0.21744051,0.05629125,0.06451624,0.06535829,0.01078003,0.38940646,0.03405652,0.68235408,0.05938414,34.56836814
