Y,A,A_rep,A_hid,L,Q,K,W,P,r,taua,abar,tauk,taul,WtaxRev,KtaxRev,WtaxRev_lost,KtaxRev_lost,G,lump_sum,ylbar,WtaxPct,ShelterPct,ShelterPctP99,TaxEvasionP99,ConcealPctP99,gini,p90,p99,p999,p9999,gini_total,p90_total,p99_total,p999_total,p9999_total,welfare,welfare0,approval,approval0,conceal_share_e,conceal_share_n,evasion_share_e,evasion_share_n,conceal_frac_e,conceal_frac_n,evasion_frac_e,evasion_frac_n,shelter_pct_e,shelter_pct_n,detection_rate,detection_revenue,wtax_evasion_elast
65.74711968,2.86326073,2.86326073,0.00000000,29.62851443,260.11872165,51.24788507,1.28703970,0.15383128,0.04108692,0.03000000,35.01995316,0.25000000,0.18636714,1.70935678,6.92102958,0.00000000,0.00000000,9.18235041,0.01100310,1.01512040,0.86602337,0.00000000,0.00000000,0.00000000,0.00000000,0.75276134,0.37934393,0.70504821,0.84373654,0.93425333,0.75276134,0.37934393,0.70504821,0.84373654,0.93425333,-23.26886026,-46.21793115,0.86888385,0.52944563,-nan,-nan,-nan,-nan,0.00000000,0.00000000,0.00000000,0.00000000,0.00000000,0.00000000,-nan,0.00000000,13.56361063
