Y,A,A_rep,A_hid,L,Q,K,W,P,r,taua,abar,tauk,taul,WtaxRev,KtaxRev,WtaxRev_lost,KtaxRev_lost,G,lump_sum,ylbar,WtaxPct,ShelterPct,ShelterPctP99,TaxEvasionP99,ConcealPctP99,gini,p90,p99,p999,p9999,gini_total,p90_total,p99_total,p999_total,p9999_total,welfare,welfare0,approval,approval0,conceal_share_e,conceal_share_n,evasion_share_e,evasion_share_n,conceal_frac_e,conceal_frac_n,evasion_frac_e,evasion_frac_n,shelter_pct_e,shelter_pct_n,detection_rate,detection_revenue,wtax_evasion_elast
64.67544979,2.81973971,2.81973971,0.00000000,29.47765684,251.81694253,49.71826288,1.27254232,0.15580673,0.04235908,0.05479002,46.84709601,0.25000000,0.18648393,2.22539487,6.97546737,0.00000000,0.00000000,9.18235041,0.01303100,1.01512040,0.53136293,0.00000000,0.00000000,0.00000000,0.00000000,0.74257484,0.39476831,0.73499847,0.87091082,0.94504193,0.74257484,0.39476831,0.73499847,0.87091082,0.94504193,-23.22795255,-46.35399660,0.77123709,0.40607566,-nan,-nan,-nan,-nan,0.00000000,0.00000000,0.00000000,0.00000000,0.00000000,0.00000000,-nan,0.00000000,12.13110415
