Y,A,A_rep,A_hid,L,Q,K,W,P,r,taua,abar,tauk,taul,WtaxRev,KtaxRev,WtaxRev_lost,KtaxRev_lost,G,lump_sum,ylbar,WtaxPct,ShelterPct,ShelterPctP99,TaxEvasionP99,ConcealPctP99,gini,p90,p99,p999,p9999,gini_total,p90_total,p99_total,p999_total,p9999_total,welfare,welfare0,approval,approval0,conceal_share_e,conceal_share_n,evasion_share_e,evasion_share_n,conceal_frac_e,conceal_frac_n,evasion_frac_e,evasion_frac_n,shelter_pct_e,shelter_pct_n,detection_rate,detection_revenue,wtax_evasion_elast
65.79500097,2.86553525,2.86553525,0.00000000,29.63501432,260.48194156,51.32882139,1.28769242,0.15374983,0.04100937,0.03000000,37.21509487,0.25000000,0.18635766,1.68071456,6.91821352,0.00000000,0.00000000,9.18235041,0.01082599,1.01512040,0.66230153,0.00000000,0.00000000,0.00000000,0.00000000,0.75318161,0.37863442,0.70437776,0.84403080,0.93442788,0.75318161,0.37863442,0.70437776,0.84403080,0.93442788,-23.27666730,-46.22499554,0.87192823,0.59630949,-nan,-nan,-nan,-nan,0.00000000,0.00000000,0.00000000,0.00000000,0.00000000,0.00000000,-nan,0.00000000,13.55221442
