Y,A,A_rep,A_hid,L,Q,K,W,P,r,taua,abar,tauk,taul,WtaxRev,KtaxRev,WtaxRev_lost,KtaxRev_lost,G,lump_sum,ylbar,WtaxPct,ShelterPct,ShelterPctP99,TaxEvasionP99,ConcealPctP99,gini,p90,p99,p999,p9999,gini_total,p90_total,p99_total,p999_total,p9999_total,welfare,welfare0,approval,approval0,conceal_share_e,conceal_share_n,evasion_share_e,evasion_share_n,conceal_frac_e,conceal_frac_n,evasion_frac_e,evasion_frac_n,shelter_pct_e,shelter_pct_n,detection_rate,detection_revenue,wtax_evasion_elast
65.85490609,2.86900031,2.86900031,0.00000000,29.64125297,260.95332871,51.44727670,1.28860145,0.15364063,0.04088310,0.03173172,45.27959539,0.25000000,0.18634263,1.64112873,6.91380230,0.00000000,0.00000000,9.18235041,0.01054675,1.01512040,0.56210335,0.00000000,0.00000000,0.00000000,0.00000000,0.75369706,0.37777095,0.70448672,0.84710895,0.93578692,0.75369706,0.37777095,0.70448672,0.84710895,0.93578692,-23.28926227,-46.23698549,0.87273396,0.58817471,-nan,-nan,-nan,-nan,0.00000000,0.00000000,0.00000000,0.00000000,0.00000000,0.00000000,-nan,0.00000000,13.47008756
