Y,A,A_rep,A_hid,L,Q,K,W,P,r,taua,abar,tauk,taul,WtaxRev,KtaxRev,WtaxRev_lost,KtaxRev_lost,G,lump_sum,ylbar,WtaxPct,ShelterPct,ShelterPctP99,TaxEvasionP99,ConcealPctP99,gini,p90,p99,p999,p9999,gini_total,p90_total,p99_total,p999_total,p9999_total,welfare,welfare0,approval,approval0,conceal_share_e,conceal_share_n,evasion_share_e,evasion_share_n,conceal_frac_e,conceal_frac_n,evasion_frac_e,evasion_frac_n,shelter_pct_e,shelter_pct_n,detection_rate,detection_revenue,wtax_evasion_elast
65.78333131,2.86496803,2.86496803,0.00000000,29.63359264,260.39488574,51.30840493,1.28753114,0.15376953,0.04102986,0.03000000,36.75336443,0.25000000,0.18635943,1.68670751,6.91888676,0.00000000,0.00000000,9.18235041,0.01085900,1.01512040,0.65876067,0.00000000,0.00000000,0.00000000,0.00000000,0.75307769,0.37881034,0.70452768,0.84396302,0.93438712,0.75307769,0.37881034,0.70452768,0.84396302,0.93438712,-23.27553103,-46.22468799,0.86954486,0.53006658,-nan,-nan,-nan,-nan,0.00000000,0.00000000,0.00000000,0.00000000,0.00000000,0.00000000,-nan,0.00000000,13.55509649
