Y,A,A_rep,A_hid,L,Q,K,W,P,r,taua,abar,tauk,taul,WtaxRev,KtaxRev,WtaxRev_lost,KtaxRev_lost,G,lump_sum,ylbar,WtaxPct,ShelterPct,ShelterPctP99,TaxEvasionP99,ConcealPctP99,gini,p90,p99,p999,p9999,gini_total,p90_total,p99_total,p999_total,p9999_total,welfare,welfare0,approval,approval0,conceal_share_e,conceal_share_n,evasion_share_e,evasion_share_n,conceal_frac_e,conceal_frac_n,evasion_frac_e,evasion_frac_n,shelter_pct_e,shelter_pct_n,detection_rate,detection_revenue,wtax_evasion_elast
60.78593051,2.55148673,2.55148673,0.00000000,29.28998831,221.43497289,41.13999352,1.20367489,0.16440110,0.05490470,0.04007058,4.79205698,0.25000000,0.18679203,4.01582696,7.31098967,0.00000000,0.00000000,9.18235041,0.01937708,1.01512040,8.00587666,0.00000000,0.00000000,0.00000000,0.00000000,0.69883170,0.44571923,0.68763099,0.81675567,0.92225849,0.69883170,0.44571923,0.68763099,0.81675567,0.92225849,-23.44181087,-47.95637152,0.52392869,0.15820681,-nan,-nan,-nan,-nan,0.00000000,0.00000000,0.00000000,0.00000000,0.00000000,0.00000000,-nan,0.00000000,15.35871544
