Y,A,A_rep,A_hid,L,Q,K,W,P,r,taua,abar,tauk,taul,WtaxRev,KtaxRev,WtaxRev_lost,KtaxRev_lost,G,lump_sum,ylbar,WtaxPct,ShelterPct,ShelterPctP99,TaxEvasionP99,ConcealPctP99,gini,p90,p99,p999,p9999,gini_total,p90_total,p99_total,p999_total,p9999_total,welfare,welfare0,approval,approval0,conceal_share_e,conceal_share_n,evasion_share_e,evasion_share_n,conceal_frac_e,conceal_frac_n,evasion_frac_e,evasion_frac_n,shelter_pct_e,shelter_pct_n,detection_rate,detection_revenue,wtax_evasion_elast
65.58523487,2.85646157,2.85646157,0.00000000,29.60428710,258.89239032,50.99398884,1.28490742,0.15410484,0.04131403,0.03257323,35.60559335,0.25000000,0.18639138,1.79699983,6.92982366,0.00000000,0.00000000,9.18235041,0.01145171,1.01512040,0.64065101,0.00000000,0.00000000,0.00000000,0.00000000,0.75114064,0.38184452,0.70936847,0.84679103,0.93536687,0.75114064,0.38184452,0.70936847,0.84679103,0.93536687,-23.24918458,-46.21160542,0.85479039,0.50711340,-nan,-nan,-nan,-nan,0.00000000,0.00000000,0.00000000,0.00000000,0.00000000,0.00000000,-nan,0.00000000,13.39008708
