Y,A,A_rep,A_hid,L,Q,K,W,P,r,taua,abar,tauk,taul,WtaxRev,KtaxRev,WtaxRev_lost,KtaxRev_lost,G,lump_sum,ylbar,WtaxPct,ShelterPct,ShelterPctP99,TaxEvasionP99,ConcealPctP99,gini,p90,p99,p999,p9999,gini_total,p90_total,p99_total,p999_total,p9999_total,welfare,welfare0,approval,approval0,conceal_share_e,conceal_share_n,evasion_share_e,evasion_share_n,conceal_frac_e,conceal_frac_n,evasion_frac_e,evasion_frac_n,shelter_pct_e,shelter_pct_n,detection_rate,detection_revenue,wtax_evasion_elast
65.61577510,2.85747560,2.85747560,0.00000000,29.60935188,259.13106678,51.03655605,1.28530382,0.15405102,0.04128168,0.03170373,34.68274112,0.25000000,0.18638569,1.78032362,6.92822850,0.00000000,0.00000000,9.18235041,0.01137279,1.01512040,0.85317296,0.00000000,0.00000000,0.00000000,0.00000000,0.75146789,0.38135090,0.70817380,0.84558002,0.93488485,0.75146789,0.38135090,0.70817380,0.84558002,0.93488485,-23.25284408,-46.21316831,0.85718292,0.50958888,-nan,-nan,-nan,-nan,0.00000000,0.00000000,0.00000000,0.00000000,0.00000000,0.00000000,-nan,0.00000000,13.43301907
