Y,A,A_rep,A_hid,L,Q,K,W,P,r,taua,abar,tauk,taul,WtaxRev,KtaxRev,WtaxRev_lost,KtaxRev_lost,G,lump_sum,ylbar,WtaxPct,ShelterPct,ShelterPctP99,TaxEvasionP99,ConcealPctP99,gini,p90,p99,p999,p9999,gini_total,p90_total,p99_total,p999_total,p9999_total,welfare,welfare0,approval,approval0,conceal_share_e,conceal_share_n,evasion_share_e,evasion_share_n,conceal_frac_e,conceal_frac_n,evasion_frac_e,evasion_frac_n,shelter_pct_e,shelter_pct_n,detection_rate,detection_revenue,wtax_evasion_elast
65.60941427,2.85739280,2.85739280,0.00000000,29.60810616,259.08467684,51.03274648,1.28523920,0.15406164,0.04128008,0.03214391,35.44220512,0.25000000,0.18638749,1.78358130,6.92822419,0.00000000,0.00000000,9.18235041,0.01138388,1.01512040,0.64075894,0.00000000,0.00000000,0.00000000,0.00000000,0.75139055,0.38154700,0.70867683,0.84626639,0.93515775,0.75139055,0.38154700,0.70867683,0.84626639,0.93515775,-23.25198502,-46.21233645,0.85607110,0.51001861,-nan,-nan,-nan,-nan,0.00000000,0.00000000,0.00000000,0.00000000,0.00000000,0.00000000,-nan,0.00000000,13.42112914
