Y,A,A_rep,A_hid,L,Q,K,W,P,r,taua,abar,tauk,taul,WtaxRev,KtaxRev,WtaxRev_lost,KtaxRev_lost,G,lump_sum,ylbar,WtaxPct,ShelterPct,ShelterPctP99,TaxEvasionP99,ConcealPctP99,gini,p90,p99,p999,p9999,gini_total,p90_total,p99_total,p999_total,p9999_total,welfare,welfare0,approval,approval0,conceal_share_e,conceal_share_n,evasion_share_e,evasion_share_n,conceal_frac_e,conceal_frac_n,evasion_frac_e,evasion_frac_n,shelter_pct_e,shelter_pct_n,detection_rate,detection_revenue,wtax_evasion_elast
65.59745695,2.85693069,2.85693069,0.00000000,29.60635780,258.98821239,51.01487364,1.28507242,0.15408415,0.04129480,0.03228238,35.31499895,0.25000000,0.18638932,1.79023239,6.92894702,0.00000000,0.00000000,9.18235041,0.01142170,1.01512040,0.63934768,0.00000000,0.00000000,0.00000000,0.00000000,0.75127234,0.38171445,0.70899604,0.84641518,0.93520004,0.75127234,0.38171445,0.70899604,0.84641518,0.93520004,-23.25035232,-46.21120437,0.85570294,0.50995652,-nan,-nan,-nan,-nan,0.00000000,0.00000000,0.00000000,0.00000000,0.00000000,0.00000000,-nan,0.00000000,13.41451400
