Y,A,A_rep,A_hid,L,Q,K,W,P,r,taua,abar,tauk,taul,WtaxRev,KtaxRev,WtaxRev_lost,KtaxRev_lost,G,lump_sum,ylbar,WtaxPct,ShelterPct,ShelterPctP99,TaxEvasionP99,ConcealPctP99,gini,p90,p99,p999,p9999,gini_total,p90_total,p99_total,p999_total,p9999_total,welfare,welfare0,approval,approval0,conceal_share_e,conceal_share_n,evasion_share_e,evasion_share_n,conceal_frac_e,conceal_frac_n,evasion_frac_e,evasion_frac_n,shelter_pct_e,shelter_pct_n,detection_rate,detection_revenue,wtax_evasion_elast
65.57191029,2.85577514,2.85577514,0.00000000,29.60301089,258.80505160,50.97599126,1.28474490,0.15412577,0.04133094,0.03267499,35.33846161,0.25000000,0.18639110,1.80388872,6.93000994,0.00000000,0.00000000,9.18235041,0.01148029,1.01512040,0.63834357,0.00000000,0.00000000,0.00000000,0.00000000,0.75102022,0.38220872,0.70967015,0.84688616,0.93538718,0.75102022,0.38220872,0.70967015,0.84688616,0.93538718,-23.24843757,-46.21223176,0.85354381,0.50667878,-nan,-nan,-nan,-nan,0.00000000,0.00000000,0.00000000,0.00000000,0.00000000,0.00000000,-nan,0.00000000,13.39226793
