Y,A,A_rep,A_hid,L,Q,K,W,P,r,taua,abar,tauk,taul,WtaxRev,KtaxRev,WtaxRev_lost,KtaxRev_lost,G,lump_sum,ylbar,WtaxPct,ShelterPct,ShelterPctP99,TaxEvasionP99,ConcealPctP99,gini,p90,p99,p999,p9999,gini_total,p90_total,p99_total,p999_total,p9999_total,welfare,welfare0,approval,approval0,conceal_share_e,conceal_share_n,evasion_share_e,evasion_share_n,conceal_frac_e,conceal_frac_n,evasion_frac_e,evasion_frac_n,shelter_pct_e,shelter_pct_n,detection_rate,detection_revenue,wtax_evasion_elast
65.57294699,2.85621491,2.85621491,0.00000000,29.60173675,258.81145171,50.98362735,1.28479440,0.15412147,0.04131674,0.03374522,38.35729142,0.25000000,0.18638982,1.79979684,6.92983548,0.00000000,0.00000000,9.18235041,0.01143377,1.01512040,0.66082672,0.00000000,0.00000000,0.00000000,0.00000000,0.75096464,0.38206977,0.71039296,0.84855569,0.93613522,0.75096464,0.38206977,0.71039296,0.84855569,0.93613522,-23.25007639,-46.21535736,0.85201205,0.50628006,-nan,-nan,-nan,-nan,0.00000000,0.00000000,0.00000000,0.00000000,0.00000000,0.00000000,-nan,0.00000000,13.30474278
