Y,A,A_rep,A_hid,L,Q,K,W,P,r,taua,abar,tauk,taul,WtaxRev,KtaxRev,WtaxRev_lost,KtaxRev_lost,G,lump_sum,ylbar,WtaxPct,ShelterPct,ShelterPctP99,TaxEvasionP99,ConcealPctP99,gini,p90,p99,p999,p9999,gini_total,p90_total,p99_total,p999_total,p9999_total,welfare,welfare0,approval,approval0,conceal_share_e,conceal_share_n,evasion_share_e,evasion_share_n,conceal_frac_e,conceal_frac_n,evasion_frac_e,evasion_frac_n,shelter_pct_e,shelter_pct_n,detection_rate,detection_revenue,wtax_evasion_elast
65.56933861,2.85544127,2.85544127,0.00000000,29.60324294,258.78862467,50.96796947,1.28469746,0.15413014,0.04134269,0.03245521,34.83363211,0.25000000,0.18639075,1.80449726,6.93019535,0.00000000,0.00000000,9.18235041,0.01148209,1.01512040,0.85436412,0.00000000,0.00000000,0.00000000,0.00000000,0.75100338,0.38213193,0.70950101,0.84652106,0.93523966,0.75100338,0.38213193,0.70950101,0.84652106,0.93523966,-23.24894853,-46.21397926,0.85317094,0.50627524,-nan,-nan,-nan,-nan,0.00000000,0.00000000,0.00000000,0.00000000,0.00000000,0.00000000,-nan,0.00000000,13.39792727
