Y,A,A_rep,A_hid,L,Q,K,W,P,r,taua,abar,tauk,taul,WtaxRev,KtaxRev,WtaxRev_lost,KtaxRev_lost,G,lump_sum,ylbar,WtaxPct,ShelterPct,ShelterPctP99,TaxEvasionP99,ConcealPctP99,gini,p90,p99,p999,p9999,gini_total,p90_total,p99_total,p999_total,p9999_total,welfare,welfare0,approval,approval0,conceal_share_e,conceal_share_n,evasion_share_e,evasion_share_n,conceal_frac_e,conceal_frac_n,evasion_frac_e,evasion_frac_n,shelter_pct_e,shelter_pct_n,detection_rate,detection_revenue,wtax_evasion_elast
65.53864589,2.85362319,2.85362319,0.00000000,29.59953740,258.53986226,50.89935911,1.28421283,0.15418590,0.04141974,0.03204119,33.13977661,0.25000000,0.18639714,1.82047753,6.93320438,0.00000000,0.00000000,9.18235041,0.01158100,1.01512040,0.82016771,0.00000000,0.00000000,0.00000000,0.00000000,0.75065698,0.38266431,0.70935138,0.84562210,0.93484152,0.75065698,0.38266431,0.70935138,0.84562210,0.93484152,-23.24512914,-46.21495319,0.85045546,0.50101192,-nan,-nan,-nan,-nan,0.00000000,0.00000000,0.00000000,0.00000000,0.00000000,0.00000000,-nan,0.00000000,13.39445603
