Y,A,A_rep,A_hid,L,Q,K,W,P,r,taua,abar,tauk,taul,WtaxRev,KtaxRev,WtaxRev_lost,KtaxRev_lost,G,lump_sum,ylbar,WtaxPct,ShelterPct,ShelterPctP99,TaxEvasionP99,ConcealPctP99,gini,p90,p99,p999,p9999,gini_total,p90_total,p99_total,p999_total,p9999_total,welfare,welfare0,approval,approval0,conceal_share_e,conceal_share_n,evasion_share_e,evasion_share_n,conceal_frac_e,conceal_frac_n,evasion_frac_e,evasion_frac_n,shelter_pct_e,shelter_pct_n,detection_rate,detection_revenue,wtax_evasion_elast
65.56789378,2.85533895,2.85533895,0.00000000,29.60296681,258.77463368,50.96193720,1.28466757,0.15413261,0.04135052,0.03232842,34.55051008,0.25000000,0.18639151,1.80552720,6.93060042,0.00000000,0.00000000,9.18235041,0.01149451,1.01512040,0.84878198,0.00000000,0.00000000,0.00000000,0.00000000,0.75098639,0.38217402,0.70930098,0.84629702,0.93514664,0.75098639,0.38217402,0.70930098,0.84629702,0.93514664,-23.24825944,-46.21304788,0.85311717,0.50626498,-nan,-nan,-nan,-nan,0.00000000,0.00000000,0.00000000,0.00000000,0.00000000,0.00000000,-nan,0.00000000,13.39408080
