Y,A,A_rep,A_hid,L,Q,K,W,P,r,taua,abar,tauk,taul,WtaxRev,KtaxRev,WtaxRev_lost,KtaxRev_lost,G,lump_sum,ylbar,WtaxPct,ShelterPct,ShelterPctP99,TaxEvasionP99,ConcealPctP99,gini,p90,p99,p999,p9999,gini_total,p90_total,p99_total,p999_total,p9999_total,welfare,welfare0,approval,approval0,conceal_share_e,conceal_share_n,evasion_share_e,evasion_share_n,conceal_frac_e,conceal_frac_n,evasion_frac_e,evasion_frac_n,shelter_pct_e,shelter_pct_n,detection_rate,detection_revenue,wtax_evasion_elast
65.03418504,2.83615523,2.83615523,0.00000000,29.52911498,254.46857710,50.33013461,1.27737668,0.15520157,0.04174272,0.05602275,63.75997034,0.25000000,0.18642488,2.02066389,6.95480850,0.00000000,0.00000000,9.18235041,0.01192091,1.01512040,0.38308795,0.00000000,0.00000000,0.00000000,0.00000000,0.74618733,0.38910876,0.72769025,0.87308417,0.94670447,0.74618733,0.38910876,0.72769025,0.87308417,0.94670447,-23.27779399,-46.37900940,0.77706683,0.41254503,-nan,-nan,-nan,-nan,0.00000000,0.00000000,0.00000000,0.00000000,0.00000000,0.00000000,-nan,0.00000000,12.14910176
