Y,A,A_rep,A_hid,L,Q,K,W,P,r,taua,abar,tauk,taul,WtaxRev,KtaxRev,WtaxRev_lost,KtaxRev_lost,G,lump_sum,ylbar,WtaxPct,ShelterPct,ShelterPctP99,TaxEvasionP99,ConcealPctP99,gini,p90,p99,p999,p9999,gini_total,p90_total,p99_total,p999_total,p9999_total,welfare,welfare0,approval,approval0,conceal_share_e,conceal_share_n,evasion_share_e,evasion_share_n,conceal_frac_e,conceal_frac_n,evasion_frac_e,evasion_frac_n,shelter_pct_e,shelter_pct_n,detection_rate,detection_revenue,wtax_evasion_elast
65.51747270,2.85269935,2.85269935,0.00000000,29.59666502,258.38276296,50.86958680,1.28393932,0.15422246,0.04144490,0.03249331,33.46372258,0.25000000,0.18639845,1.83141715,6.93400028,0.00000000,0.00000000,9.18235041,0.01162066,1.01512040,0.82503837,0.00000000,0.00000000,0.00000000,0.00000000,0.75044727,0.38293574,0.71007916,0.84623399,0.93507590,0.75044727,0.38293574,0.71007916,0.84623399,0.93507590,-23.24438969,-46.21724267,0.84832017,0.49937336,-nan,-nan,-nan,-nan,0.00000000,0.00000000,0.00000000,0.00000000,0.00000000,0.00000000,-nan,0.00000000,13.36932901
