Y,A,A_rep,A_hid,L,Q,K,W,P,r,taua,abar,tauk,taul,WtaxRev,KtaxRev,WtaxRev_lost,KtaxRev_lost,G,lump_sum,ylbar,WtaxPct,ShelterPct,ShelterPctP99,TaxEvasionP99,ConcealPctP99,gini,p90,p99,p999,p9999,gini_total,p90_total,p99_total,p999_total,p9999_total,welfare,welfare0,approval,approval0,conceal_share_e,conceal_share_n,evasion_share_e,evasion_share_n,conceal_frac_e,conceal_frac_n,evasion_frac_e,evasion_frac_n,shelter_pct_e,shelter_pct_n,detection_rate,detection_revenue,wtax_evasion_elast
65.42804349,2.84811854,2.84811854,0.00000000,29.58574157,257.69428626,50.71005160,1.28265707,0.15438185,0.04160715,0.03253773,30.82888165,0.25000000,0.18641012,1.87735173,6.93980210,0.00000000,0.00000000,9.18235041,0.01185040,1.01512040,0.77688232,0.00000000,0.00000000,0.00000000,0.00000000,0.74960669,0.38427683,0.71105181,0.84566365,0.93476675,0.74960669,0.38427683,0.71105181,0.84566365,0.93476675,-23.23774560,-46.22461198,0.83839796,0.47193094,-nan,-nan,-nan,-nan,0.00000000,0.00000000,0.00000000,0.00000000,0.00000000,0.00000000,-nan,0.00000000,13.39414994
