Y,A,A_rep,A_hid,L,Q,K,W,P,r,taua,abar,tauk,taul,WtaxRev,KtaxRev,WtaxRev_lost,KtaxRev_lost,G,lump_sum,ylbar,WtaxPct,ShelterPct,ShelterPctP99,TaxEvasionP99,ConcealPctP99,gini,p90,p99,p999,p9999,gini_total,p90_total,p99_total,p999_total,p9999_total,welfare,welfare0,approval,approval0,conceal_share_e,conceal_share_n,evasion_share_e,evasion_share_n,conceal_frac_e,conceal_frac_n,evasion_frac_e,evasion_frac_n,shelter_pct_e,shelter_pct_n,detection_rate,detection_revenue,wtax_evasion_elast
66.02462140,2.87724566,2.87724566,0.00000000,29.66585065,262.18446938,51.77193358,1.29084743,0.15338493,0.04054562,0.03535787,68.39069625,0.25000000,0.18630386,1.52993832,6.90348375,0.00000000,0.00000000,9.18235041,0.00978675,1.01512040,0.33419132,0.00000000,0.00000000,0.00000000,0.00000000,0.75522066,0.37519798,0.70217728,0.85268795,0.93858200,0.75522066,0.37519798,0.70217728,0.85268795,0.93858200,-23.33100957,-46.28397406,0.86537232,0.52227363,-nan,-nan,-nan,-nan,0.00000000,0.00000000,0.00000000,0.00000000,0.00000000,0.00000000,-nan,0.00000000,13.34713255
