Y,A,A_rep,A_hid,L,Q,K,W,P,r,taua,abar,tauk,taul,WtaxRev,KtaxRev,WtaxRev_lost,KtaxRev_lost,G,lump_sum,ylbar,WtaxPct,ShelterPct,ShelterPctP99,TaxEvasionP99,ConcealPctP99,gini,p90,p99,p999,p9999,gini_total,p90_total,p99_total,p999_total,p9999_total,welfare,welfare0,approval,approval0,conceal_share_e,conceal_share_n,evasion_share_e,evasion_share_n,conceal_frac_e,conceal_frac_n,evasion_frac_e,evasion_frac_n,shelter_pct_e,shelter_pct_n,detection_rate,detection_revenue,wtax_evasion_elast
65.60463844,2.85723525,2.85723525,0.00000000,29.60733120,259.04687439,51.02562293,1.28517533,0.15407017,0.04128589,0.03226962,35.60649278,0.25000000,0.18638762,1.78598431,6.92848874,0.00000000,0.00000000,9.18235041,0.01139461,1.01512040,0.64171371,0.00000000,0.00000000,0.00000000,0.00000000,0.75134053,0.38160550,0.70891958,0.84644183,0.93523131,0.75134053,0.38160550,0.70891958,0.84644183,0.93523131,-23.25156298,-46.21249077,0.85588784,0.51001872,-nan,-nan,-nan,-nan,0.00000000,0.00000000,0.00000000,0.00000000,0.00000000,0.00000000,-nan,0.00000000,13.41092264
