Y,A,A_rep,A_hid,L,Q,K,W,P,r,taua,abar,tauk,taul,WtaxRev,KtaxRev,WtaxRev_lost,KtaxRev_lost,G,lump_sum,ylbar,WtaxPct,ShelterPct,ShelterPctP99,TaxEvasionP99,ConcealPctP99,gini,p90,p99,p999,p9999,gini_total,p90_total,p99_total,p999_total,p9999_total,welfare,welfare0,approval,approval0,conceal_share_e,conceal_share_n,evasion_share_e,evasion_share_n,conceal_frac_e,conceal_frac_n,evasion_frac_e,evasion_frac_n,shelter_pct_e,shelter_pct_n,detection_rate,detection_revenue,wtax_evasion_elast
65.72306222,2.86191275,2.86191275,0.00000000,29.62581598,259.93541797,51.20362063,1.28669287,0.15387347,0.04113283,0.03000000,34.37133669,0.25000000,0.18636944,1.72124549,6.92262861,0.00000000,0.00000000,9.18235041,0.01106333,1.01512040,0.85178152,0.00000000,0.00000000,0.00000000,0.00000000,0.75251177,0.37975451,0.70533611,0.84354519,0.93416870,0.75251177,0.37975451,0.70533611,0.84354519,0.93416870,-23.26710100,-46.21964268,0.86628541,0.52187499,-nan,-nan,-nan,-nan,0.00000000,0.00000000,0.00000000,0.00000000,0.00000000,0.00000000,-nan,0.00000000,13.54219849
