Y,A,A_rep,A_hid,L,Q,K,W,P,r,taua,abar,tauk,taul,WtaxRev,KtaxRev,WtaxRev_lost,KtaxRev_lost,G,lump_sum,ylbar,WtaxPct,ShelterPct,ShelterPctP99,TaxEvasionP99,ConcealPctP99,gini,p90,p99,p999,p9999,gini_total,p90_total,p99_total,p999_total,p9999_total,welfare,welfare0,approval,approval0,conceal_share_e,conceal_share_n,evasion_share_e,evasion_share_n,conceal_frac_e,conceal_frac_n,evasion_frac_e,evasion_frac_n,shelter_pct_e,shelter_pct_n,detection_rate,detection_revenue,wtax_evasion_elast
73.54501735,3.11282175,2.92910025,0.18372150,30.13029039,331.77544039,65.49156291,1.41569790,0.13823289,0.02972944,0.01053930,1149.24930729,0.25000000,0.18606193,0.14052130,5.92864741,0.10183087,0.54286302,9.29156816,0.00060198,1.08952447,0.01212803,0.10340984,35.17667282,8.51649254,54.20247766,0.77141022,0.35112385,0.65835532,0.82476142,0.93688144,0.78485985,0.33040021,0.61954597,0.78057067,0.90900428,-23.71200809,-47.58001458,0.67131446,0.32634463,0.26514299,0.73485701,0.81848681,0.18151319,0.04791523,0.06440708,0.06217850,0.00815106,0.39060851,0.03406800,0.67637639,0.04602361,34.48279297
