Y,A,A_rep,A_hid,L,Q,K,W,P,r,taua,abar,tauk,taul,WtaxRev,KtaxRev,WtaxRev_lost,KtaxRev_lost,G,lump_sum,ylbar,WtaxPct,ShelterPct,ShelterPctP99,TaxEvasionP99,ConcealPctP99,gini,p90,p99,p999,p9999,gini_total,p90_total,p99_total,p999_total,p9999_total,welfare,welfare0,approval,approval0,conceal_share_e,conceal_share_n,evasion_share_e,evasion_share_n,conceal_frac_e,conceal_frac_n,evasion_frac_e,evasion_frac_n,shelter_pct_e,shelter_pct_n,detection_rate,detection_revenue,wtax_evasion_elast
73.55618773,3.11276705,2.88750235,0.22526470,30.13465411,331.77383634,65.57813305,1.41574048,0.13825784,0.02963821,0.00735384,492.51141390,0.25000000,0.18605619,0.16052421,5.89605271,0.11999912,0.54460887,9.29156816,0.00046796,1.08952447,0.03203894,0.10617070,39.43622159,8.62875247,58.18277627,0.76841338,0.35571118,0.66733169,0.83628516,0.93748900,0.78512475,0.32996908,0.61908587,0.78028570,0.90807075,-23.72648797,-47.60483481,0.53214047,0.13785710,0.24981122,0.75018878,0.80688191,0.19311809,0.05530456,0.08065458,0.06311947,0.00894273,0.39585429,0.03622889,0.66619510,0.04780061,48.80640025
