Y,A,A_rep,A_hid,L,Q,K,W,P,r,taua,abar,tauk,taul,WtaxRev,KtaxRev,WtaxRev_lost,KtaxRev_lost,G,lump_sum,ylbar,WtaxPct,ShelterPct,ShelterPctP99,TaxEvasionP99,ConcealPctP99,gini,p90,p99,p999,p9999,gini_total,p90_total,p99_total,p999_total,p9999_total,welfare,welfare0,approval,approval0,conceal_share_e,conceal_share_n,evasion_share_e,evasion_share_n,conceal_frac_e,conceal_frac_n,evasion_frac_e,evasion_frac_n,shelter_pct_e,shelter_pct_n,detection_rate,detection_revenue,wtax_evasion_elast
65.59938883,2.85705726,2.85705726,0.00000000,29.60648651,259.00082410,51.01746710,1.28509686,0.15408096,0.04129227,0.03232475,35.53260610,0.25000000,0.18638898,1.78891507,6.92892409,0.00000000,0.00000000,9.18235041,0.01141244,1.01512040,0.64091512,0.00000000,0.00000000,0.00000000,0.00000000,0.75128931,0.38167814,0.70898925,0.84649934,0.93524284,0.75128931,0.38167814,0.70898925,0.84649934,0.93524284,-23.25081299,-46.21197222,0.85553746,0.50995681,-nan,-nan,-nan,-nan,0.00000000,0.00000000,0.00000000,0.00000000,0.00000000,0.00000000,-nan,0.00000000,13.40887316
