Y,A,A_rep,A_hid,L,Q,K,W,P,r,taua,abar,tauk,taul,WtaxRev,KtaxRev,WtaxRev_lost,KtaxRev_lost,G,lump_sum,ylbar,WtaxPct,ShelterPct,ShelterPctP99,TaxEvasionP99,ConcealPctP99,gini,p90,p99,p999,p9999,gini_total,p90_total,p99_total,p999_total,p9999_total,welfare,welfare0,approval,approval0,conceal_share_e,conceal_share_n,evasion_share_e,evasion_share_n,conceal_frac_e,conceal_frac_n,evasion_frac_e,evasion_frac_n,shelter_pct_e,shelter_pct_n,detection_rate,detection_revenue,wtax_evasion_elast
65.58982592,2.85655979,2.85655979,0.00000000,29.60538463,258.92991714,51.00200754,1.28496605,0.15409757,0.04130728,0.03230948,35.07889266,0.25000000,0.18639023,1.79450409,6.92941099,0.00000000,0.00000000,9.18235041,0.01144435,1.01512040,0.86134106,0.00000000,0.00000000,0.00000000,0.00000000,0.75120728,0.38181819,0.70908569,0.84639557,0.93519047,0.75120728,0.38181819,0.70908569,0.84639557,0.93519047,-23.24965355,-46.21124271,0.85527675,0.50987737,-nan,-nan,-nan,-nan,0.00000000,0.00000000,0.00000000,0.00000000,0.00000000,0.00000000,-nan,0.00000000,13.41367587
