Y,A,A_rep,A_hid,L,Q,K,W,P,r,taua,abar,tauk,taul,WtaxRev,KtaxRev,WtaxRev_lost,KtaxRev_lost,G,lump_sum,ylbar,WtaxPct,ShelterPct,ShelterPctP99,TaxEvasionP99,ConcealPctP99,gini,p90,p99,p999,p9999,gini_total,p90_total,p99_total,p999_total,p9999_total,welfare,welfare0,approval,approval0,conceal_share_e,conceal_share_n,evasion_share_e,evasion_share_n,conceal_frac_e,conceal_frac_n,evasion_frac_e,evasion_frac_n,shelter_pct_e,shelter_pct_n,detection_rate,detection_revenue,wtax_evasion_elast
65.51935418,2.85307622,2.85307622,0.00000000,29.59623161,258.40587443,50.88126141,1.28400723,0.15421606,0.04142748,0.03287827,34.26653363,0.25000000,0.18639805,1.83047795,6.93337936,0.00000000,0.00000000,9.18235041,0.01161230,1.01512040,0.84006727,0.00000000,0.00000000,0.00000000,0.00000000,0.75048441,0.38285439,0.71043183,0.84686810,0.93535281,0.75048441,0.38285439,0.71043183,0.84686810,0.93535281,-23.24409040,-46.21559725,0.84880931,0.49943469,-nan,-nan,-nan,-nan,0.00000000,0.00000000,0.00000000,0.00000000,0.00000000,0.00000000,-nan,0.00000000,13.35969178
