Y,A,A_rep,A_hid,L,Q,K,W,P,r,taua,abar,tauk,taul,WtaxRev,KtaxRev,WtaxRev_lost,KtaxRev_lost,G,lump_sum,ylbar,WtaxPct,ShelterPct,ShelterPctP99,TaxEvasionP99,ConcealPctP99,gini,p90,p99,p999,p9999,gini_total,p90_total,p99_total,p999_total,p9999_total,welfare,welfare0,approval,approval0,conceal_share_e,conceal_share_n,evasion_share_e,evasion_share_n,conceal_frac_e,conceal_frac_n,evasion_frac_e,evasion_frac_n,shelter_pct_e,shelter_pct_n,detection_rate,detection_revenue,wtax_evasion_elast
65.60047136,2.85706918,2.85706918,0.00000000,29.60678319,259.01344719,51.01976087,1.28511697,0.15407821,0.04129054,0.03231668,35.56040659,0.25000000,0.18638829,1.78822115,6.92870764,0.00000000,0.00000000,9.18235041,0.01140618,1.01512040,0.64119260,0.00000000,0.00000000,0.00000000,0.00000000,0.75129911,0.38167105,0.70895210,0.84649225,0.93524652,0.75129911,0.38167105,0.70895210,0.84649225,0.93524652,-23.25116063,-46.21238291,0.85570923,0.50995691,-nan,-nan,-nan,-nan,0.00000000,0.00000000,0.00000000,0.00000000,0.00000000,0.00000000,-nan,0.00000000,13.40969232
