Y,A,A_rep,A_hid,L,Q,K,W,P,r,taua,abar,tauk,taul,WtaxRev,KtaxRev,WtaxRev_lost,KtaxRev_lost,G,lump_sum,ylbar,WtaxPct,ShelterPct,ShelterPctP99,TaxEvasionP99,ConcealPctP99,gini,p90,p99,p999,p9999,gini_total,p90_total,p99_total,p999_total,p9999_total,welfare,welfare0,approval,approval0,conceal_share_e,conceal_share_n,evasion_share_e,evasion_share_n,conceal_frac_e,conceal_frac_n,evasion_frac_e,evasion_frac_n,shelter_pct_e,shelter_pct_n,detection_rate,detection_revenue,wtax_evasion_elast
65.55510997,2.85454551,2.85454551,0.00000000,29.60127153,258.66235109,50.93009406,1.28444984,0.15415751,0.04138670,0.03215191,33.82876098,0.25000000,0.18639468,1.81238942,6.93212782,0.00000000,0.00000000,9.18235041,0.01153952,1.01512040,0.83306251,0.00000000,0.00000000,0.00000000,0.00000000,0.75079299,0.38241126,0.70929531,0.84591631,0.93497867,0.75079299,0.38241126,0.70929531,0.84591631,0.93497867,-23.24601513,-46.21322590,0.85157427,0.50601846,-nan,-nan,-nan,-nan,0.00000000,0.00000000,0.00000000,0.00000000,0.00000000,0.00000000,-nan,0.00000000,13.39160205
