Y,A,A_rep,A_hid,L,Q,K,W,P,r,taua,abar,tauk,taul,WtaxRev,KtaxRev,WtaxRev_lost,KtaxRev_lost,G,lump_sum,ylbar,WtaxPct,ShelterPct,ShelterPctP99,TaxEvasionP99,ConcealPctP99,gini,p90,p99,p999,p9999,gini_total,p90_total,p99_total,p999_total,p9999_total,welfare,welfare0,approval,approval0,conceal_share_e,conceal_share_n,evasion_share_e,evasion_share_n,conceal_frac_e,conceal_frac_n,evasion_frac_e,evasion_frac_n,shelter_pct_e,shelter_pct_n,detection_rate,detection_revenue,wtax_evasion_elast
65.54078467,2.85438736,2.85438736,0.00000000,29.59842722,258.56486836,50.92413777,1.28432101,0.15417965,0.04137951,0.03308975,35.23201045,0.25000000,0.18639648,1.82019126,6.93181191,0.00000000,0.00000000,9.18235041,0.01155918,1.01512040,0.63571027,0.00000000,0.00000000,0.00000000,0.00000000,0.75075022,0.38252853,0.71038568,0.84733651,0.93555924,0.75075022,0.38252853,0.71038568,0.84733651,0.93555924,-23.24597755,-46.21386244,0.85101270,0.50156397,-nan,-nan,-nan,-nan,0.00000000,0.00000000,0.00000000,0.00000000,0.00000000,0.00000000,-nan,0.00000000,13.36665210
