Y,A,A_rep,A_hid,L,Q,K,W,P,r,taua,abar,tauk,taul,WtaxRev,KtaxRev,WtaxRev_lost,KtaxRev_lost,G,lump_sum,ylbar,WtaxPct,ShelterPct,ShelterPctP99,TaxEvasionP99,ConcealPctP99,gini,p90,p99,p999,p9999,gini_total,p90_total,p99_total,p999_total,p9999_total,welfare,welfare0,approval,approval0,conceal_share_e,conceal_share_n,evasion_share_e,evasion_share_n,conceal_frac_e,conceal_frac_n,evasion_frac_e,evasion_frac_n,shelter_pct_e,shelter_pct_n,detection_rate,detection_revenue,wtax_evasion_elast
65.57533612,2.85594735,2.85594735,0.00000000,29.60382748,258.85445124,50.98726684,1.28483120,0.15411445,0.04131972,0.03267457,35.55483835,0.25000000,0.18639187,1.80062328,6.92914656,0.00000000,0.00000000,9.18235041,0.01146083,1.01512040,0.63991681,0.00000000,0.00000000,0.00000000,0.00000000,0.75104682,0.38215299,0.70962478,0.84693116,0.93542554,0.75104682,0.38215299,0.70962478,0.84693116,0.93542554,-23.24869765,-46.21133572,0.85463127,0.50707567,-nan,-nan,-nan,-nan,0.00000000,0.00000000,0.00000000,0.00000000,0.00000000,0.00000000,-nan,0.00000000,13.39663709
