Y,A,A_rep,A_hid,L,Q,K,W,P,r,taua,abar,tauk,taul,WtaxRev,KtaxRev,WtaxRev_lost,KtaxRev_lost,G,lump_sum,ylbar,WtaxPct,ShelterPct,ShelterPctP99,TaxEvasionP99,ConcealPctP99,gini,p90,p99,p999,p9999,gini_total,p90_total,p99_total,p999_total,p9999_total,welfare,welfare0,approval,approval0,conceal_share_e,conceal_share_n,evasion_share_e,evasion_share_n,conceal_frac_e,conceal_frac_n,evasion_frac_e,evasion_frac_n,shelter_pct_e,shelter_pct_n,detection_rate,detection_revenue,wtax_evasion_elast
65.57532107,2.85596982,2.85596982,0.00000000,29.60311002,258.82288759,50.97963668,1.28478199,0.15412100,0.04132725,0.03264296,35.39857477,0.25000000,0.18639208,1.80198353,6.93013206,0.00000000,0.00000000,9.18235041,0.01147937,1.01512040,0.63879847,0.00000000,0.00000000,0.00000000,0.00000000,0.75105058,0.38215883,0.70962224,0.84684848,0.93537459,0.75105058,0.38215883,0.70962224,0.84684848,0.93537459,-23.24797356,-46.21094654,0.85382769,0.50707538,-nan,-nan,-nan,-nan,0.00000000,0.00000000,0.00000000,0.00000000,0.00000000,0.00000000,-nan,0.00000000,13.39290260
