Y,A,A_rep,A_hid,L,Q,K,W,P,r,taua,abar,tauk,taul,WtaxRev,KtaxRev,WtaxRev_lost,KtaxRev_lost,G,lump_sum,ylbar,WtaxPct,ShelterPct,ShelterPctP99,TaxEvasionP99,ConcealPctP99,gini,p90,p99,p999,p9999,gini_total,p90_total,p99_total,p999_total,p9999_total,welfare,welfare0,approval,approval0,conceal_share_e,conceal_share_n,evasion_share_e,evasion_share_n,conceal_frac_e,conceal_frac_n,evasion_frac_e,evasion_frac_n,shelter_pct_e,shelter_pct_n,detection_rate,detection_revenue,wtax_evasion_elast
73.48768446,3.11088680,2.92337597,0.18751084,30.12518339,331.10827575,65.49879659,1.41481750,0.13837377,0.02965744,0.01620336,1376.74741399,0.25000000,0.18606558,0.16143912,5.92631440,0.14839777,0.54484632,9.29156816,0.00074940,1.08952447,0.00933699,0.10272833,41.81905892,9.85133490,51.78668863,0.77128047,0.35136609,0.65952291,0.82765494,0.94180518,0.78502537,0.33018726,0.61981725,0.78220980,0.91146358,-23.71731525,-47.59555413,0.62167948,0.29285906,0.28643219,0.71356781,0.79279498,0.20720502,0.05280634,0.06390406,0.06445052,0.00998739,0.38729794,0.03402125,0.68742047,0.05565648,32.64087116
