Y,A,A_rep,A_hid,L,Q,K,W,P,r,taua,abar,tauk,taul,WtaxRev,KtaxRev,WtaxRev_lost,KtaxRev_lost,G,lump_sum,ylbar,WtaxPct,ShelterPct,ShelterPctP99,TaxEvasionP99,ConcealPctP99,gini,p90,p99,p999,p9999,gini_total,p90_total,p99_total,p999_total,p9999_total,welfare,welfare0,approval,approval0,conceal_share_e,conceal_share_n,evasion_share_e,evasion_share_n,conceal_frac_e,conceal_frac_n,evasion_frac_e,evasion_frac_n,shelter_pct_e,shelter_pct_n,detection_rate,detection_revenue,wtax_evasion_elast
73.49471856,3.11058349,2.91704339,0.19354010,30.12279586,331.34296021,65.42652137,1.41510275,0.13830256,0.02975524,0.01274364,1029.01760089,0.25000000,0.18606975,0.17537561,5.92626676,0.13579571,0.53997886,9.29156816,0.00086285,1.08952447,0.01287981,0.10413721,37.97963744,8.61247434,54.96968946,0.77050341,0.35249846,0.66127874,0.82886911,0.93858649,0.78473935,0.33056605,0.62018188,0.78178654,0.91018213,-23.69953805,-47.56061914,0.72919438,0.37832016,0.26030414,0.73969586,0.78773693,0.21226307,0.04957789,0.06835347,0.06248304,0.00997015,0.39067276,0.03495547,0.66854045,0.04680952,31.68956057
