Y,A,A_rep,A_hid,L,Q,K,W,P,r,taua,abar,tauk,taul,WtaxRev,KtaxRev,WtaxRev_lost,KtaxRev_lost,G,lump_sum,ylbar,WtaxPct,ShelterPct,ShelterPctP99,TaxEvasionP99,ConcealPctP99,gini,p90,p99,p999,p9999,gini_total,p90_total,p99_total,p999_total,p9999_total,welfare,welfare0,approval,approval0,conceal_share_e,conceal_share_n,evasion_share_e,evasion_share_n,conceal_frac_e,conceal_frac_n,evasion_frac_e,evasion_frac_n,shelter_pct_e,shelter_pct_n,detection_rate,detection_revenue,wtax_evasion_elast
66.58115746,2.90155444,2.90155444,0.00000000,29.75156638,266.31618273,52.70455983,1.29798252,0.15251703,0.03969347,0.03000000,95.65399342,0.25000000,0.18621483,1.21668762,6.87309270,0.00000000,0.00000000,9.18235041,0.00797439,1.01512040,0.25811775,0.00000000,0.00000000,0.00000000,0.00000000,0.76049216,0.36709915,0.68846311,0.84664954,0.93679101,0.76049216,0.36709915,0.68846311,0.84664954,0.93679101,-23.42146249,-46.35422782,0.91172322,0.81837717,-nan,-nan,-nan,-nan,0.00000000,0.00000000,0.00000000,0.00000000,0.00000000,0.00000000,-nan,0.00000000,13.82797782
