Y,A,A_rep,A_hid,L,Q,K,W,P,r,taua,abar,tauk,taul,WtaxRev,KtaxRev,WtaxRev_lost,KtaxRev_lost,G,lump_sum,ylbar,WtaxPct,ShelterPct,ShelterPctP99,TaxEvasionP99,ConcealPctP99,gini,p90,p99,p999,p9999,gini_total,p90_total,p99_total,p999_total,p9999_total,welfare,welfare0,approval,approval0,conceal_share_e,conceal_share_n,evasion_share_e,evasion_share_n,conceal_frac_e,conceal_frac_n,evasion_frac_e,evasion_frac_n,shelter_pct_e,shelter_pct_n,detection_rate,detection_revenue,wtax_evasion_elast
65.57728371,2.85606722,2.85606722,0.00000000,29.60334157,258.83633596,50.98253184,1.28480660,0.15411791,0.04132450,0.03260764,35.36327729,0.25000000,0.18639223,1.80128995,6.93004791,0.00000000,0.00000000,9.18235041,0.01147787,1.01512040,0.63865076,0.00000000,0.00000000,0.00000000,0.00000000,0.75107199,0.38212925,0.70952369,0.84679636,0.93535503,0.75107199,0.38212925,0.70952369,0.84679636,0.93535503,-23.24797769,-46.21053075,0.85463590,0.50707538,-nan,-nan,-nan,-nan,0.00000000,0.00000000,0.00000000,0.00000000,0.00000000,0.00000000,-nan,0.00000000,13.39361638
