Y,A,A_rep,A_hid,L,Q,K,W,P,r,taua,abar,tauk,taul,WtaxRev,KtaxRev,WtaxRev_lost,KtaxRev_lost,G,lump_sum,ylbar,WtaxPct,ShelterPct,ShelterPctP99,TaxEvasionP99,ConcealPctP99,gini,p90,p99,p999,p9999,gini_total,p90_total,p99_total,p999_total,p9999_total,welfare,welfare0,approval,approval0,conceal_share_e,conceal_share_n,evasion_share_e,evasion_share_n,conceal_frac_e,conceal_frac_n,evasion_frac_e,evasion_frac_n,shelter_pct_e,shelter_pct_n,detection_rate,detection_revenue,wtax_evasion_elast
65.57655200,2.85600399,2.85600399,0.00000000,29.60348263,258.83604469,50.98274440,1.28480283,0.15411848,0.04132437,0.03265835,35.48517773,0.25000000,0.18639089,1.80132267,6.92990877,0.00000000,0.00000000,9.18235041,0.01146773,1.01512040,0.63936033,0.00000000,0.00000000,0.00000000,0.00000000,0.75105207,0.38214859,0.70959756,0.84687766,0.93539236,0.75105207,0.38214859,0.70959756,0.84687766,0.93539236,-23.24877326,-46.21228674,0.85377035,0.50707538,-nan,-nan,-nan,-nan,0.00000000,0.00000000,0.00000000,0.00000000,0.00000000,0.00000000,-nan,0.00000000,13.39178705
