Y,A,A_rep,A_hid,L,Q,K,W,P,r,taua,abar,tauk,taul,WtaxRev,KtaxRev,WtaxRev_lost,KtaxRev_lost,G,lump_sum,ylbar,WtaxPct,ShelterPct,ShelterPctP99,TaxEvasionP99,ConcealPctP99,gini,p90,p99,p999,p9999,gini_total,p90_total,p99_total,p999_total,p9999_total,welfare,welfare0,approval,approval0,conceal_share_e,conceal_share_n,evasion_share_e,evasion_share_n,conceal_frac_e,conceal_frac_n,evasion_frac_e,evasion_frac_n,shelter_pct_e,shelter_pct_n,detection_rate,detection_revenue,wtax_evasion_elast
73.43858577,3.11015173,2.90456867,0.20558306,30.12486330,330.41275485,65.60003683,1.41393878,0.13854853,0.02948439,0.02000000,1282.65594504,0.25000000,0.18606566,0.17285107,5.92247044,0.22268800,0.53630617,9.29156816,0.00076467,1.08952447,0.00956375,0.10487793,55.02396402,10.95053839,51.13238841,0.77054460,0.35259472,0.66328185,0.83381828,0.94777100,0.78566937,0.32928798,0.61949845,0.78316031,0.91307844,-23.73917862,-47.63784654,0.48685997,0.08998188,0.30909256,0.69090744,0.75828855,0.24171145,0.06236097,0.06792290,0.06711640,0.01273260,0.39542726,0.03472710,0.66782535,0.06372075,36.06713976
