Y,A,A_rep,A_hid,L,Q,K,W,P,r,taua,abar,tauk,taul,WtaxRev,KtaxRev,WtaxRev_lost,KtaxRev_lost,G,lump_sum,ylbar,WtaxPct,ShelterPct,ShelterPctP99,TaxEvasionP99,ConcealPctP99,gini,p90,p99,p999,p9999,gini_total,p90_total,p99_total,p999_total,p9999_total,welfare,welfare0,approval,approval0,conceal_share_e,conceal_share_n,evasion_share_e,evasion_share_n,conceal_frac_e,conceal_frac_n,evasion_frac_e,evasion_frac_n,shelter_pct_e,shelter_pct_n,detection_rate,detection_revenue,wtax_evasion_elast
73.47669523,3.11048138,2.92486503,0.18561635,30.12347928,331.18860515,65.44806796,1.41487080,0.13834313,0.02971893,0.01523485,1295.19542724,0.25000000,0.18606734,0.16870762,5.92554387,0.13937971,0.54635031,9.29156816,0.00079432,1.08952447,0.01017684,0.10361744,38.67200488,9.21249962,52.90127569,0.77114152,0.35153223,0.65964633,0.82713047,0.94016361,0.78475653,0.33055473,0.62032943,0.78229212,0.91105718,-23.70801532,-47.57829771,0.66807713,0.33404778,0.27486969,0.72513031,0.79260235,0.20739765,0.05020146,0.06427178,0.06376837,0.00988445,0.39101116,0.03422851,0.68141320,0.05133135,30.64603803
