Y,A,A_rep,A_hid,L,Q,K,W,P,r,taua,abar,tauk,taul,WtaxRev,KtaxRev,WtaxRev_lost,KtaxRev_lost,G,lump_sum,ylbar,WtaxPct,ShelterPct,ShelterPctP99,TaxEvasionP99,ConcealPctP99,gini,p90,p99,p999,p9999,gini_total,p90_total,p99_total,p999_total,p9999_total,welfare,welfare0,approval,approval0,conceal_share_e,conceal_share_n,evasion_share_e,evasion_share_n,conceal_frac_e,conceal_frac_n,evasion_frac_e,evasion_frac_n,shelter_pct_e,shelter_pct_n,detection_rate,detection_revenue,wtax_evasion_elast
65.57200172,2.85584127,2.85584127,0.00000000,29.60269857,258.80473885,50.97604776,1.28475067,0.15412495,0.04133025,0.03283192,35.79384232,0.25000000,0.18639101,1.80370971,6.93008032,0.00000000,0.00000000,9.18235041,0.01147760,1.01512040,0.64124348,0.00000000,0.00000000,0.00000000,0.00000000,0.75101211,0.38219266,0.70974518,0.84711816,0.93549487,0.75101211,0.38219266,0.70974518,0.84711816,0.93549487,-23.24838696,-46.21220079,0.85355677,0.50667917,-nan,-nan,-nan,-nan,0.00000000,0.00000000,0.00000000,0.00000000,0.00000000,0.00000000,-nan,0.00000000,13.37220834
