Y,A,A_rep,A_hid,L,Q,K,W,P,r,taua,abar,tauk,taul,WtaxRev,KtaxRev,WtaxRev_lost,KtaxRev_lost,G,lump_sum,ylbar,WtaxPct,ShelterPct,ShelterPctP99,TaxEvasionP99,ConcealPctP99,gini,p90,p99,p999,p9999,gini_total,p90_total,p99_total,p999_total,p9999_total,welfare,welfare0,approval,approval0,conceal_share_e,conceal_share_n,evasion_share_e,evasion_share_n,conceal_frac_e,conceal_frac_n,evasion_frac_e,evasion_frac_n,shelter_pct_e,shelter_pct_n,detection_rate,detection_revenue,wtax_evasion_elast
65.58270750,2.85631853,2.85631853,0.00000000,29.60390873,258.87476205,50.99012535,1.28487733,0.15410865,0.04131761,0.03260933,35.59997525,0.25000000,0.18639110,1.79830621,6.92985165,0.00000000,0.00000000,9.18235041,0.01146105,1.01512040,0.64057116,0.00000000,0.00000000,0.00000000,0.00000000,0.75111851,0.38187776,0.70943695,0.84684632,0.93538232,0.75111851,0.38187776,0.70943695,0.84684632,0.93538232,-23.24865639,-46.21086356,0.85482118,0.50711340,-nan,-nan,-nan,-nan,0.00000000,0.00000000,0.00000000,0.00000000,0.00000000,0.00000000,-nan,0.00000000,13.38892942
