Y,A,A_rep,A_hid,L,Q,K,W,P,r,taua,abar,tauk,taul,WtaxRev,KtaxRev,WtaxRev_lost,KtaxRev_lost,G,lump_sum,ylbar,WtaxPct,ShelterPct,ShelterPctP99,TaxEvasionP99,ConcealPctP99,gini,p90,p99,p999,p9999,gini_total,p90_total,p99_total,p999_total,p9999_total,welfare,welfare0,approval,approval0,conceal_share_e,conceal_share_n,evasion_share_e,evasion_share_n,conceal_frac_e,conceal_frac_n,evasion_frac_e,evasion_frac_n,shelter_pct_e,shelter_pct_n,detection_rate,detection_revenue,wtax_evasion_elast
66.17662443,2.88353445,2.88353445,0.00000000,29.68813239,263.36125044,51.99218184,1.29284797,0.15311970,0.04036965,0.03000000,57.63888398,0.25000000,0.18628890,1.45936519,6.89570290,0.00000000,0.00000000,9.18235041,0.00950170,1.01512040,0.39742299,0.00000000,0.00000000,0.00000000,0.00000000,0.75665951,0.37313971,0.69762913,0.84594776,0.93570002,0.75665951,0.37313971,0.69762913,0.84594776,0.93570002,-23.33787069,-46.26827056,0.89931923,0.65613016,-nan,-nan,-nan,-nan,0.00000000,0.00000000,0.00000000,0.00000000,0.00000000,0.00000000,-nan,0.00000000,13.65840244
