Y,A,A_rep,A_hid,L,Q,K,W,P,r,taua,abar,tauk,taul,WtaxRev,KtaxRev,WtaxRev_lost,KtaxRev_lost,G,lump_sum,ylbar,WtaxPct,ShelterPct,ShelterPctP99,TaxEvasionP99,ConcealPctP99,gini,p90,p99,p999,p9999,gini_total,p90_total,p99_total,p999_total,p9999_total,welfare,welfare0,approval,approval0,conceal_share_e,conceal_share_n,evasion_share_e,evasion_share_n,conceal_frac_e,conceal_frac_n,evasion_frac_e,evasion_frac_n,shelter_pct_e,shelter_pct_n,detection_rate,detection_revenue,wtax_evasion_elast
65.66837249,2.86004328,2.86004328,0.00000000,29.61628500,259.53213709,51.12640292,1.28603183,0.15395993,0.04119423,0.03156650,36.34242373,0.25000000,0.18637753,1.75079099,6.92505343,0.00000000,0.00000000,9.18235041,0.01120742,1.01512040,0.64998351,0.00000000,0.00000000,0.00000000,0.00000000,0.75194832,0.38055577,0.70737572,0.84571346,0.93498814,0.75194832,0.38055577,0.70737572,0.84571346,0.93498814,-23.25923489,-46.21521494,0.86097953,0.51766367,-nan,-nan,-nan,-nan,0.00000000,0.00000000,0.00000000,0.00000000,0.00000000,0.00000000,-nan,0.00000000,13.44686439
