Y,A,A_rep,A_hid,L,Q,K,W,P,r,taua,abar,tauk,taul,WtaxRev,KtaxRev,WtaxRev_lost,KtaxRev_lost,G,lump_sum,ylbar,WtaxPct,ShelterPct,ShelterPctP99,TaxEvasionP99,ConcealPctP99,gini,p90,p99,p999,p9999,gini_total,p90_total,p99_total,p999_total,p9999_total,welfare,welfare0,approval,approval0,conceal_share_e,conceal_share_n,evasion_share_e,evasion_share_n,conceal_frac_e,conceal_frac_n,evasion_frac_e,evasion_frac_n,shelter_pct_e,shelter_pct_n,detection_rate,detection_revenue,wtax_evasion_elast
65.60850589,2.85737641,2.85737641,0.00000000,29.60795889,259.07763147,51.03152526,1.28522750,0.15406325,0.04128098,0.03223046,35.62762994,0.25000000,0.18638634,1.78435291,6.92826161,0.00000000,0.00000000,9.18235041,0.01138037,1.01512040,0.64194413,0.00000000,0.00000000,0.00000000,0.00000000,0.75136679,0.38156864,0.70882985,0.84639715,0.93521839,0.75136679,0.38156864,0.70882985,0.84639715,0.93521839,-23.25236600,-46.21349694,0.85585574,0.51001872,-nan,-nan,-nan,-nan,0.00000000,0.00000000,0.00000000,0.00000000,0.00000000,0.00000000,-nan,0.00000000,13.41171513
