Y,A,A_rep,A_hid,L,Q,K,W,P,r,taua,abar,tauk,taul,WtaxRev,KtaxRev,WtaxRev_lost,KtaxRev_lost,G,lump_sum,ylbar,WtaxPct,ShelterPct,ShelterPctP99,TaxEvasionP99,ConcealPctP99,gini,p90,p99,p999,p9999,gini_total,p90_total,p99_total,p999_total,p9999_total,welfare,welfare0,approval,approval0,conceal_share_e,conceal_share_n,evasion_share_e,evasion_share_n,conceal_frac_e,conceal_frac_n,evasion_frac_e,evasion_frac_n,shelter_pct_e,shelter_pct_n,detection_rate,detection_revenue,wtax_evasion_elast
65.57409552,2.85586022,2.85586022,0.00000000,29.60323548,258.81937310,50.97888886,1.28477147,0.15412238,0.04132829,0.03266936,35.40318186,0.25000000,0.18639089,1.80285675,6.92995873,0.00000000,0.00000000,9.18235041,0.01147465,1.01512040,0.63874031,0.00000000,0.00000000,0.00000000,0.00000000,0.75103423,0.38218341,0.70966867,0.84688367,0.93539521,0.75103423,0.38218341,0.70966867,0.84688367,0.93539521,-23.24863332,-46.21234798,0.85355004,0.50667878,-nan,-nan,-nan,-nan,0.00000000,0.00000000,0.00000000,0.00000000,0.00000000,0.00000000,-nan,0.00000000,13.39118730
