Y,A,A_rep,A_hid,L,Q,K,W,P,r,taua,abar,tauk,taul,WtaxRev,KtaxRev,WtaxRev_lost,KtaxRev_lost,G,lump_sum,ylbar,WtaxPct,ShelterPct,ShelterPctP99,TaxEvasionP99,ConcealPctP99,gini,p90,p99,p999,p9999,gini_total,p90_total,p99_total,p999_total,p9999_total,welfare,welfare0,approval,approval0,conceal_share_e,conceal_share_n,evasion_share_e,evasion_share_n,conceal_frac_e,conceal_frac_n,evasion_frac_e,evasion_frac_n,shelter_pct_e,shelter_pct_n,detection_rate,detection_revenue,wtax_evasion_elast
65.60099576,2.85706518,2.85706518,0.00000000,29.60695659,259.01802265,51.02009676,1.28512188,0.15407731,0.04129085,0.03217683,35.16089035,0.25000000,0.18638841,1.78830199,6.92872336,0.00000000,0.00000000,9.18235041,0.01141168,1.01512040,0.63860292,0.00000000,0.00000000,0.00000000,0.00000000,0.75131218,0.38167295,0.70887227,0.84627993,0.93515032,0.75131218,0.38167295,0.70887227,0.84627993,0.93515032,-23.25079582,-46.21151218,0.85587580,0.50999923,-nan,-nan,-nan,-nan,0.00000000,0.00000000,0.00000000,0.00000000,0.00000000,0.00000000,-nan,0.00000000,13.42540539
