Y,A,A_rep,A_hid,L,Q,K,W,P,r,taua,abar,tauk,taul,WtaxRev,KtaxRev,WtaxRev_lost,KtaxRev_lost,G,lump_sum,ylbar,WtaxPct,ShelterPct,ShelterPctP99,TaxEvasionP99,ConcealPctP99,gini,p90,p99,p999,p9999,gini_total,p90_total,p99_total,p999_total,p9999_total,welfare,welfare0,approval,approval0,conceal_share_e,conceal_share_n,evasion_share_e,evasion_share_n,conceal_frac_e,conceal_frac_n,evasion_frac_e,evasion_frac_n,shelter_pct_e,shelter_pct_n,detection_rate,detection_revenue,wtax_evasion_elast
73.65399818,3.11747815,2.94158185,0.17589631,30.14553319,332.76367541,65.65019192,1.41710841,0.13807075,0.02965644,0.00477990,1051.06757975,0.25000000,0.18604988,0.07567542,5.93376984,0.04698416,0.53765908,9.29156816,0.00020019,1.08952447,0.01458308,0.10185427,32.73297696,8.21219134,54.99024316,0.77241307,0.34955204,0.65481824,0.81956921,0.93273580,0.78521369,0.32982939,0.61791680,0.77773851,0.90607878,-23.72556932,-47.59195569,0.51592546,0.11446894,0.26967508,0.73032492,0.87478192,0.12521808,0.04660200,0.06118359,0.06070942,0.00511974,0.38786270,0.03279980,0.67989812,0.04333854,52.21782492
