Y,A,A_rep,A_hid,L,Q,K,W,P,r,taua,abar,tauk,taul,WtaxRev,KtaxRev,WtaxRev_lost,KtaxRev_lost,G,lump_sum,ylbar,WtaxPct,ShelterPct,ShelterPctP99,TaxEvasionP99,ConcealPctP99,gini,p90,p99,p999,p9999,gini_total,p90_total,p99_total,p999_total,p9999_total,welfare,welfare0,approval,approval0,conceal_share_e,conceal_share_n,evasion_share_e,evasion_share_n,conceal_frac_e,conceal_frac_n,evasion_frac_e,evasion_frac_n,shelter_pct_e,shelter_pct_n,detection_rate,detection_revenue,wtax_evasion_elast
66.20526709,2.88511644,2.88511644,0.00000000,29.69272629,263.54465089,52.06329002,1.29320407,0.15308957,0.04028501,0.03267848,71.59678240,0.25000000,0.18627782,1.43270565,6.89373481,0.00000000,0.00000000,9.18235041,0.00926258,1.01512040,0.34615342,0.00000000,0.00000000,0.00000000,0.00000000,0.75691384,0.37259129,0.69759929,0.84968644,0.93747548,0.75691384,0.37259129,0.69759929,0.84968644,0.93747548,-23.35427884,-46.29475511,0.88368500,0.61048743,-nan,-nan,-nan,-nan,0.00000000,0.00000000,0.00000000,0.00000000,0.00000000,0.00000000,-nan,0.00000000,13.53021707
