Y,A,A_rep,A_hid,L,Q,K,W,P,r,taua,abar,tauk,taul,WtaxRev,KtaxRev,WtaxRev_lost,KtaxRev_lost,G,lump_sum,ylbar,WtaxPct,ShelterPct,ShelterPctP99,TaxEvasionP99,ConcealPctP99,gini,p90,p99,p999,p9999,gini_total,p90_total,p99_total,p999_total,p9999_total,welfare,welfare0,approval,approval0,conceal_share_e,conceal_share_n,evasion_share_e,evasion_share_n,conceal_frac_e,conceal_frac_n,evasion_frac_e,evasion_frac_n,shelter_pct_e,shelter_pct_n,detection_rate,detection_revenue,wtax_evasion_elast
56.79239545,2.24703463,2.24703463,0.00000000,29.55441669,188.91994646,32.04479147,1.11454168,0.17720100,0.07583215,0.03222854,0.00000000,0.25000000,0.18667908,7.24186422,7.69117698,0.00000000,0.00000000,9.18235041,0.03766418,1.01512040,84.54312886,0.00000000,0.00000000,0.00000000,0.00000000,0.84825803,0.25292370,0.56225319,0.74571307,0.89900399,0.84825803,0.25292370,0.56225319,0.74571307,0.89900399,-26.16113636,-52.10905829,0.37983136,0.02928548,-nan,-nan,-nan,-nan,0.00000000,0.00000000,0.00000000,0.00000000,0.00000000,0.00000000,-nan,0.00000000,14.61136564
