Y,A,A_rep,A_hid,L,Q,K,W,P,r,taua,abar,tauk,taul,WtaxRev,KtaxRev,WtaxRev_lost,KtaxRev_lost,G,lump_sum,ylbar,WtaxPct,ShelterPct,ShelterPctP99,TaxEvasionP99,ConcealPctP99,gini,p90,p99,p999,p9999,gini_total,p90_total,p99_total,p999_total,p9999_total,welfare,welfare0,approval,approval0,conceal_share_e,conceal_share_n,evasion_share_e,evasion_share_n,conceal_frac_e,conceal_frac_n,evasion_frac_e,evasion_frac_n,shelter_pct_e,shelter_pct_n,detection_rate,detection_revenue,wtax_evasion_elast
65.54435950,2.85501864,2.85501864,0.00000000,29.59745637,258.59953815,50.93904924,1.28442552,0.15416854,0.04135720,0.03440182,38.86198001,0.25000000,0.18639266,1.81465406,6.93120286,0.00000000,0.00000000,9.18235041,0.01149251,1.01512040,0.66429489,0.00000000,0.00000000,0.00000000,0.00000000,0.75069339,0.38257900,0.71123867,0.84936980,0.93644672,0.75069339,0.38257900,0.71123867,0.84936980,0.93644672,-23.24856282,-46.21804825,0.84952017,0.50012995,-nan,-nan,-nan,-nan,0.00000000,0.00000000,0.00000000,0.00000000,0.00000000,0.00000000,-nan,0.00000000,13.26480941
