Y,A,A_rep,A_hid,L,Q,K,W,P,r,taua,abar,tauk,taul,WtaxRev,KtaxRev,WtaxRev_lost,KtaxRev_lost,G,lump_sum,ylbar,WtaxPct,ShelterPct,ShelterPctP99,TaxEvasionP99,ConcealPctP99,gini,p90,p99,p999,p9999,gini_total,p90_total,p99_total,p999_total,p9999_total,welfare,welfare0,approval,approval0,conceal_share_e,conceal_share_n,evasion_share_e,evasion_share_n,conceal_frac_e,conceal_frac_n,evasion_frac_e,evasion_frac_n,shelter_pct_e,shelter_pct_n,detection_rate,detection_revenue,wtax_evasion_elast
65.70990932,2.86128312,2.86128312,0.00000000,29.62394464,259.83819510,51.17921057,1.28651510,0.15389434,0.04115797,0.03000000,33.95176420,0.25000000,0.18637159,1.72861333,6.92349465,0.00000000,0.00000000,9.18235041,0.01110570,1.01512040,0.84284931,0.00000000,0.00000000,0.00000000,0.00000000,0.75234159,0.38003355,0.70544944,0.84348261,0.93412420,0.75234159,0.38003355,0.70544944,0.84348261,0.93412420,-23.26464129,-46.21846604,0.86567167,0.51987633,-nan,-nan,-nan,-nan,0.00000000,0.00000000,0.00000000,0.00000000,0.00000000,0.00000000,-nan,0.00000000,13.53350061
