Y,A,A_rep,A_hid,L,Q,K,W,P,r,taua,abar,tauk,taul,WtaxRev,KtaxRev,WtaxRev_lost,KtaxRev_lost,G,lump_sum,ylbar,WtaxPct,ShelterPct,ShelterPctP99,TaxEvasionP99,ConcealPctP99,gini,p90,p99,p999,p9999,gini_total,p90_total,p99_total,p999_total,p9999_total,welfare,welfare0,approval,approval0,conceal_share_e,conceal_share_n,evasion_share_e,evasion_share_n,conceal_frac_e,conceal_frac_n,evasion_frac_e,evasion_frac_n,shelter_pct_e,shelter_pct_n,detection_rate,detection_revenue,wtax_evasion_elast
65.58841017,2.85627421,2.85627421,0.00000000,29.60553376,258.91679994,50.99207347,1.28492350,0.15410019,0.04132245,0.03204237,34.55371665,0.25000000,0.18638976,1.79487844,6.92987106,0.00000000,0.00000000,9.18235041,0.01144541,1.01512040,0.84957639,0.00000000,0.00000000,0.00000000,0.00000000,0.75117471,0.38182716,0.70882580,0.84595489,0.93501073,0.75117471,0.38182716,0.70882580,0.84595489,0.93501073,-23.24995319,-46.21302513,0.85464907,0.50669931,-nan,-nan,-nan,-nan,0.00000000,0.00000000,0.00000000,0.00000000,0.00000000,0.00000000,-nan,0.00000000,13.41387204
