Y,A,A_rep,A_hid,L,Q,K,W,P,r,taua,abar,tauk,taul,WtaxRev,KtaxRev,WtaxRev_lost,KtaxRev_lost,G,lump_sum,ylbar,WtaxPct,ShelterPct,ShelterPctP99,TaxEvasionP99,ConcealPctP99,gini,p90,p99,p999,p9999,gini_total,p90_total,p99_total,p999_total,p9999_total,welfare,welfare0,approval,approval0,conceal_share_e,conceal_share_n,evasion_share_e,evasion_share_n,conceal_frac_e,conceal_frac_n,evasion_frac_e,evasion_frac_n,shelter_pct_e,shelter_pct_n,detection_rate,detection_revenue,wtax_evasion_elast
65.72113514,2.86185596,2.86185596,0.00000000,29.62547887,259.92074918,51.20017663,1.28666742,0.15387650,0.04113613,0.03000000,34.30943162,0.25000000,0.18636985,1.72237695,6.92276499,0.00000000,0.00000000,9.18235041,0.01107069,1.01512040,0.85062948,0.00000000,0.00000000,0.00000000,0.00000000,0.75249754,0.37978748,0.70528648,0.84354072,0.93416142,0.75249754,0.37978748,0.70528648,0.84354072,0.93416142,-23.26663647,-46.21940587,0.86626171,0.52186932,-nan,-nan,-nan,-nan,0.00000000,0.00000000,0.00000000,0.00000000,0.00000000,0.00000000,-nan,0.00000000,13.54005450
