Y,A,A_rep,A_hid,L,Q,K,W,P,r,taua,abar,tauk,taul,WtaxRev,KtaxRev,WtaxRev_lost,KtaxRev_lost,G,lump_sum,ylbar,WtaxPct,ShelterPct,ShelterPctP99,TaxEvasionP99,ConcealPctP99,gini,p90,p99,p999,p9999,gini_total,p90_total,p99_total,p999_total,p9999_total,welfare,welfare0,approval,approval0,conceal_share_e,conceal_share_n,evasion_share_e,evasion_share_n,conceal_frac_e,conceal_frac_n,evasion_frac_e,evasion_frac_n,shelter_pct_e,shelter_pct_n,detection_rate,detection_revenue,wtax_evasion_elast
65.58436404,2.85638089,2.85638089,0.00000000,29.60434325,258.89005753,50.99336538,1.28490077,0.15410564,0.04131488,0.03256488,35.51388802,0.25000000,0.18639011,1.79794054,6.92969470,0.00000000,0.00000000,9.18235041,0.01145364,1.01512040,0.64014440,0.00000000,0.00000000,0.00000000,0.00000000,0.75113261,0.38186146,0.70940891,0.84677358,0.93535427,0.75113261,0.38186146,0.70940891,0.84677358,0.93535427,-23.24924367,-46.21173544,0.85477696,0.50711340,-nan,-nan,-nan,-nan,0.00000000,0.00000000,0.00000000,0.00000000,0.00000000,0.00000000,-nan,0.00000000,13.39102053
