Y,A,A_rep,A_hid,L,Q,K,W,P,r,taua,abar,tauk,taul,WtaxRev,KtaxRev,WtaxRev_lost,KtaxRev_lost,G,lump_sum,ylbar,WtaxPct,ShelterPct,ShelterPctP99,TaxEvasionP99,ConcealPctP99,gini,p90,p99,p999,p9999,gini_total,p90_total,p99_total,p999_total,p9999_total,welfare,welfare0,approval,approval0,conceal_share_e,conceal_share_n,evasion_share_e,evasion_share_n,conceal_frac_e,conceal_frac_n,evasion_frac_e,evasion_frac_n,shelter_pct_e,shelter_pct_n,detection_rate,detection_revenue,wtax_evasion_elast
65.58285515,2.85628228,2.85628228,0.00000000,29.60429650,258.88310364,50.99210353,1.28488674,0.15410751,0.04131604,0.03257983,35.50495785,0.25000000,0.18638996,1.79851219,6.92958438,0.00000000,0.00000000,9.18235041,0.01145462,1.01512040,0.63996293,0.00000000,0.00000000,0.00000000,0.00000000,0.75111928,0.38188387,0.70942234,0.84679174,0.93536650,0.75111928,0.38188387,0.70942234,0.84679174,0.93536650,-23.24928070,-46.21191253,0.85463198,0.50711340,-nan,-nan,-nan,-nan,0.00000000,0.00000000,0.00000000,0.00000000,0.00000000,0.00000000,-nan,0.00000000,13.39173141
