Y,A,A_rep,A_hid,L,Q,K,W,P,r,taua,abar,tauk,taul,WtaxRev,KtaxRev,WtaxRev_lost,KtaxRev_lost,G,lump_sum,ylbar,WtaxPct,ShelterPct,ShelterPctP99,TaxEvasionP99,ConcealPctP99,gini,p90,p99,p999,p9999,gini_total,p90_total,p99_total,p999_total,p9999_total,welfare,welfare0,approval,approval0,conceal_share_e,conceal_share_n,evasion_share_e,evasion_share_n,conceal_frac_e,conceal_frac_n,evasion_frac_e,evasion_frac_n,shelter_pct_e,shelter_pct_n,detection_rate,detection_revenue,wtax_evasion_elast
65.56666752,2.85554813,2.85554813,0.00000000,29.60212985,258.76075047,50.96681581,1.28466913,0.15413568,0.04133918,0.03289088,35.76526587,0.25000000,0.18639140,1.80603437,6.93036452,0.00000000,0.00000000,9.18235041,0.01148331,1.01512040,0.64069053,0.00000000,0.00000000,0.00000000,0.00000000,0.75095053,0.38227282,0.70986305,0.84717539,0.93551213,0.75095053,0.38227282,0.70986305,0.84717539,0.93551213,-23.24863604,-46.21396697,0.85285364,0.50628521,-nan,-nan,-nan,-nan,0.00000000,0.00000000,0.00000000,0.00000000,0.00000000,0.00000000,-nan,0.00000000,13.37176302
