Y,A,A_rep,A_hid,L,Q,K,W,P,r,taua,abar,tauk,taul,WtaxRev,KtaxRev,WtaxRev_lost,KtaxRev_lost,G,lump_sum,ylbar,WtaxPct,ShelterPct,ShelterPctP99,TaxEvasionP99,ConcealPctP99,gini,p90,p99,p999,p9999,gini_total,p90_total,p99_total,p999_total,p9999_total,welfare,welfare0,approval,approval0,conceal_share_e,conceal_share_n,evasion_share_e,evasion_share_n,conceal_frac_e,conceal_frac_n,evasion_frac_e,evasion_frac_n,shelter_pct_e,shelter_pct_n,detection_rate,detection_revenue,wtax_evasion_elast
65.58990949,2.85663196,2.85663196,0.00000000,29.60513214,258.93195357,51.00279922,1.28497580,0.15409630,0.04130576,0.03246312,35.50251270,0.25000000,0.18639007,1.79441553,6.92935800,0.00000000,0.00000000,9.18235041,0.01144174,1.01512040,0.64036234,0.00000000,0.00000000,0.00000000,0.00000000,0.75119703,0.38179918,0.70922211,0.84665321,0.93530072,0.75119703,0.38179918,0.70922211,0.84665321,0.93530072,-23.24952451,-46.21098686,0.85530960,0.50995681,-nan,-nan,-nan,-nan,0.00000000,0.00000000,0.00000000,0.00000000,0.00000000,0.00000000,-nan,0.00000000,13.39833341
