Y,A,A_rep,A_hid,L,Q,K,W,P,r,taua,abar,tauk,taul,WtaxRev,KtaxRev,WtaxRev_lost,KtaxRev_lost,G,lump_sum,ylbar,WtaxPct,ShelterPct,ShelterPctP99,TaxEvasionP99,ConcealPctP99,gini,p90,p99,p999,p9999,gini_total,p90_total,p99_total,p999_total,p9999_total,welfare,welfare0,approval,approval0,conceal_share_e,conceal_share_n,evasion_share_e,evasion_share_n,conceal_frac_e,conceal_frac_n,evasion_frac_e,evasion_frac_n,shelter_pct_e,shelter_pct_n,detection_rate,detection_revenue,wtax_evasion_elast
73.43371647,3.10999233,2.90018681,0.20980552,30.12445966,330.35366134,65.60189326,1.41386082,0.13856139,0.02947672,0.01934350,1187.38230608,0.25000000,0.18606648,0.17863836,5.91910057,0.22869627,0.53691482,9.29156816,0.00077021,1.08952447,0.01061276,0.10515540,55.93046823,10.90638464,51.93590072,0.77023570,0.35309443,0.66431113,0.83518299,0.94822717,0.78569319,0.32927406,0.61955561,0.78330619,0.91315459,-23.74029913,-47.64062732,0.48145521,0.08599143,0.30619405,0.69380595,0.75292717,0.24707283,0.06304102,0.06961621,0.06718774,0.01312460,0.39569078,0.03500794,0.66683566,0.06349250,36.62208970
