Y,A,A_rep,A_hid,L,Q,K,W,P,r,taua,abar,tauk,taul,WtaxRev,KtaxRev,WtaxRev_lost,KtaxRev_lost,G,lump_sum,ylbar,WtaxPct,ShelterPct,ShelterPctP99,TaxEvasionP99,ConcealPctP99,gini,p90,p99,p999,p9999,gini_total,p90_total,p99_total,p999_total,p9999_total,welfare,welfare0,approval,approval0,conceal_share_e,conceal_share_n,evasion_share_e,evasion_share_n,conceal_frac_e,conceal_frac_n,evasion_frac_e,evasion_frac_n,shelter_pct_e,shelter_pct_n,detection_rate,detection_revenue,wtax_evasion_elast
65.57804753,2.85599411,2.85599411,0.00000000,29.60384806,258.84657545,50.98487870,1.28481911,0.15411659,0.04132276,0.03257181,35.27913044,0.25000000,0.18639131,1.80107052,6.92972896,0.00000000,0.00000000,9.18235041,0.01146818,1.01512040,0.63828155,0.00000000,0.00000000,0.00000000,0.00000000,0.75108164,0.38195875,0.70950822,0.84675322,0.93533850,0.75108164,0.38195875,0.70950822,0.84675322,0.93533850,-23.24897685,-46.21209773,0.85381026,0.50707538,-nan,-nan,-nan,-nan,0.00000000,0.00000000,0.00000000,0.00000000,0.00000000,0.00000000,-nan,0.00000000,13.39758252
