Y,A,A_rep,A_hid,L,Q,K,W,P,r,taua,abar,tauk,taul,WtaxRev,KtaxRev,WtaxRev_lost,KtaxRev_lost,G,lump_sum,ylbar,WtaxPct,ShelterPct,ShelterPctP99,TaxEvasionP99,ConcealPctP99,gini,p90,p99,p999,p9999,gini_total,p90_total,p99_total,p999_total,p9999_total,welfare,welfare0,approval,approval0,conceal_share_e,conceal_share_n,evasion_share_e,evasion_share_n,conceal_frac_e,conceal_frac_n,evasion_frac_e,evasion_frac_n,shelter_pct_e,shelter_pct_n,detection_rate,detection_revenue,wtax_evasion_elast
65.78214297,2.86482892,2.86482892,0.00000000,29.63377174,260.38949654,51.30771802,1.28751720,0.15377167,0.04103065,0.03000000,36.68126152,0.25000000,0.18635901,1.68747636,6.91870080,0.00000000,0.00000000,9.18235041,0.01085490,1.01512040,0.65834418,0.00000000,0.00000000,0.00000000,0.00000000,0.75305820,0.37884047,0.70454455,0.84396764,0.93437680,0.75305820,0.37884047,0.70454455,0.84396764,0.93437680,-23.27609753,-46.22602341,0.86902736,0.52822433,-nan,-nan,-nan,-nan,0.00000000,0.00000000,0.00000000,0.00000000,0.00000000,0.00000000,-nan,0.00000000,13.55848089
