Y,A,A_rep,A_hid,L,Q,K,W,P,r,taua,abar,tauk,taul,WtaxRev,KtaxRev,WtaxRev_lost,KtaxRev_lost,G,lump_sum,ylbar,WtaxPct,ShelterPct,ShelterPctP99,TaxEvasionP99,ConcealPctP99,gini,p90,p99,p999,p9999,gini_total,p90_total,p99_total,p999_total,p9999_total,welfare,welfare0,approval,approval0,conceal_share_e,conceal_share_n,evasion_share_e,evasion_share_n,conceal_frac_e,conceal_frac_n,evasion_frac_e,evasion_frac_n,shelter_pct_e,shelter_pct_n,detection_rate,detection_revenue,wtax_evasion_elast
65.78452504,2.86581046,2.86581046,0.00000000,29.63124167,260.42191673,51.33094160,1.28766045,0.15375845,0.04099184,0.03207248,42.73369513,0.25000000,0.18635505,1.68181303,6.91780085,0.00000000,0.00000000,9.18235041,0.01078403,1.01512040,0.54621219,0.00000000,0.00000000,0.00000000,0.00000000,0.75301122,0.37885883,0.70596009,0.84725562,0.93577118,0.75301122,0.37885883,0.70596009,0.84725562,0.93577118,-23.27796486,-46.22856459,0.86779236,0.52683706,-nan,-nan,-nan,-nan,0.00000000,0.00000000,0.00000000,0.00000000,0.00000000,0.00000000,-nan,0.00000000,13.45020920
