Y,A,A_rep,A_hid,L,Q,K,W,P,r,taua,abar,tauk,taul,WtaxRev,KtaxRev,WtaxRev_lost,KtaxRev_lost,G,lump_sum,ylbar,WtaxPct,ShelterPct,ShelterPctP99,TaxEvasionP99,ConcealPctP99,gini,p90,p99,p999,p9999,gini_total,p90_total,p99_total,p999_total,p9999_total,welfare,welfare0,approval,approval0,conceal_share_e,conceal_share_n,evasion_share_e,evasion_share_n,conceal_frac_e,conceal_frac_n,evasion_frac_e,evasion_frac_n,shelter_pct_e,shelter_pct_n,detection_rate,detection_revenue,wtax_evasion_elast
65.57390705,2.85596328,2.85596328,0.00000000,29.60255229,258.81324434,50.97727758,1.28477182,0.15412198,0.04132899,0.03281922,35.82561136,0.25000000,0.18639219,1.80296892,6.93020650,0.00000000,0.00000000,9.18235041,0.01148455,1.01512040,0.64154826,0.00000000,0.00000000,0.00000000,0.00000000,0.75103102,0.38216261,0.70976373,0.84710651,0.93550131,0.75103102,0.38216261,0.70976373,0.84710651,0.93550131,-23.24746437,-46.21015430,0.85417468,0.50708164,-nan,-nan,-nan,-nan,0.00000000,0.00000000,0.00000000,0.00000000,0.00000000,0.00000000,-nan,0.00000000,13.37022205
