Y,A,A_rep,A_hid,L,Q,K,W,P,r,taua,abar,tauk,taul,WtaxRev,KtaxRev,WtaxRev_lost,KtaxRev_lost,G,lump_sum,ylbar,WtaxPct,ShelterPct,ShelterPctP99,TaxEvasionP99,ConcealPctP99,gini,p90,p99,p999,p9999,gini_total,p90_total,p99_total,p999_total,p9999_total,welfare,welfare0,approval,approval0,conceal_share_e,conceal_share_n,evasion_share_e,evasion_share_n,conceal_frac_e,conceal_frac_n,evasion_frac_e,evasion_frac_n,shelter_pct_e,shelter_pct_n,detection_rate,detection_revenue,wtax_evasion_elast
73.39403213,3.10862353,2.87913858,0.22948494,30.12356271,329.81283948,65.63937624,1.41312755,0.13868976,0.02938778,0.02000000,956.47960760,0.25000000,0.18606664,0.20270267,5.89904674,0.28432080,0.54473857,9.29156816,0.00073407,1.08952447,0.01312483,0.10782118,65.00593060,11.95967508,53.65817912,0.76887695,0.35527950,0.66901319,0.84207315,0.95073973,0.78589345,0.32905204,0.61968412,0.78447045,0.91441708,-23.75861931,-47.67988481,0.42172916,0.03964745,0.30629258,0.69370742,0.72692567,0.27307433,0.06893225,0.07620895,0.06992950,0.01567812,0.40321454,0.03650079,0.66235143,0.07051334,37.81177724
