Y,A,A_rep,A_hid,L,Q,K,W,P,r,taua,abar,tauk,taul,WtaxRev,KtaxRev,WtaxRev_lost,KtaxRev_lost,G,lump_sum,ylbar,WtaxPct,ShelterPct,ShelterPctP99,TaxEvasionP99,ConcealPctP99,gini,p90,p99,p999,p9999,gini_total,p90_total,p99_total,p999_total,p9999_total,welfare,welfare0,approval,approval0,conceal_share_e,conceal_share_n,evasion_share_e,evasion_share_n,conceal_frac_e,conceal_frac_n,evasion_frac_e,evasion_frac_n,shelter_pct_e,shelter_pct_n,detection_rate,detection_revenue,wtax_evasion_elast
73.46539506,3.11012818,2.91456109,0.19556710,30.12245851,330.90699620,65.49077995,1.41455653,0.13841168,0.02964542,0.01598273,1191.59579636,0.25000000,0.18606901,0.17557922,5.92840979,0.16717741,0.53739711,9.29156816,0.00087023,1.08952447,0.01106734,0.10362331,45.38923540,9.42973751,52.07322986,0.77073504,0.35231904,0.66146179,0.83030988,0.94291375,0.78510920,0.33016496,0.61992448,0.78255413,0.91163863,-23.71337957,-47.58787893,0.63743103,0.30353560,0.28365970,0.71634030,0.77691535,0.22308465,0.05453711,0.06693579,0.06408193,0.01091823,0.38954835,0.03458898,0.67315828,0.05430917,33.32104909
