Y,A,A_rep,A_hid,L,Q,K,W,P,r,taua,abar,tauk,taul,WtaxRev,KtaxRev,WtaxRev_lost,KtaxRev_lost,G,lump_sum,ylbar,WtaxPct,ShelterPct,ShelterPctP99,TaxEvasionP99,ConcealPctP99,gini,p90,p99,p999,p9999,gini_total,p90_total,p99_total,p999_total,p9999_total,welfare,welfare0,approval,approval0,conceal_share_e,conceal_share_n,evasion_share_e,evasion_share_n,conceal_frac_e,conceal_frac_n,evasion_frac_e,evasion_frac_n,shelter_pct_e,shelter_pct_n,detection_rate,detection_revenue,wtax_evasion_elast
64.60784217,2.81334448,2.81334448,0.00000000,29.47032461,251.42587425,49.47741752,1.27154575,0.15586397,0.04271299,0.04601727,32.05393172,0.25000000,0.18651401,2.29224214,6.98319998,0.00000000,0.00000000,9.18235041,0.01365130,1.01512040,0.74658106,0.00000000,0.00000000,0.00000000,0.00000000,0.74156532,0.39662698,0.73185461,0.86019257,0.94011277,0.74156532,0.39662698,0.73185461,0.86019257,0.94011277,-23.18566233,-46.28917122,0.78697476,0.41827345,-nan,-nan,-nan,-nan,0.00000000,0.00000000,0.00000000,0.00000000,0.00000000,0.00000000,-nan,0.00000000,12.56174938
