Y,A,A_rep,A_hid,L,Q,K,W,P,r,taua,abar,tauk,taul,WtaxRev,KtaxRev,WtaxRev_lost,KtaxRev_lost,G,lump_sum,ylbar,WtaxPct,ShelterPct,ShelterPctP99,TaxEvasionP99,ConcealPctP99,gini,p90,p99,p999,p9999,gini_total,p90_total,p99_total,p999_total,p9999_total,welfare,welfare0,approval,approval0,conceal_share_e,conceal_share_n,evasion_share_e,evasion_share_n,conceal_frac_e,conceal_frac_n,evasion_frac_e,evasion_frac_n,shelter_pct_e,shelter_pct_n,detection_rate,detection_revenue,wtax_evasion_elast
65.26260853,2.83930569,2.83930569,0.00000000,29.56587694,256.43493577,50.40112305,1.28027178,0.15467173,0.04193547,0.03292404,27.61774599,0.25000000,0.18642949,1.95983993,6.95083281,0.00000000,0.00000000,9.18235041,0.01224516,1.01512040,1.04729254,0.00000000,0.00000000,0.00000000,0.00000000,0.74768625,0.38731402,0.71211978,0.84516379,0.93445161,0.74768625,0.38731402,0.71211978,0.84516379,0.93445161,-23.22346075,-46.23925669,0.82322399,0.45719431,-nan,-nan,-nan,-nan,0.00000000,0.00000000,0.00000000,0.00000000,0.00000000,0.00000000,-nan,0.00000000,13.38010804
