Y,A,A_rep,A_hid,L,Q,K,W,P,r,taua,abar,tauk,taul,WtaxRev,KtaxRev,WtaxRev_lost,KtaxRev_lost,G,lump_sum,ylbar,WtaxPct,ShelterPct,ShelterPctP99,TaxEvasionP99,ConcealPctP99,gini,p90,p99,p999,p9999,gini_total,p90_total,p99_total,p999_total,p9999_total,welfare,welfare0,approval,approval0,conceal_share_e,conceal_share_n,evasion_share_e,evasion_share_n,conceal_frac_e,conceal_frac_n,evasion_frac_e,evasion_frac_n,shelter_pct_e,shelter_pct_n,detection_rate,detection_revenue,wtax_evasion_elast
65.62568930,2.85752043,2.85752043,0.00000000,29.61159059,259.19742944,51.04132458,1.28538835,0.15403706,0.04128592,0.03111044,33.78863686,0.25000000,0.18638436,1.77422396,6.92818380,0.00000000,0.00000000,9.18235041,0.01134152,1.01512040,0.83548042,0.00000000,0.00000000,0.00000000,0.00000000,0.75152651,0.38127862,0.70746950,0.84468471,0.93453567,0.75152651,0.38127862,0.70746950,0.84468471,0.93453567,-23.25490457,-46.21656069,0.85689852,0.50943142,-nan,-nan,-nan,-nan,0.00000000,0.00000000,0.00000000,0.00000000,0.00000000,0.00000000,-nan,0.00000000,13.45627046
