Y,A,A_rep,A_hid,L,Q,K,W,P,r,taua,abar,tauk,taul,WtaxRev,KtaxRev,WtaxRev_lost,KtaxRev_lost,G,lump_sum,ylbar,WtaxPct,ShelterPct,ShelterPctP99,TaxEvasionP99,ConcealPctP99,gini,p90,p99,p999,p9999,gini_total,p90_total,p99_total,p999_total,p9999_total,welfare,welfare0,approval,approval0,conceal_share_e,conceal_share_n,evasion_share_e,evasion_share_n,conceal_frac_e,conceal_frac_n,evasion_frac_e,evasion_frac_n,shelter_pct_e,shelter_pct_n,detection_rate,detection_revenue,wtax_evasion_elast
65.59463093,2.85687426,2.85687426,0.00000000,29.60569057,258.97235000,51.01178810,1.28505129,0.15408667,0.04129678,0.03254413,35.96417144,0.25000000,0.18638870,1.79107928,6.92894494,0.00000000,0.00000000,9.18235041,0.01141851,1.01512040,0.64340671,0.00000000,0.00000000,0.00000000,0.00000000,0.75123065,0.38172773,0.70921159,0.84681835,0.93539287,0.75123065,0.38172773,0.70921159,0.84681835,0.93539287,-23.25041045,-46.21175787,0.85536765,0.50998983,-nan,-nan,-nan,-nan,0.00000000,0.00000000,0.00000000,0.00000000,0.00000000,0.00000000,-nan,0.00000000,13.38994683
