Y,A,A_rep,A_hid,L,Q,K,W,P,r,taua,abar,tauk,taul,WtaxRev,KtaxRev,WtaxRev_lost,KtaxRev_lost,G,lump_sum,ylbar,WtaxPct,ShelterPct,ShelterPctP99,TaxEvasionP99,ConcealPctP99,gini,p90,p99,p999,p9999,gini_total,p90_total,p99_total,p999_total,p9999_total,welfare,welfare0,approval,approval0,conceal_share_e,conceal_share_n,evasion_share_e,evasion_share_n,conceal_frac_e,conceal_frac_n,evasion_frac_e,evasion_frac_n,shelter_pct_e,shelter_pct_n,detection_rate,detection_revenue,wtax_evasion_elast
65.44357413,2.84994001,2.84994001,0.00000000,29.58476172,257.82186612,50.75884738,1.28298430,0.15434733,0.04153939,0.03405618,34.42305726,0.25000000,0.18641155,1.86981404,6.93793869,0.00000000,0.00000000,9.18235041,0.01181703,1.01512040,0.84058066,0.00000000,0.00000000,0.00000000,0.00000000,0.74981760,0.38392582,0.71243992,0.84820701,0.93585981,0.74981760,0.38392582,0.71243992,0.84820701,0.93585981,-23.23614033,-46.21560956,0.84420833,0.48001473,-nan,-nan,-nan,-nan,0.00000000,0.00000000,0.00000000,0.00000000,0.00000000,0.00000000,-nan,0.00000000,13.28440355
