Y,A,A_rep,A_hid,L,Q,K,W,P,r,taua,abar,tauk,taul,WtaxRev,KtaxRev,WtaxRev_lost,KtaxRev_lost,G,lump_sum,ylbar,WtaxPct,ShelterPct,ShelterPctP99,TaxEvasionP99,ConcealPctP99,gini,p90,p99,p999,p9999,gini_total,p90_total,p99_total,p999_total,p9999_total,welfare,welfare0,approval,approval0,conceal_share_e,conceal_share_n,evasion_share_e,evasion_share_n,conceal_frac_e,conceal_frac_n,evasion_frac_e,evasion_frac_n,shelter_pct_e,shelter_pct_n,detection_rate,detection_revenue,wtax_evasion_elast
65.15474709,2.83623376,2.83623376,0.00000000,29.54736040,255.61259005,50.28540416,1.27896463,0.15486415,0.04199534,0.03596921,29.61455713,0.25000000,0.18645013,2.02229285,6.95458015,0.00000000,0.00000000,9.18235041,0.01255951,1.01512040,1.13354021,0.00000000,0.00000000,0.00000000,0.00000000,0.74692631,0.38853083,0.71736538,0.84924445,0.93600802,0.74692631,0.38853083,0.71736538,0.84924445,0.93600802,-23.21074785,-46.22970596,0.82126500,0.45706927,-nan,-nan,-nan,-nan,0.00000000,0.00000000,0.00000000,0.00000000,0.00000000,0.00000000,-nan,0.00000000,13.20697773
