Y,A,A_rep,A_hid,L,Q,K,W,P,r,taua,abar,tauk,taul,WtaxRev,KtaxRev,WtaxRev_lost,KtaxRev_lost,G,lump_sum,ylbar,WtaxPct,ShelterPct,ShelterPctP99,TaxEvasionP99,ConcealPctP99,gini,p90,p99,p999,p9999,gini_total,p90_total,p99_total,p999_total,p9999_total,welfare,welfare0,approval,approval0,conceal_share_e,conceal_share_n,evasion_share_e,evasion_share_n,conceal_frac_e,conceal_frac_n,evasion_frac_e,evasion_frac_n,shelter_pct_e,shelter_pct_n,detection_rate,detection_revenue,wtax_evasion_elast
65.79305319,2.86544271,2.86544271,0.00000000,29.63474108,260.46965838,51.32571255,1.28767014,0.15375234,0.04101250,0.03000000,37.14297179,0.25000000,0.18635813,1.68165910,6.91831125,0.00000000,0.00000000,9.18235041,0.01083372,1.01512040,0.66161033,0.00000000,0.00000000,0.00000000,0.00000000,0.75315706,0.37867457,0.70446251,0.84400622,0.93441734,0.75315706,0.37867457,0.70446251,0.84400622,0.93441734,-23.27607665,-46.22404526,0.87209346,0.59630838,-nan,-nan,-nan,-nan,0.00000000,0.00000000,0.00000000,0.00000000,0.00000000,0.00000000,-nan,0.00000000,13.55256092
