Y,A,A_rep,A_hid,L,Q,K,W,P,r,taua,abar,tauk,taul,WtaxRev,KtaxRev,WtaxRev_lost,KtaxRev_lost,G,lump_sum,ylbar,WtaxPct,ShelterPct,ShelterPctP99,TaxEvasionP99,ConcealPctP99,gini,p90,p99,p999,p9999,gini_total,p90_total,p99_total,p999_total,p9999_total,welfare,welfare0,approval,approval0,conceal_share_e,conceal_share_n,evasion_share_e,evasion_share_n,conceal_frac_e,conceal_frac_n,evasion_frac_e,evasion_frac_n,shelter_pct_e,shelter_pct_n,detection_rate,detection_revenue,wtax_evasion_elast
65.55012487,2.85494634,2.85494634,0.00000000,29.59935481,258.62888211,50.93859125,1.28444091,0.15416453,0.04136498,0.03307441,35.63875828,0.25000000,0.18639572,1.81440785,6.93162699,0.00000000,0.00000000,9.18235041,0.01153524,1.01512040,0.63926927,0.00000000,0.00000000,0.00000000,0.00000000,0.75084369,0.38238890,0.71022066,0.84736240,0.93557578,0.75084369,0.38238890,0.71022066,0.84736240,0.93557578,-23.24663727,-46.21340679,0.85144482,0.50624145,-nan,-nan,-nan,-nan,0.00000000,0.00000000,0.00000000,0.00000000,0.00000000,0.00000000,-nan,0.00000000,13.35972135
