Y,A,A_rep,A_hid,L,Q,K,W,P,r,taua,abar,tauk,taul,WtaxRev,KtaxRev,WtaxRev_lost,KtaxRev_lost,G,lump_sum,ylbar,WtaxPct,ShelterPct,ShelterPctP99,TaxEvasionP99,ConcealPctP99,gini,p90,p99,p999,p9999,gini_total,p90_total,p99_total,p999_total,p9999_total,welfare,welfare0,approval,approval0,conceal_share_e,conceal_share_n,evasion_share_e,evasion_share_n,conceal_frac_e,conceal_frac_n,evasion_frac_e,evasion_frac_n,shelter_pct_e,shelter_pct_n,detection_rate,detection_revenue,wtax_evasion_elast
73.73197897,3.12189071,2.99184217,0.13004855,30.15408322,333.54060271,65.75000587,1.41824502,0.13793100,0.02962195,0.00062702,682.84709884,0.25000000,0.18604168,0.01577509,5.96123339,0.00577964,0.53827959,9.29156816,0.00001291,1.08952447,0.02909702,0.10032106,30.54870973,7.83841194,37.21810151,0.77634196,0.34353365,0.64318486,0.80421572,0.91875314,0.78562117,0.32922307,0.61643603,0.77506486,0.90307066,-23.72621799,-47.58185028,0.40918992,0.05805016,0.29911773,0.70088227,0.91313248,0.08686752,0.03818899,0.04333653,0.05931268,0.00331058,0.38477649,0.03164155,0.68140594,0.03835308,67.43381010
