Y,A,A_rep,A_hid,L,Q,K,W,P,r,taua,abar,tauk,taul,WtaxRev,KtaxRev,WtaxRev_lost,KtaxRev_lost,G,lump_sum,ylbar,WtaxPct,ShelterPct,ShelterPctP99,TaxEvasionP99,ConcealPctP99,gini,p90,p99,p999,p9999,gini_total,p90_total,p99_total,p999_total,p9999_total,welfare,welfare0,approval,approval0,conceal_share_e,conceal_share_n,evasion_share_e,evasion_share_n,conceal_frac_e,conceal_frac_n,evasion_frac_e,evasion_frac_n,shelter_pct_e,shelter_pct_n,detection_rate,detection_revenue,wtax_evasion_elast
65.57891907,2.85609307,2.85609307,0.00000000,29.60356537,258.84520058,50.98413567,1.28482190,0.15411602,0.04132333,0.03255412,35.27705573,0.25000000,0.18639278,1.80064951,6.93001722,0.00000000,0.00000000,9.18235041,0.01147754,1.01512040,0.63830835,0.00000000,0.00000000,0.00000000,0.00000000,0.75109794,0.38193747,0.70946473,0.84672036,0.93532466,0.75109794,0.38193747,0.70946473,0.84672036,0.93532466,-23.24803410,-46.21028563,0.85485995,0.50995652,-nan,-nan,-nan,-nan,0.00000000,0.00000000,0.00000000,0.00000000,0.00000000,0.00000000,-nan,0.00000000,13.39569510
