Y,A,A_rep,A_hid,L,Q,K,W,P,r,taua,abar,tauk,taul,WtaxRev,KtaxRev,WtaxRev_lost,KtaxRev_lost,G,lump_sum,ylbar,WtaxPct,ShelterPct,ShelterPctP99,TaxEvasionP99,ConcealPctP99,gini,p90,p99,p999,p9999,gini_total,p90_total,p99_total,p999_total,p9999_total,welfare,welfare0,approval,approval0,conceal_share_e,conceal_share_n,evasion_share_e,evasion_share_n,conceal_frac_e,conceal_frac_n,evasion_frac_e,evasion_frac_n,shelter_pct_e,shelter_pct_n,detection_rate,detection_revenue,wtax_evasion_elast
65.82933064,2.86721214,2.86721214,0.00000000,29.63945328,260.74994873,51.38765161,1.28817797,0.15368858,0.04095310,0.03000000,38.77476986,0.25000000,0.18635097,1.65981302,6.91602274,0.00000000,0.00000000,9.18235041,0.01069720,1.01512040,0.67630213,0.00000000,0.00000000,0.00000000,0.00000000,0.75350247,0.37816274,0.70384414,0.84429898,0.93456716,0.75350247,0.37816274,0.70384414,0.84429898,0.93456716,-23.28243018,-46.22944075,0.87381187,0.59737676,-nan,-nan,-nan,-nan,0.00000000,0.00000000,0.00000000,0.00000000,0.00000000,0.00000000,-nan,0.00000000,13.55819246
