Y,A,A_rep,A_hid,L,Q,K,W,P,r,taua,abar,tauk,taul,WtaxRev,KtaxRev,WtaxRev_lost,KtaxRev_lost,G,lump_sum,ylbar,WtaxPct,ShelterPct,ShelterPctP99,TaxEvasionP99,ConcealPctP99,gini,p90,p99,p999,p9999,gini_total,p90_total,p99_total,p999_total,p9999_total,welfare,welfare0,approval,approval0,conceal_share_e,conceal_share_n,evasion_share_e,evasion_share_n,conceal_frac_e,conceal_frac_n,evasion_frac_e,evasion_frac_n,shelter_pct_e,shelter_pct_n,detection_rate,detection_revenue,wtax_evasion_elast
73.51254894,3.11134400,2.92304985,0.18829415,30.12607150,331.50232859,65.45185296,1.41531163,0.13827844,0.02974498,0.01192360,1080.78649886,0.25000000,0.18606614,0.16101610,5.92640368,0.12194443,0.54279048,9.29156816,0.00073664,1.08952447,0.01303552,0.10369240,37.55645225,8.72003037,54.60604509,0.77092270,0.35188774,0.65989686,0.82697904,0.93803273,0.78474366,0.33059199,0.62000805,0.78141467,0.90980375,-23.70636435,-47.57260062,0.69164662,0.34748523,0.26293443,0.73706557,0.80044780,0.19955220,0.04871535,0.06624424,0.06255263,0.00922753,0.39009969,0.03454164,0.67473129,0.04712545,32.80788307
