Y,A,A_rep,A_hid,L,Q,K,W,P,r,taua,abar,tauk,taul,WtaxRev,KtaxRev,WtaxRev_lost,KtaxRev_lost,G,lump_sum,ylbar,WtaxPct,ShelterPct,ShelterPctP99,TaxEvasionP99,ConcealPctP99,gini,p90,p99,p999,p9999,gini_total,p90_total,p99_total,p999_total,p9999_total,welfare,welfare0,approval,approval0,conceal_share_e,conceal_share_n,evasion_share_e,evasion_share_n,conceal_frac_e,conceal_frac_n,evasion_frac_e,evasion_frac_n,shelter_pct_e,shelter_pct_n,detection_rate,detection_revenue,wtax_evasion_elast
64.66378032,2.81659370,2.81659370,0.00000000,29.47673719,251.83747724,49.58831663,1.27235902,0.15576797,0.04258486,0.04678355,34.33904455,0.25000000,0.18650530,2.26217620,6.97922698,0.00000000,0.00000000,9.18235041,0.01348889,1.01512040,0.80374499,0.00000000,0.00000000,0.00000000,0.00000000,0.74222311,0.39552844,0.73169847,0.86155183,0.94076532,0.74222311,0.39552844,0.73169847,0.86155183,0.94076532,-23.19239295,-46.28881641,0.78834679,0.41833170,-nan,-nan,-nan,-nan,0.00000000,0.00000000,0.00000000,0.00000000,0.00000000,0.00000000,-nan,0.00000000,12.52433488
