Y,A,A_rep,A_hid,L,Q,K,W,P,r,taua,abar,tauk,taul,WtaxRev,KtaxRev,WtaxRev_lost,KtaxRev_lost,G,lump_sum,ylbar,WtaxPct,ShelterPct,ShelterPctP99,TaxEvasionP99,ConcealPctP99,gini,p90,p99,p999,p9999,gini_total,p90_total,p99_total,p999_total,p9999_total,welfare,welfare0,approval,approval0,conceal_share_e,conceal_share_n,evasion_share_e,evasion_share_n,conceal_frac_e,conceal_frac_n,evasion_frac_e,evasion_frac_n,shelter_pct_e,shelter_pct_n,detection_rate,detection_revenue,wtax_evasion_elast
65.46595973,2.85002883,2.85002883,0.00000000,29.59029597,257.99186081,50.77586651,1.28320843,0.15431170,0.04154187,0.03254564,32.04904460,0.25000000,0.18640520,1.85775680,6.93736360,0.00000000,0.00000000,9.18235041,0.01175434,1.01512040,0.79696477,0.00000000,0.00000000,0.00000000,0.00000000,0.74996228,0.38379076,0.71066782,0.84595177,0.93491742,0.74996228,0.38379076,0.71066782,0.84595177,0.93491742,-23.24020842,-46.22103084,0.84373588,0.47995071,-nan,-nan,-nan,-nan,0.00000000,0.00000000,0.00000000,0.00000000,0.00000000,0.00000000,-nan,0.00000000,13.37130555
