Y,A,A_rep,A_hid,L,Q,K,W,P,r,taua,abar,tauk,taul,WtaxRev,KtaxRev,WtaxRev_lost,KtaxRev_lost,G,lump_sum,ylbar,WtaxPct,ShelterPct,ShelterPctP99,TaxEvasionP99,ConcealPctP99,gini,p90,p99,p999,p9999,gini_total,p90_total,p99_total,p999_total,p9999_total,welfare,welfare0,approval,approval0,conceal_share_e,conceal_share_n,evasion_share_e,evasion_share_n,conceal_frac_e,conceal_frac_n,evasion_frac_e,evasion_frac_n,shelter_pct_e,shelter_pct_n,detection_rate,detection_revenue,wtax_evasion_elast
65.58346275,2.85630043,2.85630043,0.00000000,29.60449465,258.88488724,50.99313946,1.28488820,0.15410774,0.04131489,0.03252045,35.36354666,0.25000000,0.18639002,1.79821960,6.92958822,0.00000000,0.00000000,9.18235041,0.01145337,1.01512040,0.63897372,0.00000000,0.00000000,0.00000000,0.00000000,0.75112900,0.38188087,0.70939494,0.84669237,0.93531503,0.75112900,0.38188087,0.70939494,0.84669237,0.93531503,-23.24950558,-46.21227396,0.85453666,0.50707538,-nan,-nan,-nan,-nan,0.00000000,0.00000000,0.00000000,0.00000000,0.00000000,0.00000000,-nan,0.00000000,13.39782892
