Y,A,A_rep,A_hid,L,Q,K,W,P,r,taua,abar,tauk,taul,WtaxRev,KtaxRev,WtaxRev_lost,KtaxRev_lost,G,lump_sum,ylbar,WtaxPct,ShelterPct,ShelterPctP99,TaxEvasionP99,ConcealPctP99,gini,p90,p99,p999,p9999,gini_total,p90_total,p99_total,p999_total,p9999_total,welfare,welfare0,approval,approval0,conceal_share_e,conceal_share_n,evasion_share_e,evasion_share_n,conceal_frac_e,conceal_frac_n,evasion_frac_e,evasion_frac_n,shelter_pct_e,shelter_pct_n,detection_rate,detection_revenue,wtax_evasion_elast
64.70395328,2.80979497,2.80979497,0.00000000,29.49939737,252.18367208,49.37956067,1.27217668,0.15567286,0.04303446,0.03592416,22.13952148,0.25000000,0.18647884,2.22041108,6.98769044,0.00000000,0.00000000,9.18235041,0.01329770,1.01512040,1.33689627,0.00000000,0.00000000,0.00000000,0.00000000,0.74130681,0.39726792,0.71854354,0.84608493,0.93447856,0.74130681,0.39726792,0.71854354,0.84608493,0.93447856,-23.20459144,-46.33334073,0.78144364,0.41040176,-nan,-nan,-nan,-nan,0.00000000,0.00000000,0.00000000,0.00000000,0.00000000,0.00000000,-nan,0.00000000,13.41157300
