Y,A,A_rep,A_hid,L,Q,K,W,P,r,taua,abar,tauk,taul,WtaxRev,KtaxRev,WtaxRev_lost,KtaxRev_lost,G,lump_sum,ylbar,WtaxPct,ShelterPct,ShelterPctP99,TaxEvasionP99,ConcealPctP99,gini,p90,p99,p999,p9999,gini_total,p90_total,p99_total,p999_total,p9999_total,welfare,welfare0,approval,approval0,conceal_share_e,conceal_share_n,evasion_share_e,evasion_share_n,conceal_frac_e,conceal_frac_n,evasion_frac_e,evasion_frac_n,shelter_pct_e,shelter_pct_n,detection_rate,detection_revenue,wtax_evasion_elast
73.49970649,3.11091843,2.92668449,0.18423394,30.12344223,331.40176543,65.42379504,1.41517150,0.13829035,0.02976426,0.01318433,1179.16542101,0.25000000,0.18607002,0.16594304,5.93147493,0.12562434,0.54142576,9.29156816,0.00082580,1.08952447,0.01133944,0.10358258,37.93106958,8.62599470,53.61228405,0.77119923,0.35147120,0.65919284,0.82615131,0.93828807,0.78470718,0.33065648,0.62020208,0.78170749,0.91015431,-23.70075650,-47.56304556,0.72415227,0.37655853,0.26553198,0.73446802,0.79673467,0.20326533,0.04814526,0.06459433,0.06243623,0.00942752,0.39056063,0.03429400,0.67331615,0.04638076,30.60701168
