Y,A,A_rep,A_hid,L,Q,K,W,P,r,taua,abar,tauk,taul,WtaxRev,KtaxRev,WtaxRev_lost,KtaxRev_lost,G,lump_sum,ylbar,WtaxPct,ShelterPct,ShelterPctP99,TaxEvasionP99,ConcealPctP99,gini,p90,p99,p999,p9999,gini_total,p90_total,p99_total,p999_total,p9999_total,welfare,welfare0,approval,approval0,conceal_share_e,conceal_share_n,evasion_share_e,evasion_share_n,conceal_frac_e,conceal_frac_n,evasion_frac_e,evasion_frac_n,shelter_pct_e,shelter_pct_n,detection_rate,detection_revenue,wtax_evasion_elast
65.62127535,2.85790510,2.85790510,0.00000000,29.60981245,259.17489375,51.05008500,1.28539518,0.15404096,0.04126542,0.03194614,35.38900614,0.25000000,0.18638533,1.77726330,6.92764864,0.00000000,0.00000000,9.18235041,0.01135378,1.01512040,0.64109046,0.00000000,0.00000000,0.00000000,0.00000000,0.75152917,0.38126428,0.70832806,0.84602679,0.93506954,0.75152917,0.38126428,0.70832806,0.84602679,0.93506954,-23.25349062,-46.21253747,0.85771008,0.51001861,-nan,-nan,-nan,-nan,0.00000000,0.00000000,0.00000000,0.00000000,0.00000000,0.00000000,-nan,0.00000000,13.43139886
