Y,A,A_rep,A_hid,L,Q,K,W,P,r,taua,abar,tauk,taul,WtaxRev,KtaxRev,WtaxRev_lost,KtaxRev_lost,G,lump_sum,ylbar,WtaxPct,ShelterPct,ShelterPctP99,TaxEvasionP99,ConcealPctP99,gini,p90,p99,p999,p9999,gini_total,p90_total,p99_total,p999_total,p9999_total,welfare,welfare0,approval,approval0,conceal_share_e,conceal_share_n,evasion_share_e,evasion_share_n,conceal_frac_e,conceal_frac_n,evasion_frac_e,evasion_frac_n,shelter_pct_e,shelter_pct_n,detection_rate,detection_revenue,wtax_evasion_elast
65.54043543,2.85387544,2.85387544,0.00000000,29.59950504,258.55986728,50.90952624,1.28426593,0.15418141,0.04140519,0.03239096,33.89724445,0.25000000,0.18639540,1.81975521,6.93257039,0.00000000,0.00000000,9.18235041,0.01156237,1.01512040,0.83346780,0.00000000,0.00000000,0.00000000,0.00000000,0.75066921,0.38265422,0.70970795,0.84623310,0.93509785,0.75066921,0.38265422,0.70970795,0.84623310,0.93509785,-23.24603587,-46.21600027,0.85053083,0.50100177,-nan,-nan,-nan,-nan,0.00000000,0.00000000,0.00000000,0.00000000,0.00000000,0.00000000,-nan,0.00000000,13.38090576
