Y,A,A_rep,A_hid,L,Q,K,W,P,r,taua,abar,tauk,taul,WtaxRev,KtaxRev,WtaxRev_lost,KtaxRev_lost,G,lump_sum,ylbar,WtaxPct,ShelterPct,ShelterPctP99,TaxEvasionP99,ConcealPctP99,gini,p90,p99,p999,p9999,gini_total,p90_total,p99_total,p999_total,p9999_total,welfare,welfare0,approval,approval0,conceal_share_e,conceal_share_n,evasion_share_e,evasion_share_n,conceal_frac_e,conceal_frac_n,evasion_frac_e,evasion_frac_n,shelter_pct_e,shelter_pct_n,detection_rate,detection_revenue,wtax_evasion_elast
65.58203147,2.85621134,2.85621134,0.00000000,29.60416683,258.86649144,50.98915223,1.28485653,0.15411193,0.04131868,0.03245941,35.14628156,0.25000000,0.18639102,1.79888230,6.92991764,0.00000000,0.00000000,9.18235041,0.01146386,1.01512040,0.63729942,0.00000000,0.00000000,0.00000000,0.00000000,0.75112443,0.38190411,0.70936605,0.84659843,0.93528014,0.75112443,0.38190411,0.70936605,0.84659843,0.93528014,-23.24901311,-46.21168751,0.85429091,0.50703797,-nan,-nan,-nan,-nan,0.00000000,0.00000000,0.00000000,0.00000000,0.00000000,0.00000000,-nan,0.00000000,13.40484936
