Y,A,A_rep,A_hid,L,Q,K,W,P,r,taua,abar,tauk,taul,WtaxRev,KtaxRev,WtaxRev_lost,KtaxRev_lost,G,lump_sum,ylbar,WtaxPct,ShelterPct,ShelterPctP99,TaxEvasionP99,ConcealPctP99,gini,p90,p99,p999,p9999,gini_total,p90_total,p99_total,p999_total,p9999_total,welfare,welfare0,approval,approval0,conceal_share_e,conceal_share_n,evasion_share_e,evasion_share_n,conceal_frac_e,conceal_frac_n,evasion_frac_e,evasion_frac_n,shelter_pct_e,shelter_pct_n,detection_rate,detection_revenue,wtax_evasion_elast
66.26863230,2.88772577,2.88772577,0.00000000,29.70215429,264.03532488,52.15580410,1.29403387,0.15298019,0.04021137,0.03000000,64.50632451,0.25000000,0.18627299,1.40409783,6.89048196,0.00000000,0.00000000,9.18235041,0.00915629,1.01512040,0.41799945,0.00000000,0.00000000,0.00000000,0.00000000,0.75752755,0.37169630,0.69566129,0.84621706,0.93594332,0.75752755,0.37169630,0.69566129,0.84621706,0.93594332,-23.35629212,-46.28632482,0.90590492,0.81753851,-nan,-nan,-nan,-nan,0.00000000,0.00000000,0.00000000,0.00000000,0.00000000,0.00000000,-nan,0.00000000,13.69409782
