Y,A,A_rep,A_hid,L,Q,K,W,P,r,taua,abar,tauk,taul,WtaxRev,KtaxRev,WtaxRev_lost,KtaxRev_lost,G,lump_sum,ylbar,WtaxPct,ShelterPct,ShelterPctP99,TaxEvasionP99,ConcealPctP99,gini,p90,p99,p999,p9999,gini_total,p90_total,p99_total,p999_total,p9999_total,welfare,welfare0,approval,approval0,conceal_share_e,conceal_share_n,evasion_share_e,evasion_share_n,conceal_frac_e,conceal_frac_n,evasion_frac_e,evasion_frac_n,shelter_pct_e,shelter_pct_n,detection_rate,detection_revenue,wtax_evasion_elast
73.39691270,3.10852723,2.87328100,0.23524623,30.12483411,329.83286006,65.63677114,1.41312842,0.13868813,0.02939433,0.01835303,852.03519352,0.25000000,0.18606374,0.20752840,5.88981799,0.27727230,0.54975163,9.29156816,0.00065696,1.08952447,0.01576197,0.10847653,64.64128391,11.77062876,54.00247631,0.76835381,0.35604245,0.67042731,0.84378109,0.94997685,0.78583754,0.32909797,0.61974976,0.78450893,0.91414568,-23.76377405,-47.69100497,0.40554905,0.03054791,0.29902516,0.70097484,0.72745373,0.27254627,0.06899250,0.07894074,0.06984435,0.01561250,0.40430936,0.03705004,0.66442749,0.06934959,39.07290182
