Y,A,A_rep,A_hid,L,Q,K,W,P,r,taua,abar,tauk,taul,WtaxRev,KtaxRev,WtaxRev_lost,KtaxRev_lost,G,lump_sum,ylbar,WtaxPct,ShelterPct,ShelterPctP99,TaxEvasionP99,ConcealPctP99,gini,p90,p99,p999,p9999,gini_total,p90_total,p99_total,p999_total,p9999_total,welfare,welfare0,approval,approval0,conceal_share_e,conceal_share_n,evasion_share_e,evasion_share_n,conceal_frac_e,conceal_frac_n,evasion_frac_e,evasion_frac_n,shelter_pct_e,shelter_pct_n,detection_rate,detection_revenue,wtax_evasion_elast
65.57053508,2.85539419,2.85539419,0.00000000,29.60338331,258.78603558,50.96208011,1.28468148,0.15413015,0.04135243,0.03220733,34.42182908,0.25000000,0.18639190,1.80335427,6.93076674,0.00000000,0.00000000,9.18235041,0.01148510,1.01512040,0.84579036,0.00000000,0.00000000,0.00000000,0.00000000,0.75100628,0.38216029,0.70916470,0.84612353,0.93507863,0.75100628,0.38216029,0.70916470,0.84612353,0.93507863,-23.24887417,-46.21424081,0.85289827,0.50623020,-nan,-nan,-nan,-nan,0.00000000,0.00000000,0.00000000,0.00000000,0.00000000,0.00000000,-nan,0.00000000,13.40196595
