Y,A,A_rep,A_hid,L,Q,K,W,P,r,taua,abar,tauk,taul,WtaxRev,KtaxRev,WtaxRev_lost,KtaxRev_lost,G,lump_sum,ylbar,WtaxPct,ShelterPct,ShelterPctP99,TaxEvasionP99,ConcealPctP99,gini,p90,p99,p999,p9999,gini_total,p90_total,p99_total,p999_total,p9999_total,welfare,welfare0,approval,approval0,conceal_share_e,conceal_share_n,evasion_share_e,evasion_share_n,conceal_frac_e,conceal_frac_n,evasion_frac_e,evasion_frac_n,shelter_pct_e,shelter_pct_n,detection_rate,detection_revenue,wtax_evasion_elast
65.51128634,2.85214416,2.85214416,0.00000000,29.59636881,258.32918268,50.84967614,1.28381660,0.15423490,0.04147101,0.03211321,32.53491452,0.25000000,0.18639932,1.83320879,6.93494090,0.00000000,0.00000000,9.18235041,0.01163549,1.01512040,0.80675440,0.00000000,0.00000000,0.00000000,0.00000000,0.75036438,0.38307990,0.70976773,0.84554985,0.93478745,0.75036438,0.38307990,0.70976773,0.84554985,0.93478745,-23.24411364,-46.21898794,0.84743837,0.49828508,-nan,-nan,-nan,-nan,0.00000000,0.00000000,0.00000000,0.00000000,0.00000000,0.00000000,-nan,0.00000000,13.39810811
