Y,A,A_rep,A_hid,L,Q,K,W,P,r,taua,abar,tauk,taul,WtaxRev,KtaxRev,WtaxRev_lost,KtaxRev_lost,G,lump_sum,ylbar,WtaxPct,ShelterPct,ShelterPctP99,TaxEvasionP99,ConcealPctP99,gini,p90,p99,p999,p9999,gini_total,p90_total,p99_total,p999_total,p9999_total,welfare,welfare0,approval,approval0,conceal_share_e,conceal_share_n,evasion_share_e,evasion_share_n,conceal_frac_e,conceal_frac_n,evasion_frac_e,evasion_frac_n,shelter_pct_e,shelter_pct_n,detection_rate,detection_revenue,wtax_evasion_elast
65.57284775,2.85585975,2.85585975,0.00000000,29.60282535,258.80700017,50.97666365,1.28475420,0.15412472,0.04132973,0.03280026,35.71960446,0.25000000,0.18639122,1.80348222,6.93010859,0.00000000,0.00000000,9.18235041,0.01147666,1.01512040,0.64076968,0.00000000,0.00000000,0.00000000,0.00000000,0.75101641,0.38218392,0.70973474,0.84707669,0.93547402,0.75101641,0.38218392,0.70973474,0.84707669,0.93547402,-23.24849977,-46.21240702,0.85341334,0.50667907,-nan,-nan,-nan,-nan,0.00000000,0.00000000,0.00000000,0.00000000,0.00000000,0.00000000,-nan,0.00000000,13.37637303
