Y,A,A_rep,A_hid,L,Q,K,W,P,r,taua,abar,tauk,taul,WtaxRev,KtaxRev,WtaxRev_lost,KtaxRev_lost,G,lump_sum,ylbar,WtaxPct,ShelterPct,ShelterPctP99,TaxEvasionP99,ConcealPctP99,gini,p90,p99,p999,p9999,gini_total,p90_total,p99_total,p999_total,p9999_total,welfare,welfare0,approval,approval0,conceal_share_e,conceal_share_n,evasion_share_e,evasion_share_n,conceal_frac_e,conceal_frac_n,evasion_frac_e,evasion_frac_n,shelter_pct_e,shelter_pct_n,detection_rate,detection_revenue,wtax_evasion_elast
65.61366604,2.85745744,2.85745744,0.00000000,29.60902681,259.11732945,51.03641320,1.28528546,0.15405451,0.04127965,0.03191706,34.98857728,0.25000000,0.18638587,1.78203930,6.92809359,0.00000000,0.00000000,9.18235041,0.01137456,1.01512040,0.86013421,0.00000000,0.00000000,0.00000000,0.00000000,0.75143466,0.38142436,0.70844476,0.84593493,0.93502135,0.75143466,0.38142436,0.70844476,0.84593493,0.93502135,-23.25275666,-46.21321476,0.85613298,0.50977711,-nan,-nan,-nan,-nan,0.00000000,0.00000000,0.00000000,0.00000000,0.00000000,0.00000000,-nan,0.00000000,13.43375461
