Y,A,A_rep,A_hid,L,Q,K,W,P,r,taua,abar,tauk,taul,WtaxRev,KtaxRev,WtaxRev_lost,KtaxRev_lost,G,lump_sum,ylbar,WtaxPct,ShelterPct,ShelterPctP99,TaxEvasionP99,ConcealPctP99,gini,p90,p99,p999,p9999,gini_total,p90_total,p99_total,p999_total,p9999_total,welfare,welfare0,approval,approval0,conceal_share_e,conceal_share_n,evasion_share_e,evasion_share_n,conceal_frac_e,conceal_frac_n,evasion_frac_e,evasion_frac_n,shelter_pct_e,shelter_pct_n,detection_rate,detection_revenue,wtax_evasion_elast
65.57275734,2.85587560,2.85587560,0.00000000,29.60273923,258.80941549,50.97704847,1.28476046,0.15412375,0.04132924,0.03289681,35.99593569,0.25000000,0.18639080,1.80326445,6.93001764,0.00000000,0.00000000,9.18235041,0.01147175,1.01512040,0.64254567,0.00000000,0.00000000,0.00000000,0.00000000,0.75100833,0.38217943,0.70979481,0.84722875,0.93554563,0.75100833,0.38217943,0.70979481,0.84722875,0.93554563,-23.24870205,-46.21275437,0.85336619,0.50668538,-nan,-nan,-nan,-nan,0.00000000,0.00000000,0.00000000,0.00000000,0.00000000,0.00000000,-nan,0.00000000,13.36641658
