Y,A,A_rep,A_hid,L,Q,K,W,P,r,taua,abar,tauk,taul,WtaxRev,KtaxRev,WtaxRev_lost,KtaxRev_lost,G,lump_sum,ylbar,WtaxPct,ShelterPct,ShelterPctP99,TaxEvasionP99,ConcealPctP99,gini,p90,p99,p999,p9999,gini_total,p90_total,p99_total,p999_total,p9999_total,welfare,welfare0,approval,approval0,conceal_share_e,conceal_share_n,evasion_share_e,evasion_share_n,conceal_frac_e,conceal_frac_n,evasion_frac_e,evasion_frac_n,shelter_pct_e,shelter_pct_n,detection_rate,detection_revenue,wtax_evasion_elast
73.42552249,3.10983155,2.89866218,0.21116938,30.12385890,330.25704719,65.60234097,1.41372742,0.13858218,0.02946718,0.02000000,1185.61389259,0.25000000,0.18606705,0.18131243,5.91809261,0.23843585,0.53739555,9.29156816,0.00077784,1.08952447,0.01054006,0.10517574,56.80924402,11.12882803,52.22315289,0.77014082,0.35324411,0.66467947,0.83583239,0.94885113,0.78570635,0.32925749,0.61960486,0.78352953,0.91344722,-23.74190851,-47.64494718,0.47563199,0.07249733,0.30770738,0.69229262,0.74863660,0.25136340,0.06375969,0.06992383,0.06764273,0.01352605,0.39558924,0.03505770,0.66744885,0.06467065,36.39361692
