Y,A,A_rep,A_hid,L,Q,K,W,P,r,taua,abar,tauk,taul,WtaxRev,KtaxRev,WtaxRev_lost,KtaxRev_lost,G,lump_sum,ylbar,WtaxPct,ShelterPct,ShelterPctP99,TaxEvasionP99,ConcealPctP99,gini,p90,p99,p999,p9999,gini_total,p90_total,p99_total,p999_total,p9999_total,welfare,welfare0,approval,approval0,conceal_share_e,conceal_share_n,evasion_share_e,evasion_share_n,conceal_frac_e,conceal_frac_n,evasion_frac_e,evasion_frac_n,shelter_pct_e,shelter_pct_n,detection_rate,detection_revenue,wtax_evasion_elast
65.27670518,2.83954041,2.83954041,0.00000000,29.56865007,256.53923164,50.41294062,1.28042455,0.15464807,0.04193349,0.03233500,27.01817437,0.25000000,0.18642627,1.94966558,6.95059133,0.00000000,0.00000000,9.18235041,0.01219173,1.01512040,1.02439877,0.00000000,0.00000000,0.00000000,0.00000000,0.74780911,0.38713360,0.71108882,0.84428133,0.93411129,0.74780911,0.38713360,0.71108882,0.84428133,0.93411129,-23.22666690,-46.24354526,0.82319151,0.45717453,-nan,-nan,-nan,-nan,0.00000000,0.00000000,0.00000000,0.00000000,0.00000000,0.00000000,-nan,0.00000000,13.43654628
