Y,A,A_rep,A_hid,L,Q,K,W,P,r,taua,abar,tauk,taul,WtaxRev,KtaxRev,WtaxRev_lost,KtaxRev_lost,G,lump_sum,ylbar,WtaxPct,ShelterPct,ShelterPctP99,TaxEvasionP99,ConcealPctP99,gini,p90,p99,p999,p9999,gini_total,p90_total,p99_total,p999_total,p9999_total,welfare,welfare0,approval,approval0,conceal_share_e,conceal_share_n,evasion_share_e,evasion_share_n,conceal_frac_e,conceal_frac_n,evasion_frac_e,evasion_frac_n,shelter_pct_e,shelter_pct_n,detection_rate,detection_revenue,wtax_evasion_elast
73.70378305,3.11962970,2.94212997,0.17749973,30.15274105,333.18114735,65.73860110,1.41772383,0.13800772,0.02960277,0.00250487,698.98814090,0.25000000,0.18604190,0.05413479,5.92886737,0.02951867,0.53878260,9.29156816,-0.00000013,1.08952447,0.02548546,0.10169499,32.58387059,8.17387430,54.96445567,0.77259628,0.34931832,0.65415393,0.81854713,0.92961218,0.78549394,0.32944291,0.61697809,0.77636741,0.90471971,-23.73532118,-47.60406517,0.12828588,0.01198002,0.26680869,0.73319131,0.89200831,0.10799169,0.04649581,0.06194029,0.06032245,0.00429890,0.38683249,0.03285080,0.68022720,0.04208200,72.52594228
