Y,A,A_rep,A_hid,L,Q,K,W,P,r,taua,abar,tauk,taul,WtaxRev,KtaxRev,WtaxRev_lost,KtaxRev_lost,G,lump_sum,ylbar,WtaxPct,ShelterPct,ShelterPctP99,TaxEvasionP99,ConcealPctP99,gini,p90,p99,p999,p9999,gini_total,p90_total,p99_total,p999_total,p9999_total,welfare,welfare0,approval,approval0,conceal_share_e,conceal_share_n,evasion_share_e,evasion_share_n,conceal_frac_e,conceal_frac_n,evasion_frac_e,evasion_frac_n,shelter_pct_e,shelter_pct_n,detection_rate,detection_revenue,wtax_evasion_elast
73.44937686,3.11058200,2.90591705,0.20466495,30.12518881,330.55528821,65.59552931,1.41413587,0.13851580,0.02950193,0.01869037,1256.07684656,0.25000000,0.18606573,0.17119591,5.92234346,0.20800059,0.53666898,9.29156816,0.00076690,1.08952447,0.00999837,0.10474945,53.24863519,10.63212172,51.43717870,0.77056484,0.35258384,0.66302803,0.83328037,0.94698646,0.78561845,0.32938511,0.61946297,0.78290555,0.91262607,-23.73489600,-47.62874309,0.51018660,0.14587413,0.30482105,0.69517895,0.76403092,0.23596908,0.06123267,0.06801921,0.06642654,0.01220056,0.39500045,0.03467065,0.66852914,0.06215357,36.28761769
