Y,A,A_rep,A_hid,L,Q,K,W,P,r,taua,abar,tauk,taul,WtaxRev,KtaxRev,WtaxRev_lost,KtaxRev_lost,G,lump_sum,ylbar,WtaxPct,ShelterPct,ShelterPctP99,TaxEvasionP99,ConcealPctP99,gini,p90,p99,p999,p9999,gini_total,p90_total,p99_total,p999_total,p9999_total,welfare,welfare0,approval,approval0,conceal_share_e,conceal_share_n,evasion_share_e,evasion_share_n,conceal_frac_e,conceal_frac_n,evasion_frac_e,evasion_frac_n,shelter_pct_e,shelter_pct_n,detection_rate,detection_revenue,wtax_evasion_elast
73.50687649,3.11118334,2.93363473,0.17754861,30.12491801,331.46772229,65.42452082,1.41524178,0.13827923,0.02977125,0.01400970,1376.74741399,0.25000000,0.18606777,0.15735671,5.93217642,0.11617262,0.54525993,9.29156816,0.00075582,1.08952447,0.00954150,0.10309633,35.39424082,8.82143974,52.52964099,0.77165496,0.35074649,0.65770815,0.82409977,0.93783456,0.78464482,0.33073014,0.62022136,0.78155156,0.91016905,-23.70412537,-47.57013671,0.70327084,0.35649777,0.26912289,0.73087711,0.80640710,0.19359290,0.04703018,0.06193533,0.06271275,0.00890740,0.39013080,0.03379413,0.68127668,0.04705658,29.17087681
