Y,A,A_rep,A_hid,L,Q,K,W,P,r,taua,abar,tauk,taul,WtaxRev,KtaxRev,WtaxRev_lost,KtaxRev_lost,G,lump_sum,ylbar,WtaxPct,ShelterPct,ShelterPctP99,TaxEvasionP99,ConcealPctP99,gini,p90,p99,p999,p9999,gini_total,p90_total,p99_total,p999_total,p9999_total,welfare,welfare0,approval,approval0,conceal_share_e,conceal_share_n,evasion_share_e,evasion_share_n,conceal_frac_e,conceal_frac_n,evasion_frac_e,evasion_frac_n,shelter_pct_e,shelter_pct_n,detection_rate,detection_revenue,wtax_evasion_elast
64.65726242,2.81532235,2.81532235,0.00000000,29.47738640,251.80514269,49.54502334,1.27221107,0.15577132,0.04265705,0.04505890,31.97734680,0.25000000,0.18650667,2.26698051,6.98067039,0.00000000,0.00000000,9.18235041,0.01354165,1.01512040,0.74781161,0.00000000,0.00000000,0.00000000,0.00000000,0.74208783,0.39572327,0.73051578,0.85922440,0.93976049,0.74208783,0.39572327,0.73051578,0.85922440,0.93976049,-23.18950686,-46.28602078,0.78907581,0.41827345,-nan,-nan,-nan,-nan,0.00000000,0.00000000,0.00000000,0.00000000,0.00000000,0.00000000,-nan,0.00000000,12.61739188
