Y,A,A_rep,A_hid,L,Q,K,W,P,r,taua,abar,tauk,taul,WtaxRev,KtaxRev,WtaxRev_lost,KtaxRev_lost,G,lump_sum,ylbar,WtaxPct,ShelterPct,ShelterPctP99,TaxEvasionP99,ConcealPctP99,gini,p90,p99,p999,p9999,gini_total,p90_total,p99_total,p999_total,p9999_total,welfare,welfare0,approval,approval0,conceal_share_e,conceal_share_n,evasion_share_e,evasion_share_n,conceal_frac_e,conceal_frac_n,evasion_frac_e,evasion_frac_n,shelter_pct_e,shelter_pct_n,detection_rate,detection_revenue,wtax_evasion_elast
65.57962023,2.85617331,2.85617331,0.00000000,29.60372772,258.84311010,50.98441583,1.28481550,0.15411726,0.04132289,0.03247088,35.06503161,0.25000000,0.18639076,1.80062465,6.93027427,0.00000000,0.00000000,9.18235041,0.01147174,1.01512040,0.86084758,0.00000000,0.00000000,0.00000000,0.00000000,0.75110038,0.38193380,0.70937807,0.84659881,0.93527662,0.75110038,0.38193380,0.70937807,0.84659881,0.93527662,-23.24885116,-46.21218439,0.85378446,0.50697314,-nan,-nan,-nan,-nan,0.00000000,0.00000000,0.00000000,0.00000000,0.00000000,0.00000000,-nan,0.00000000,13.40225781
