Y,A,A_rep,A_hid,L,Q,K,W,P,r,taua,abar,tauk,taul,WtaxRev,KtaxRev,WtaxRev_lost,KtaxRev_lost,G,lump_sum,ylbar,WtaxPct,ShelterPct,ShelterPctP99,TaxEvasionP99,ConcealPctP99,gini,p90,p99,p999,p9999,gini_total,p90_total,p99_total,p999_total,p9999_total,welfare,welfare0,approval,approval0,conceal_share_e,conceal_share_n,evasion_share_e,evasion_share_n,conceal_frac_e,conceal_frac_n,evasion_frac_e,evasion_frac_n,shelter_pct_e,shelter_pct_n,detection_rate,detection_revenue,wtax_evasion_elast
73.38155327,3.10825471,2.87241676,0.23583794,30.12336395,329.65106601,65.64749911,1.41290124,0.13872795,0.02936476,0.02000000,890.71196448,0.25000000,0.18606596,0.21085312,5.89184684,0.29816615,0.54783479,9.29156816,0.00070598,1.08952447,0.01444514,0.10839512,66.39974843,12.19185047,53.99176762,0.76833973,0.35611164,0.67073988,0.84441179,0.95101807,0.78587024,0.32909177,0.61990764,0.78491577,0.91477548,-23.76424147,-47.69287116,0.40752277,0.03383024,0.30423260,0.69576740,0.72015623,0.27984377,0.07035688,0.07856907,0.07061078,0.01638694,0.40422147,0.03697020,0.66310888,0.07181955,38.03068019
