Y,A,A_rep,A_hid,L,Q,K,W,P,r,taua,abar,tauk,taul,WtaxRev,KtaxRev,WtaxRev_lost,KtaxRev_lost,G,lump_sum,ylbar,WtaxPct,ShelterPct,ShelterPctP99,TaxEvasionP99,ConcealPctP99,gini,p90,p99,p999,p9999,gini_total,p90_total,p99_total,p999_total,p9999_total,welfare,welfare0,approval,approval0,conceal_share_e,conceal_share_n,evasion_share_e,evasion_share_n,conceal_frac_e,conceal_frac_n,evasion_frac_e,evasion_frac_n,shelter_pct_e,shelter_pct_n,detection_rate,detection_revenue,wtax_evasion_elast
65.56192239,2.85539244,2.85539244,0.00000000,29.60122621,258.71591735,50.95627417,1.28458973,0.15414541,0.04134960,0.03272253,35.09441718,0.25000000,0.18639422,1.80905871,6.93103881,0.00000000,0.00000000,9.18235041,0.01151488,1.01512040,0.63607728,0.00000000,0.00000000,0.00000000,0.00000000,0.75094357,0.38232011,0.70979163,0.84689025,0.93538977,0.75094357,0.38232011,0.70979163,0.84689025,0.93538977,-23.24709734,-46.21185136,0.85319387,0.50618258,-nan,-nan,-nan,-nan,0.00000000,0.00000000,0.00000000,0.00000000,0.00000000,0.00000000,-nan,0.00000000,13.38914471
