Y,A,A_rep,A_hid,L,Q,K,W,P,r,taua,abar,tauk,taul,WtaxRev,KtaxRev,WtaxRev_lost,KtaxRev_lost,G,lump_sum,ylbar,WtaxPct,ShelterPct,ShelterPctP99,TaxEvasionP99,ConcealPctP99,gini,p90,p99,p999,p9999,gini_total,p90_total,p99_total,p999_total,p9999_total,welfare,welfare0,approval,approval0,conceal_share_e,conceal_share_n,evasion_share_e,evasion_share_n,conceal_frac_e,conceal_frac_n,evasion_frac_e,evasion_frac_n,shelter_pct_e,shelter_pct_n,detection_rate,detection_revenue,wtax_evasion_elast
73.42908985,3.10978207,2.89251196,0.21727010,30.12395944,330.30349258,65.60033075,1.41379315,0.13857141,0.02947350,0.01809609,1044.88818769,0.25000000,0.18606697,0.18732425,5.91306606,0.23348592,0.53777971,9.29156816,0.00078269,1.08952447,0.01208327,0.10568164,56.80677055,10.80243599,52.99771153,0.76964436,0.35400834,0.66610800,0.83750743,0.94831423,0.78569466,0.32927496,0.61962938,0.78346466,0.91313553,-23.74044691,-47.64172432,0.48147756,0.08597244,0.29968891,0.70031109,0.74731526,0.25268474,0.06389567,0.07277704,0.06715092,0.01351795,0.39588111,0.03561528,0.66512986,0.06370363,37.53071477
