Y,A,A_rep,A_hid,L,Q,K,W,P,r,taua,abar,tauk,taul,WtaxRev,KtaxRev,WtaxRev_lost,KtaxRev_lost,G,lump_sum,ylbar,WtaxPct,ShelterPct,ShelterPctP99,TaxEvasionP99,ConcealPctP99,gini,p90,p99,p999,p9999,gini_total,p90_total,p99_total,p999_total,p9999_total,welfare,welfare0,approval,approval0,conceal_share_e,conceal_share_n,evasion_share_e,evasion_share_n,conceal_frac_e,conceal_frac_n,evasion_frac_e,evasion_frac_n,shelter_pct_e,shelter_pct_n,detection_rate,detection_revenue,wtax_evasion_elast
73.53193539,3.11200449,2.89798443,0.21402007,30.13096173,331.59072353,65.53087552,1.41546647,0.13828299,0.02967055,0.00877568,628.33928888,0.25000000,0.18606030,0.16662566,5.90415205,0.12784683,0.54543032,9.29156816,0.00057685,1.08952447,0.02533117,0.10573124,39.29907769,8.68684370,57.17203845,0.76915670,0.35456427,0.66519018,0.83372055,0.93764229,0.78498597,0.33018003,0.61949110,0.78090645,0.90884798,-23.72009448,-47.59584134,0.61772046,0.29165137,0.25347830,0.74652170,0.79834902,0.20165098,0.05333807,0.07626582,0.06319868,0.00945004,0.39477186,0.03594468,0.66809995,0.04775989,42.33686172
