Y,A,A_rep,A_hid,L,Q,K,W,P,r,taua,abar,tauk,taul,WtaxRev,KtaxRev,WtaxRev_lost,KtaxRev_lost,G,lump_sum,ylbar,WtaxPct,ShelterPct,ShelterPctP99,TaxEvasionP99,ConcealPctP99,gini,p90,p99,p999,p9999,gini_total,p90_total,p99_total,p999_total,p9999_total,welfare,welfare0,approval,approval0,conceal_share_e,conceal_share_n,evasion_share_e,evasion_share_n,conceal_frac_e,conceal_frac_n,evasion_frac_e,evasion_frac_n,shelter_pct_e,shelter_pct_n,detection_rate,detection_revenue,wtax_evasion_elast
65.58427626,2.85636575,2.85636575,0.00000000,29.60438006,258.88938309,50.99378546,1.28489974,0.15410606,0.04131417,0.03250821,35.38250516,0.25000000,0.18639070,1.79754980,6.92964708,0.00000000,0.00000000,9.18235041,0.01145802,1.01512040,0.63915916,0.00000000,0.00000000,0.00000000,0.00000000,0.75114057,0.38187351,0.70935638,0.84668267,0.93530988,0.75114057,0.38187351,0.70935638,0.84668267,0.93530988,-23.24882382,-46.21076660,0.85520853,0.50995652,-nan,-nan,-nan,-nan,0.00000000,0.00000000,0.00000000,0.00000000,0.00000000,0.00000000,-nan,0.00000000,13.39820505
