Y,A,A_rep,A_hid,L,Q,K,W,P,r,taua,abar,tauk,taul,WtaxRev,KtaxRev,WtaxRev_lost,KtaxRev_lost,G,lump_sum,ylbar,WtaxPct,ShelterPct,ShelterPctP99,TaxEvasionP99,ConcealPctP99,gini,p90,p99,p999,p9999,gini_total,p90_total,p99_total,p999_total,p9999_total,welfare,welfare0,approval,approval0,conceal_share_e,conceal_share_n,evasion_share_e,evasion_share_n,conceal_frac_e,conceal_frac_n,evasion_frac_e,evasion_frac_n,shelter_pct_e,shelter_pct_n,detection_rate,detection_revenue,wtax_evasion_elast
65.58568822,2.85642698,2.85642698,0.00000000,29.60457537,258.89419366,50.99531869,1.28490801,0.15410540,0.04131256,0.03243448,35.21899291,0.25000000,0.18639063,1.79709559,6.92970994,0.00000000,0.00000000,9.18235041,0.01145757,1.01512040,0.63829365,0.00000000,0.00000000,0.00000000,0.00000000,0.75116008,0.38185652,0.70928013,0.84658005,0.93527310,0.75116008,0.38185652,0.70928013,0.84658005,0.93527310,-23.24897939,-46.21090267,0.85519765,0.50995652,-nan,-nan,-nan,-nan,0.00000000,0.00000000,0.00000000,0.00000000,0.00000000,0.00000000,-nan,0.00000000,13.40411632
