Y,A,A_rep,A_hid,L,Q,K,W,P,r,taua,abar,tauk,taul,WtaxRev,KtaxRev,WtaxRev_lost,KtaxRev_lost,G,lump_sum,ylbar,WtaxPct,ShelterPct,ShelterPctP99,TaxEvasionP99,ConcealPctP99,gini,p90,p99,p999,p9999,gini_total,p90_total,p99_total,p999_total,p9999_total,welfare,welfare0,approval,approval0,conceal_share_e,conceal_share_n,evasion_share_e,evasion_share_n,conceal_frac_e,conceal_frac_n,evasion_frac_e,evasion_frac_n,shelter_pct_e,shelter_pct_n,detection_rate,detection_revenue,wtax_evasion_elast
65.58608238,2.85647330,2.85647330,0.00000000,29.60450581,258.90595006,50.99708848,1.28493177,0.15410172,0.04131094,0.03253773,35.54799805,0.25000000,0.18639062,1.79648356,6.92949910,0.00000000,0.00000000,9.18235041,0.01145364,1.01512040,0.64048027,0.00000000,0.00000000,0.00000000,0.00000000,0.75115740,0.38184739,0.70932426,0.84674674,0.93534737,0.75115740,0.38184739,0.70932426,0.84674674,0.93534737,-23.24876500,-46.21019126,0.85529967,0.50995681,-nan,-nan,-nan,-nan,0.00000000,0.00000000,0.00000000,0.00000000,0.00000000,0.00000000,-nan,0.00000000,13.39322161
