Y,A,A_rep,A_hid,L,Q,K,W,P,r,taua,abar,tauk,taul,WtaxRev,KtaxRev,WtaxRev_lost,KtaxRev_lost,G,lump_sum,ylbar,WtaxPct,ShelterPct,ShelterPctP99,TaxEvasionP99,ConcealPctP99,gini,p90,p99,p999,p9999,gini_total,p90_total,p99_total,p999_total,p9999_total,welfare,welfare0,approval,approval0,conceal_share_e,conceal_share_n,evasion_share_e,evasion_share_n,conceal_frac_e,conceal_frac_n,evasion_frac_e,evasion_frac_n,shelter_pct_e,shelter_pct_n,detection_rate,detection_revenue,wtax_evasion_elast
65.52145201,2.85362747,2.85362747,0.00000000,29.59519945,258.41112585,50.89134741,1.28405533,0.15421338,0.04140945,0.03331510,35.06394358,0.25000000,0.18640083,1.83069787,6.93325631,0.00000000,0.00000000,9.18235041,0.01162272,1.01512040,0.85856840,0.00000000,0.00000000,0.00000000,0.00000000,0.75057218,0.38277332,0.71084694,0.84757054,0.93565512,0.75057218,0.38277332,0.71084694,0.84757054,0.93565512,-23.24300032,-46.21221547,0.85045489,0.50133402,-nan,-nan,-nan,-nan,0.00000000,0.00000000,0.00000000,0.00000000,0.00000000,0.00000000,-nan,0.00000000,13.35212850
