Y,A,A_rep,A_hid,L,Q,K,W,P,r,taua,abar,tauk,taul,WtaxRev,KtaxRev,WtaxRev_lost,KtaxRev_lost,G,lump_sum,ylbar,WtaxPct,ShelterPct,ShelterPctP99,TaxEvasionP99,ConcealPctP99,gini,p90,p99,p999,p9999,gini_total,p90_total,p99_total,p999_total,p9999_total,welfare,welfare0,approval,approval0,conceal_share_e,conceal_share_n,evasion_share_e,evasion_share_n,conceal_frac_e,conceal_frac_n,evasion_frac_e,evasion_frac_n,shelter_pct_e,shelter_pct_n,detection_rate,detection_revenue,wtax_evasion_elast
65.52694711,2.85391911,2.85391911,0.00000000,29.59581697,258.44680148,50.89864834,1.28411960,0.15420509,0.04140277,0.03324336,35.09740421,0.25000000,0.18640023,1.82747514,6.93319323,0.00000000,0.00000000,9.18235041,0.01160676,1.01512040,0.63403982,0.00000000,0.00000000,0.00000000,0.00000000,0.75062639,0.38270366,0.71072860,0.84749655,0.93561937,0.75062639,0.38270366,0.71072860,0.84749655,0.93561937,-23.24367375,-46.21304360,0.85058543,0.50138269,-nan,-nan,-nan,-nan,0.00000000,0.00000000,0.00000000,0.00000000,0.00000000,0.00000000,-nan,0.00000000,13.35845936
