Y,A,A_rep,A_hid,L,Q,K,W,P,r,taua,abar,tauk,taul,WtaxRev,KtaxRev,WtaxRev_lost,KtaxRev_lost,G,lump_sum,ylbar,WtaxPct,ShelterPct,ShelterPctP99,TaxEvasionP99,ConcealPctP99,gini,p90,p99,p999,p9999,gini_total,p90_total,p99_total,p999_total,p9999_total,welfare,welfare0,approval,approval0,conceal_share_e,conceal_share_n,evasion_share_e,evasion_share_n,conceal_frac_e,conceal_frac_n,evasion_frac_e,evasion_frac_n,shelter_pct_e,shelter_pct_n,detection_rate,detection_revenue,wtax_evasion_elast
65.80387010,2.86813115,2.86813115,0.00000000,29.63423152,260.47455757,51.44769007,1.28790485,0.15377513,0.04081171,0.04111785,72.52076925,0.25000000,0.18633106,1.63952638,6.91494022,0.00000000,0.00000000,9.18235041,0.01028673,1.01512040,0.33756586,0.00000000,0.00000000,0.00000000,0.00000000,0.75316950,0.37828949,0.70818412,0.85900552,0.94122123,0.75316950,0.37828949,0.70818412,0.85900552,0.94122123,-23.31562406,-46.29705494,0.83667314,0.47317734,-nan,-nan,-nan,-nan,0.00000000,0.00000000,0.00000000,0.00000000,0.00000000,0.00000000,-nan,0.00000000,13.00668118
