Y,A,A_rep,A_hid,L,Q,K,W,P,r,taua,abar,tauk,taul,WtaxRev,KtaxRev,WtaxRev_lost,KtaxRev_lost,G,lump_sum,ylbar,WtaxPct,ShelterPct,ShelterPctP99,TaxEvasionP99,ConcealPctP99,gini,p90,p99,p999,p9999,gini_total,p90_total,p99_total,p999_total,p9999_total,welfare,welfare0,approval,approval0,conceal_share_e,conceal_share_n,evasion_share_e,evasion_share_n,conceal_frac_e,conceal_frac_n,evasion_frac_e,evasion_frac_n,shelter_pct_e,shelter_pct_n,detection_rate,detection_revenue,wtax_evasion_elast
73.45306931,3.11046219,2.90372597,0.20673622,30.12521731,330.60486574,65.58230351,1.41419103,0.13850245,0.02952103,0.01724814,1171.80663258,0.25000000,0.18606616,0.17277876,5.91933520,0.19806832,0.53828599,9.29156816,0.00074731,1.08952447,0.01106509,0.10488211,51.67335077,10.37424583,52.39249840,0.77030476,0.35309143,0.66363117,0.83388818,0.94622879,0.78552849,0.32962328,0.61958281,0.78291410,0.91248985,-23.73436003,-47.62812327,0.51075716,0.14483271,0.29769618,0.70230382,0.76635301,0.23364699,0.06042278,0.06940671,0.06593146,0.01194895,0.39430860,0.03500238,0.66878125,0.06092491,36.90314497
