Y,A,A_rep,A_hid,L,Q,K,W,P,r,taua,abar,tauk,taul,WtaxRev,KtaxRev,WtaxRev_lost,KtaxRev_lost,G,lump_sum,ylbar,WtaxPct,ShelterPct,ShelterPctP99,TaxEvasionP99,ConcealPctP99,gini,p90,p99,p999,p9999,gini_total,p90_total,p99_total,p999_total,p9999_total,welfare,welfare0,approval,approval0,conceal_share_e,conceal_share_n,evasion_share_e,evasion_share_n,conceal_frac_e,conceal_frac_n,evasion_frac_e,evasion_frac_n,shelter_pct_e,shelter_pct_n,detection_rate,detection_revenue,wtax_evasion_elast
65.61038550,2.85608939,2.85608939,0.00000000,29.61216343,259.06822974,51.00166080,1.28508111,0.15407261,0.04133700,0.03000000,30.68690837,0.25000000,0.18638347,1.78068427,6.92989616,0.00000000,0.00000000,9.18235041,0.01136742,1.01512040,0.78639850,0.00000000,0.00000000,0.00000000,0.00000000,0.75135987,0.38159224,0.70656956,0.84274752,0.93373870,0.75135987,0.38159224,0.70656956,0.84274752,0.93373870,-23.25690472,-46.22503162,0.85241725,0.50600796,-nan,-nan,-nan,-nan,0.00000000,0.00000000,0.00000000,0.00000000,0.00000000,0.00000000,-nan,0.00000000,13.56538378
