Y,A,A_rep,A_hid,L,Q,K,W,P,r,taua,abar,tauk,taul,WtaxRev,KtaxRev,WtaxRev_lost,KtaxRev_lost,G,lump_sum,ylbar,WtaxPct,ShelterPct,ShelterPctP99,TaxEvasionP99,ConcealPctP99,gini,p90,p99,p999,p9999,gini_total,p90_total,p99_total,p999_total,p9999_total,welfare,welfare0,approval,approval0,conceal_share_e,conceal_share_n,evasion_share_e,evasion_share_n,conceal_frac_e,conceal_frac_n,evasion_frac_e,evasion_frac_n,shelter_pct_e,shelter_pct_n,detection_rate,detection_revenue,wtax_evasion_elast
65.57055603,2.85556972,2.85556972,0.00000000,29.60311716,258.78683303,50.96979450,1.28470145,0.15413074,0.04133920,0.03250422,34.93200657,0.25000000,0.18639119,1.80441393,6.93038678,0.00000000,0.00000000,9.18235041,0.01148266,1.01512040,0.85692943,0.00000000,0.00000000,0.00000000,0.00000000,0.75101003,0.38210255,0.70947474,0.84660211,0.93527893,0.75101003,0.38210255,0.70947474,0.84660211,0.93527893,-23.24893669,-46.21398632,0.85303339,0.50592938,-nan,-nan,-nan,-nan,0.00000000,0.00000000,0.00000000,0.00000000,0.00000000,0.00000000,-nan,0.00000000,13.39670239
