Y,A,A_rep,A_hid,L,Q,K,W,P,r,taua,abar,tauk,taul,WtaxRev,KtaxRev,WtaxRev_lost,KtaxRev_lost,G,lump_sum,ylbar,WtaxPct,ShelterPct,ShelterPctP99,TaxEvasionP99,ConcealPctP99,gini,p90,p99,p999,p9999,gini_total,p90_total,p99_total,p999_total,p9999_total,welfare,welfare0,approval,approval0,conceal_share_e,conceal_share_n,evasion_share_e,evasion_share_n,conceal_frac_e,conceal_frac_n,evasion_frac_e,evasion_frac_n,shelter_pct_e,shelter_pct_n,detection_rate,detection_revenue,wtax_evasion_elast
65.58221534,2.85622442,2.85622442,0.00000000,29.60439810,258.87692457,50.99141809,1.28487284,0.15410969,0.04131660,0.03250669,35.27474400,0.25000000,0.18639021,1.79888638,6.92960494,0.00000000,0.00000000,9.18235041,0.01145780,1.01512040,0.63841169,0.00000000,0.00000000,0.00000000,0.00000000,0.75112051,0.38190052,0.70938939,0.84666908,0.93530206,0.75112051,0.38190052,0.70938939,0.84666908,0.93530206,-23.24930123,-46.21203377,0.85461881,0.50707538,-nan,-nan,-nan,-nan,0.00000000,0.00000000,0.00000000,0.00000000,0.00000000,0.00000000,-nan,0.00000000,13.40008968
