Y,A,A_rep,A_hid,L,Q,K,W,P,r,taua,abar,tauk,taul,WtaxRev,KtaxRev,WtaxRev_lost,KtaxRev_lost,G,lump_sum,ylbar,WtaxPct,ShelterPct,ShelterPctP99,TaxEvasionP99,ConcealPctP99,gini,p90,p99,p999,p9999,gini_total,p90_total,p99_total,p999_total,p9999_total,welfare,welfare0,approval,approval0,conceal_share_e,conceal_share_n,evasion_share_e,evasion_share_n,conceal_frac_e,conceal_frac_n,evasion_frac_e,evasion_frac_n,shelter_pct_e,shelter_pct_n,detection_rate,detection_revenue,wtax_evasion_elast
73.56770781,3.11384168,2.93686049,0.17698119,30.13293179,332.01530068,65.51264624,1.41603414,0.13818804,0.02972976,0.01002142,1329.73183731,0.25000000,0.18606033,0.12272075,5.93496236,0.08508281,0.53988317,9.29156816,0.00053634,1.08952447,0.01014760,0.10250019,33.06015577,8.40784435,53.15913109,0.77197447,0.35026022,0.65649840,0.82218668,0.93584781,0.78489380,0.33035250,0.61923160,0.77990592,0.90844260,-23.71179835,-47.57698196,0.68580447,0.33222397,0.26756097,0.73243903,0.83320681,0.16679319,0.04657435,0.06181242,0.06148048,0.00726788,0.38853649,0.03343899,0.67762277,0.04483884,34.65282950
