Y,A,A_rep,A_hid,L,Q,K,W,P,r,taua,abar,tauk,taul,WtaxRev,KtaxRev,WtaxRev_lost,KtaxRev_lost,G,lump_sum,ylbar,WtaxPct,ShelterPct,ShelterPctP99,TaxEvasionP99,ConcealPctP99,gini,p90,p99,p999,p9999,gini_total,p90_total,p99_total,p999_total,p9999_total,welfare,welfare0,approval,approval0,conceal_share_e,conceal_share_n,evasion_share_e,evasion_share_n,conceal_frac_e,conceal_frac_n,evasion_frac_e,evasion_frac_n,shelter_pct_e,shelter_pct_n,detection_rate,detection_revenue,wtax_evasion_elast
65.64503937,2.85894922,2.85894922,0.00000000,29.61317346,259.35229666,51.08753841,1.28570799,0.15400105,0.04123105,0.03154084,35.18064786,0.25000000,0.18638239,1.76516546,6.92647285,0.00000000,0.00000000,9.18235041,0.01129699,1.01512040,0.64111973,0.00000000,0.00000000,0.00000000,0.00000000,0.75176395,0.38095645,0.70768605,0.84552053,0.93488142,0.75176395,0.38095645,0.70768605,0.84552053,0.93488142,-23.25545321,-46.21228169,0.86019169,0.51666363,-nan,-nan,-nan,-nan,0.00000000,0.00000000,0.00000000,0.00000000,0.00000000,0.00000000,-nan,0.00000000,13.45849478
