Y,A,A_rep,A_hid,L,Q,K,W,P,r,taua,abar,tauk,taul,WtaxRev,KtaxRev,WtaxRev_lost,KtaxRev_lost,G,lump_sum,ylbar,WtaxPct,ShelterPct,ShelterPctP99,TaxEvasionP99,ConcealPctP99,gini,p90,p99,p999,p9999,gini_total,p90_total,p99_total,p999_total,p9999_total,welfare,welfare0,approval,approval0,conceal_share_e,conceal_share_n,evasion_share_e,evasion_share_n,conceal_frac_e,conceal_frac_n,evasion_frac_e,evasion_frac_n,shelter_pct_e,shelter_pct_n,detection_rate,detection_revenue,wtax_evasion_elast
65.59030161,2.85661512,2.85661512,0.00000000,29.60554986,258.94335119,51.00547355,1.28499114,0.15409440,0.04130346,0.03246747,35.53953063,0.25000000,0.18638862,1.79390696,6.92902507,0.00000000,0.00000000,9.18235041,0.01142780,1.01512040,0.64051726,0.00000000,0.00000000,0.00000000,0.00000000,0.75119497,0.38180130,0.70922132,0.84666098,0.93531119,0.75119497,0.38180130,0.70922132,0.84666098,0.93531119,-23.25057320,-46.21283742,0.85492260,0.50995681,-nan,-nan,-nan,-nan,0.00000000,0.00000000,0.00000000,0.00000000,0.00000000,0.00000000,-nan,0.00000000,13.40063618
