Y,A,A_rep,A_hid,L,Q,K,W,P,r,taua,abar,tauk,taul,WtaxRev,KtaxRev,WtaxRev_lost,KtaxRev_lost,G,lump_sum,ylbar,WtaxPct,ShelterPct,ShelterPctP99,TaxEvasionP99,ConcealPctP99,gini,p90,p99,p999,p9999,gini_total,p90_total,p99_total,p999_total,p9999_total,welfare,welfare0,approval,approval0,conceal_share_e,conceal_share_n,evasion_share_e,evasion_share_n,conceal_frac_e,conceal_frac_n,evasion_frac_e,evasion_frac_n,shelter_pct_e,shelter_pct_n,detection_rate,detection_revenue,wtax_evasion_elast
65.58490601,2.85645954,2.85645954,0.00000000,29.60453564,258.88578830,50.99344598,1.28488916,0.15410764,0.04131457,0.03242554,35.19670087,0.25000000,0.18639210,1.79714896,6.92997975,0.00000000,0.00000000,9.18235041,0.01145342,1.01512040,0.63803283,0.00000000,0.00000000,0.00000000,0.00000000,0.75115412,0.38185602,0.70924423,0.84656197,0.93526020,0.75115412,0.38185602,0.70924423,0.84656197,0.93526020,-23.24951693,-46.21237790,0.85445985,0.50707538,-nan,-nan,-nan,-nan,0.00000000,0.00000000,0.00000000,0.00000000,0.00000000,0.00000000,-nan,0.00000000,13.40399085
