Y,A,A_rep,A_hid,L,Q,K,W,P,r,taua,abar,tauk,taul,WtaxRev,KtaxRev,WtaxRev_lost,KtaxRev_lost,G,lump_sum,ylbar,WtaxPct,ShelterPct,ShelterPctP99,TaxEvasionP99,ConcealPctP99,gini,p90,p99,p999,p9999,gini_total,p90_total,p99_total,p999_total,p9999_total,welfare,welfare0,approval,approval0,conceal_share_e,conceal_share_n,evasion_share_e,evasion_share_n,conceal_frac_e,conceal_frac_n,evasion_frac_e,evasion_frac_n,shelter_pct_e,shelter_pct_n,detection_rate,detection_revenue,wtax_evasion_elast
73.55672540,3.11303409,2.91028567,0.20274842,30.13314169,331.83983261,65.54587912,1.41581981,0.13823383,0.02967783,0.00856718,784.62139437,0.25000000,0.18605829,0.14627378,5.91407225,0.10890942,0.54271301,9.29156816,0.00052606,1.08952447,0.01817315,0.10433519,37.65779356,8.62470419,56.12760371,0.77008529,0.35309896,0.66229598,0.82989640,0.93686411,0.78501492,0.33010202,0.61920880,0.78033310,0.90852889,-23.71876507,-47.59027676,0.62859388,0.29667023,0.25713593,0.74286407,0.81405001,0.18594999,0.05125474,0.07186214,0.06249244,0.00844271,0.39120913,0.03507175,0.67267941,0.04687816,41.21105793
