Y,A,A_rep,A_hid,L,Q,K,W,P,r,taua,abar,tauk,taul,WtaxRev,KtaxRev,WtaxRev_lost,KtaxRev_lost,G,lump_sum,ylbar,WtaxPct,ShelterPct,ShelterPctP99,TaxEvasionP99,ConcealPctP99,gini,p90,p99,p999,p9999,gini_total,p90_total,p99_total,p999_total,p9999_total,welfare,welfare0,approval,approval0,conceal_share_e,conceal_share_n,evasion_share_e,evasion_share_n,conceal_frac_e,conceal_frac_n,evasion_frac_e,evasion_frac_n,shelter_pct_e,shelter_pct_n,detection_rate,detection_revenue,wtax_evasion_elast
65.62176128,2.85786739,2.85786739,0.00000000,29.60994992,259.17636026,51.04877369,1.28539326,0.15404061,0.04126802,0.03181279,35.02246129,0.25000000,0.18638580,1.77770682,6.92776430,0.00000000,0.00000000,9.18235041,0.01136126,1.01512040,0.86122060,0.00000000,0.00000000,0.00000000,0.00000000,0.75153435,0.38127970,0.70823845,0.84581124,0.93497519,0.75153435,0.38127970,0.70823845,0.84581124,0.93497519,-23.25307726,-46.21180194,0.85804362,0.50987592,-nan,-nan,-nan,-nan,0.00000000,0.00000000,0.00000000,0.00000000,0.00000000,0.00000000,-nan,0.00000000,13.43918605
