Y,A,A_rep,A_hid,L,Q,K,W,P,r,taua,abar,tauk,taul,WtaxRev,KtaxRev,WtaxRev_lost,KtaxRev_lost,G,lump_sum,ylbar,WtaxPct,ShelterPct,ShelterPctP99,TaxEvasionP99,ConcealPctP99,gini,p90,p99,p999,p9999,gini_total,p90_total,p99_total,p999_total,p9999_total,welfare,welfare0,approval,approval0,conceal_share_e,conceal_share_n,evasion_share_e,evasion_share_n,conceal_frac_e,conceal_frac_n,evasion_frac_e,evasion_frac_n,shelter_pct_e,shelter_pct_n,detection_rate,detection_revenue,wtax_evasion_elast
65.59533535,2.85685546,2.85685546,0.00000000,29.60602563,258.97230844,51.01134922,1.28504426,0.15408760,0.04129811,0.03226273,35.15312290,0.25000000,0.18638970,1.79172045,6.92911357,0.00000000,0.00000000,9.18235041,0.01143215,1.01512040,0.63822168,0.00000000,0.00000000,0.00000000,0.00000000,0.75125935,0.38173623,0.70903297,0.84637026,0.93518616,0.75125935,0.38173623,0.70903297,0.84637026,0.93518616,-23.24980246,-46.21051710,0.85570756,0.50995584,-nan,-nan,-nan,-nan,0.00000000,0.00000000,0.00000000,0.00000000,0.00000000,0.00000000,-nan,0.00000000,13.41651424
