Y,A,A_rep,A_hid,L,Q,K,W,P,r,taua,abar,tauk,taul,WtaxRev,KtaxRev,WtaxRev_lost,KtaxRev_lost,G,lump_sum,ylbar,WtaxPct,ShelterPct,ShelterPctP99,TaxEvasionP99,ConcealPctP99,gini,p90,p99,p999,p9999,gini_total,p90_total,p99_total,p999_total,p9999_total,welfare,welfare0,approval,approval0,conceal_share_e,conceal_share_n,evasion_share_e,evasion_share_n,conceal_frac_e,conceal_frac_n,evasion_frac_e,evasion_frac_n,shelter_pct_e,shelter_pct_n,detection_rate,detection_revenue,wtax_evasion_elast
65.58561509,2.85638835,2.85638835,0.00000000,29.60481672,258.89729719,50.99635989,1.28491017,0.15410534,0.04131164,0.03246533,35.29819973,0.25000000,0.18638969,1.79704093,6.92954710,0.00000000,0.00000000,9.18235041,0.01144694,1.01512040,0.63876638,0.00000000,0.00000000,0.00000000,0.00000000,0.75115169,0.38186319,0.70934256,0.84663220,0.93529209,0.75115169,0.38186319,0.70934256,0.84663220,0.93529209,-23.24996727,-46.21282895,0.85415067,0.50707538,-nan,-nan,-nan,-nan,0.00000000,0.00000000,0.00000000,0.00000000,0.00000000,0.00000000,-nan,0.00000000,13.40312424
