Y,A,A_rep,A_hid,L,Q,K,W,P,r,taua,abar,tauk,taul,WtaxRev,KtaxRev,WtaxRev_lost,KtaxRev_lost,G,lump_sum,ylbar,WtaxPct,ShelterPct,ShelterPctP99,TaxEvasionP99,ConcealPctP99,gini,p90,p99,p999,p9999,gini_total,p90_total,p99_total,p999_total,p9999_total,welfare,welfare0,approval,approval0,conceal_share_e,conceal_share_n,evasion_share_e,evasion_share_n,conceal_frac_e,conceal_frac_n,evasion_frac_e,evasion_frac_n,shelter_pct_e,shelter_pct_n,detection_rate,detection_revenue,wtax_evasion_elast
73.48308570,3.11018824,2.92283172,0.18735653,30.12140256,331.25560453,65.40632814,1.41496573,0.13831592,0.02976864,0.01392434,1128.87775053,0.25000000,0.18607181,0.17790677,5.92936873,0.13816102,0.54184914,9.29156816,0.00089500,1.08952447,0.01163485,0.10409373,38.23117706,8.65073546,54.04937237,0.77089556,0.35192369,0.66016254,0.82747693,0.93889356,0.78465427,0.33072395,0.62044242,0.78213098,0.91055226,-23.69814555,-47.55957118,0.73140949,0.37785668,0.26413108,0.73586892,0.78653123,0.21346877,0.04870914,0.06583334,0.06274649,0.01008541,0.39188693,0.03460835,0.67101765,0.04679168,30.00800786
