Y,A,A_rep,A_hid,L,Q,K,W,P,r,taua,abar,tauk,taul,WtaxRev,KtaxRev,WtaxRev_lost,KtaxRev_lost,G,lump_sum,ylbar,WtaxPct,ShelterPct,ShelterPctP99,TaxEvasionP99,ConcealPctP99,gini,p90,p99,p999,p9999,gini_total,p90_total,p99_total,p999_total,p9999_total,welfare,welfare0,approval,approval0,conceal_share_e,conceal_share_n,evasion_share_e,evasion_share_n,conceal_frac_e,conceal_frac_n,evasion_frac_e,evasion_frac_n,shelter_pct_e,shelter_pct_n,detection_rate,detection_revenue,wtax_evasion_elast
65.50065088,2.85171112,2.85171112,0.00000000,29.59481240,258.24754720,50.83421964,1.28367573,0.15425373,0.04148396,0.03231305,32.64762204,0.25000000,0.18640069,1.83882808,6.93547830,0.00000000,0.00000000,9.18235041,0.01166128,1.01512040,0.80843408,0.00000000,0.00000000,0.00000000,0.00000000,0.75027343,0.38327478,0.71002384,0.84580501,0.93488249,0.75027343,0.38327478,0.71002384,0.84580501,0.93488249,-23.24334481,-46.21951882,0.84672921,0.49467918,-nan,-nan,-nan,-nan,0.00000000,0.00000000,0.00000000,0.00000000,0.00000000,0.00000000,-nan,0.00000000,13.38382045
