Y,A,A_rep,A_hid,L,Q,K,W,P,r,taua,abar,tauk,taul,WtaxRev,KtaxRev,WtaxRev_lost,KtaxRev_lost,G,lump_sum,ylbar,WtaxPct,ShelterPct,ShelterPctP99,TaxEvasionP99,ConcealPctP99,gini,p90,p99,p999,p9999,gini_total,p90_total,p99_total,p999_total,p9999_total,welfare,welfare0,approval,approval0,conceal_share_e,conceal_share_n,evasion_share_e,evasion_share_n,conceal_frac_e,conceal_frac_n,evasion_frac_e,evasion_frac_n,shelter_pct_e,shelter_pct_n,detection_rate,detection_revenue,wtax_evasion_elast
65.58284761,2.85627883,2.85627883,0.00000000,29.60391742,258.87969598,50.99055775,1.28488703,0.15410715,0.04131752,0.03268608,35.81555572,0.25000000,0.18639137,1.79815253,6.92966358,0.00000000,0.00000000,9.18235041,0.01145614,1.01512040,0.64192290,0.00000000,0.00000000,0.00000000,0.00000000,0.75110902,0.38187957,0.70954455,0.84696898,0.93544015,0.75110902,0.38187957,0.70954455,0.84696898,0.93544015,-23.24885102,-46.21117677,0.85480837,0.50711937,-nan,-nan,-nan,-nan,0.00000000,0.00000000,0.00000000,0.00000000,0.00000000,0.00000000,-nan,0.00000000,13.38192446
