Y,A,A_rep,A_hid,L,Q,K,W,P,r,taua,abar,tauk,taul,WtaxRev,KtaxRev,WtaxRev_lost,KtaxRev_lost,G,lump_sum,ylbar,WtaxPct,ShelterPct,ShelterPctP99,TaxEvasionP99,ConcealPctP99,gini,p90,p99,p999,p9999,gini_total,p90_total,p99_total,p999_total,p9999_total,welfare,welfare0,approval,approval0,conceal_share_e,conceal_share_n,evasion_share_e,evasion_share_n,conceal_frac_e,conceal_frac_n,evasion_frac_e,evasion_frac_n,shelter_pct_e,shelter_pct_n,detection_rate,detection_revenue,wtax_evasion_elast
65.58995130,2.85655365,2.85655365,0.00000000,29.60555710,258.93313033,51.00340679,1.28497075,0.15409733,0.04130565,0.03237507,35.22923823,0.25000000,0.18638911,1.79490454,6.92924085,0.00000000,0.00000000,9.18235041,0.01143804,1.01512040,0.63849209,0.00000000,0.00000000,0.00000000,0.00000000,0.75120093,0.38181522,0.70916328,0.84648934,0.93522738,0.75120093,0.38181522,0.70916328,0.84648934,0.93522738,-23.25026362,-46.21241998,0.85519673,0.50995652,-nan,-nan,-nan,-nan,0.00000000,0.00000000,0.00000000,0.00000000,0.00000000,0.00000000,-nan,0.00000000,13.40620465
