Y,A,A_rep,A_hid,L,Q,K,W,P,r,taua,abar,tauk,taul,WtaxRev,KtaxRev,WtaxRev_lost,KtaxRev_lost,G,lump_sum,ylbar,WtaxPct,ShelterPct,ShelterPctP99,TaxEvasionP99,ConcealPctP99,gini,p90,p99,p999,p9999,gini_total,p90_total,p99_total,p999_total,p9999_total,welfare,welfare0,approval,approval0,conceal_share_e,conceal_share_n,evasion_share_e,evasion_share_n,conceal_frac_e,conceal_frac_n,evasion_frac_e,evasion_frac_n,shelter_pct_e,shelter_pct_n,detection_rate,detection_revenue,wtax_evasion_elast
65.58479695,2.85635547,2.85635547,0.00000000,29.60468043,258.89500609,50.99520481,1.28490604,0.15410543,0.04131304,0.03250520,35.38140518,0.25000000,0.18638976,1.79741950,6.92952239,0.00000000,0.00000000,9.18235041,0.01144869,1.01512040,0.63914481,0.00000000,0.00000000,0.00000000,0.00000000,0.75114153,0.38187180,0.70935476,0.84668392,0.93530906,0.75114153,0.38187180,0.70935476,0.84668392,0.93530906,-23.24974710,-46.21247670,0.85462621,0.50707538,-nan,-nan,-nan,-nan,0.00000000,0.00000000,0.00000000,0.00000000,0.00000000,0.00000000,-nan,0.00000000,13.39886345
