Y,A,A_rep,A_hid,L,Q,K,W,P,r,taua,abar,tauk,taul,WtaxRev,KtaxRev,WtaxRev_lost,KtaxRev_lost,G,lump_sum,ylbar,WtaxPct,ShelterPct,ShelterPctP99,TaxEvasionP99,ConcealPctP99,gini,p90,p99,p999,p9999,gini_total,p90_total,p99_total,p999_total,p9999_total,welfare,welfare0,approval,approval0,conceal_share_e,conceal_share_n,evasion_share_e,evasion_share_n,conceal_frac_e,conceal_frac_n,evasion_frac_e,evasion_frac_n,shelter_pct_e,shelter_pct_n,detection_rate,detection_revenue,wtax_evasion_elast
65.59546905,2.85641505,2.85641505,0.00000000,29.60679043,258.97733764,50.99877655,1.28501694,0.15408557,0.04132100,0.03177358,34.22756351,0.25000000,0.18638874,1.79125260,6.92953689,0.00000000,0.00000000,9.18235041,0.01143172,1.01512040,0.84226488,0.00000000,0.00000000,0.00000000,0.00000000,0.75122391,0.38180961,0.70846858,0.84556589,0.93486435,0.75122391,0.38180961,0.70846858,0.84556589,0.93486435,-23.25014320,-46.21227314,0.85543023,0.50942915,-nan,-nan,-nan,-nan,0.00000000,0.00000000,0.00000000,0.00000000,0.00000000,0.00000000,-nan,0.00000000,13.41944023
