Y,A,A_rep,A_hid,L,Q,K,W,P,r,taua,abar,tauk,taul,WtaxRev,KtaxRev,WtaxRev_lost,KtaxRev_lost,G,lump_sum,ylbar,WtaxPct,ShelterPct,ShelterPctP99,TaxEvasionP99,ConcealPctP99,gini,p90,p99,p999,p9999,gini_total,p90_total,p99_total,p999_total,p9999_total,welfare,welfare0,approval,approval0,conceal_share_e,conceal_share_n,evasion_share_e,evasion_share_n,conceal_frac_e,conceal_frac_n,evasion_frac_e,evasion_frac_n,shelter_pct_e,shelter_pct_n,detection_rate,detection_revenue,wtax_evasion_elast
65.59286129,2.85673408,2.85673408,0.00000000,29.60602185,258.96176657,51.01034589,1.28502258,0.15409083,0.04129847,0.03239339,35.44520073,0.25000000,0.18638872,1.79247234,6.92890086,0.00000000,0.00000000,9.18235041,0.01142140,1.01512040,0.63999086,0.00000000,0.00000000,0.00000000,0.00000000,0.75122840,0.38176304,0.70912554,0.84656899,0.93527298,0.75122840,0.38176304,0.70912554,0.84656899,0.93527298,-23.25090149,-46.21293647,0.85520727,0.50995681,-nan,-nan,-nan,-nan,0.00000000,0.00000000,0.00000000,0.00000000,0.00000000,0.00000000,-nan,0.00000000,13.40682333
