Y,A,A_rep,A_hid,L,Q,K,W,P,r,taua,abar,tauk,taul,WtaxRev,KtaxRev,WtaxRev_lost,KtaxRev_lost,G,lump_sum,ylbar,WtaxPct,ShelterPct,ShelterPctP99,TaxEvasionP99,ConcealPctP99,gini,p90,p99,p999,p9999,gini_total,p90_total,p99_total,p999_total,p9999_total,welfare,welfare0,approval,approval0,conceal_share_e,conceal_share_n,evasion_share_e,evasion_share_n,conceal_frac_e,conceal_frac_n,evasion_frac_e,evasion_frac_n,shelter_pct_e,shelter_pct_n,detection_rate,detection_revenue,wtax_evasion_elast
65.87819101,2.86998717,2.86998717,0.00000000,29.64465917,261.12527262,51.48068328,1.28889539,0.15360220,0.04085525,0.03102510,44.02723781,0.25000000,0.18634198,1.63120000,6.91280581,0.00000000,0.00000000,9.18235041,0.01051611,1.01512040,0.55633399,0.00000000,0.00000000,0.00000000,0.00000000,0.75387742,0.37751635,0.70378968,0.84617281,0.93541228,0.75387742,0.37751635,0.70378968,0.84617281,0.93541228,-23.28901116,-46.23245552,0.87547844,0.60355498,-nan,-nan,-nan,-nan,0.00000000,0.00000000,0.00000000,0.00000000,0.00000000,0.00000000,-nan,0.00000000,13.51246947
