Y,A,A_rep,A_hid,L,Q,K,W,P,r,taua,abar,tauk,taul,WtaxRev,KtaxRev,WtaxRev_lost,KtaxRev_lost,G,lump_sum,ylbar,WtaxPct,ShelterPct,ShelterPctP99,TaxEvasionP99,ConcealPctP99,gini,p90,p99,p999,p9999,gini_total,p90_total,p99_total,p999_total,p9999_total,welfare,welfare0,approval,approval0,conceal_share_e,conceal_share_n,evasion_share_e,evasion_share_n,conceal_frac_e,conceal_frac_n,evasion_frac_e,evasion_frac_n,shelter_pct_e,shelter_pct_n,detection_rate,detection_revenue,wtax_evasion_elast
65.49862078,2.85292102,2.85292102,0.00000000,29.59109987,258.24230411,50.86081005,1.28378231,0.15424995,0.04143223,0.03461482,37.67070133,0.25000000,0.18640147,1.83942227,6.93421927,0.00000000,0.00000000,9.18235041,0.01163094,1.01512040,0.65160052,0.00000000,0.00000000,0.00000000,0.00000000,0.75028985,0.38319843,0.71204929,0.84938166,0.93640869,0.75028985,0.38319843,0.71204929,0.84938166,0.93640869,-23.24332757,-46.21762325,0.84628940,0.49533699,-nan,-nan,-nan,-nan,0.00000000,0.00000000,0.00000000,0.00000000,0.00000000,0.00000000,-nan,0.00000000,13.24854014
