Y,A,A_rep,A_hid,L,Q,K,W,P,r,taua,abar,tauk,taul,WtaxRev,KtaxRev,WtaxRev_lost,KtaxRev_lost,G,lump_sum,ylbar,WtaxPct,ShelterPct,ShelterPctP99,TaxEvasionP99,ConcealPctP99,gini,p90,p99,p999,p9999,gini_total,p90_total,p99_total,p999_total,p9999_total,welfare,welfare0,approval,approval0,conceal_share_e,conceal_share_n,evasion_share_e,evasion_share_n,conceal_frac_e,conceal_frac_n,evasion_frac_e,evasion_frac_n,shelter_pct_e,shelter_pct_n,detection_rate,detection_revenue,wtax_evasion_elast
65.54268884,2.85454628,2.85454628,0.00000000,29.59853432,258.58073772,50.92838607,1.28435377,0.15417568,0.04137458,0.03330047,35.93968882,0.25000000,0.18639489,1.81804027,6.93167052,0.00000000,0.00000000,9.18235041,0.01153695,1.01512040,0.64058972,0.00000000,0.00000000,0.00000000,0.00000000,0.75073068,0.38250495,0.71051832,0.84767475,0.93571807,0.75073068,0.38250495,0.71051832,0.84767475,0.93571807,-23.24700014,-46.21576655,0.85068386,0.50166836,-nan,-nan,-nan,-nan,0.00000000,0.00000000,0.00000000,0.00000000,0.00000000,0.00000000,-nan,0.00000000,13.34672774
