Y,A,A_rep,A_hid,L,Q,K,W,P,r,taua,abar,tauk,taul,WtaxRev,KtaxRev,WtaxRev_lost,KtaxRev_lost,G,lump_sum,ylbar,WtaxPct,ShelterPct,ShelterPctP99,TaxEvasionP99,ConcealPctP99,gini,p90,p99,p999,p9999,gini_total,p90_total,p99_total,p999_total,p9999_total,welfare,welfare0,approval,approval0,conceal_share_e,conceal_share_n,evasion_share_e,evasion_share_n,conceal_frac_e,conceal_frac_n,evasion_frac_e,evasion_frac_n,shelter_pct_e,shelter_pct_n,detection_rate,detection_revenue,wtax_evasion_elast
66.16469609,2.88295483,2.88295483,0.00000000,29.68656166,263.26838537,51.97181958,1.29268199,0.15314050,0.04038864,0.03000000,56.76504945,0.25000000,0.18629104,1.46585566,6.89640974,0.00000000,0.00000000,9.18235041,0.00953796,1.01512040,0.39513497,0.00000000,0.00000000,0.00000000,0.00000000,0.75655629,0.37325375,0.69785151,0.84589090,0.93564642,0.75655629,0.37325375,0.69785151,0.84589090,0.93564642,-23.33653431,-46.26791677,0.89809731,0.65150775,-nan,-nan,-nan,-nan,0.00000000,0.00000000,0.00000000,0.00000000,0.00000000,0.00000000,-nan,0.00000000,13.66653572
