Y,A,A_rep,A_hid,L,Q,K,W,P,r,taua,abar,tauk,taul,WtaxRev,KtaxRev,WtaxRev_lost,KtaxRev_lost,G,lump_sum,ylbar,WtaxPct,ShelterPct,ShelterPctP99,TaxEvasionP99,ConcealPctP99,gini,p90,p99,p999,p9999,gini_total,p90_total,p99_total,p999_total,p9999_total,welfare,welfare0,approval,approval0,conceal_share_e,conceal_share_n,evasion_share_e,evasion_share_n,conceal_frac_e,conceal_frac_n,evasion_frac_e,evasion_frac_n,shelter_pct_e,shelter_pct_n,detection_rate,detection_revenue,wtax_evasion_elast
65.60861767,2.85739293,2.85739293,0.00000000,29.60790869,259.07715303,51.03132265,1.28522735,0.15406321,0.04128117,0.03214322,35.40083364,0.25000000,0.18638741,1.78415847,6.92831817,0.00000000,0.00000000,9.18235041,0.01138926,1.01512040,0.64056444,0.00000000,0.00000000,0.00000000,0.00000000,0.75138616,0.38155712,0.70869858,0.84626752,0.93515844,0.75138616,0.38155712,0.70869858,0.84626752,0.93515844,-23.25161256,-46.21186261,0.85611902,0.51001861,-nan,-nan,-nan,-nan,0.00000000,0.00000000,0.00000000,0.00000000,0.00000000,0.00000000,-nan,0.00000000,13.42063876
