Y,A,A_rep,A_hid,L,Q,K,W,P,r,taua,abar,tauk,taul,WtaxRev,KtaxRev,WtaxRev_lost,KtaxRev_lost,G,lump_sum,ylbar,WtaxPct,ShelterPct,ShelterPctP99,TaxEvasionP99,ConcealPctP99,gini,p90,p99,p999,p9999,gini_total,p90_total,p99_total,p999_total,p9999_total,welfare,welfare0,approval,approval0,conceal_share_e,conceal_share_n,evasion_share_e,evasion_share_n,conceal_frac_e,conceal_frac_n,evasion_frac_e,evasion_frac_n,shelter_pct_e,shelter_pct_n,detection_rate,detection_revenue,wtax_evasion_elast
65.59632123,2.85687446,2.85687446,0.00000000,29.60615987,258.97901268,51.01263869,1.28505639,0.15408609,0.04129703,0.03226962,35.19801626,0.25000000,0.18638984,1.79140080,6.92903630,0.00000000,0.00000000,9.18235041,0.01143017,1.01512040,0.63870910,0.00000000,0.00000000,0.00000000,0.00000000,0.75126407,0.38172957,0.70899085,0.84638426,0.93519603,0.75126407,0.38172957,0.70899085,0.84638426,0.93519603,-23.24989948,-46.21048423,0.85581797,0.50995652,-nan,-nan,-nan,-nan,0.00000000,0.00000000,0.00000000,0.00000000,0.00000000,0.00000000,-nan,0.00000000,13.41495054
