Y,A,A_rep,A_hid,L,Q,K,W,P,r,taua,abar,tauk,taul,WtaxRev,KtaxRev,WtaxRev_lost,KtaxRev_lost,G,lump_sum,ylbar,WtaxPct,ShelterPct,ShelterPctP99,TaxEvasionP99,ConcealPctP99,gini,p90,p99,p999,p9999,gini_total,p90_total,p99_total,p999_total,p9999_total,welfare,welfare0,approval,approval0,conceal_share_e,conceal_share_n,evasion_share_e,evasion_share_n,conceal_frac_e,conceal_frac_n,evasion_frac_e,evasion_frac_n,shelter_pct_e,shelter_pct_n,detection_rate,detection_revenue,wtax_evasion_elast
65.75139817,2.86344275,2.86344275,0.00000000,29.62936249,260.15320199,51.25584731,1.28709735,0.15382429,0.04107950,0.03000000,35.15330924,0.25000000,0.18636510,1.70726053,6.92064941,0.00000000,0.00000000,9.18235041,0.01098230,1.01512040,0.64674179,0.00000000,0.00000000,0.00000000,0.00000000,0.75279729,0.37928056,0.70500340,0.84375004,0.93426462,0.75279729,0.37928056,0.70500340,0.84375004,0.93426462,-23.27018423,-46.21990260,0.86857384,0.52820888,-nan,-nan,-nan,-nan,0.00000000,0.00000000,0.00000000,0.00000000,0.00000000,0.00000000,-nan,0.00000000,13.56512869
