Y,A,A_rep,A_hid,L,Q,K,W,P,r,taua,abar,tauk,taul,WtaxRev,KtaxRev,WtaxRev_lost,KtaxRev_lost,G,lump_sum,ylbar,WtaxPct,ShelterPct,ShelterPctP99,TaxEvasionP99,ConcealPctP99,gini,p90,p99,p999,p9999,gini_total,p90_total,p99_total,p999_total,p9999_total,welfare,welfare0,approval,approval0,conceal_share_e,conceal_share_n,evasion_share_e,evasion_share_n,conceal_frac_e,conceal_frac_n,evasion_frac_e,evasion_frac_n,shelter_pct_e,shelter_pct_n,detection_rate,detection_revenue,wtax_evasion_elast
65.55872590,2.85517669,2.85517669,0.00000000,29.60114600,258.70403163,50.95400906,1.28456496,0.15414858,0.04135176,0.03280116,35.17705995,0.25000000,0.18639303,1.81070237,6.93075669,0.00000000,0.00000000,9.18235041,0.01151418,1.01512040,0.63634197,0.00000000,0.00000000,0.00000000,0.00000000,0.75090502,0.38237011,0.70992861,0.84699975,0.93543245,0.75090502,0.38237011,0.70992861,0.84699975,0.93543245,-23.24738598,-46.21272459,0.85280874,0.50628414,-nan,-nan,-nan,-nan,0.00000000,0.00000000,0.00000000,0.00000000,0.00000000,0.00000000,-nan,0.00000000,13.38433430
