Y,A,A_rep,A_hid,L,Q,K,W,P,r,taua,abar,tauk,taul,WtaxRev,KtaxRev,WtaxRev_lost,KtaxRev_lost,G,lump_sum,ylbar,WtaxPct,ShelterPct,ShelterPctP99,TaxEvasionP99,ConcealPctP99,gini,p90,p99,p999,p9999,gini_total,p90_total,p99_total,p999_total,p9999_total,welfare,welfare0,approval,approval0,conceal_share_e,conceal_share_n,evasion_share_e,evasion_share_n,conceal_frac_e,conceal_frac_n,evasion_frac_e,evasion_frac_n,shelter_pct_e,shelter_pct_n,detection_rate,detection_revenue,wtax_evasion_elast
73.49109987,3.11052933,2.92768740,0.18284193,30.12253884,331.31758058,65.41426194,1.41504964,0.13830588,0.02976660,0.01424322,1237.77968397,0.25000000,0.18607013,0.17064928,5.93079788,0.13078334,0.54352722,9.29156816,0.00084451,1.08952447,0.01061631,0.10354133,37.95003120,8.77429133,53.32420000,0.77124272,0.35139083,0.65909353,0.82610414,0.93874288,0.78464763,0.33073551,0.62039877,0.78202634,0.91051190,-23.70070849,-47.56461198,0.71587853,0.36361869,0.26726372,0.73273628,0.79379617,0.20620383,0.04809839,0.06396361,0.06283755,0.00966452,0.39085596,0.03417149,0.67677257,0.04714399,29.46956166
