Y,A,A_rep,A_hid,L,Q,K,W,P,r,taua,abar,tauk,taul,WtaxRev,KtaxRev,WtaxRev_lost,KtaxRev_lost,G,lump_sum,ylbar,WtaxPct,ShelterPct,ShelterPctP99,TaxEvasionP99,ConcealPctP99,gini,p90,p99,p999,p9999,gini_total,p90_total,p99_total,p999_total,p9999_total,welfare,welfare0,approval,approval0,conceal_share_e,conceal_share_n,evasion_share_e,evasion_share_n,conceal_frac_e,conceal_frac_n,evasion_frac_e,evasion_frac_n,shelter_pct_e,shelter_pct_n,detection_rate,detection_revenue,wtax_evasion_elast
65.60548872,2.85751196,2.85751196,0.00000000,29.60672369,259.06006742,51.03249872,1.28522143,0.15406548,0.04127500,0.03303949,37.84526618,0.25000000,0.18638561,1.78268177,6.92808793,0.00000000,0.00000000,9.18235041,0.01135191,1.01512040,0.65806521,0.00000000,0.00000000,0.00000000,0.00000000,0.75131318,0.38166196,0.70939190,0.84767775,0.93577763,0.75131318,0.38166196,0.70939190,0.84767775,0.93577763,-23.25364620,-46.21622933,0.85481193,0.50719119,-nan,-nan,-nan,-nan,0.00000000,0.00000000,0.00000000,0.00000000,0.00000000,0.00000000,-nan,0.00000000,13.34991780
