Y,A,A_rep,A_hid,L,Q,K,W,P,r,taua,abar,tauk,taul,WtaxRev,KtaxRev,WtaxRev_lost,KtaxRev_lost,G,lump_sum,ylbar,WtaxPct,ShelterPct,ShelterPctP99,TaxEvasionP99,ConcealPctP99,gini,p90,p99,p999,p9999,gini_total,p90_total,p99_total,p999_total,p9999_total,welfare,welfare0,approval,approval0,conceal_share_e,conceal_share_n,evasion_share_e,evasion_share_n,conceal_frac_e,conceal_frac_n,evasion_frac_e,evasion_frac_n,shelter_pct_e,shelter_pct_n,detection_rate,detection_revenue,wtax_evasion_elast
73.53066274,3.11213350,2.93402740,0.17810610,30.12883574,331.66472995,65.46214901,1.41551600,0.13825003,0.02975120,0.01234204,1326.80308548,0.25000000,0.18606250,0.14570940,5.92864446,0.10552477,0.54724843,9.29156816,0.00062602,1.08952447,0.00987292,0.10314813,34.61829404,8.82125656,52.92599432,0.77169361,0.35069488,0.65746223,0.82367898,0.93709311,0.78471807,0.33062475,0.61988330,0.78102624,0.90955967,-23.71110287,-47.58134733,0.66879282,0.32868820,0.26848003,0.73151997,0.81618061,0.18381939,0.04705122,0.06216518,0.06273378,0.00835388,0.39037841,0.03379866,0.68338476,0.04702700,31.24309036
