Y,A,A_rep,A_hid,L,Q,K,W,P,r,taua,abar,tauk,taul,WtaxRev,KtaxRev,WtaxRev_lost,KtaxRev_lost,G,lump_sum,ylbar,WtaxPct,ShelterPct,ShelterPctP99,TaxEvasionP99,ConcealPctP99,gini,p90,p99,p999,p9999,gini_total,p90_total,p99_total,p999_total,p9999_total,welfare,welfare0,approval,approval0,conceal_share_e,conceal_share_n,evasion_share_e,evasion_share_n,conceal_frac_e,conceal_frac_n,evasion_frac_e,evasion_frac_n,shelter_pct_e,shelter_pct_n,detection_rate,detection_revenue,wtax_evasion_elast
65.61741437,2.85648145,2.85648145,0.00000000,29.61284860,259.12131242,51.01524178,1.28518538,0.15406020,0.04132217,0.03000000,30.96280840,0.25000000,0.18638366,1.77660670,6.92940386,0.00000000,0.00000000,9.18235041,0.01135379,1.01512040,0.79083834,0.00000000,0.00000000,0.00000000,0.00000000,0.75144400,0.38146118,0.70648355,0.84278733,0.93375972,0.75144400,0.38146118,0.70648355,0.84278733,0.93375972,-23.25690597,-46.22340826,0.85318355,0.50640476,-nan,-nan,-nan,-nan,0.00000000,0.00000000,0.00000000,0.00000000,0.00000000,0.00000000,-nan,0.00000000,13.55737309
