Y,A,A_rep,A_hid,L,Q,K,W,P,r,taua,abar,tauk,taul,WtaxRev,KtaxRev,WtaxRev_lost,KtaxRev_lost,G,lump_sum,ylbar,WtaxPct,ShelterPct,ShelterPctP99,TaxEvasionP99,ConcealPctP99,gini,p90,p99,p999,p9999,gini_total,p90_total,p99_total,p999_total,p9999_total,welfare,welfare0,approval,approval0,conceal_share_e,conceal_share_n,evasion_share_e,evasion_share_n,conceal_frac_e,conceal_frac_n,evasion_frac_e,evasion_frac_n,shelter_pct_e,shelter_pct_n,detection_rate,detection_revenue,wtax_evasion_elast
65.50564338,2.85318183,2.85318183,0.00000000,29.59225999,258.30318009,50.87334243,1.28388881,0.15423613,0.04142090,0.03448497,37.61900643,0.25000000,0.18640060,1.83541986,6.93354177,0.00000000,0.00000000,9.18235041,0.01161312,1.01512040,0.65134403,0.00000000,0.00000000,0.00000000,0.00000000,0.75034767,0.38311666,0.71190858,0.84924645,0.93635348,0.75034767,0.38311666,0.71190858,0.84924645,0.93635348,-23.24358258,-46.21643882,0.84746320,0.49879157,-nan,-nan,-nan,-nan,0.00000000,0.00000000,0.00000000,0.00000000,0.00000000,0.00000000,-nan,0.00000000,13.26235754
