Y,A,A_rep,A_hid,L,Q,K,W,P,r,taua,abar,tauk,taul,WtaxRev,KtaxRev,WtaxRev_lost,KtaxRev_lost,G,lump_sum,ylbar,WtaxPct,ShelterPct,ShelterPctP99,TaxEvasionP99,ConcealPctP99,gini,p90,p99,p999,p9999,gini_total,p90_total,p99_total,p999_total,p9999_total,welfare,welfare0,approval,approval0,conceal_share_e,conceal_share_n,evasion_share_e,evasion_share_n,conceal_frac_e,conceal_frac_n,evasion_frac_e,evasion_frac_n,shelter_pct_e,shelter_pct_n,detection_rate,detection_revenue,wtax_evasion_elast
66.15025503,2.88319337,2.88319337,0.00000000,29.68616418,263.07097478,52.01195981,1.29242106,0.15321102,0.04029949,0.03737843,86.57571732,0.25000000,0.18627915,1.44942360,6.89611282,0.00000000,0.00000000,9.18235041,0.00924970,1.01512040,0.29950762,0.00000000,0.00000000,0.00000000,0.00000000,0.75642674,0.37328521,0.69959407,0.85525849,0.94006096,0.75642674,0.37328521,0.69959407,0.85525849,0.94006096,-23.36274333,-46.32145887,0.85922442,0.51256461,-nan,-nan,-nan,-nan,0.00000000,0.00000000,0.00000000,0.00000000,0.00000000,0.00000000,-nan,0.00000000,13.31827361
