Y,A,A_rep,A_hid,L,Q,K,W,P,r,taua,abar,tauk,taul,WtaxRev,KtaxRev,WtaxRev_lost,KtaxRev_lost,G,lump_sum,ylbar,WtaxPct,ShelterPct,ShelterPctP99,TaxEvasionP99,ConcealPctP99,gini,p90,p99,p999,p9999,gini_total,p90_total,p99_total,p999_total,p9999_total,welfare,welfare0,approval,approval0,conceal_share_e,conceal_share_n,evasion_share_e,evasion_share_n,conceal_frac_e,conceal_frac_n,evasion_frac_e,evasion_frac_n,shelter_pct_e,shelter_pct_n,detection_rate,detection_revenue,wtax_evasion_elast
65.76128893,2.86394492,2.86394492,0.00000000,29.63072500,260.23179669,51.27407962,1.28723990,0.15380668,0.04106144,0.03000000,35.66438896,0.25000000,0.18636304,1.70075027,6.91994673,0.00000000,0.00000000,9.18235041,0.01094060,1.01512040,0.65032448,0.00000000,0.00000000,0.00000000,0.00000000,0.75288990,0.37912328,0.70485098,0.84381760,0.93430791,0.75288990,0.37912328,0.70485098,0.84381760,0.93430791,-23.27209167,-46.22180507,0.86884926,0.52821723,-nan,-nan,-nan,-nan,0.00000000,0.00000000,0.00000000,0.00000000,0.00000000,0.00000000,-nan,0.00000000,13.56100724
