Y,A,A_rep,A_hid,L,Q,K,W,P,r,taua,abar,tauk,taul,WtaxRev,KtaxRev,WtaxRev_lost,KtaxRev_lost,G,lump_sum,ylbar,WtaxPct,ShelterPct,ShelterPctP99,TaxEvasionP99,ConcealPctP99,gini,p90,p99,p999,p9999,gini_total,p90_total,p99_total,p999_total,p9999_total,welfare,welfare0,approval,approval0,conceal_share_e,conceal_share_n,evasion_share_e,evasion_share_n,conceal_frac_e,conceal_frac_n,evasion_frac_e,evasion_frac_n,shelter_pct_e,shelter_pct_n,detection_rate,detection_revenue,wtax_evasion_elast
73.53023435,3.11212715,2.92381624,0.18831090,30.12856785,331.66791994,65.48050740,1.41555035,0.13825134,0.02973028,0.01073303,1043.79890006,0.25000000,0.18606276,0.15121215,5.92657782,0.11216447,0.54174593,9.29156816,0.00066870,1.08952447,0.01323328,0.10356731,36.36000829,8.60646318,55.14458062,0.77099016,0.35175924,0.65961763,0.82645865,0.93740144,0.78480479,0.33047473,0.61975238,0.78093757,0.90927062,-23.70865286,-47.57449008,0.68549946,0.33778706,0.26248471,0.73751529,0.80897773,0.19102227,0.04862622,0.06627249,0.06226662,0.00869519,0.39010647,0.03438471,0.67434398,0.04642092,34.60891347
