Y,A,A_rep,A_hid,L,Q,K,W,P,r,taua,abar,tauk,taul,WtaxRev,KtaxRev,WtaxRev_lost,KtaxRev_lost,G,lump_sum,ylbar,WtaxPct,ShelterPct,ShelterPctP99,TaxEvasionP99,ConcealPctP99,gini,p90,p99,p999,p9999,gini_total,p90_total,p99_total,p999_total,p9999_total,welfare,welfare0,approval,approval0,conceal_share_e,conceal_share_n,evasion_share_e,evasion_share_n,conceal_frac_e,conceal_frac_n,evasion_frac_e,evasion_frac_n,shelter_pct_e,shelter_pct_n,detection_rate,detection_revenue,wtax_evasion_elast
65.58208258,2.85624116,2.85624116,0.00000000,29.60441641,258.87757307,50.99216689,1.28487429,0.15410970,0.04131547,0.03255023,35.41129296,0.25000000,0.18639002,1.79858009,6.92954626,0.00000000,0.00000000,9.18235041,0.01145251,1.01512040,0.63916677,0.00000000,0.00000000,0.00000000,0.00000000,0.75111686,0.38189702,0.70942450,0.84673431,0.93533530,0.75111686,0.38189702,0.70942450,0.84673431,0.93533530,-23.24965548,-46.21273424,0.85382524,0.50707538,-nan,-nan,-nan,-nan,0.00000000,0.00000000,0.00000000,0.00000000,0.00000000,0.00000000,-nan,0.00000000,13.39689016
