Y,A,A_rep,A_hid,L,Q,K,W,P,r,taua,abar,tauk,taul,WtaxRev,KtaxRev,WtaxRev_lost,KtaxRev_lost,G,lump_sum,ylbar,WtaxPct,ShelterPct,ShelterPctP99,TaxEvasionP99,ConcealPctP99,gini,p90,p99,p999,p9999,gini_total,p90_total,p99_total,p999_total,p9999_total,welfare,welfare0,approval,approval0,conceal_share_e,conceal_share_n,evasion_share_e,evasion_share_n,conceal_frac_e,conceal_frac_n,evasion_frac_e,evasion_frac_n,shelter_pct_e,shelter_pct_n,detection_rate,detection_revenue,wtax_evasion_elast
65.34843311,2.84765292,2.84765292,0.00000000,29.56789690,257.09101087,50.67889313,1.28187656,0.15452053,0.04155249,0.04123638,47.11234046,0.25000000,0.18641122,1.90514874,6.94029899,0.00000000,0.00000000,9.18235041,0.01181271,1.01512040,0.55597530,0.00000000,0.00000000,0.00000000,0.00000000,0.74881215,0.38532355,0.71800107,0.85790619,0.93993279,0.74881215,0.38532355,0.71800107,0.85790619,0.93993279,-23.24271312,-46.24451190,0.82503678,0.45924752,-nan,-nan,-nan,-nan,0.00000000,0.00000000,0.00000000,0.00000000,0.00000000,0.00000000,-nan,0.00000000,12.88537096
