Y,A,A_rep,A_hid,L,Q,K,W,P,r,taua,abar,tauk,taul,WtaxRev,KtaxRev,WtaxRev_lost,KtaxRev_lost,G,lump_sum,ylbar,WtaxPct,ShelterPct,ShelterPctP99,TaxEvasionP99,ConcealPctP99,gini,p90,p99,p999,p9999,gini_total,p90_total,p99_total,p999_total,p9999_total,welfare,welfare0,approval,approval0,conceal_share_e,conceal_share_n,evasion_share_e,evasion_share_n,conceal_frac_e,conceal_frac_n,evasion_frac_e,evasion_frac_n,shelter_pct_e,shelter_pct_n,detection_rate,detection_revenue,wtax_evasion_elast
64.93548604,2.82815373,2.82815373,0.00000000,29.51350138,253.93856208,49.99065923,1.27611735,0.15525769,0.04222591,0.04217689,34.47502758,0.25000000,0.18647653,2.13013275,6.96475897,0.00000000,0.00000000,9.18235041,0.01297835,1.01512040,0.81930065,0.00000000,0.00000000,0.00000000,0.00000000,0.74490350,0.39151202,0.72509457,0.85702146,0.93902492,0.74490350,0.39151202,0.72509457,0.85702146,0.93902492,-23.20107362,-46.25048323,0.80433761,0.43310851,-nan,-nan,-nan,-nan,0.00000000,0.00000000,0.00000000,0.00000000,0.00000000,0.00000000,-nan,0.00000000,12.78970928
