Y,A,A_rep,A_hid,L,Q,K,W,P,r,taua,abar,tauk,taul,WtaxRev,KtaxRev,WtaxRev_lost,KtaxRev_lost,G,lump_sum,ylbar,WtaxPct,ShelterPct,ShelterPctP99,TaxEvasionP99,ConcealPctP99,gini,p90,p99,p999,p9999,gini_total,p90_total,p99_total,p999_total,p9999_total,welfare,welfare0,approval,approval0,conceal_share_e,conceal_share_n,evasion_share_e,evasion_share_n,conceal_frac_e,conceal_frac_n,evasion_frac_e,evasion_frac_n,shelter_pct_e,shelter_pct_n,detection_rate,detection_revenue,wtax_evasion_elast
65.89391168,2.87095392,2.87095392,0.00000000,29.64652118,261.24249670,51.52153214,1.28913635,0.15357846,0.04080586,0.03216299,48.36862629,0.25000000,0.18633503,1.61737442,6.91120481,0.00000000,0.00000000,9.18235041,0.01039072,1.01512040,0.58204777,0.00000000,0.00000000,0.00000000,0.00000000,0.75400597,0.37719722,0.70403559,0.84796230,0.93619702,0.75400597,0.37719722,0.70403559,0.84796230,0.93619702,-23.29650788,-46.24332077,0.87318659,0.59707498,-nan,-nan,-nan,-nan,0.00000000,0.00000000,0.00000000,0.00000000,0.00000000,0.00000000,-nan,0.00000000,13.49081090
