Y,A,A_rep,A_hid,L,Q,K,W,P,r,taua,abar,tauk,taul,WtaxRev,KtaxRev,WtaxRev_lost,KtaxRev_lost,G,lump_sum,ylbar,WtaxPct,ShelterPct,ShelterPctP99,TaxEvasionP99,ConcealPctP99,gini,p90,p99,p999,p9999,gini_total,p90_total,p99_total,p999_total,p9999_total,welfare,welfare0,approval,approval0,conceal_share_e,conceal_share_n,evasion_share_e,evasion_share_n,conceal_frac_e,conceal_frac_n,evasion_frac_e,evasion_frac_n,shelter_pct_e,shelter_pct_n,detection_rate,detection_revenue,wtax_evasion_elast
65.58333754,2.85632799,2.85632799,0.00000000,29.60391865,258.87497286,50.99004223,1.28487844,0.15410859,0.04131780,0.03256504,35.47129392,0.25000000,0.18639130,1.79856111,6.92995129,0.00000000,0.00000000,9.18235041,0.01146623,1.01512040,0.63967675,0.00000000,0.00000000,0.00000000,0.00000000,0.75112674,0.38187529,0.70940633,0.84676469,0.93535059,0.75112674,0.38187529,0.70940633,0.84676469,0.93535059,-23.24837358,-46.21027385,0.85520917,0.50995681,-nan,-nan,-nan,-nan,0.00000000,0.00000000,0.00000000,0.00000000,0.00000000,0.00000000,-nan,0.00000000,13.39071640
