Y,A,A_rep,A_hid,L,Q,K,W,P,r,taua,abar,tauk,taul,WtaxRev,KtaxRev,WtaxRev_lost,KtaxRev_lost,G,lump_sum,ylbar,WtaxPct,ShelterPct,ShelterPctP99,TaxEvasionP99,ConcealPctP99,gini,p90,p99,p999,p9999,gini_total,p90_total,p99_total,p999_total,p9999_total,welfare,welfare0,approval,approval0,conceal_share_e,conceal_share_n,evasion_share_e,evasion_share_n,conceal_frac_e,conceal_frac_n,evasion_frac_e,evasion_frac_n,shelter_pct_e,shelter_pct_n,detection_rate,detection_revenue,wtax_evasion_elast
65.58754404,2.85646418,2.85646418,0.00000000,29.60488330,258.91044504,50.99784714,1.28493496,0.15410154,0.04131090,0.03237739,35.14989554,0.25000000,0.18639073,1.79605068,6.92958140,0.00000000,0.00000000,9.18235041,0.01145467,1.01512040,0.63770497,0.00000000,0.00000000,0.00000000,0.00000000,0.75118071,0.38185044,0.70918921,0.84648459,0.93522450,0.75118071,0.38185044,0.70918921,0.84648459,0.93522450,-23.24897940,-46.21049096,0.85528933,0.50995584,-nan,-nan,-nan,-nan,0.00000000,0.00000000,0.00000000,0.00000000,0.00000000,0.00000000,-nan,0.00000000,13.40699781
