Y,A,A_rep,A_hid,L,Q,K,W,P,r,taua,abar,tauk,taul,WtaxRev,KtaxRev,WtaxRev_lost,KtaxRev_lost,G,lump_sum,ylbar,WtaxPct,ShelterPct,ShelterPctP99,TaxEvasionP99,ConcealPctP99,gini,p90,p99,p999,p9999,gini_total,p90_total,p99_total,p999_total,p9999_total,welfare,welfare0,approval,approval0,conceal_share_e,conceal_share_n,evasion_share_e,evasion_share_n,conceal_frac_e,conceal_frac_n,evasion_frac_e,evasion_frac_n,shelter_pct_e,shelter_pct_n,detection_rate,detection_revenue,wtax_evasion_elast
65.58578820,2.85640971,2.85640971,0.00000000,29.60468455,258.90491202,50.99676432,1.28492597,0.15410253,0.04131167,0.03255046,35.54772950,0.25000000,0.18638952,1.79692418,6.92943448,0.00000000,0.00000000,9.18235041,0.01144676,1.01512040,0.64043844,0.00000000,0.00000000,0.00000000,0.00000000,0.75114696,0.38186119,0.70934910,0.84676029,0.93535457,0.75114696,0.38186119,0.70934910,0.84676029,0.93535457,-23.24959803,-46.21195130,0.85480956,0.50711340,-nan,-nan,-nan,-nan,0.00000000,0.00000000,0.00000000,0.00000000,0.00000000,0.00000000,-nan,0.00000000,13.39249677
