Y,A,A_rep,A_hid,L,Q,K,W,P,r,taua,abar,tauk,taul,WtaxRev,KtaxRev,WtaxRev_lost,KtaxRev_lost,G,lump_sum,ylbar,WtaxPct,ShelterPct,ShelterPctP99,TaxEvasionP99,ConcealPctP99,gini,p90,p99,p999,p9999,gini_total,p90_total,p99_total,p999_total,p9999_total,welfare,welfare0,approval,approval0,conceal_share_e,conceal_share_n,evasion_share_e,evasion_share_n,conceal_frac_e,conceal_frac_n,evasion_frac_e,evasion_frac_n,shelter_pct_e,shelter_pct_n,detection_rate,detection_revenue,wtax_evasion_elast
73.49264291,3.11058501,2.90023489,0.21035012,30.12345576,331.22742955,65.45341441,1.41496331,0.13833493,0.02971611,0.01137427,747.84180909,0.25000000,0.18606758,0.18841805,5.91310244,0.15250826,0.54184770,9.29156816,0.00081974,1.08952447,0.01942894,0.10470288,40.43551308,8.72568405,56.84174848,0.76930143,0.35436635,0.66504607,0.83408495,0.93925144,0.78485676,0.33040268,0.62012017,0.78217246,0.91012994,-23.70750031,-47.57684982,0.67146787,0.33460747,0.25417055,0.74582945,0.77536895,0.22463105,0.05259040,0.07492285,0.06311320,0.01083689,0.38938782,0.03596796,0.66918267,0.04808770,36.16751211
