Y,A,A_rep,A_hid,L,Q,K,W,P,r,taua,abar,tauk,taul,WtaxRev,KtaxRev,WtaxRev_lost,KtaxRev_lost,G,lump_sum,ylbar,WtaxPct,ShelterPct,ShelterPctP99,TaxEvasionP99,ConcealPctP99,gini,p90,p99,p999,p9999,gini_total,p90_total,p99_total,p999_total,p9999_total,welfare,welfare0,approval,approval0,conceal_share_e,conceal_share_n,evasion_share_e,evasion_share_n,conceal_frac_e,conceal_frac_n,evasion_frac_e,evasion_frac_n,shelter_pct_e,shelter_pct_n,detection_rate,detection_revenue,wtax_evasion_elast
65.61178053,2.85757632,2.85757632,0.00000000,29.60824887,259.10305171,51.03688916,1.28527543,0.15405694,0.04127571,0.03221944,35.78978270,0.25000000,0.18638649,1.78178462,6.92813171,0.00000000,0.00000000,9.18235041,0.01137194,1.01512040,0.64315584,0.00000000,0.00000000,0.00000000,0.00000000,0.75141025,0.38149418,0.70872697,0.84641407,0.93523215,0.75141025,0.38149418,0.70872697,0.84641407,0.93523215,-23.25247456,-46.21286582,0.85609330,0.51002492,-nan,-nan,-nan,-nan,0.00000000,0.00000000,0.00000000,0.00000000,0.00000000,0.00000000,-nan,0.00000000,13.41154240
