Y,A,A_rep,A_hid,L,Q,K,W,P,r,taua,abar,tauk,taul,WtaxRev,KtaxRev,WtaxRev_lost,KtaxRev_lost,G,lump_sum,ylbar,WtaxPct,ShelterPct,ShelterPctP99,TaxEvasionP99,ConcealPctP99,gini,p90,p99,p999,p9999,gini_total,p90_total,p99_total,p999_total,p9999_total,welfare,welfare0,approval,approval0,conceal_share_e,conceal_share_n,evasion_share_e,evasion_share_n,conceal_frac_e,conceal_frac_n,evasion_frac_e,evasion_frac_n,shelter_pct_e,shelter_pct_n,detection_rate,detection_revenue,wtax_evasion_elast
65.57985054,2.85611818,2.85611818,0.00000000,29.60391096,258.86897791,50.98927888,1.28486377,0.15411037,0.04131831,0.03266633,35.66467770,0.25000000,0.18639042,1.79929852,6.92942228,0.00000000,0.00000000,9.18235041,0.01146069,1.01512040,0.64084818,0.00000000,0.00000000,0.00000000,0.00000000,0.75108964,0.38192088,0.70953984,0.84692668,0.93542738,0.75108964,0.38192088,0.70953984,0.84692668,0.93542738,-23.24867155,-46.21089312,0.85481359,0.50711340,-nan,-nan,-nan,-nan,0.00000000,0.00000000,0.00000000,0.00000000,0.00000000,0.00000000,-nan,0.00000000,13.38797028
