Y,A,A_rep,A_hid,L,Q,K,W,P,r,taua,abar,tauk,taul,WtaxRev,KtaxRev,WtaxRev_lost,KtaxRev_lost,G,lump_sum,ylbar,WtaxPct,ShelterPct,ShelterPctP99,TaxEvasionP99,ConcealPctP99,gini,p90,p99,p999,p9999,gini_total,p90_total,p99_total,p999_total,p9999_total,welfare,welfare0,approval,approval0,conceal_share_e,conceal_share_n,evasion_share_e,evasion_share_n,conceal_frac_e,conceal_frac_n,evasion_frac_e,evasion_frac_n,shelter_pct_e,shelter_pct_n,detection_rate,detection_revenue,wtax_evasion_elast
65.75447172,2.86364563,2.86364563,0.00000000,29.62943951,260.17772528,51.26066320,1.28714694,0.15381756,0.04107469,0.03000000,35.32720908,0.25000000,0.18636559,1.70521292,6.92054164,0.00000000,0.00000000,9.18235041,0.01098030,1.01512040,0.64778112,0.00000000,0.00000000,0.00000000,0.00000000,0.75282965,0.37922971,0.70497714,0.84376373,0.93427807,0.75282965,0.37922971,0.70497714,0.84376373,0.93427807,-23.26953901,-46.21806525,0.87035042,0.58752676,-nan,-nan,-nan,-nan,0.00000000,0.00000000,0.00000000,0.00000000,0.00000000,0.00000000,-nan,0.00000000,13.56064495
