Y,A,A_rep,A_hid,L,Q,K,W,P,r,taua,abar,tauk,taul,WtaxRev,KtaxRev,WtaxRev_lost,KtaxRev_lost,G,lump_sum,ylbar,WtaxPct,ShelterPct,ShelterPctP99,TaxEvasionP99,ConcealPctP99,gini,p90,p99,p999,p9999,gini_total,p90_total,p99_total,p999_total,p9999_total,welfare,welfare0,approval,approval0,conceal_share_e,conceal_share_n,evasion_share_e,evasion_share_n,conceal_frac_e,conceal_frac_n,evasion_frac_e,evasion_frac_n,shelter_pct_e,shelter_pct_n,detection_rate,detection_revenue,wtax_evasion_elast
65.61103916,2.85749652,2.85749652,0.00000000,29.60834377,259.09369487,51.03473922,1.28525358,0.15405983,0.04127830,0.03201383,35.13095571,0.25000000,0.18638706,1.78309433,6.92832076,0.00000000,0.00000000,9.18235041,0.01138773,1.01512040,0.63897897,0.00000000,0.00000000,0.00000000,0.00000000,0.75142460,0.38142268,0.70854961,0.84607091,0.93508161,0.75142460,0.38142268,0.70854961,0.84607091,0.93508161,-23.25175781,-46.21156426,0.85697838,0.51001832,-nan,-nan,-nan,-nan,0.00000000,0.00000000,0.00000000,0.00000000,0.00000000,0.00000000,-nan,0.00000000,13.43054602
