Y,A,A_rep,A_hid,L,Q,K,W,P,r,taua,abar,tauk,taul,WtaxRev,KtaxRev,WtaxRev_lost,KtaxRev_lost,G,lump_sum,ylbar,WtaxPct,ShelterPct,ShelterPctP99,TaxEvasionP99,ConcealPctP99,gini,p90,p99,p999,p9999,gini_total,p90_total,p99_total,p999_total,p9999_total,welfare,welfare0,approval,approval0,conceal_share_e,conceal_share_n,evasion_share_e,evasion_share_n,conceal_frac_e,conceal_frac_n,evasion_frac_e,evasion_frac_n,shelter_pct_e,shelter_pct_n,detection_rate,detection_revenue,wtax_evasion_elast
65.57738389,2.85611359,2.85611359,0.00000000,29.60405919,258.85794382,50.98845420,1.28483529,0.15411426,0.04131859,0.03254223,35.24933499,0.25000000,0.18639464,1.80025435,6.92947417,0.00000000,0.00000000,9.18235041,0.01146317,1.01512040,0.63806786,0.00000000,0.00000000,0.00000000,0.00000000,0.75107976,0.38195116,0.70951403,0.84672476,0.93532853,0.75107976,0.38195116,0.70951403,0.84672476,0.93532853,-23.24881473,-46.21153808,0.85461684,0.50707538,-nan,-nan,-nan,-nan,0.00000000,0.00000000,0.00000000,0.00000000,0.00000000,0.00000000,-nan,0.00000000,13.40318596
