Y,A,A_rep,A_hid,L,Q,K,W,P,r,taua,abar,tauk,taul,WtaxRev,KtaxRev,WtaxRev_lost,KtaxRev_lost,G,lump_sum,ylbar,WtaxPct,ShelterPct,ShelterPctP99,TaxEvasionP99,ConcealPctP99,gini,p90,p99,p999,p9999,gini_total,p90_total,p99_total,p999_total,p9999_total,welfare,welfare0,approval,approval0,conceal_share_e,conceal_share_n,evasion_share_e,evasion_share_n,conceal_frac_e,conceal_frac_n,evasion_frac_e,evasion_frac_n,shelter_pct_e,shelter_pct_n,detection_rate,detection_revenue,wtax_evasion_elast
73.49227079,3.11052825,2.89356885,0.21695940,30.12525515,331.22110467,65.47903444,1.41495082,0.13834503,0.02968936,0.01053910,637.34322767,0.25000000,0.18606566,0.19004296,5.90370395,0.15604000,0.54555968,9.29156816,0.00074826,1.08952447,0.02448858,0.10528087,41.50249384,8.91438697,57.76236779,0.76883705,0.35507592,0.66645762,0.83592611,0.93937375,0.78491419,0.33030937,0.62001990,0.78211735,0.90998011,-23.71397145,-47.58847148,0.64026004,0.30738736,0.25297106,0.74702894,0.77458750,0.22541250,0.05397775,0.07740965,0.06370603,0.01098844,0.39054544,0.03640600,0.67108854,0.04965088,39.41755986
