Y,A,A_rep,A_hid,L,Q,K,W,P,r,taua,abar,tauk,taul,WtaxRev,KtaxRev,WtaxRev_lost,KtaxRev_lost,G,lump_sum,ylbar,WtaxPct,ShelterPct,ShelterPctP99,TaxEvasionP99,ConcealPctP99,gini,p90,p99,p999,p9999,gini_total,p90_total,p99_total,p999_total,p9999_total,welfare,welfare0,approval,approval0,conceal_share_e,conceal_share_n,evasion_share_e,evasion_share_n,conceal_frac_e,conceal_frac_n,evasion_frac_e,evasion_frac_n,shelter_pct_e,shelter_pct_n,detection_rate,detection_revenue,wtax_evasion_elast
65.64258949,2.85956568,2.85956568,0.00000000,29.61080797,259.34358985,51.10197300,1.28576236,0.15399985,0.04120181,0.03363289,40.72595340,0.25000000,0.18637751,1.76012724,6.92564485,0.00000000,0.00000000,9.18235041,0.01120402,1.01512040,0.68661075,0.00000000,0.00000000,0.00000000,0.00000000,0.75165872,0.38097328,0.70922935,0.84879913,0.93629604,0.75165872,0.38097328,0.70922935,0.84879913,0.93629604,-23.26019198,-46.22123385,0.85606325,0.51011157,-nan,-nan,-nan,-nan,0.00000000,0.00000000,0.00000000,0.00000000,0.00000000,0.00000000,-nan,0.00000000,13.34242812
