Y,A,A_rep,A_hid,L,Q,K,W,P,r,taua,abar,tauk,taul,WtaxRev,KtaxRev,WtaxRev_lost,KtaxRev_lost,G,lump_sum,ylbar,WtaxPct,ShelterPct,ShelterPctP99,TaxEvasionP99,ConcealPctP99,gini,p90,p99,p999,p9999,gini_total,p90_total,p99_total,p999_total,p9999_total,welfare,welfare0,approval,approval0,conceal_share_e,conceal_share_n,evasion_share_e,evasion_share_n,conceal_frac_e,conceal_frac_n,evasion_frac_e,evasion_frac_n,shelter_pct_e,shelter_pct_n,detection_rate,detection_revenue,wtax_evasion_elast
65.55772672,2.85515182,2.85515182,0.00000000,29.60085737,258.69448662,50.95203515,1.28455071,0.15415042,0.04135336,0.03292489,35.47618399,0.25000000,0.18639323,1.81127694,6.93087239,0.00000000,0.00000000,9.18235041,0.01151543,1.01512040,0.63841072,0.00000000,0.00000000,0.00000000,0.00000000,0.75088895,0.38237396,0.71001106,0.84716911,0.93550276,0.75088895,0.38237396,0.71001106,0.84716911,0.93550276,-23.24734844,-46.21288933,0.85248812,0.50628100,-nan,-nan,-nan,-nan,0.00000000,0.00000000,0.00000000,0.00000000,0.00000000,0.00000000,-nan,0.00000000,13.37031200
