Y,A,A_rep,A_hid,L,Q,K,W,P,r,taua,abar,tauk,taul,WtaxRev,KtaxRev,WtaxRev_lost,KtaxRev_lost,G,lump_sum,ylbar,WtaxPct,ShelterPct,ShelterPctP99,TaxEvasionP99,ConcealPctP99,gini,p90,p99,p999,p9999,gini_total,p90_total,p99_total,p999_total,p9999_total,welfare,welfare0,approval,approval0,conceal_share_e,conceal_share_n,evasion_share_e,evasion_share_n,conceal_frac_e,conceal_frac_n,evasion_frac_e,evasion_frac_n,shelter_pct_e,shelter_pct_n,detection_rate,detection_revenue,wtax_evasion_elast
65.51355061,2.85382914,2.85382914,0.00000000,29.59265798,258.36514895,50.89416256,1.28402614,0.15422143,0.04139452,0.03511378,39.43074948,0.25000000,0.18639780,1.82998697,6.93276983,0.00000000,0.00000000,9.18235041,0.01157067,1.01512040,0.66844091,0.00000000,0.00000000,0.00000000,0.00000000,0.75043383,0.38287415,0.71216154,0.85019400,0.93678289,0.75043383,0.38287415,0.71216154,0.85019400,0.93678289,-23.24549282,-46.21800632,0.84766750,0.49883433,-nan,-nan,-nan,-nan,0.00000000,0.00000000,0.00000000,0.00000000,0.00000000,0.00000000,-nan,0.00000000,13.22037198
