Y,A,A_rep,A_hid,L,Q,K,W,P,r,taua,abar,tauk,taul,WtaxRev,KtaxRev,WtaxRev_lost,KtaxRev_lost,G,lump_sum,ylbar,WtaxPct,ShelterPct,ShelterPctP99,TaxEvasionP99,ConcealPctP99,gini,p90,p99,p999,p9999,gini_total,p90_total,p99_total,p999_total,p9999_total,welfare,welfare0,approval,approval0,conceal_share_e,conceal_share_n,evasion_share_e,evasion_share_n,conceal_frac_e,conceal_frac_n,evasion_frac_e,evasion_frac_n,shelter_pct_e,shelter_pct_n,detection_rate,detection_revenue,wtax_evasion_elast
65.76214228,2.86402282,2.86402282,0.00000000,29.63057712,260.23563020,51.27458039,1.28725081,0.15380509,0.04106082,0.03000000,35.71966513,0.25000000,0.18636386,1.70007273,6.92002145,0.00000000,0.00000000,9.18235041,0.01094475,1.01512040,0.65083617,0.00000000,0.00000000,0.00000000,0.00000000,0.75290505,0.37910080,0.70482814,0.84382904,0.93431447,0.75290505,0.37910080,0.70482814,0.84382904,0.93431447,-23.27145565,-46.22046309,0.86929652,0.53037505,-nan,-nan,-nan,-nan,0.00000000,0.00000000,0.00000000,0.00000000,0.00000000,0.00000000,-nan,0.00000000,13.56015666
