Y,A,A_rep,A_hid,L,Q,K,W,P,r,taua,abar,tauk,taul,WtaxRev,KtaxRev,WtaxRev_lost,KtaxRev_lost,G,lump_sum,ylbar,WtaxPct,ShelterPct,ShelterPctP99,TaxEvasionP99,ConcealPctP99,gini,p90,p99,p999,p9999,gini_total,p90_total,p99_total,p999_total,p9999_total,welfare,welfare0,approval,approval0,conceal_share_e,conceal_share_n,evasion_share_e,evasion_share_n,conceal_frac_e,conceal_frac_n,evasion_frac_e,evasion_frac_n,shelter_pct_e,shelter_pct_n,detection_rate,detection_revenue,wtax_evasion_elast
60.21136524,2.48310638,2.48310638,0.00000000,29.43703468,215.98265933,39.05813178,1.18635862,0.16654467,0.05945337,0.03000000,2.04947888,0.25000000,0.18677578,4.48333507,7.39596779,0.00000000,0.00000000,9.18235041,0.02285205,1.01512040,35.02818732,0.00000000,0.00000000,0.00000000,0.00000000,0.72906175,0.37350666,0.63525947,0.78808969,0.91293012,0.72906175,0.37350666,0.63525947,0.78808969,0.91293012,-23.84865992,-48.69691252,0.48103295,0.12756785,-nan,-nan,-nan,-nan,0.00000000,0.00000000,0.00000000,0.00000000,0.00000000,0.00000000,-nan,0.00000000,16.42581163
