Y,A,A_rep,A_hid,L,Q,K,W,P,r,taua,abar,tauk,taul,WtaxRev,KtaxRev,WtaxRev_lost,KtaxRev_lost,G,lump_sum,ylbar,WtaxPct,ShelterPct,ShelterPctP99,TaxEvasionP99,ConcealPctP99,gini,p90,p99,p999,p9999,gini_total,p90_total,p99_total,p999_total,p9999_total,welfare,welfare0,approval,approval0,conceal_share_e,conceal_share_n,evasion_share_e,evasion_share_n,conceal_frac_e,conceal_frac_n,evasion_frac_e,evasion_frac_n,shelter_pct_e,shelter_pct_n,detection_rate,detection_revenue,wtax_evasion_elast
73.46252728,3.11036251,2.90810106,0.20226145,30.12347935,330.80608348,65.52853080,1.41444387,0.13844333,0.02959588,0.01580892,1123.02707520,0.25000000,0.18606914,0.17659299,5.92173915,0.17694997,0.53915404,9.29156816,0.00082309,1.08952447,0.01132327,0.10410822,47.41311217,9.84571707,53.28350096,0.77037052,0.35293200,0.66290618,0.83249838,0.94402811,0.78526014,0.32998145,0.61985679,0.78279788,0.91199600,-23.72062349,-47.60179456,0.60676241,0.27723428,0.28642479,0.71357521,0.77338337,0.22661663,0.05692318,0.06897010,0.06479363,0.01127253,0.39053306,0.03495321,0.67306431,0.05709270,35.17052353
