Y,A,A_rep,A_hid,L,Q,K,W,P,r,taua,abar,tauk,taul,WtaxRev,KtaxRev,WtaxRev_lost,KtaxRev_lost,G,lump_sum,ylbar,WtaxPct,ShelterPct,ShelterPctP99,TaxEvasionP99,ConcealPctP99,gini,p90,p99,p999,p9999,gini_total,p90_total,p99_total,p999_total,p9999_total,welfare,welfare0,approval,approval0,conceal_share_e,conceal_share_n,evasion_share_e,evasion_share_n,conceal_frac_e,conceal_frac_n,evasion_frac_e,evasion_frac_n,shelter_pct_e,shelter_pct_n,detection_rate,detection_revenue,wtax_evasion_elast
66.00794026,2.87690315,2.87690315,0.00000000,29.66520219,261.99966623,51.78103988,1.29055715,0.15344450,0.04050741,0.03932147,82.15386224,0.25000000,0.18629735,1.52556286,6.90383099,0.00000000,0.00000000,9.18235041,0.00964192,1.01512040,0.28739423,0.00000000,0.00000000,0.00000000,0.00000000,0.75507809,0.37535775,0.70321310,0.85725829,0.94074035,0.75507809,0.37535775,0.70321310,0.85725829,0.94074035,-23.34629163,-46.31749774,0.84855176,0.48288667,-nan,-nan,-nan,-nan,0.00000000,0.00000000,0.00000000,0.00000000,0.00000000,0.00000000,-nan,0.00000000,13.16139840
