Y,A,A_rep,A_hid,L,Q,K,W,P,r,taua,abar,tauk,taul,WtaxRev,KtaxRev,WtaxRev_lost,KtaxRev_lost,G,lump_sum,ylbar,WtaxPct,ShelterPct,ShelterPctP99,TaxEvasionP99,ConcealPctP99,gini,p90,p99,p999,p9999,gini_total,p90_total,p99_total,p999_total,p9999_total,welfare,welfare0,approval,approval0,conceal_share_e,conceal_share_n,evasion_share_e,evasion_share_n,conceal_frac_e,conceal_frac_n,evasion_frac_e,evasion_frac_n,shelter_pct_e,shelter_pct_n,detection_rate,detection_revenue,wtax_evasion_elast
65.58386598,2.85628480,2.85628480,0.00000000,29.60425403,258.88644010,50.99271539,1.28489654,0.15410642,0.04131536,0.03258726,35.54539375,0.25000000,0.18638907,1.79835387,6.92958640,0.00000000,0.00000000,9.18235041,0.01145811,1.01512040,0.64030286,0.00000000,0.00000000,0.00000000,0.00000000,0.75112665,0.38188336,0.70941220,0.84679769,0.93536117,0.75112665,0.38188336,0.70941220,0.84679769,0.93536117,-23.24894314,-46.21107005,0.85488596,0.50995681,-nan,-nan,-nan,-nan,0.00000000,0.00000000,0.00000000,0.00000000,0.00000000,0.00000000,-nan,0.00000000,13.38863158
