Y,A,A_rep,A_hid,L,Q,K,W,P,r,taua,abar,tauk,taul,WtaxRev,KtaxRev,WtaxRev_lost,KtaxRev_lost,G,lump_sum,ylbar,WtaxPct,ShelterPct,ShelterPctP99,TaxEvasionP99,ConcealPctP99,gini,p90,p99,p999,p9999,gini_total,p90_total,p99_total,p999_total,p9999_total,welfare,welfare0,approval,approval0,conceal_share_e,conceal_share_n,evasion_share_e,evasion_share_n,conceal_frac_e,conceal_frac_n,evasion_frac_e,evasion_frac_n,shelter_pct_e,shelter_pct_n,detection_rate,detection_revenue,wtax_evasion_elast
66.16629811,2.88302056,2.88302056,0.00000000,29.68674490,263.28104954,51.97423492,1.29270491,0.15313749,0.04038658,0.03000000,56.88885775,0.25000000,0.18629041,1.46502655,6.89629265,0.00000000,0.00000000,9.18235041,0.00953352,1.01512040,0.39545842,0.00000000,0.00000000,0.00000000,0.00000000,0.75657080,0.37323774,0.69782680,0.84593191,0.93565345,0.75657080,0.37323774,0.69782680,0.84593191,0.93565345,-23.33666313,-46.26790301,0.89832399,0.65172158,-nan,-nan,-nan,-nan,0.00000000,0.00000000,0.00000000,0.00000000,0.00000000,0.00000000,-nan,0.00000000,13.66340035
