Y,A,A_rep,A_hid,L,Q,K,W,P,r,taua,abar,tauk,taul,WtaxRev,KtaxRev,WtaxRev_lost,KtaxRev_lost,G,lump_sum,ylbar,WtaxPct,ShelterPct,ShelterPctP99,TaxEvasionP99,ConcealPctP99,gini,p90,p99,p999,p9999,gini_total,p90_total,p99_total,p999_total,p9999_total,welfare,welfare0,approval,approval0,conceal_share_e,conceal_share_n,evasion_share_e,evasion_share_n,conceal_frac_e,conceal_frac_n,evasion_frac_e,evasion_frac_n,shelter_pct_e,shelter_pct_n,detection_rate,detection_revenue,wtax_evasion_elast
65.59174313,2.85659663,2.85659663,0.00000000,29.60580209,258.94512980,51.00375843,1.28498783,0.15409421,0.04130698,0.03224019,35.01733383,0.25000000,0.18638973,1.79307285,6.92932537,0.00000000,0.00000000,9.18235041,0.01143499,1.01512040,0.85995656,0.00000000,0.00000000,0.00000000,0.00000000,0.75122240,0.38180669,0.70902210,0.84631623,0.93515312,0.75122240,0.38180669,0.70902210,0.84631623,0.93515312,-23.25020220,-46.21208406,0.85526181,0.50973441,-nan,-nan,-nan,-nan,0.00000000,0.00000000,0.00000000,0.00000000,0.00000000,0.00000000,-nan,0.00000000,13.41811024
