Y,A,A_rep,A_hid,L,Q,K,W,P,r,taua,abar,tauk,taul,WtaxRev,KtaxRev,WtaxRev_lost,KtaxRev_lost,G,lump_sum,ylbar,WtaxPct,ShelterPct,ShelterPctP99,TaxEvasionP99,ConcealPctP99,gini,p90,p99,p999,p9999,gini_total,p90_total,p99_total,p999_total,p9999_total,welfare,welfare0,approval,approval0,conceal_share_e,conceal_share_n,evasion_share_e,evasion_share_n,conceal_frac_e,conceal_frac_n,evasion_frac_e,evasion_frac_n,shelter_pct_e,shelter_pct_n,detection_rate,detection_revenue,wtax_evasion_elast
73.46546475,3.11078552,2.91636401,0.19442150,30.12498075,330.81024343,65.55615035,1.41445938,0.13845051,0.02956738,0.01834045,1376.74741399,0.25000000,0.18606669,0.16428821,5.92782050,0.18198697,0.53824757,9.29156816,0.00078593,1.08952447,0.00915409,0.10342658,48.58320255,10.35025221,51.05301450,0.77110460,0.35171581,0.66087282,0.83009166,0.94491250,0.78536906,0.32973386,0.61962706,0.78262158,0.91223422,-23.72479478,-47.60852539,0.59174453,0.26654174,0.30073813,0.69926187,0.77725147,0.22274853,0.05742897,0.06496593,0.06548479,0.01114593,0.39029432,0.03416464,0.67717337,0.05947643,34.62333433
