Y,A,A_rep,A_hid,L,Q,K,W,P,r,taua,abar,tauk,taul,WtaxRev,KtaxRev,WtaxRev_lost,KtaxRev_lost,G,lump_sum,ylbar,WtaxPct,ShelterPct,ShelterPctP99,TaxEvasionP99,ConcealPctP99,gini,p90,p99,p999,p9999,gini_total,p90_total,p99_total,p999_total,p9999_total,welfare,welfare0,approval,approval0,conceal_share_e,conceal_share_n,evasion_share_e,evasion_share_n,conceal_frac_e,conceal_frac_n,evasion_frac_e,evasion_frac_n,shelter_pct_e,shelter_pct_n,detection_rate,detection_revenue,wtax_evasion_elast
65.62492839,2.85806588,2.85806588,0.00000000,29.61033460,259.20192056,51.05617433,1.28544343,0.15403499,0.04125956,0.03190116,35.41605641,0.25000000,0.18638487,1.77519175,6.92744961,0.00000000,0.00000000,9.18235041,0.01134266,1.01512040,0.64156600,0.00000000,0.00000000,0.00000000,0.00000000,0.75156532,0.38120835,0.70827001,0.84598309,0.93506311,0.75156532,0.38120835,0.70827001,0.84598309,0.93506311,-23.25397059,-46.21289418,0.85799977,0.51001872,-nan,-nan,-nan,-nan,0.00000000,0.00000000,0.00000000,0.00000000,0.00000000,0.00000000,-nan,0.00000000,13.43525024
