Y,A,A_rep,A_hid,L,Q,K,W,P,r,taua,abar,tauk,taul,WtaxRev,KtaxRev,WtaxRev_lost,KtaxRev_lost,G,lump_sum,ylbar,WtaxPct,ShelterPct,ShelterPctP99,TaxEvasionP99,ConcealPctP99,gini,p90,p99,p999,p9999,gini_total,p90_total,p99_total,p999_total,p9999_total,welfare,welfare0,approval,approval0,conceal_share_e,conceal_share_n,evasion_share_e,evasion_share_n,conceal_frac_e,conceal_frac_n,evasion_frac_e,evasion_frac_n,shelter_pct_e,shelter_pct_n,detection_rate,detection_revenue,wtax_evasion_elast
65.29588707,2.83943863,2.83943863,0.00000000,29.57406631,256.67453285,50.42087973,1.28057535,0.15462130,0.04194673,0.03114685,25.33187426,0.25000000,0.18641541,1.93308945,6.95060946,0.00000000,0.00000000,9.18235041,0.01206587,1.01512040,0.96434161,0.00000000,0.00000000,0.00000000,0.00000000,0.74781695,0.38711761,0.70951132,0.84247565,0.93342319,0.74781695,0.38711761,0.70951132,0.84247565,0.93342319,-23.23511102,-46.25996704,0.82081183,0.44929013,-nan,-nan,-nan,-nan,0.00000000,0.00000000,0.00000000,0.00000000,0.00000000,0.00000000,-nan,0.00000000,13.62928460
