Y,A,A_rep,A_hid,L,Q,K,W,P,r,taua,abar,tauk,taul,WtaxRev,KtaxRev,WtaxRev_lost,KtaxRev_lost,G,lump_sum,ylbar,WtaxPct,ShelterPct,ShelterPctP99,TaxEvasionP99,ConcealPctP99,gini,p90,p99,p999,p9999,gini_total,p90_total,p99_total,p999_total,p9999_total,welfare,welfare0,approval,approval0,conceal_share_e,conceal_share_n,evasion_share_e,evasion_share_n,conceal_frac_e,conceal_frac_n,evasion_frac_e,evasion_frac_n,shelter_pct_e,shelter_pct_n,detection_rate,detection_revenue,wtax_evasion_elast
65.97720374,2.87438447,2.87438447,0.00000000,29.65931033,261.87321936,51.64709781,1.29021009,0.15343942,0.04069971,0.03000000,45.71567768,0.25000000,0.18632548,1.57621660,6.90702667,0.00000000,0.00000000,9.18235041,0.01020919,1.01512040,0.56906888,0.00000000,0.00000000,0.00000000,0.00000000,0.75481865,0.37600514,0.70148828,0.84509271,0.93506992,0.75481865,0.37600514,0.70148828,0.84509271,0.93506992,-23.30299969,-46.23949687,0.88663812,0.61628349,-nan,-nan,-nan,-nan,0.00000000,0.00000000,0.00000000,0.00000000,0.00000000,0.00000000,-nan,0.00000000,13.58630288
