Y,A,A_rep,A_hid,L,Q,K,W,P,r,taua,abar,tauk,taul,WtaxRev,KtaxRev,WtaxRev_lost,KtaxRev_lost,G,lump_sum,ylbar,WtaxPct,ShelterPct,ShelterPctP99,TaxEvasionP99,ConcealPctP99,gini,p90,p99,p999,p9999,gini_total,p90_total,p99_total,p999_total,p9999_total,welfare,welfare0,approval,approval0,conceal_share_e,conceal_share_n,evasion_share_e,evasion_share_n,conceal_frac_e,conceal_frac_n,evasion_frac_e,evasion_frac_n,shelter_pct_e,shelter_pct_n,detection_rate,detection_revenue,wtax_evasion_elast
65.51958430,2.85356715,2.85356715,0.00000000,29.59508702,258.40677106,50.89211239,1.28404951,0.15421464,0.04140743,0.03344822,35.32308861,0.25000000,0.18640002,1.83171041,6.93298216,0.00000000,0.00000000,9.18235041,0.01162087,1.01512040,0.63531255,0.00000000,0.00000000,0.00000000,0.00000000,0.75053809,0.38280400,0.71097702,0.84776901,0.93573622,0.75053809,0.38280400,0.71097702,0.84776901,0.93573622,-23.24299619,-46.21229733,0.85022449,0.50156397,-nan,-nan,-nan,-nan,0.00000000,0.00000000,0.00000000,0.00000000,0.00000000,0.00000000,-nan,0.00000000,13.34189581
