Y,A,A_rep,A_hid,L,Q,K,W,P,r,taua,abar,tauk,taul,WtaxRev,KtaxRev,WtaxRev_lost,KtaxRev_lost,G,lump_sum,ylbar,WtaxPct,ShelterPct,ShelterPctP99,TaxEvasionP99,ConcealPctP99,gini,p90,p99,p999,p9999,gini_total,p90_total,p99_total,p999_total,p9999_total,welfare,welfare0,approval,approval0,conceal_share_e,conceal_share_n,evasion_share_e,evasion_share_n,conceal_frac_e,conceal_frac_n,evasion_frac_e,evasion_frac_n,shelter_pct_e,shelter_pct_n,detection_rate,detection_revenue,wtax_evasion_elast
65.11666506,2.83803319,2.83803319,0.00000000,29.53645091,255.27383511,50.34671524,1.27868276,0.15495756,0.04182907,0.04629021,48.24345693,0.25000000,0.18643635,2.01492191,6.95233360,0.00000000,0.00000000,9.18235041,0.01223066,1.01512040,0.55886035,0.00000000,0.00000000,0.00000000,0.00000000,0.74667297,0.38849418,0.72404067,0.86318150,0.94203101,0.74667297,0.38849418,0.72404067,0.86318150,0.94203101,-23.23701344,-46.28185172,0.80382192,0.43423728,-nan,-nan,-nan,-nan,0.00000000,0.00000000,0.00000000,0.00000000,0.00000000,0.00000000,-nan,0.00000000,12.61905530
