Y,A,A_rep,A_hid,L,Q,K,W,P,r,taua,abar,tauk,taul,WtaxRev,KtaxRev,WtaxRev_lost,KtaxRev_lost,G,lump_sum,ylbar,WtaxPct,ShelterPct,ShelterPctP99,TaxEvasionP99,ConcealPctP99,gini,p90,p99,p999,p9999,gini_total,p90_total,p99_total,p999_total,p9999_total,welfare,welfare0,approval,approval0,conceal_share_e,conceal_share_n,evasion_share_e,evasion_share_n,conceal_frac_e,conceal_frac_n,evasion_frac_e,evasion_frac_n,shelter_pct_e,shelter_pct_n,detection_rate,detection_revenue,wtax_evasion_elast
73.41259067,3.10854381,2.86988017,0.23866364,30.12567849,330.11926131,65.59367788,1.41346764,0.13861761,0.02946814,0.01414625,654.51807013,0.25000000,0.18606088,0.21049565,5.88030885,0.23341439,0.55548906,9.29156816,0.00061535,1.08952447,0.02049898,0.10746764,56.64968903,11.07564989,56.12163368,0.76770478,0.35695189,0.67164782,0.84468319,0.94673294,0.78549158,0.32954631,0.62014171,0.78431992,0.91309570,-23.75646046,-47.67732566,0.41888681,0.03893451,0.27982551,0.72017449,0.74277967,0.25722033,0.06556418,0.08224149,0.06825349,0.01407103,0.39728824,0.03749275,0.67606566,0.06734037,42.00972848
