Y,A,A_rep,A_hid,L,Q,K,W,P,r,taua,abar,tauk,taul,WtaxRev,KtaxRev,WtaxRev_lost,KtaxRev_lost,G,lump_sum,ylbar,WtaxPct,ShelterPct,ShelterPctP99,TaxEvasionP99,ConcealPctP99,gini,p90,p99,p999,p9999,gini_total,p90_total,p99_total,p999_total,p9999_total,welfare,welfare0,approval,approval0,conceal_share_e,conceal_share_n,evasion_share_e,evasion_share_n,conceal_frac_e,conceal_frac_n,evasion_frac_e,evasion_frac_n,shelter_pct_e,shelter_pct_n,detection_rate,detection_revenue,wtax_evasion_elast
65.55584837,2.85523042,2.85523042,0.00000000,29.60003646,258.66834919,50.94717100,1.28451283,0.15415548,0.04135677,0.03297894,35.58715271,0.25000000,0.18639496,1.81177613,6.93142871,0.00000000,0.00000000,9.18235041,0.01152406,1.01512040,0.63921898,0.00000000,0.00000000,0.00000000,0.00000000,0.75089448,0.38231714,0.71007884,0.84724485,0.93553392,0.75089448,0.38231714,0.71007884,0.84724485,0.93553392,-23.24691581,-46.21288212,0.85180491,0.50624116,-nan,-nan,-nan,-nan,0.00000000,0.00000000,0.00000000,0.00000000,0.00000000,0.00000000,-nan,0.00000000,13.36497708
