Y,A,A_rep,A_hid,L,Q,K,W,P,r,taua,abar,tauk,taul,WtaxRev,KtaxRev,WtaxRev_lost,KtaxRev_lost,G,lump_sum,ylbar,WtaxPct,ShelterPct,ShelterPctP99,TaxEvasionP99,ConcealPctP99,gini,p90,p99,p999,p9999,gini_total,p90_total,p99_total,p999_total,p9999_total,welfare,welfare0,approval,approval0,conceal_share_e,conceal_share_n,evasion_share_e,evasion_share_n,conceal_frac_e,conceal_frac_n,evasion_frac_e,evasion_frac_n,shelter_pct_e,shelter_pct_n,detection_rate,detection_revenue,wtax_evasion_elast
64.00360381,2.76099787,2.76099787,0.00000000,29.45995082,246.62545674,47.78495519,1.26008978,0.15710747,0.04509828,0.03308443,13.01675205,0.25000000,0.18655866,2.54084740,7.04867214,0.00000000,0.00000000,9.18235041,0.01468985,1.01512040,3.49624435,0.00000000,0.00000000,0.00000000,0.00000000,0.73244100,0.41078608,0.70779651,0.83541216,0.93012934,0.73244100,0.41078608,0.70779651,0.83541216,0.93012934,-23.20462430,-46.53969364,0.72948408,0.37601880,-nan,-nan,-nan,-nan,0.00000000,0.00000000,0.00000000,0.00000000,0.00000000,0.00000000,-nan,0.00000000,14.29620105
