Y,A,A_rep,A_hid,L,Q,K,W,P,r,taua,abar,tauk,taul,WtaxRev,KtaxRev,WtaxRev_lost,KtaxRev_lost,G,lump_sum,ylbar,WtaxPct,ShelterPct,ShelterPctP99,TaxEvasionP99,ConcealPctP99,gini,p90,p99,p999,p9999,gini_total,p90_total,p99_total,p999_total,p9999_total,welfare,welfare0,approval,approval0,conceal_share_e,conceal_share_n,evasion_share_e,evasion_share_n,conceal_frac_e,conceal_frac_n,evasion_frac_e,evasion_frac_n,shelter_pct_e,shelter_pct_n,detection_rate,detection_revenue,wtax_evasion_elast
65.57890452,2.85622197,2.85622197,0.00000000,29.60334491,258.85351288,50.98568284,1.28484087,0.15411296,0.04132138,0.03271631,35.76742401,0.25000000,0.18639056,1.79990806,6.92995222,0.00000000,0.00000000,9.18235041,0.01146725,1.01512040,0.64152519,0.00000000,0.00000000,0.00000000,0.00000000,0.75107795,0.38209641,0.70963837,0.84699276,0.93544512,0.75107795,0.38209641,0.70963837,0.84699276,0.93544512,-23.24822634,-46.21067834,0.85466987,0.50711351,-nan,-nan,-nan,-nan,0.00000000,0.00000000,0.00000000,0.00000000,0.00000000,0.00000000,-nan,0.00000000,13.38039261
