Y,A,A_rep,A_hid,L,Q,K,W,P,r,taua,abar,tauk,taul,WtaxRev,KtaxRev,WtaxRev_lost,KtaxRev_lost,G,lump_sum,ylbar,WtaxPct,ShelterPct,ShelterPctP99,TaxEvasionP99,ConcealPctP99,gini,p90,p99,p999,p9999,gini_total,p90_total,p99_total,p999_total,p9999_total,welfare,welfare0,approval,approval0,conceal_share_e,conceal_share_n,evasion_share_e,evasion_share_n,conceal_frac_e,conceal_frac_n,evasion_frac_e,evasion_frac_n,shelter_pct_e,shelter_pct_n,detection_rate,detection_revenue,wtax_evasion_elast
65.57497299,2.85601604,2.85601604,0.00000000,29.60302173,258.81124247,50.97768807,1.28475999,0.15412414,0.04132890,0.03254392,35.09574101,0.25000000,0.18639251,1.80277218,6.93051378,0.00000000,0.00000000,9.18235041,0.01148570,1.01512040,0.63670558,0.00000000,0.00000000,0.00000000,0.00000000,0.75106260,0.38198928,0.70949013,0.84668164,0.93530589,0.75106260,0.38198928,0.70949013,0.84668164,0.93530589,-23.24802284,-46.21133288,0.85379085,0.50699623,-nan,-nan,-nan,-nan,0.00000000,0.00000000,0.00000000,0.00000000,0.00000000,0.00000000,-nan,0.00000000,13.39733276
