Y,A,A_rep,A_hid,L,Q,K,W,P,r,taua,abar,tauk,taul,WtaxRev,KtaxRev,WtaxRev_lost,KtaxRev_lost,G,lump_sum,ylbar,WtaxPct,ShelterPct,ShelterPctP99,TaxEvasionP99,ConcealPctP99,gini,p90,p99,p999,p9999,gini_total,p90_total,p99_total,p999_total,p9999_total,welfare,welfare0,approval,approval0,conceal_share_e,conceal_share_n,evasion_share_e,evasion_share_n,conceal_frac_e,conceal_frac_n,evasion_frac_e,evasion_frac_n,shelter_pct_e,shelter_pct_n,detection_rate,detection_revenue,wtax_evasion_elast
65.52310345,2.85437971,2.85437971,0.00000000,29.59390434,258.43916382,50.91748728,1.28417313,0.15420587,0.04136699,0.03557410,40.76649990,0.25000000,0.18639400,1.82332164,6.93183628,0.00000000,0.00000000,9.18235041,0.01150987,1.01512040,0.68269008,0.00000000,0.00000000,0.00000000,0.00000000,0.75052264,0.38272978,0.71231070,0.85094839,0.93712815,0.75052264,0.38272978,0.71231070,0.85094839,0.93712815,-23.24913237,-46.22257900,0.84668102,0.49540451,-nan,-nan,-nan,-nan,0.00000000,0.00000000,0.00000000,0.00000000,0.00000000,0.00000000,-nan,0.00000000,13.21872385
