Y,A,A_rep,A_hid,L,Q,K,W,P,r,taua,abar,tauk,taul,WtaxRev,KtaxRev,WtaxRev_lost,KtaxRev_lost,G,lump_sum,ylbar,WtaxPct,ShelterPct,ShelterPctP99,TaxEvasionP99,ConcealPctP99,gini,p90,p99,p999,p9999,gini_total,p90_total,p99_total,p999_total,p9999_total,welfare,welfare0,approval,approval0,conceal_share_e,conceal_share_n,evasion_share_e,evasion_share_n,conceal_frac_e,conceal_frac_n,evasion_frac_e,evasion_frac_n,shelter_pct_e,shelter_pct_n,detection_rate,detection_revenue,wtax_evasion_elast
73.53827635,3.11257444,2.93082374,0.18175070,30.13044734,331.75446236,65.48609527,1.41564753,0.13823731,0.02973411,0.01084370,1203.28456848,0.25000000,0.18606270,0.13953647,5.92720379,0.10061089,0.54511719,9.29156816,0.00058081,1.08952447,0.01087593,0.10326767,34.50072780,8.62842280,54.26106851,0.77150361,0.35095778,0.65804977,0.82434970,0.93702197,0.78480438,0.33046452,0.61967134,0.78069985,0.90912053,-23.71301613,-47.58265763,0.66376743,0.31373798,0.26615816,0.73384184,0.82007560,0.17992440,0.04759037,0.06363070,0.06240633,0.00809232,0.39046837,0.03392534,0.67994823,0.04642941,33.90304609
