Y,A,A_rep,A_hid,L,Q,K,W,P,r,taua,abar,tauk,taul,WtaxRev,KtaxRev,WtaxRev_lost,KtaxRev_lost,G,lump_sum,ylbar,WtaxPct,ShelterPct,ShelterPctP99,TaxEvasionP99,ConcealPctP99,gini,p90,p99,p999,p9999,gini_total,p90_total,p99_total,p999_total,p9999_total,welfare,welfare0,approval,approval0,conceal_share_e,conceal_share_n,evasion_share_e,evasion_share_n,conceal_frac_e,conceal_frac_n,evasion_frac_e,evasion_frac_n,shelter_pct_e,shelter_pct_n,detection_rate,detection_revenue,wtax_evasion_elast
65.38287634,2.84763632,2.84763632,0.00000000,29.57552334,257.36179142,50.67520495,1.28220295,0.15445323,0.04160602,0.03550455,35.40899519,0.25000000,0.18641840,1.90190263,6.94062309,0.00000000,0.00000000,9.18235041,0.01195735,1.01512040,0.62869671,0.00000000,0.00000000,0.00000000,0.00000000,0.74926723,0.38475969,0.71429702,0.85000730,0.93656227,0.74926723,0.38475969,0.71429702,0.85000730,0.93656227,-23.23147442,-46.21779749,0.83703532,0.47199944,-nan,-nan,-nan,-nan,0.00000000,0.00000000,0.00000000,0.00000000,0.00000000,0.00000000,-nan,0.00000000,13.20617116
