Y,A,A_rep,A_hid,L,Q,K,W,P,r,taua,abar,tauk,taul,WtaxRev,KtaxRev,WtaxRev_lost,KtaxRev_lost,G,lump_sum,ylbar,WtaxPct,ShelterPct,ShelterPctP99,TaxEvasionP99,ConcealPctP99,gini,p90,p99,p999,p9999,gini_total,p90_total,p99_total,p999_total,p9999_total,welfare,welfare0,approval,approval0,conceal_share_e,conceal_share_n,evasion_share_e,evasion_share_n,conceal_frac_e,conceal_frac_n,evasion_frac_e,evasion_frac_n,shelter_pct_e,shelter_pct_n,detection_rate,detection_revenue,wtax_evasion_elast
65.55220438,2.85367196,2.85367196,0.00000000,29.60319448,258.63435377,50.90965793,1.28432849,0.15416812,0.04142077,0.03100640,31.24082049,0.25000000,0.18639368,1.81202007,6.93294072,0.00000000,0.00000000,9.18235041,0.01153827,1.01512040,0.79023926,0.00000000,0.00000000,0.00000000,0.00000000,0.75078001,0.38244348,0.70821732,0.84401473,0.93420854,0.75078001,0.38244348,0.70821732,0.84401473,0.93420854,-23.24848428,-46.21988067,0.84973321,0.49993816,-nan,-nan,-nan,-nan,0.00000000,0.00000000,0.00000000,0.00000000,0.00000000,0.00000000,-nan,0.00000000,13.48517661
