Y,A,A_rep,A_hid,L,Q,K,W,P,r,taua,abar,tauk,taul,WtaxRev,KtaxRev,WtaxRev_lost,KtaxRev_lost,G,lump_sum,ylbar,WtaxPct,ShelterPct,ShelterPctP99,TaxEvasionP99,ConcealPctP99,gini,p90,p99,p999,p9999,gini_total,p90_total,p99_total,p999_total,p9999_total,welfare,welfare0,approval,approval0,conceal_share_e,conceal_share_n,evasion_share_e,evasion_share_n,conceal_frac_e,conceal_frac_n,evasion_frac_e,evasion_frac_n,shelter_pct_e,shelter_pct_n,detection_rate,detection_revenue,wtax_evasion_elast
65.56749313,2.85552070,2.85552070,0.00000000,29.60249471,258.76616374,50.96719244,1.28467237,0.15413509,0.04133988,0.03265106,35.09574101,0.25000000,0.18639162,1.80623036,6.93035933,0.00000000,0.00000000,9.18235041,0.01149004,1.01512040,0.63630206,0.00000000,0.00000000,0.00000000,0.00000000,0.75097231,0.38228259,0.70968893,0.84682214,0.93535098,0.75097231,0.38228259,0.70968893,0.84682214,0.93535098,-23.24837472,-46.21327716,0.85305018,0.50618258,-nan,-nan,-nan,-nan,0.00000000,0.00000000,0.00000000,0.00000000,0.00000000,0.00000000,-nan,0.00000000,13.39735574
