Y,A,A_rep,A_hid,L,Q,K,W,P,r,taua,abar,tauk,taul,WtaxRev,KtaxRev,WtaxRev_lost,KtaxRev_lost,G,lump_sum,ylbar,WtaxPct,ShelterPct,ShelterPctP99,TaxEvasionP99,ConcealPctP99,gini,p90,p99,p999,p9999,gini_total,p90_total,p99_total,p999_total,p9999_total,welfare,welfare0,approval,approval0,conceal_share_e,conceal_share_n,evasion_share_e,evasion_share_n,conceal_frac_e,conceal_frac_n,evasion_frac_e,evasion_frac_n,shelter_pct_e,shelter_pct_n,detection_rate,detection_revenue,wtax_evasion_elast
65.58475673,2.85637960,2.85637960,0.00000000,29.60454340,258.89897948,50.99532243,1.28491537,0.15410374,0.04131308,0.03265570,35.83925027,0.25000000,0.18638919,1.79662693,6.92943118,0.00000000,0.00000000,9.18235041,0.01143823,1.01512040,0.64210577,0.00000000,0.00000000,0.00000000,0.00000000,0.75112484,0.38187058,0.70948336,0.84694309,0.93543989,0.75112484,0.38187058,0.70948336,0.84694309,0.93543989,-23.25015689,-46.21334624,0.85386925,0.50708164,-nan,-nan,-nan,-nan,0.00000000,0.00000000,0.00000000,0.00000000,0.00000000,0.00000000,-nan,0.00000000,13.38594821
