Y,A,A_rep,A_hid,L,Q,K,W,P,r,taua,abar,tauk,taul,WtaxRev,KtaxRev,WtaxRev_lost,KtaxRev_lost,G,lump_sum,ylbar,WtaxPct,ShelterPct,ShelterPctP99,TaxEvasionP99,ConcealPctP99,gini,p90,p99,p999,p9999,gini_total,p90_total,p99_total,p999_total,p9999_total,welfare,welfare0,approval,approval0,conceal_share_e,conceal_share_n,evasion_share_e,evasion_share_n,conceal_frac_e,conceal_frac_n,evasion_frac_e,evasion_frac_n,shelter_pct_e,shelter_pct_n,detection_rate,detection_revenue,wtax_evasion_elast
65.53698582,2.85378342,2.85378342,0.00000000,29.59884538,258.53285161,50.90573284,1.28422474,0.15418748,0.04140700,0.03255117,34.12390392,0.25000000,0.18639637,1.82132111,6.93267517,0.00000000,0.00000000,9.18235041,0.01156712,1.01512040,0.83712110,0.00000000,0.00000000,0.00000000,0.00000000,0.75063663,0.38266588,0.70990432,0.84645486,0.93518341,0.75063663,0.38266588,0.70990432,0.84645486,0.93518341,-23.24589773,-46.21632913,0.85015472,0.49955533,-nan,-nan,-nan,-nan,0.00000000,0.00000000,0.00000000,0.00000000,0.00000000,0.00000000,-nan,0.00000000,13.37659749
