Y,A,A_rep,A_hid,L,Q,K,W,P,r,taua,abar,tauk,taul,WtaxRev,KtaxRev,WtaxRev_lost,KtaxRev_lost,G,lump_sum,ylbar,WtaxPct,ShelterPct,ShelterPctP99,TaxEvasionP99,ConcealPctP99,gini,p90,p99,p999,p9999,gini_total,p90_total,p99_total,p999_total,p9999_total,welfare,welfare0,approval,approval0,conceal_share_e,conceal_share_n,evasion_share_e,evasion_share_n,conceal_frac_e,conceal_frac_n,evasion_frac_e,evasion_frac_n,shelter_pct_e,shelter_pct_n,detection_rate,detection_revenue,wtax_evasion_elast
73.58795354,3.11459538,2.93565124,0.17894414,30.13618694,332.17777862,65.54860152,1.41626732,0.13816483,0.02970774,0.00845035,1205.61172182,0.25000000,0.18605634,0.11304977,5.93201252,0.07792297,0.54054149,9.29156816,0.00043744,1.08952447,0.01125317,0.10255451,33.86785489,8.39154140,53.32664512,0.77191783,0.35033624,0.65656678,0.82219099,0.93525898,0.78498090,0.33020822,0.61889133,0.77939511,0.90785292,-23.71710999,-47.58488393,0.65142784,0.31259472,0.26667304,0.73332696,0.84086871,0.15913129,0.04691944,0.06256112,0.06146979,0.00686666,0.38855379,0.03350225,0.67835414,0.04479809,38.71900257
