Y,A,A_rep,A_hid,L,Q,K,W,P,r,taua,abar,tauk,taul,WtaxRev,KtaxRev,WtaxRev_lost,KtaxRev_lost,G,lump_sum,ylbar,WtaxPct,ShelterPct,ShelterPctP99,TaxEvasionP99,ConcealPctP99,gini,p90,p99,p999,p9999,gini_total,p90_total,p99_total,p999_total,p9999_total,welfare,welfare0,approval,approval0,conceal_share_e,conceal_share_n,evasion_share_e,evasion_share_n,conceal_frac_e,conceal_frac_n,evasion_frac_e,evasion_frac_n,shelter_pct_e,shelter_pct_n,detection_rate,detection_revenue,wtax_evasion_elast
73.36312900,3.10758913,2.86049589,0.24709324,30.12209419,329.44412506,65.64052473,1.41260663,0.13877152,0.02935326,0.01918338,743.29509283,0.25000000,0.18606574,0.22686333,5.88225337,0.32050696,0.54998381,9.29156816,0.00071008,1.08952447,0.01783524,0.10923561,69.21081706,12.17976163,54.71284778,0.76738979,0.35755686,0.67363706,0.84843534,0.95152512,0.78583707,0.32912650,0.62013672,0.78552936,0.91492737,-23.76839692,-47.70369957,0.40048402,0.03057604,0.29879437,0.70120563,0.70612032,0.29387968,0.07238760,0.08299388,0.07111898,0.01768806,0.40530419,0.03775220,0.66095543,0.07226201,39.21425598
