Y,A,A_rep,A_hid,L,Q,K,W,P,r,taua,abar,tauk,taul,WtaxRev,KtaxRev,WtaxRev_lost,KtaxRev_lost,G,lump_sum,ylbar,WtaxPct,ShelterPct,ShelterPctP99,TaxEvasionP99,ConcealPctP99,gini,p90,p99,p999,p9999,gini_total,p90_total,p99_total,p999_total,p9999_total,welfare,welfare0,approval,approval0,conceal_share_e,conceal_share_n,evasion_share_e,evasion_share_n,conceal_frac_e,conceal_frac_n,evasion_frac_e,evasion_frac_n,shelter_pct_e,shelter_pct_n,detection_rate,detection_revenue,wtax_evasion_elast
65.55109752,2.85491787,2.85491787,0.00000000,29.59980591,258.64437816,50.94242368,1.28446560,0.15416163,0.04136131,0.03313881,35.86650941,0.25000000,0.18639387,1.81329056,6.93122004,0.00000000,0.00000000,9.18235041,0.01151518,1.01512040,0.64061533,0.00000000,0.00000000,0.00000000,0.00000000,0.75082841,0.38239329,0.71026740,0.84748664,0.93563407,0.75082841,0.38239329,0.71026740,0.84748664,0.93563407,-23.24792188,-46.21570253,0.85107389,0.50166836,-nan,-nan,-nan,-nan,0.00000000,0.00000000,0.00000000,0.00000000,0.00000000,0.00000000,-nan,0.00000000,13.35855518
