Y,A,A_rep,A_hid,L,Q,K,W,P,r,taua,abar,tauk,taul,WtaxRev,KtaxRev,WtaxRev_lost,KtaxRev_lost,G,lump_sum,ylbar,WtaxPct,ShelterPct,ShelterPctP99,TaxEvasionP99,ConcealPctP99,gini,p90,p99,p999,p9999,gini_total,p90_total,p99_total,p999_total,p9999_total,welfare,welfare0,approval,approval0,conceal_share_e,conceal_share_n,evasion_share_e,evasion_share_n,conceal_frac_e,conceal_frac_n,evasion_frac_e,evasion_frac_n,shelter_pct_e,shelter_pct_n,detection_rate,detection_revenue,wtax_evasion_elast
65.57429496,2.85583373,2.85583373,0.00000000,29.60379253,258.84652723,50.98523761,1.28481526,0.15411651,0.04132206,0.03267497,35.49113493,0.25000000,0.18639021,1.80150129,6.92913711,0.00000000,0.00000000,9.18235041,0.01146337,1.01512040,0.63927408,0.00000000,0.00000000,0.00000000,0.00000000,0.75103561,0.38217595,0.70965390,0.84691700,0.93541589,0.75103561,0.38217595,0.70965390,0.84691700,0.93541589,-23.24879882,-46.21168528,0.85404718,0.50707538,-nan,-nan,-nan,-nan,0.00000000,0.00000000,0.00000000,0.00000000,0.00000000,0.00000000,-nan,0.00000000,13.39689663
