Y,A,A_rep,A_hid,L,Q,K,W,P,r,taua,abar,tauk,taul,WtaxRev,KtaxRev,WtaxRev_lost,KtaxRev_lost,G,lump_sum,ylbar,WtaxPct,ShelterPct,ShelterPctP99,TaxEvasionP99,ConcealPctP99,gini,p90,p99,p999,p9999,gini_total,p90_total,p99_total,p999_total,p9999_total,welfare,welfare0,approval,approval0,conceal_share_e,conceal_share_n,evasion_share_e,evasion_share_n,conceal_frac_e,conceal_frac_n,evasion_frac_e,evasion_frac_n,shelter_pct_e,shelter_pct_n,detection_rate,detection_revenue,wtax_evasion_elast
65.56444096,2.85543129,2.85543129,0.00000000,29.60200199,258.75170243,50.96540080,1.28465197,0.15413796,0.04134020,0.03292366,35.78935844,0.25000000,0.18639124,1.80677032,6.93020820,0.00000000,0.00000000,9.18235041,0.01148582,1.01512040,0.64073177,0.00000000,0.00000000,0.00000000,0.00000000,0.75093159,0.38230171,0.70991716,0.84722163,0.93553311,0.75093159,0.38230171,0.70991716,0.84722163,0.93553311,-23.24846060,-46.21378610,0.85285693,0.50628521,-nan,-nan,-nan,-nan,0.00000000,0.00000000,0.00000000,0.00000000,0.00000000,0.00000000,-nan,0.00000000,13.37146795
