Y,A,A_rep,A_hid,L,Q,K,W,P,r,taua,abar,tauk,taul,WtaxRev,KtaxRev,WtaxRev_lost,KtaxRev_lost,G,lump_sum,ylbar,WtaxPct,ShelterPct,ShelterPctP99,TaxEvasionP99,ConcealPctP99,gini,p90,p99,p999,p9999,gini_total,p90_total,p99_total,p999_total,p9999_total,welfare,welfare0,approval,approval0,conceal_share_e,conceal_share_n,evasion_share_e,evasion_share_n,conceal_frac_e,conceal_frac_n,evasion_frac_e,evasion_frac_n,shelter_pct_e,shelter_pct_n,detection_rate,detection_revenue,wtax_evasion_elast
73.73552931,3.12220961,2.99674307,0.12546654,30.15387356,333.55520680,65.74805868,1.41827083,0.13792683,0.02962504,0.00050060,1043.41469353,0.25000000,0.18604364,0.00988288,5.96563893,0.00359855,0.53753785,9.29156816,0.00001721,1.08952447,0.01697459,0.10016163,30.80150817,7.77275736,36.17208462,0.77672532,0.34294955,0.64208845,0.80281412,0.91819791,0.78566040,0.32916806,0.61633041,0.77489407,0.90295197,-23.72533471,-47.57988101,0.54609308,0.14043483,0.30410277,0.69589723,0.91542767,0.08457233,0.03745500,0.04150732,0.05916379,0.00320615,0.38477063,0.03144504,0.68103012,0.03785744,64.11061899
