Y,A,A_rep,A_hid,L,Q,K,W,P,r,taua,abar,tauk,taul,WtaxRev,KtaxRev,WtaxRev_lost,KtaxRev_lost,G,lump_sum,ylbar,WtaxPct,ShelterPct,ShelterPctP99,TaxEvasionP99,ConcealPctP99,gini,p90,p99,p999,p9999,gini_total,p90_total,p99_total,p999_total,p9999_total,welfare,welfare0,approval,approval0,conceal_share_e,conceal_share_n,evasion_share_e,evasion_share_n,conceal_frac_e,conceal_frac_n,evasion_frac_e,evasion_frac_n,shelter_pct_e,shelter_pct_n,detection_rate,detection_revenue,wtax_evasion_elast
65.59903442,2.85696108,2.85696108,0.00000000,29.60666660,259.00169250,51.01674298,1.28509333,0.15408106,0.04129390,0.03218478,35.09574101,0.25000000,0.18638917,1.78947211,6.92885553,0.00000000,0.00000000,9.18235041,0.01141903,1.01512040,0.63794017,0.00000000,0.00000000,0.00000000,0.00000000,0.75129379,0.38169949,0.70889348,0.84627374,0.93514754,0.75129379,0.38169949,0.70889348,0.84627374,0.93514754,-23.25048320,-46.21123367,0.85581220,0.50991684,-nan,-nan,-nan,-nan,0.00000000,0.00000000,0.00000000,0.00000000,0.00000000,0.00000000,-nan,0.00000000,13.42526303
