Y,A,A_rep,A_hid,L,Q,K,W,P,r,taua,abar,tauk,taul,WtaxRev,KtaxRev,WtaxRev_lost,KtaxRev_lost,G,lump_sum,ylbar,WtaxPct,ShelterPct,ShelterPctP99,TaxEvasionP99,ConcealPctP99,gini,p90,p99,p999,p9999,gini_total,p90_total,p99_total,p999_total,p9999_total,welfare,welfare0,approval,approval0,conceal_share_e,conceal_share_n,evasion_share_e,evasion_share_n,conceal_frac_e,conceal_frac_n,evasion_frac_e,evasion_frac_n,shelter_pct_e,shelter_pct_n,detection_rate,detection_revenue,wtax_evasion_elast
73.54414092,3.11266333,2.91985274,0.19281059,30.13047706,331.76588986,65.50485009,1.41569954,0.13823757,0.02971390,0.01002142,993.79102135,0.25000000,0.18606152,0.14689508,5.92327047,0.10872402,0.54124299,9.29156816,0.00061081,1.08952447,0.01471184,0.10374157,36.25934828,8.56311658,55.39933223,0.77073819,0.35215566,0.66035959,0.82735200,0.93719347,0.78489651,0.33034176,0.61950169,0.78059129,0.90895455,-23.71204273,-47.57958144,0.66852940,0.32711800,0.26056250,0.73943750,0.81225080,0.18774920,0.04941133,0.06802367,0.06217688,0.00849903,0.39025209,0.03456588,0.67299555,0.04631168,36.20327310
