Y,A,A_rep,A_hid,L,Q,K,W,P,r,taua,abar,tauk,taul,WtaxRev,KtaxRev,WtaxRev_lost,KtaxRev_lost,G,lump_sum,ylbar,WtaxPct,ShelterPct,ShelterPctP99,TaxEvasionP99,ConcealPctP99,gini,p90,p99,p999,p9999,gini_total,p90_total,p99_total,p999_total,p9999_total,welfare,welfare0,approval,approval0,conceal_share_e,conceal_share_n,evasion_share_e,evasion_share_n,conceal_frac_e,conceal_frac_n,evasion_frac_e,evasion_frac_n,shelter_pct_e,shelter_pct_n,detection_rate,detection_revenue,wtax_evasion_elast
66.24060796,2.88709213,2.88709213,0.00000000,29.69969322,263.75265882,52.15814731,1.29359928,0.15306364,0.04016955,0.03652861,91.86169958,0.25000000,0.18626557,1.39954942,6.89116053,0.00000000,0.00000000,9.18235041,0.00897072,1.01512040,0.24577069,0.00000000,0.00000000,0.00000000,0.00000000,0.75725142,0.37202466,0.69735625,0.85427369,0.93981009,0.75725142,0.37202466,0.69735625,0.85427369,0.93981009,-23.37541684,-46.32935193,0.86595078,0.52043623,-nan,-nan,-nan,-nan,0.00000000,0.00000000,0.00000000,0.00000000,0.00000000,0.00000000,-nan,0.00000000,13.37431288
