Y,A,A_rep,A_hid,L,Q,K,W,P,r,taua,abar,tauk,taul,WtaxRev,KtaxRev,WtaxRev_lost,KtaxRev_lost,G,lump_sum,ylbar,WtaxPct,ShelterPct,ShelterPctP99,TaxEvasionP99,ConcealPctP99,gini,p90,p99,p999,p9999,gini_total,p90_total,p99_total,p999_total,p9999_total,welfare,welfare0,approval,approval0,conceal_share_e,conceal_share_n,evasion_share_e,evasion_share_n,conceal_frac_e,conceal_frac_n,evasion_frac_e,evasion_frac_n,shelter_pct_e,shelter_pct_n,detection_rate,detection_revenue,wtax_evasion_elast
65.59995504,2.85717273,2.85717273,0.00000000,29.60630950,259.01510342,51.02302565,1.28513473,0.15407694,0.04128447,0.03297072,37.40701244,0.25000000,0.18638591,1.78642030,6.92836637,0.00000000,0.00000000,9.18235041,0.01136644,1.01512040,0.65438854,0.00000000,0.00000000,0.00000000,0.00000000,0.75125190,0.38178357,0.70943735,0.84751204,0.93570059,0.75125190,0.38178357,0.70943735,0.84751204,0.93570059,-23.25355499,-46.21729141,0.85368606,0.50671406,-nan,-nan,-nan,-nan,0.00000000,0.00000000,0.00000000,0.00000000,0.00000000,0.00000000,-nan,0.00000000,13.35482142
