Y,A,A_rep,A_hid,L,Q,K,W,P,r,taua,abar,tauk,taul,WtaxRev,KtaxRev,WtaxRev_lost,KtaxRev_lost,G,lump_sum,ylbar,WtaxPct,ShelterPct,ShelterPctP99,TaxEvasionP99,ConcealPctP99,gini,p90,p99,p999,p9999,gini_total,p90_total,p99_total,p999_total,p9999_total,welfare,welfare0,approval,approval0,conceal_share_e,conceal_share_n,evasion_share_e,evasion_share_n,conceal_frac_e,conceal_frac_n,evasion_frac_e,evasion_frac_n,shelter_pct_e,shelter_pct_n,detection_rate,detection_revenue,wtax_evasion_elast
65.58049561,2.85614178,2.85614178,0.00000000,29.60414819,258.86400360,50.98853804,1.28484997,0.15411256,0.04131936,0.03253640,35.28334945,0.25000000,0.18639037,1.79985451,6.92969431,0.00000000,0.00000000,9.18235041,0.01146219,1.01512040,0.63841241,0.00000000,0.00000000,0.00000000,0.00000000,0.75110442,0.38192267,0.70943156,0.84671024,0.93532297,0.75110442,0.38192267,0.70943156,0.84671024,0.93532297,-23.24915427,-46.21208275,0.85402884,0.50707538,-nan,-nan,-nan,-nan,0.00000000,0.00000000,0.00000000,0.00000000,0.00000000,0.00000000,-nan,0.00000000,13.39786692
