Y,A,A_rep,A_hid,L,Q,K,W,P,r,taua,abar,tauk,taul,WtaxRev,KtaxRev,WtaxRev_lost,KtaxRev_lost,G,lump_sum,ylbar,WtaxPct,ShelterPct,ShelterPctP99,TaxEvasionP99,ConcealPctP99,gini,p90,p99,p999,p9999,gini_total,p90_total,p99_total,p999_total,p9999_total,welfare,welfare0,approval,approval0,conceal_share_e,conceal_share_n,evasion_share_e,evasion_share_n,conceal_frac_e,conceal_frac_n,evasion_frac_e,evasion_frac_n,shelter_pct_e,shelter_pct_n,detection_rate,detection_revenue,wtax_evasion_elast
73.38041074,3.10718002,2.84388147,0.26329855,30.12514671,329.63774321,65.61206737,1.41279236,0.13873048,0.02940618,0.01418290,497.46986137,0.25000000,0.18606067,0.23436415,5.85892297,0.27683216,0.56165816,9.29156816,0.00053549,1.08952447,0.02907973,0.11087265,61.13264494,11.42901176,56.77133216,0.76581504,0.35990078,0.67775792,0.85287521,0.94872780,0.78560740,0.32940324,0.62038485,0.78517486,0.91353112,-23.77599588,-47.72056746,0.37269257,0.01981435,0.27881540,0.72118460,0.72228528,0.27771472,0.07202395,0.09094580,0.07029777,0.01612524,0.40635389,0.03953105,0.66594947,0.07205591,44.71086011
