Y,A,A_rep,A_hid,L,Q,K,W,P,r,taua,abar,tauk,taul,WtaxRev,KtaxRev,WtaxRev_lost,KtaxRev_lost,G,lump_sum,ylbar,WtaxPct,ShelterPct,ShelterPctP99,TaxEvasionP99,ConcealPctP99,gini,p90,p99,p999,p9999,gini_total,p90_total,p99_total,p999_total,p9999_total,welfare,welfare0,approval,approval0,conceal_share_e,conceal_share_n,evasion_share_e,evasion_share_n,conceal_frac_e,conceal_frac_n,evasion_frac_e,evasion_frac_n,shelter_pct_e,shelter_pct_n,detection_rate,detection_revenue,wtax_evasion_elast
65.60478501,2.85697540,2.85697540,0.00000000,29.60785625,259.04945025,51.02012821,1.28516022,0.15406973,0.04129627,0.03185843,34.62364716,0.25000000,0.18638677,1.78712514,6.92873537,0.00000000,0.00000000,9.18235041,0.01140452,1.01512040,0.85175948,0.00000000,0.00000000,0.00000000,0.00000000,0.75134122,0.38160300,0.70845162,0.84576249,0.93495293,0.75134122,0.38160300,0.70845162,0.84576249,0.93495293,-23.25157944,-46.21246263,0.85575128,0.50958876,-nan,-nan,-nan,-nan,0.00000000,0.00000000,0.00000000,0.00000000,0.00000000,0.00000000,-nan,0.00000000,13.42110543
