Y,A,A_rep,A_hid,L,Q,K,W,P,r,taua,abar,tauk,taul,WtaxRev,KtaxRev,WtaxRev_lost,KtaxRev_lost,G,lump_sum,ylbar,WtaxPct,ShelterPct,ShelterPctP99,TaxEvasionP99,ConcealPctP99,gini,p90,p99,p999,p9999,gini_total,p90_total,p99_total,p999_total,p9999_total,welfare,welfare0,approval,approval0,conceal_share_e,conceal_share_n,evasion_share_e,evasion_share_n,conceal_frac_e,conceal_frac_n,evasion_frac_e,evasion_frac_n,shelter_pct_e,shelter_pct_n,detection_rate,detection_revenue,wtax_evasion_elast
65.58497560,2.85630863,2.85630863,0.00000000,29.60465720,258.88951030,50.99158648,1.28489144,0.15410638,0.04131834,0.03231636,34.97024873,0.25000000,0.18639098,1.79697705,6.92987616,0.00000000,0.00000000,9.18235041,0.01145772,1.01512040,0.85841201,0.00000000,0.00000000,0.00000000,0.00000000,0.75115033,0.38189864,0.70913102,0.84637640,0.93517859,0.75115033,0.38189864,0.70913102,0.84637640,0.93517859,-23.24911047,-46.21158199,0.85486093,0.50972591,-nan,-nan,-nan,-nan,0.00000000,0.00000000,0.00000000,0.00000000,0.00000000,0.00000000,-nan,0.00000000,13.40782473
