Y,A,A_rep,A_hid,L,Q,K,W,P,r,taua,abar,tauk,taul,WtaxRev,KtaxRev,WtaxRev_lost,KtaxRev_lost,G,lump_sum,ylbar,WtaxPct,ShelterPct,ShelterPctP99,TaxEvasionP99,ConcealPctP99,gini,p90,p99,p999,p9999,gini_total,p90_total,p99_total,p999_total,p9999_total,welfare,welfare0,approval,approval0,conceal_share_e,conceal_share_n,evasion_share_e,evasion_share_n,conceal_frac_e,conceal_frac_n,evasion_frac_e,evasion_frac_n,shelter_pct_e,shelter_pct_n,detection_rate,detection_revenue,wtax_evasion_elast
73.51999430,3.11171024,2.92660806,0.18510217,30.12684078,331.56788977,65.45930550,1.41540661,0.13826654,0.02974323,0.01187412,1143.93598667,0.25000000,0.18606559,0.15533182,5.92932381,0.11582542,0.54194757,9.29156816,0.00071635,1.08952447,0.01187928,0.10366145,36.73946720,8.55417680,54.13393312,0.77120085,0.35144813,0.65906588,0.82582039,0.93768103,0.78476897,0.33054200,0.61990811,0.78118066,0.90962166,-23.70668955,-47.57247021,0.69283505,0.34892429,0.26451306,0.73548694,0.80547744,0.19452256,0.04817458,0.06497204,0.06232365,0.00890362,0.39087047,0.03431711,0.67366006,0.04617491,32.47080871
