Y,A,A_rep,A_hid,L,Q,K,W,P,r,taua,abar,tauk,taul,WtaxRev,KtaxRev,WtaxRev_lost,KtaxRev_lost,G,lump_sum,ylbar,WtaxPct,ShelterPct,ShelterPctP99,TaxEvasionP99,ConcealPctP99,gini,p90,p99,p999,p9999,gini_total,p90_total,p99_total,p999_total,p9999_total,welfare,welfare0,approval,approval0,conceal_share_e,conceal_share_n,evasion_share_e,evasion_share_n,conceal_frac_e,conceal_frac_n,evasion_frac_e,evasion_frac_n,shelter_pct_e,shelter_pct_n,detection_rate,detection_revenue,wtax_evasion_elast
73.49030466,3.11043730,2.91487413,0.19556316,30.12317552,331.27681446,65.42824901,1.41499756,0.13831905,0.02974831,0.01288970,1011.43446610,0.25000000,0.18606975,0.17824212,5.92167472,0.13955859,0.54353793,9.29156816,0.00082424,1.08952447,0.01381698,0.10476796,38.89868158,8.72841514,55.05324763,0.77033785,0.35275043,0.66178410,0.82956192,0.93885182,0.78473375,0.33057188,0.62022323,0.78192558,0.91033421,-23.70419727,-47.57079508,0.69464283,0.35364620,0.26038318,0.73961682,0.78582374,0.21417626,0.05011017,0.06906619,0.06298123,0.01016774,0.39293768,0.03519167,0.66917635,0.04743592,31.80127301
