Y,A,A_rep,A_hid,L,Q,K,W,P,r,taua,abar,tauk,taul,WtaxRev,KtaxRev,WtaxRev_lost,KtaxRev_lost,G,lump_sum,ylbar,WtaxPct,ShelterPct,ShelterPctP99,TaxEvasionP99,ConcealPctP99,gini,p90,p99,p999,p9999,gini_total,p90_total,p99_total,p999_total,p9999_total,welfare,welfare0,approval,approval0,conceal_share_e,conceal_share_n,evasion_share_e,evasion_share_n,conceal_frac_e,conceal_frac_n,evasion_frac_e,evasion_frac_n,shelter_pct_e,shelter_pct_n,detection_rate,detection_revenue,wtax_evasion_elast
65.56988667,2.85565759,2.85565759,0.00000000,29.60276579,258.78514418,50.97194758,1.28470836,0.15413070,0.04133478,0.03265860,35.21069144,0.25000000,0.18639145,1.80499201,6.93022846,0.00000000,0.00000000,9.18235041,0.01148526,1.01512040,0.63720614,0.00000000,0.00000000,0.00000000,0.00000000,0.75100267,0.38206999,0.70970554,0.84683635,0.93536352,0.75100267,0.38206999,0.70970554,0.84683635,0.93536352,-23.24849537,-46.21283556,0.85328251,0.50628414,-nan,-nan,-nan,-nan,0.00000000,0.00000000,0.00000000,0.00000000,0.00000000,0.00000000,-nan,0.00000000,13.39505652
