Y,A,A_rep,A_hid,L,Q,K,W,P,r,taua,abar,tauk,taul,WtaxRev,KtaxRev,WtaxRev_lost,KtaxRev_lost,G,lump_sum,ylbar,WtaxPct,ShelterPct,ShelterPctP99,TaxEvasionP99,ConcealPctP99,gini,p90,p99,p999,p9999,gini_total,p90_total,p99_total,p999_total,p9999_total,welfare,welfare0,approval,approval0,conceal_share_e,conceal_share_n,evasion_share_e,evasion_share_n,conceal_frac_e,conceal_frac_n,evasion_frac_e,evasion_frac_n,shelter_pct_e,shelter_pct_n,detection_rate,detection_revenue,wtax_evasion_elast
65.77992053,2.86720474,2.86720474,0.00000000,29.63099629,260.28185506,51.41511315,1.28757327,0.15382119,0.04083595,0.04180335,72.96147262,0.25000000,0.18633370,1.65094305,6.91618439,0.00000000,0.00000000,9.18235041,0.01033283,1.01512040,0.33833388,0.00000000,0.00000000,0.00000000,0.00000000,0.75294871,0.37870608,0.70884599,0.85975093,0.94154267,0.75294871,0.37870608,0.70884599,0.85975093,0.94154267,-23.31486138,-46.30039241,0.83356216,0.46315426,-nan,-nan,-nan,-nan,0.00000000,0.00000000,0.00000000,0.00000000,0.00000000,0.00000000,-nan,0.00000000,12.97294242
