Y,A,A_rep,A_hid,L,Q,K,W,P,r,taua,abar,tauk,taul,WtaxRev,KtaxRev,WtaxRev_lost,KtaxRev_lost,G,lump_sum,ylbar,WtaxPct,ShelterPct,ShelterPctP99,TaxEvasionP99,ConcealPctP99,gini,p90,p99,p999,p9999,gini_total,p90_total,p99_total,p999_total,p9999_total,welfare,welfare0,approval,approval0,conceal_share_e,conceal_share_n,evasion_share_e,evasion_share_n,conceal_frac_e,conceal_frac_n,evasion_frac_e,evasion_frac_n,shelter_pct_e,shelter_pct_n,detection_rate,detection_revenue,wtax_evasion_elast
65.63901997,2.85885559,2.85885559,0.00000000,29.61193743,259.31064238,51.08166248,1.28564788,0.15400969,0.04123347,0.03221159,36.98584190,0.25000000,0.18638130,1.76533612,6.92650663,0.00000000,0.00000000,9.18235041,0.01127122,1.01512040,0.65329069,0.00000000,0.00000000,0.00000000,0.00000000,0.75166666,0.38107238,0.70827159,0.84657673,0.93533033,0.75166666,0.38107238,0.70827159,0.84657673,0.93533033,-23.25719252,-46.21687023,0.85747536,0.51003451,-nan,-nan,-nan,-nan,0.00000000,0.00000000,0.00000000,0.00000000,0.00000000,0.00000000,-nan,0.00000000,13.40471005
