Y,A,A_rep,A_hid,L,Q,K,W,P,r,taua,abar,tauk,taul,WtaxRev,KtaxRev,WtaxRev_lost,KtaxRev_lost,G,lump_sum,ylbar,WtaxPct,ShelterPct,ShelterPctP99,TaxEvasionP99,ConcealPctP99,gini,p90,p99,p999,p9999,gini_total,p90_total,p99_total,p999_total,p9999_total,welfare,welfare0,approval,approval0,conceal_share_e,conceal_share_n,evasion_share_e,evasion_share_n,conceal_frac_e,conceal_frac_n,evasion_frac_e,evasion_frac_n,shelter_pct_e,shelter_pct_n,detection_rate,detection_revenue,wtax_evasion_elast
65.58849052,2.85649368,2.85649368,0.00000000,29.60516061,258.92844245,51.00138661,1.28496642,0.15409724,0.04130773,0.03255878,35.70063052,0.25000000,0.18638861,1.79511368,6.92913315,0.00000000,0.00000000,9.18235041,0.01143280,1.01512040,0.64141532,0.00000000,0.00000000,0.00000000,0.00000000,0.75117093,0.38182353,0.70931578,0.84679991,0.93537871,0.75117093,0.38182353,0.70931578,0.84679991,0.93537871,-23.25039911,-46.21285781,0.85483854,0.50711351,-nan,-nan,-nan,-nan,0.00000000,0.00000000,0.00000000,0.00000000,0.00000000,0.00000000,-nan,0.00000000,13.39158853
