Y,A,A_rep,A_hid,L,Q,K,W,P,r,taua,abar,tauk,taul,WtaxRev,KtaxRev,WtaxRev_lost,KtaxRev_lost,G,lump_sum,ylbar,WtaxPct,ShelterPct,ShelterPctP99,TaxEvasionP99,ConcealPctP99,gini,p90,p99,p999,p9999,gini_total,p90_total,p99_total,p999_total,p9999_total,welfare,welfare0,approval,approval0,conceal_share_e,conceal_share_n,evasion_share_e,evasion_share_n,conceal_frac_e,conceal_frac_n,evasion_frac_e,evasion_frac_n,shelter_pct_e,shelter_pct_n,detection_rate,detection_revenue,wtax_evasion_elast
65.60537887,2.85743509,2.85743509,0.00000000,29.60705478,259.05496532,51.02960275,1.28520133,0.15406753,0.04127977,0.03270292,36.92872542,0.25000000,0.18638614,1.78341178,6.92827042,0.00000000,0.00000000,9.18235041,0.01136204,1.01512040,0.65120615,0.00000000,0.00000000,0.00000000,0.00000000,0.75131588,0.38154855,0.70917955,0.84715098,0.93554905,0.75131588,0.38154855,0.70917955,0.84715098,0.93554905,-23.25323147,-46.21582794,0.85496717,0.50714840,-nan,-nan,-nan,-nan,0.00000000,0.00000000,0.00000000,0.00000000,0.00000000,0.00000000,-nan,0.00000000,13.37721240
