Y,A,A_rep,A_hid,L,Q,K,W,P,r,taua,abar,tauk,taul,WtaxRev,KtaxRev,WtaxRev_lost,KtaxRev_lost,G,lump_sum,ylbar,WtaxPct,ShelterPct,ShelterPctP99,TaxEvasionP99,ConcealPctP99,gini,p90,p99,p999,p9999,gini_total,p90_total,p99_total,p999_total,p9999_total,welfare,welfare0,approval,approval0,conceal_share_e,conceal_share_n,evasion_share_e,evasion_share_n,conceal_frac_e,conceal_frac_n,evasion_frac_e,evasion_frac_n,shelter_pct_e,shelter_pct_n,detection_rate,detection_revenue,wtax_evasion_elast
65.71142566,2.86262904,2.86262904,0.00000000,29.62060110,259.86522117,51.21540612,1.28668780,0.15388317,0.04109546,0.03286031,41.43165852,0.25000000,0.18636767,1.72334271,6.92181203,0.00000000,0.00000000,9.18235041,0.01101735,1.01512040,0.53686989,0.00000000,0.00000000,0.00000000,0.00000000,0.75231922,0.38001708,0.70764566,0.84805224,0.93605157,0.75231922,0.38001708,0.70764566,0.84805224,0.93605157,-23.26774821,-46.22144064,0.86161472,0.52026866,-nan,-nan,-nan,-nan,0.00000000,0.00000000,0.00000000,0.00000000,0.00000000,0.00000000,-nan,0.00000000,13.40629954
