Y,A,A_rep,A_hid,L,Q,K,W,P,r,taua,abar,tauk,taul,WtaxRev,KtaxRev,WtaxRev_lost,KtaxRev_lost,G,lump_sum,ylbar,WtaxPct,ShelterPct,ShelterPctP99,TaxEvasionP99,ConcealPctP99,gini,p90,p99,p999,p9999,gini_total,p90_total,p99_total,p999_total,p9999_total,welfare,welfare0,approval,approval0,conceal_share_e,conceal_share_n,evasion_share_e,evasion_share_n,conceal_frac_e,conceal_frac_n,evasion_frac_e,evasion_frac_n,shelter_pct_e,shelter_pct_n,detection_rate,detection_revenue,wtax_evasion_elast
73.72297714,3.12148409,2.99389387,0.12759022,30.15216010,333.44321072,65.72071380,1.41809903,0.13794373,0.02964385,0.00110986,1309.74115352,0.25000000,0.18604413,0.01826109,5.96554293,0.00704214,0.53695175,9.29156816,0.00006029,1.08952447,0.01250627,0.10022113,30.98728113,7.71094942,37.33498021,0.77644838,0.34335026,0.64288582,0.80389068,0.91960076,0.78554879,0.32931587,0.61665222,0.77537901,0.90341405,-23.72387223,-47.57937562,0.63221577,0.24635089,0.30176813,0.69823187,0.91143041,0.08856959,0.03780373,0.04236222,0.05917545,0.00337419,0.38488245,0.03149191,0.68033111,0.03801257,54.85426215
