Y,A,A_rep,A_hid,L,Q,K,W,P,r,taua,abar,tauk,taul,WtaxRev,KtaxRev,WtaxRev_lost,KtaxRev_lost,G,lump_sum,ylbar,WtaxPct,ShelterPct,ShelterPctP99,TaxEvasionP99,ConcealPctP99,gini,p90,p99,p999,p9999,gini_total,p90_total,p99_total,p999_total,p9999_total,welfare,welfare0,approval,approval0,conceal_share_e,conceal_share_n,evasion_share_e,evasion_share_n,conceal_frac_e,conceal_frac_n,evasion_frac_e,evasion_frac_n,shelter_pct_e,shelter_pct_n,detection_rate,detection_revenue,wtax_evasion_elast
65.59526576,2.85681374,2.85681374,0.00000000,29.60624728,258.97300018,51.01210148,1.28504264,0.15408821,0.04129734,0.03231469,35.28045177,0.25000000,0.18638859,1.79189440,6.92898278,0.00000000,0.00000000,9.18235041,0.01142232,1.01512040,0.63901011,0.00000000,0.00000000,0.00000000,0.00000000,0.75124781,0.38174280,0.70908085,0.84644382,0.93521245,0.75124781,0.38174280,0.70908085,0.84644382,0.93521245,-23.25077765,-46.21249126,0.85528893,0.50995652,-nan,-nan,-nan,-nan,0.00000000,0.00000000,0.00000000,0.00000000,0.00000000,0.00000000,-nan,0.00000000,13.41190528
