Y,A,A_rep,A_hid,L,Q,K,W,P,r,taua,abar,tauk,taul,WtaxRev,KtaxRev,WtaxRev_lost,KtaxRev_lost,G,lump_sum,ylbar,WtaxPct,ShelterPct,ShelterPctP99,TaxEvasionP99,ConcealPctP99,gini,p90,p99,p999,p9999,gini_total,p90_total,p99_total,p999_total,p9999_total,welfare,welfare0,approval,approval0,conceal_share_e,conceal_share_n,evasion_share_e,evasion_share_n,conceal_frac_e,conceal_frac_n,evasion_frac_e,evasion_frac_n,shelter_pct_e,shelter_pct_n,detection_rate,detection_revenue,wtax_evasion_elast
65.55834300,2.85514238,2.85514238,0.00000000,29.60112100,258.69673891,50.95224665,1.28455037,0.15415052,0.04135375,0.03277544,35.08320122,0.25000000,0.18639321,1.81113365,6.93088025,0.00000000,0.00000000,9.18235041,0.01151599,1.01512040,0.86044664,0.00000000,0.00000000,0.00000000,0.00000000,0.75090387,0.38237917,0.70990694,0.84695622,0.93541218,0.75090387,0.38237917,0.70990694,0.84695622,0.93541218,-23.24754506,-46.21320915,0.85245671,0.50617876,-nan,-nan,-nan,-nan,0.00000000,0.00000000,0.00000000,0.00000000,0.00000000,0.00000000,-nan,0.00000000,13.38591153
