Y,A,A_rep,A_hid,L,Q,K,W,P,r,taua,abar,tauk,taul,WtaxRev,KtaxRev,WtaxRev_lost,KtaxRev_lost,G,lump_sum,ylbar,WtaxPct,ShelterPct,ShelterPctP99,TaxEvasionP99,ConcealPctP99,gini,p90,p99,p999,p9999,gini_total,p90_total,p99_total,p999_total,p9999_total,welfare,welfare0,approval,approval0,conceal_share_e,conceal_share_n,evasion_share_e,evasion_share_n,conceal_frac_e,conceal_frac_n,evasion_frac_e,evasion_frac_n,shelter_pct_e,shelter_pct_n,detection_rate,detection_revenue,wtax_evasion_elast
65.66304225,2.85956537,2.85956537,0.00000000,29.61617674,259.49030928,51.11301451,1.28593738,0.15397042,0.04121110,0.03112940,34.90514113,0.25000000,0.18637859,1.75453571,6.92555424,0.00000000,0.00000000,9.18235041,0.01123826,1.01512040,0.85965462,0.00000000,0.00000000,0.00000000,0.00000000,0.75193089,0.38061515,0.70709439,0.84499094,0.93469727,0.75193089,0.38061515,0.70709439,0.84499094,0.93469727,-23.25829831,-46.21455436,0.86104657,0.51973313,-nan,-nan,-nan,-nan,0.00000000,0.00000000,0.00000000,0.00000000,0.00000000,0.00000000,-nan,0.00000000,13.48124409
