Y,A,A_rep,A_hid,L,Q,K,W,P,r,taua,abar,tauk,taul,WtaxRev,KtaxRev,WtaxRev_lost,KtaxRev_lost,G,lump_sum,ylbar,WtaxPct,ShelterPct,ShelterPctP99,TaxEvasionP99,ConcealPctP99,gini,p90,p99,p999,p9999,gini_total,p90_total,p99_total,p999_total,p9999_total,welfare,welfare0,approval,approval0,conceal_share_e,conceal_share_n,evasion_share_e,evasion_share_n,conceal_frac_e,conceal_frac_n,evasion_frac_e,evasion_frac_n,shelter_pct_e,shelter_pct_n,detection_rate,detection_revenue,wtax_evasion_elast
65.53211315,2.85347787,2.85347787,0.00000000,29.59835138,258.50064402,50.89608417,1.28415984,0.15419450,0.04141824,0.03245659,33.78360022,0.25000000,0.18639708,1.82425394,6.93296267,0.00000000,0.00000000,9.18235041,0.01158832,1.01512040,0.83163015,0.00000000,0.00000000,0.00000000,0.00000000,0.75058889,0.38277260,0.70986172,0.84628596,0.93511499,0.75058889,0.38277260,0.70986172,0.84628596,0.93511499,-23.24481242,-46.21487287,0.85020792,0.50098388,-nan,-nan,-nan,-nan,0.00000000,0.00000000,0.00000000,0.00000000,0.00000000,0.00000000,-nan,0.00000000,13.37491707
