Y,A,A_rep,A_hid,L,Q,K,W,P,r,taua,abar,tauk,taul,WtaxRev,KtaxRev,WtaxRev_lost,KtaxRev_lost,G,lump_sum,ylbar,WtaxPct,ShelterPct,ShelterPctP99,TaxEvasionP99,ConcealPctP99,gini,p90,p99,p999,p9999,gini_total,p90_total,p99_total,p999_total,p9999_total,welfare,welfare0,approval,approval0,conceal_share_e,conceal_share_n,evasion_share_e,evasion_share_n,conceal_frac_e,conceal_frac_n,evasion_frac_e,evasion_frac_n,shelter_pct_e,shelter_pct_n,detection_rate,detection_revenue,wtax_evasion_elast
65.71187810,2.86418222,2.86418222,0.00000000,29.62133004,259.77301888,51.30444986,1.28667370,0.15393445,0.04093861,0.04216765,69.54534779,0.25000000,0.18634291,1.68836117,6.91969672,0.00000000,0.00000000,9.18235041,0.01052212,1.01512040,0.32726924,0.00000000,0.00000000,0.00000000,0.00000000,0.75231691,0.37962900,0.71049357,0.86001114,0.94156488,0.75231691,0.37962900,0.71049357,0.86001114,0.94156488,-23.30754238,-46.29906241,0.83000541,0.46109503,-nan,-nan,-nan,-nan,0.00000000,0.00000000,0.00000000,0.00000000,0.00000000,0.00000000,-nan,0.00000000,12.93846057
