Y,A,A_rep,A_hid,L,Q,K,W,P,r,taua,abar,tauk,taul,WtaxRev,KtaxRev,WtaxRev_lost,KtaxRev_lost,G,lump_sum,ylbar,WtaxPct,ShelterPct,ShelterPctP99,TaxEvasionP99,ConcealPctP99,gini,p90,p99,p999,p9999,gini_total,p90_total,p99_total,p999_total,p9999_total,welfare,welfare0,approval,approval0,conceal_share_e,conceal_share_n,evasion_share_e,evasion_share_n,conceal_frac_e,conceal_frac_n,evasion_frac_e,evasion_frac_n,shelter_pct_e,shelter_pct_n,detection_rate,detection_revenue,wtax_evasion_elast
73.40936516,3.10866040,2.86941865,0.23924174,30.12610404,330.02512772,65.60966386,1.41334401,0.13864293,0.02944290,0.01519087,697.77545405,0.25000000,0.18606119,0.21125811,5.87787773,0.24674332,0.55822785,9.29156816,0.00057514,1.08952447,0.02065669,0.10801243,60.61345717,11.39651881,54.73466691,0.76772295,0.35693470,0.67174056,0.84497724,0.94779037,0.78555113,0.32946509,0.62010394,0.78447201,0.91343686,-23.76232720,-47.69020764,0.40164025,0.03165731,0.28517902,0.71482098,0.73897083,0.26102917,0.06695605,0.08183779,0.06921514,0.01456529,0.40020703,0.03746437,0.67702994,0.06782497,41.22357353
