Y,A,A_rep,A_hid,L,Q,K,W,P,r,taua,abar,tauk,taul,WtaxRev,KtaxRev,WtaxRev_lost,KtaxRev_lost,G,lump_sum,ylbar,WtaxPct,ShelterPct,ShelterPctP99,TaxEvasionP99,ConcealPctP99,gini,p90,p99,p999,p9999,gini_total,p90_total,p99_total,p999_total,p9999_total,welfare,welfare0,approval,approval0,conceal_share_e,conceal_share_n,evasion_share_e,evasion_share_n,conceal_frac_e,conceal_frac_n,evasion_frac_e,evasion_frac_n,shelter_pct_e,shelter_pct_n,detection_rate,detection_revenue,wtax_evasion_elast
66.16713860,2.88306319,2.88306319,0.00000000,29.68691912,263.28895803,51.97605120,1.29271787,0.15313586,0.04038490,0.03000000,56.97475375,0.25000000,0.18628998,1.46436929,6.89624090,0.00000000,0.00000000,9.18235041,0.00952932,1.01512040,0.39565820,0.00000000,0.00000000,0.00000000,0.00000000,0.75658391,0.37321736,0.69779261,0.84593175,0.93566016,0.75658391,0.37321736,0.69779261,0.84593175,0.93566016,-23.33693252,-46.26814224,0.89834594,0.65172158,-nan,-nan,-nan,-nan,0.00000000,0.00000000,0.00000000,0.00000000,0.00000000,0.00000000,-nan,0.00000000,13.66319715
