Y,A,A_rep,A_hid,L,Q,K,W,P,r,taua,abar,tauk,taul,WtaxRev,KtaxRev,WtaxRev_lost,KtaxRev_lost,G,lump_sum,ylbar,WtaxPct,ShelterPct,ShelterPctP99,TaxEvasionP99,ConcealPctP99,gini,p90,p99,p999,p9999,gini_total,p90_total,p99_total,p999_total,p9999_total,welfare,welfare0,approval,approval0,conceal_share_e,conceal_share_n,evasion_share_e,evasion_share_n,conceal_frac_e,conceal_frac_n,evasion_frac_e,evasion_frac_n,shelter_pct_e,shelter_pct_n,detection_rate,detection_revenue,wtax_evasion_elast
65.58374683,2.85628287,2.85628287,0.00000000,29.60468950,258.88812747,50.99414026,1.28489176,0.15410748,0.04131398,0.03248884,35.31003199,0.25000000,0.18638995,1.79767833,6.92950451,0.00000000,0.00000000,9.18235041,0.01144884,1.01512040,0.63871414,0.00000000,0.00000000,0.00000000,0.00000000,0.75113448,0.38188994,0.70932998,0.84665780,0.93529962,0.75113448,0.38188994,0.70932998,0.84665780,0.93529962,-23.24990059,-46.21289742,0.85403937,0.50707538,-nan,-nan,-nan,-nan,0.00000000,0.00000000,0.00000000,0.00000000,0.00000000,0.00000000,-nan,0.00000000,13.40265116
