Y,A,A_rep,A_hid,L,Q,K,W,P,r,taua,abar,tauk,taul,WtaxRev,KtaxRev,WtaxRev_lost,KtaxRev_lost,G,lump_sum,ylbar,WtaxPct,ShelterPct,ShelterPctP99,TaxEvasionP99,ConcealPctP99,gini,p90,p99,p999,p9999,gini_total,p90_total,p99_total,p999_total,p9999_total,welfare,welfare0,approval,approval0,conceal_share_e,conceal_share_n,evasion_share_e,evasion_share_n,conceal_frac_e,conceal_frac_n,evasion_frac_e,evasion_frac_n,shelter_pct_e,shelter_pct_n,detection_rate,detection_revenue,wtax_evasion_elast
73.46659467,3.11057430,2.91371095,0.19686335,30.12512350,330.83604843,65.54637101,1.41448030,0.13844348,0.02958079,0.01710068,1276.45838304,0.25000000,0.18606615,0.16801783,5.92277111,0.17657343,0.54151883,9.29156816,0.00076563,1.08952447,0.00986912,0.10349475,46.65263903,10.20252528,52.74605011,0.77077551,0.35227109,0.66165156,0.83094243,0.94463786,0.78524098,0.32997641,0.61983489,0.78277759,0.91215594,-23.72449662,-47.60870424,0.58702283,0.26649177,0.29375461,0.70624539,0.77737945,0.22262055,0.05681567,0.06643659,0.06532216,0.01110718,0.38966952,0.03440013,0.68005735,0.05911803,34.90907299
