Y,A,A_rep,A_hid,L,Q,K,W,P,r,taua,abar,tauk,taul,WtaxRev,KtaxRev,WtaxRev_lost,KtaxRev_lost,G,lump_sum,ylbar,WtaxPct,ShelterPct,ShelterPctP99,TaxEvasionP99,ConcealPctP99,gini,p90,p99,p999,p9999,gini_total,p90_total,p99_total,p999_total,p9999_total,welfare,welfare0,approval,approval0,conceal_share_e,conceal_share_n,evasion_share_e,evasion_share_n,conceal_frac_e,conceal_frac_n,evasion_frac_e,evasion_frac_n,shelter_pct_e,shelter_pct_n,detection_rate,detection_revenue,wtax_evasion_elast
65.60379878,2.85715599,2.85715599,0.00000000,29.60753775,259.04428301,51.02513876,1.28516510,0.15407153,0.04128674,0.03224426,35.49424561,0.25000000,0.18638684,1.78647750,6.92841009,0.00000000,0.00000000,9.18235041,0.01138971,1.01512040,0.64096966,0.00000000,0.00000000,0.00000000,0.00000000,0.75133141,0.38162590,0.70884202,0.84639244,0.93521298,0.75133141,0.38162590,0.70884202,0.84639244,0.93521298,-23.25225115,-46.21395527,0.85553550,0.50995681,-nan,-nan,-nan,-nan,0.00000000,0.00000000,0.00000000,0.00000000,0.00000000,0.00000000,-nan,0.00000000,13.41508265
