Y,A,A_rep,A_hid,L,Q,K,W,P,r,taua,abar,tauk,taul,WtaxRev,KtaxRev,WtaxRev_lost,KtaxRev_lost,G,lump_sum,ylbar,WtaxPct,ShelterPct,ShelterPctP99,TaxEvasionP99,ConcealPctP99,gini,p90,p99,p999,p9999,gini_total,p90_total,p99_total,p999_total,p9999_total,welfare,welfare0,approval,approval0,conceal_share_e,conceal_share_n,evasion_share_e,evasion_share_n,conceal_frac_e,conceal_frac_n,evasion_frac_e,evasion_frac_n,shelter_pct_e,shelter_pct_n,detection_rate,detection_revenue,wtax_evasion_elast
65.59201770,2.85675738,2.85675738,0.00000000,29.60533552,258.94191161,51.00516852,1.28499437,0.15409416,0.04130341,0.03242659,35.49820746,0.25000000,0.18639002,1.79312489,6.92940284,0.00000000,0.00000000,9.18235041,0.01143537,1.01512040,0.64043526,0.00000000,0.00000000,0.00000000,0.00000000,0.75122552,0.38176225,0.70915819,0.84660451,0.93529189,0.75122552,0.38176225,0.70915819,0.84660451,0.93529189,-23.24996334,-46.21154428,0.85529798,0.50995681,-nan,-nan,-nan,-nan,0.00000000,0.00000000,0.00000000,0.00000000,0.00000000,0.00000000,-nan,0.00000000,13.40134643
