Y,A,A_rep,A_hid,L,Q,K,W,P,r,taua,abar,tauk,taul,WtaxRev,KtaxRev,WtaxRev_lost,KtaxRev_lost,G,lump_sum,ylbar,WtaxPct,ShelterPct,ShelterPctP99,TaxEvasionP99,ConcealPctP99,gini,p90,p99,p999,p9999,gini_total,p90_total,p99_total,p999_total,p9999_total,welfare,welfare0,approval,approval0,conceal_share_e,conceal_share_n,evasion_share_e,evasion_share_n,conceal_frac_e,conceal_frac_n,evasion_frac_e,evasion_frac_n,shelter_pct_e,shelter_pct_n,detection_rate,detection_revenue,wtax_evasion_elast
66.21027208,2.88554928,2.88554928,0.00000000,29.69408739,263.56596155,52.08662150,1.29325526,0.15309169,0.04025239,0.03416665,78.53549077,0.25000000,0.18627421,1.42396562,6.89312057,0.00000000,0.00000000,9.18235041,0.00917162,1.01512040,0.28725576,0.00000000,0.00000000,0.00000000,0.00000000,0.75696432,0.37247660,0.69774086,0.85156089,0.93837211,0.75696432,0.37247660,0.69774086,0.85156089,0.93837211,-23.36125292,-46.30756013,0.87694405,0.59978186,-nan,-nan,-nan,-nan,0.00000000,0.00000000,0.00000000,0.00000000,0.00000000,0.00000000,-nan,0.00000000,13.47896247
