Y,A,A_rep,A_hid,L,Q,K,W,P,r,taua,abar,tauk,taul,WtaxRev,KtaxRev,WtaxRev_lost,KtaxRev_lost,G,lump_sum,ylbar,WtaxPct,ShelterPct,ShelterPctP99,TaxEvasionP99,ConcealPctP99,gini,p90,p99,p999,p9999,gini_total,p90_total,p99_total,p999_total,p9999_total,welfare,welfare0,approval,approval0,conceal_share_e,conceal_share_n,evasion_share_e,evasion_share_n,conceal_frac_e,conceal_frac_n,evasion_frac_e,evasion_frac_n,shelter_pct_e,shelter_pct_n,detection_rate,detection_revenue,wtax_evasion_elast
65.58079039,2.85622902,2.85622902,0.00000000,29.60389661,258.86813783,50.98897686,1.28486225,0.15411054,0.04131869,0.03262952,35.54799805,0.25000000,0.18639052,1.79963997,6.92971126,0.00000000,0.00000000,9.18235041,0.01146090,1.01512040,0.64014376,0.00000000,0.00000000,0.00000000,0.00000000,0.75108958,0.38208251,0.70952400,0.84686898,0.93539182,0.75108958,0.38208251,0.70952400,0.84686898,0.93539182,-23.24881879,-46.21151622,0.85454169,0.50707567,-nan,-nan,-nan,-nan,0.00000000,0.00000000,0.00000000,0.00000000,0.00000000,0.00000000,-nan,0.00000000,13.38934496
