Y,A,A_rep,A_hid,L,Q,K,W,P,r,taua,abar,tauk,taul,WtaxRev,KtaxRev,WtaxRev_lost,KtaxRev_lost,G,lump_sum,ylbar,WtaxPct,ShelterPct,ShelterPctP99,TaxEvasionP99,ConcealPctP99,gini,p90,p99,p999,p9999,gini_total,p90_total,p99_total,p999_total,p9999_total,welfare,welfare0,approval,approval0,conceal_share_e,conceal_share_n,evasion_share_e,evasion_share_n,conceal_frac_e,conceal_frac_n,evasion_frac_e,evasion_frac_n,shelter_pct_e,shelter_pct_n,detection_rate,detection_revenue,wtax_evasion_elast
73.42215179,3.10769388,2.86810937,0.23958451,30.12138289,330.41725925,65.45228369,1.41378661,0.13851603,0.02964611,0.01228929,512.81331387,0.25000000,0.18606756,0.23099392,5.87859474,0.21051388,0.55744873,9.29156816,0.00074311,1.08952447,0.02960563,0.10734375,47.09206111,9.85769366,59.30281276,0.76684990,0.35820298,0.67288643,0.84501376,0.94186694,0.78477431,0.33058768,0.62106991,0.78434999,0.91183122,-23.73178680,-47.63407441,0.50305262,0.10135986,0.25297159,0.74702841,0.74222158,0.25777842,0.05960963,0.08559599,0.06646454,0.01372129,0.39388611,0.03816038,0.67496205,0.05640246,39.81424417
