Y,A,A_rep,A_hid,L,Q,K,W,P,r,taua,abar,tauk,taul,WtaxRev,KtaxRev,WtaxRev_lost,KtaxRev_lost,G,lump_sum,ylbar,WtaxPct,ShelterPct,ShelterPctP99,TaxEvasionP99,ConcealPctP99,gini,p90,p99,p999,p9999,gini_total,p90_total,p99_total,p999_total,p9999_total,welfare,welfare0,approval,approval0,conceal_share_e,conceal_share_n,evasion_share_e,evasion_share_n,conceal_frac_e,conceal_frac_n,evasion_frac_e,evasion_frac_n,shelter_pct_e,shelter_pct_n,detection_rate,detection_revenue,wtax_evasion_elast
65.60741724,2.85736493,2.85736493,0.00000000,29.60748965,259.06253832,51.02821346,1.28520564,0.15406607,0.04128379,0.03225056,35.64422198,0.25000000,0.18638746,1.78491862,6.92852156,0.00000000,0.00000000,9.18235041,0.01139169,1.01512040,0.64197487,0.00000000,0.00000000,0.00000000,0.00000000,0.75136473,0.38156662,0.70884924,0.84641962,0.93522716,0.75136473,0.38156662,0.70884924,0.84641962,0.93522716,-23.25155585,-46.21219302,0.85596243,0.51001872,-nan,-nan,-nan,-nan,0.00000000,0.00000000,0.00000000,0.00000000,0.00000000,0.00000000,-nan,0.00000000,13.40931044
