Y,A,A_rep,A_hid,L,Q,K,W,P,r,taua,abar,tauk,taul,WtaxRev,KtaxRev,WtaxRev_lost,KtaxRev_lost,G,lump_sum,ylbar,WtaxPct,ShelterPct,ShelterPctP99,TaxEvasionP99,ConcealPctP99,gini,p90,p99,p999,p9999,gini_total,p90_total,p99_total,p999_total,p9999_total,welfare,welfare0,approval,approval0,conceal_share_e,conceal_share_n,evasion_share_e,evasion_share_n,conceal_frac_e,conceal_frac_n,evasion_frac_e,evasion_frac_n,shelter_pct_e,shelter_pct_n,detection_rate,detection_revenue,wtax_evasion_elast
73.47148351,3.10968418,2.91875060,0.19093358,30.12035960,331.12046570,65.39542481,1.41477029,0.13834260,0.02976803,0.01401137,1069.31498180,0.25000000,0.18607240,0.18427164,5.92735123,0.14596315,0.54206285,9.29156816,0.00091289,1.08952447,0.01278163,0.10453920,38.66932815,8.66691725,54.71370728,0.77061717,0.35234685,0.66106310,0.82867796,0.93934441,0.78465820,0.33071287,0.62052177,0.78232409,0.91069871,-23.69989023,-47.56439418,0.71124239,0.35828425,0.26363569,0.73636431,0.78070345,0.21929655,0.04954643,0.06715130,0.06296595,0.01047903,0.39308240,0.03487273,0.66875685,0.04730053,30.30470958
