Y,A,A_rep,A_hid,L,Q,K,W,P,r,taua,abar,tauk,taul,WtaxRev,KtaxRev,WtaxRev_lost,KtaxRev_lost,G,lump_sum,ylbar,WtaxPct,ShelterPct,ShelterPctP99,TaxEvasionP99,ConcealPctP99,gini,p90,p99,p999,p9999,gini_total,p90_total,p99_total,p999_total,p9999_total,welfare,welfare0,approval,approval0,conceal_share_e,conceal_share_n,evasion_share_e,evasion_share_n,conceal_frac_e,conceal_frac_n,evasion_frac_e,evasion_frac_n,shelter_pct_e,shelter_pct_n,detection_rate,detection_revenue,wtax_evasion_elast
65.58920170,2.85658172,2.85658172,0.00000000,29.60513209,258.92665860,51.00166611,1.28496436,0.15409780,0.04130699,0.03244818,35.44355813,0.25000000,0.18639020,1.79463310,6.92939960,0.00000000,0.00000000,9.18235041,0.01144255,1.01512040,0.63980753,0.00000000,0.00000000,0.00000000,0.00000000,0.75119263,0.38181186,0.70921684,0.84662145,0.93529516,0.75119263,0.38181186,0.70921684,0.84662145,0.93529516,-23.24959933,-46.21125230,0.85529451,0.50995681,-nan,-nan,-nan,-nan,0.00000000,0.00000000,0.00000000,0.00000000,0.00000000,0.00000000,-nan,0.00000000,13.40058102
