Y,A,A_rep,A_hid,L,Q,K,W,P,r,taua,abar,tauk,taul,WtaxRev,KtaxRev,WtaxRev_lost,KtaxRev_lost,G,lump_sum,ylbar,WtaxPct,ShelterPct,ShelterPctP99,TaxEvasionP99,ConcealPctP99,gini,p90,p99,p999,p9999,gini_total,p90_total,p99_total,p999_total,p9999_total,welfare,welfare0,approval,approval0,conceal_share_e,conceal_share_n,evasion_share_e,evasion_share_n,conceal_frac_e,conceal_frac_n,evasion_frac_e,evasion_frac_n,shelter_pct_e,shelter_pct_n,detection_rate,detection_revenue,wtax_evasion_elast
59.17898692,2.45026321,2.45026321,0.00000000,29.21118218,209.24219072,38.09126756,1.17501471,0.16842433,0.06030536,0.04630037,3.70438252,0.25000000,0.18687848,4.73048917,7.43707712,0.00000000,0.00000000,9.18235041,0.02055114,1.01512040,10.44188021,0.00000000,0.00000000,0.00000000,0.00000000,0.68146792,0.44994963,0.68318958,0.81109905,0.91974702,0.68146792,0.44994963,0.68318958,0.81109905,0.91974702,-23.66424244,-48.91519063,0.47089798,0.12347435,-nan,-nan,-nan,-nan,0.00000000,0.00000000,0.00000000,0.00000000,0.00000000,0.00000000,-nan,0.00000000,15.31584213
