Y,A,A_rep,A_hid,L,Q,K,W,P,r,taua,abar,tauk,taul,WtaxRev,KtaxRev,WtaxRev_lost,KtaxRev_lost,G,lump_sum,ylbar,WtaxPct,ShelterPct,ShelterPctP99,TaxEvasionP99,ConcealPctP99,gini,p90,p99,p999,p9999,gini_total,p90_total,p99_total,p999_total,p9999_total,welfare,welfare0,approval,approval0,conceal_share_e,conceal_share_n,evasion_share_e,evasion_share_n,conceal_frac_e,conceal_frac_n,evasion_frac_e,evasion_frac_n,shelter_pct_e,shelter_pct_n,detection_rate,detection_revenue,wtax_evasion_elast
65.56461972,2.85550470,2.85550470,0.00000000,29.60161737,258.74327731,50.96234654,1.28464035,0.15413891,0.04134356,0.03284502,35.55074415,0.25000000,0.18639335,1.80739547,6.93063755,0.00000000,0.00000000,9.18235041,0.01150404,1.01512040,0.63932399,0.00000000,0.00000000,0.00000000,0.00000000,0.75094642,0.38229176,0.70987175,0.84708444,0.93547786,0.75094642,0.38229176,0.70987175,0.84708444,0.93547786,-23.24709556,-46.21129269,0.85336838,0.50628482,-nan,-nan,-nan,-nan,0.00000000,0.00000000,0.00000000,0.00000000,0.00000000,0.00000000,-nan,0.00000000,13.37514429
