Y,A,A_rep,A_hid,L,Q,K,W,P,r,taua,abar,tauk,taul,WtaxRev,KtaxRev,WtaxRev_lost,KtaxRev_lost,G,lump_sum,ylbar,WtaxPct,ShelterPct,ShelterPctP99,TaxEvasionP99,ConcealPctP99,gini,p90,p99,p999,p9999,gini_total,p90_total,p99_total,p999_total,p9999_total,welfare,welfare0,approval,approval0,conceal_share_e,conceal_share_n,evasion_share_e,evasion_share_n,conceal_frac_e,conceal_frac_n,evasion_frac_e,evasion_frac_n,shelter_pct_e,shelter_pct_n,detection_rate,detection_revenue,wtax_evasion_elast
73.60094910,3.11485280,2.91014880,0.20470401,30.13953453,332.20727369,65.61749408,1.41635147,0.13817728,0.02963759,0.00604771,615.84987861,0.25000000,0.18605296,0.12390610,5.91039834,0.08541958,0.54310541,9.29156816,0.00033952,1.08952447,0.02657393,0.10437591,36.44987610,8.52989650,56.54038271,0.77018291,0.35297537,0.66188243,0.82907172,0.93496250,0.78524116,0.32977830,0.61843087,0.77907819,0.90718527,-23.72780114,-47.60205269,0.51392316,0.11122883,0.25762001,0.74237999,0.83842046,0.16157954,0.05181492,0.07246658,0.06226104,0.00708865,0.39262265,0.03478102,0.67396066,0.04616306,50.59709139
