Y,A,A_rep,A_hid,L,Q,K,W,P,r,taua,abar,tauk,taul,WtaxRev,KtaxRev,WtaxRev_lost,KtaxRev_lost,G,lump_sum,ylbar,WtaxPct,ShelterPct,ShelterPctP99,TaxEvasionP99,ConcealPctP99,gini,p90,p99,p999,p9999,gini_total,p90_total,p99_total,p999_total,p9999_total,welfare,welfare0,approval,approval0,conceal_share_e,conceal_share_n,evasion_share_e,evasion_share_n,conceal_frac_e,conceal_frac_n,evasion_frac_e,evasion_frac_n,shelter_pct_e,shelter_pct_n,detection_rate,detection_revenue,wtax_evasion_elast
65.77760999,2.86559072,2.86559072,0.00000000,29.63010796,260.36356905,51.32207621,1.28756534,0.15377214,0.04099730,0.03258794,44.10227132,0.25000000,0.18635494,1.68353894,6.91819116,0.00000000,0.00000000,9.18235041,0.01077638,1.01512040,0.55240443,0.00000000,0.00000000,0.00000000,0.00000000,0.75292386,0.37891836,0.70635129,0.84799275,0.93608421,0.75292386,0.37891836,0.70635129,0.84799275,0.93608421,-23.27905352,-46.23226226,0.86527465,0.52067965,-nan,-nan,-nan,-nan,0.00000000,0.00000000,0.00000000,0.00000000,0.00000000,0.00000000,-nan,0.00000000,13.41538954
