Y,A,A_rep,A_hid,L,Q,K,W,P,r,taua,abar,tauk,taul,WtaxRev,KtaxRev,WtaxRev_lost,KtaxRev_lost,G,lump_sum,ylbar,WtaxPct,ShelterPct,ShelterPctP99,TaxEvasionP99,ConcealPctP99,gini,p90,p99,p999,p9999,gini_total,p90_total,p99_total,p999_total,p9999_total,welfare,welfare0,approval,approval0,conceal_share_e,conceal_share_n,evasion_share_e,evasion_share_n,conceal_frac_e,conceal_frac_n,evasion_frac_e,evasion_frac_n,shelter_pct_e,shelter_pct_n,detection_rate,detection_revenue,wtax_evasion_elast
65.53964275,2.85353228,2.85353228,0.00000000,29.60027201,258.54753248,50.90137684,1.28421602,0.15418603,0.04141863,0.03194998,32.96172670,0.25000000,0.18639540,1.82011494,6.93301017,0.00000000,0.00000000,9.18235041,0.01156979,1.01512040,0.81631580,0.00000000,0.00000000,0.00000000,0.00000000,0.75064632,0.38270324,0.70925930,0.84546040,0.93477238,0.75064632,0.38270324,0.70925930,0.84546040,0.93477238,-23.24624514,-46.21697040,0.84995070,0.49950761,-nan,-nan,-nan,-nan,0.00000000,0.00000000,0.00000000,0.00000000,0.00000000,0.00000000,-nan,0.00000000,13.40044626
