Y,A,A_rep,A_hid,L,Q,K,W,P,r,taua,abar,tauk,taul,WtaxRev,KtaxRev,WtaxRev_lost,KtaxRev_lost,G,lump_sum,ylbar,WtaxPct,ShelterPct,ShelterPctP99,TaxEvasionP99,ConcealPctP99,gini,p90,p99,p999,p9999,gini_total,p90_total,p99_total,p999_total,p9999_total,welfare,welfare0,approval,approval0,conceal_share_e,conceal_share_n,evasion_share_e,evasion_share_n,conceal_frac_e,conceal_frac_n,evasion_frac_e,evasion_frac_n,shelter_pct_e,shelter_pct_n,detection_rate,detection_revenue,wtax_evasion_elast
73.74385553,3.12266034,3.00120050,0.12145983,30.15486313,333.63310476,65.75997659,1.41838521,0.13791349,0.02961964,0.00024334,1376.74741399,0.25000000,0.18604294,0.00402505,5.96930978,0.00137932,0.53627878,9.29156816,0.00000539,1.08952447,0.01250119,0.09979507,30.66743775,7.72831516,35.26232672,0.77704523,0.34246007,0.64112140,0.80158528,0.91752016,0.78568056,0.32913965,0.61622851,0.77473116,0.90274229,-23.72488307,-47.57785406,0.76415091,0.39451331,0.30834455,0.69165545,0.91760584,0.08239416,0.03676203,0.03992971,0.05894951,0.00310389,0.38383316,0.03121632,0.68132590,0.03737774,80.16010080
