Y,A,A_rep,A_hid,L,Q,K,W,P,r,taua,abar,tauk,taul,WtaxRev,KtaxRev,WtaxRev_lost,KtaxRev_lost,G,lump_sum,ylbar,WtaxPct,ShelterPct,ShelterPctP99,TaxEvasionP99,ConcealPctP99,gini,p90,p99,p999,p9999,gini_total,p90_total,p99_total,p999_total,p9999_total,welfare,welfare0,approval,approval0,conceal_share_e,conceal_share_n,evasion_share_e,evasion_share_n,conceal_frac_e,conceal_frac_n,evasion_frac_e,evasion_frac_n,shelter_pct_e,shelter_pct_n,detection_rate,detection_revenue,wtax_evasion_elast
65.54531417,2.85463248,2.85463248,0.00000000,29.59918809,258.60528819,50.93412798,1.28439341,0.15417082,0.04136921,0.03327207,36.02411093,0.25000000,0.18639411,1.81587588,6.93136530,0.00000000,0.00000000,9.18235041,0.01152127,1.01512040,0.64127132,0.00000000,0.00000000,0.00000000,0.00000000,0.75077813,0.38245916,0.71043431,0.84764686,0.93570069,0.75077813,0.38245916,0.71043431,0.84764686,0.93570069,-23.24814624,-46.21701675,0.85058625,0.50166836,-nan,-nan,-nan,-nan,0.00000000,0.00000000,0.00000000,0.00000000,0.00000000,0.00000000,-nan,0.00000000,13.34851374
