Y,A,A_rep,A_hid,L,Q,K,W,P,r,taua,abar,tauk,taul,WtaxRev,KtaxRev,WtaxRev_lost,KtaxRev_lost,G,lump_sum,ylbar,WtaxPct,ShelterPct,ShelterPctP99,TaxEvasionP99,ConcealPctP99,gini,p90,p99,p999,p9999,gini_total,p90_total,p99_total,p999_total,p9999_total,welfare,welfare0,approval,approval0,conceal_share_e,conceal_share_n,evasion_share_e,evasion_share_n,conceal_frac_e,conceal_frac_n,evasion_frac_e,evasion_frac_n,shelter_pct_e,shelter_pct_n,detection_rate,detection_revenue,wtax_evasion_elast
65.60408081,2.85716001,2.85716001,0.00000000,29.60746711,259.04209747,51.02448423,1.28516236,0.15407190,0.04128743,0.03215724,35.25221336,0.25000000,0.18638793,1.78643820,6.92851733,0.00000000,0.00000000,9.18235041,0.01139913,1.01512040,0.63932042,0.00000000,0.00000000,0.00000000,0.00000000,0.75134038,0.38153450,0.70881099,0.84626033,0.93514625,0.75134038,0.38153450,0.70881099,0.84626033,0.93514625,-23.25147368,-46.21240159,0.85586235,0.50999923,-nan,-nan,-nan,-nan,0.00000000,0.00000000,0.00000000,0.00000000,0.00000000,0.00000000,-nan,0.00000000,13.42482813
