Y,A,A_rep,A_hid,L,Q,K,W,P,r,taua,abar,tauk,taul,WtaxRev,KtaxRev,WtaxRev_lost,KtaxRev_lost,G,lump_sum,ylbar,WtaxPct,ShelterPct,ShelterPctP99,TaxEvasionP99,ConcealPctP99,gini,p90,p99,p999,p9999,gini_total,p90_total,p99_total,p999_total,p9999_total,welfare,welfare0,approval,approval0,conceal_share_e,conceal_share_n,evasion_share_e,evasion_share_n,conceal_frac_e,conceal_frac_n,evasion_frac_e,evasion_frac_n,shelter_pct_e,shelter_pct_n,detection_rate,detection_revenue,wtax_evasion_elast
65.59474936,2.85631026,2.85631026,0.00000000,29.60689479,258.97103344,50.99468761,1.28499655,0.15408707,0.04132722,0.03166752,34.03021399,0.25000000,0.18638857,1.79084636,6.92974220,0.00000000,0.00000000,9.18235041,0.01142801,1.01512040,0.83839514,0.00000000,0.00000000,0.00000000,0.00000000,0.75121308,0.38182970,0.70843067,0.84539335,0.93479523,0.75121308,0.38182970,0.70843067,0.84539335,0.93479523,-23.25060664,-46.21358832,0.85491826,0.50939365,-nan,-nan,-nan,-nan,0.00000000,0.00000000,0.00000000,0.00000000,0.00000000,0.00000000,-nan,0.00000000,13.42422191
