Y,A,A_rep,A_hid,L,Q,K,W,P,r,taua,abar,tauk,taul,WtaxRev,KtaxRev,WtaxRev_lost,KtaxRev_lost,G,lump_sum,ylbar,WtaxPct,ShelterPct,ShelterPctP99,TaxEvasionP99,ConcealPctP99,gini,p90,p99,p999,p9999,gini_total,p90_total,p99_total,p999_total,p9999_total,welfare,welfare0,approval,approval0,conceal_share_e,conceal_share_n,evasion_share_e,evasion_share_n,conceal_frac_e,conceal_frac_n,evasion_frac_e,evasion_frac_n,shelter_pct_e,shelter_pct_n,detection_rate,detection_revenue,wtax_evasion_elast
65.59273423,2.85672103,2.85672103,0.00000000,29.60556178,258.94246602,51.00430816,1.28499006,0.15409448,0.04130531,0.03227085,35.07739616,0.25000000,0.18639044,1.79318497,6.92957225,0.00000000,0.00000000,9.18235041,0.01143953,1.01512040,0.86144154,0.00000000,0.00000000,0.00000000,0.00000000,0.75123184,0.38177922,0.70902817,0.84634361,0.93517501,0.75123184,0.38177922,0.70902817,0.84634361,0.93517501,-23.24988231,-46.21151578,0.85527695,0.50987737,-nan,-nan,-nan,-nan,0.00000000,0.00000000,0.00000000,0.00000000,0.00000000,0.00000000,-nan,0.00000000,13.41501318
