Y,A,A_rep,A_hid,L,Q,K,W,P,r,taua,abar,tauk,taul,WtaxRev,KtaxRev,WtaxRev_lost,KtaxRev_lost,G,lump_sum,ylbar,WtaxPct,ShelterPct,ShelterPctP99,TaxEvasionP99,ConcealPctP99,gini,p90,p99,p999,p9999,gini_total,p90_total,p99_total,p999_total,p9999_total,welfare,welfare0,approval,approval0,conceal_share_e,conceal_share_n,evasion_share_e,evasion_share_n,conceal_frac_e,conceal_frac_n,evasion_frac_e,evasion_frac_n,shelter_pct_e,shelter_pct_n,detection_rate,detection_revenue,wtax_evasion_elast
65.15191312,2.83388414,2.83388414,0.00000000,29.55173072,255.58955000,50.21212254,1.27871300,0.15486909,0.04212507,0.03391351,26.84351090,0.25000000,0.18644174,2.01487573,6.95760586,0.00000000,0.00000000,9.18235041,0.01249365,1.01512040,1.00657958,0.00000000,0.00000000,0.00000000,0.00000000,0.74650958,0.38912919,0.71384229,0.84592787,0.93469901,0.74650958,0.38912919,0.71384229,0.84592787,0.93469901,-23.21676113,-46.24905754,0.81662048,0.44826890,-nan,-nan,-nan,-nan,0.00000000,0.00000000,0.00000000,0.00000000,0.00000000,0.00000000,-nan,0.00000000,13.34104354
