Y,A,A_rep,A_hid,L,Q,K,W,P,r,taua,abar,tauk,taul,WtaxRev,KtaxRev,WtaxRev_lost,KtaxRev_lost,G,lump_sum,ylbar,WtaxPct,ShelterPct,ShelterPctP99,TaxEvasionP99,ConcealPctP99,gini,p90,p99,p999,p9999,gini_total,p90_total,p99_total,p999_total,p9999_total,welfare,welfare0,approval,approval0,conceal_share_e,conceal_share_n,evasion_share_e,evasion_share_n,conceal_frac_e,conceal_frac_n,evasion_frac_e,evasion_frac_n,shelter_pct_e,shelter_pct_n,detection_rate,detection_revenue,wtax_evasion_elast
73.64673658,3.11704936,2.93956060,0.17748877,30.14443044,332.69402086,65.64071338,1.41701357,0.13808233,0.02965961,0.00510826,1028.23202711,0.25000000,0.18605065,0.08147316,5.93213558,0.05119162,0.53860867,9.29156816,0.00022809,1.08952447,0.01453874,0.10192161,33.51417668,8.27632845,54.80236062,0.77232647,0.34972299,0.65522991,0.82019367,0.93306992,0.78524989,0.32980931,0.61796523,0.77790539,0.90624341,-23.72543701,-47.59209712,0.53178675,0.12393221,0.26906549,0.73093451,0.87013240,0.12986760,0.04692007,0.06180008,0.06088306,0.00535512,0.38758737,0.03294988,0.68063114,0.04356652,50.14703785
