Y,A,A_rep,A_hid,L,Q,K,W,P,r,taua,abar,tauk,taul,WtaxRev,KtaxRev,WtaxRev_lost,KtaxRev_lost,G,lump_sum,ylbar,WtaxPct,ShelterPct,ShelterPctP99,TaxEvasionP99,ConcealPctP99,gini,p90,p99,p999,p9999,gini_total,p90_total,p99_total,p999_total,p9999_total,welfare,welfare0,approval,approval0,conceal_share_e,conceal_share_n,evasion_share_e,evasion_share_n,conceal_frac_e,conceal_frac_n,evasion_frac_e,evasion_frac_n,shelter_pct_e,shelter_pct_n,detection_rate,detection_revenue,wtax_evasion_elast
64.88895691,2.82781393,2.82781393,0.00000000,29.50561775,253.54316337,49.98354531,1.27555321,0.15536541,0.04217367,0.04756413,42.35318391,0.25000000,0.18646937,2.13582704,6.96503784,0.00000000,0.00000000,9.18235041,0.01281651,1.01512040,0.50359736,0.00000000,0.00000000,0.00000000,0.00000000,0.74455609,0.39183139,0.72863080,0.86368696,0.94196229,0.74455609,0.39183139,0.72863080,0.86368696,0.94196229,-23.21793087,-46.29215078,0.79456528,0.42054692,-nan,-nan,-nan,-nan,0.00000000,0.00000000,0.00000000,0.00000000,0.00000000,0.00000000,-nan,0.00000000,12.51215213
