Y,A,A_rep,A_hid,L,Q,K,W,P,r,taua,abar,tauk,taul,WtaxRev,KtaxRev,WtaxRev_lost,KtaxRev_lost,G,lump_sum,ylbar,WtaxPct,ShelterPct,ShelterPctP99,TaxEvasionP99,ConcealPctP99,gini,p90,p99,p999,p9999,gini_total,p90_total,p99_total,p999_total,p9999_total,welfare,welfare0,approval,approval0,conceal_share_e,conceal_share_n,evasion_share_e,evasion_share_n,conceal_frac_e,conceal_frac_n,evasion_frac_e,evasion_frac_n,shelter_pct_e,shelter_pct_n,detection_rate,detection_revenue,wtax_evasion_elast
65.58175782,2.85633297,2.85633297,0.00000000,29.60421168,258.88184465,50.99251532,1.28488421,0.15410775,0.04131505,0.03264755,35.69850217,0.25000000,0.18639014,1.79813695,6.92949894,0.00000000,0.00000000,9.18235041,0.01144746,1.01512040,0.64108090,0.00000000,0.00000000,0.00000000,0.00000000,0.75109881,0.38206070,0.70949846,0.84692055,0.93541951,0.75109881,0.38206070,0.70949846,0.84692055,0.93541951,-23.24954680,-46.21261656,0.85385611,0.50707578,-nan,-nan,-nan,-nan,0.00000000,0.00000000,0.00000000,0.00000000,0.00000000,0.00000000,-nan,0.00000000,13.38947098
