Y,A,A_rep,A_hid,L,Q,K,W,P,r,taua,abar,tauk,taul,WtaxRev,KtaxRev,WtaxRev_lost,KtaxRev_lost,G,lump_sum,ylbar,WtaxPct,ShelterPct,ShelterPctP99,TaxEvasionP99,ConcealPctP99,gini,p90,p99,p999,p9999,gini_total,p90_total,p99_total,p999_total,p9999_total,welfare,welfare0,approval,approval0,conceal_share_e,conceal_share_n,evasion_share_e,evasion_share_n,conceal_frac_e,conceal_frac_n,evasion_frac_e,evasion_frac_n,shelter_pct_e,shelter_pct_n,detection_rate,detection_revenue,wtax_evasion_elast
65.59421686,2.85599561,2.85599561,0.00000000,29.60764010,258.96081358,50.98792120,1.28495345,0.15409122,0.04133855,0.03124770,33.13508934,0.25000000,0.18638796,1.79046893,6.93010254,0.00000000,0.00000000,9.18235041,0.01142481,1.01512040,0.82290841,0.00000000,0.00000000,0.00000000,0.00000000,0.75118905,0.38180892,0.70797201,0.84469061,0.93451347,0.75118905,0.38180892,0.70797201,0.84469061,0.93451347,-23.25166398,-46.21651497,0.85377252,0.50651825,-nan,-nan,-nan,-nan,0.00000000,0.00000000,0.00000000,0.00000000,0.00000000,0.00000000,-nan,0.00000000,13.44848106
