Y,A,A_rep,A_hid,L,Q,K,W,P,r,taua,abar,tauk,taul,WtaxRev,KtaxRev,WtaxRev_lost,KtaxRev_lost,G,lump_sum,ylbar,WtaxPct,ShelterPct,ShelterPctP99,TaxEvasionP99,ConcealPctP99,gini,p90,p99,p999,p9999,gini_total,p90_total,p99_total,p999_total,p9999_total,welfare,welfare0,approval,approval0,conceal_share_e,conceal_share_n,evasion_share_e,evasion_share_n,conceal_frac_e,conceal_frac_n,evasion_frac_e,evasion_frac_n,shelter_pct_e,shelter_pct_n,detection_rate,detection_revenue,wtax_evasion_elast
65.63365558,2.85812830,2.85812830,0.00000000,29.61231559,259.26507521,51.06106683,1.28552534,0.15402133,0.04126274,0.03132630,34.42569601,0.25000000,0.18638281,1.77071270,6.92742683,0.00000000,0.00000000,9.18235041,0.01131723,1.01512040,0.84876148,0.00000000,0.00000000,0.00000000,0.00000000,0.75160729,0.38115881,0.70761958,0.84511192,0.93471035,0.75160729,0.38115881,0.70761958,0.84511192,0.93471035,-23.25559610,-46.21547131,0.85741636,0.50955186,-nan,-nan,-nan,-nan,0.00000000,0.00000000,0.00000000,0.00000000,0.00000000,0.00000000,-nan,0.00000000,13.45625090
