Y,A,A_rep,A_hid,L,Q,K,W,P,r,taua,abar,tauk,taul,WtaxRev,KtaxRev,WtaxRev_lost,KtaxRev_lost,G,lump_sum,ylbar,WtaxPct,ShelterPct,ShelterPctP99,TaxEvasionP99,ConcealPctP99,gini,p90,p99,p999,p9999,gini_total,p90_total,p99_total,p999_total,p9999_total,welfare,welfare0,approval,approval0,conceal_share_e,conceal_share_n,evasion_share_e,evasion_share_n,conceal_frac_e,conceal_frac_n,evasion_frac_e,evasion_frac_n,shelter_pct_e,shelter_pct_n,detection_rate,detection_revenue,wtax_evasion_elast
65.54519816,2.85465462,2.85465462,0.00000000,29.59883416,258.59601512,50.93186537,1.28438194,0.15417231,0.04137120,0.03331333,36.09320685,0.25000000,0.18639458,1.81647619,6.93158114,0.00000000,0.00000000,9.18235041,0.01152684,1.01512040,0.64191508,0.00000000,0.00000000,0.00000000,0.00000000,0.75077434,0.38244322,0.71052216,0.84771160,0.93572883,0.75077434,0.38244322,0.71052216,0.84771160,0.93572883,-23.24783207,-46.21667840,0.85057172,0.50167631,-nan,-nan,-nan,-nan,0.00000000,0.00000000,0.00000000,0.00000000,0.00000000,0.00000000,-nan,0.00000000,13.34335314
