Y,A,A_rep,A_hid,L,Q,K,W,P,r,taua,abar,tauk,taul,WtaxRev,KtaxRev,WtaxRev_lost,KtaxRev_lost,G,lump_sum,ylbar,WtaxPct,ShelterPct,ShelterPctP99,TaxEvasionP99,ConcealPctP99,gini,p90,p99,p999,p9999,gini_total,p90_total,p99_total,p999_total,p9999_total,welfare,welfare0,approval,approval0,conceal_share_e,conceal_share_n,evasion_share_e,evasion_share_n,conceal_frac_e,conceal_frac_n,evasion_frac_e,evasion_frac_n,shelter_pct_e,shelter_pct_n,detection_rate,detection_revenue,wtax_evasion_elast
73.61148284,3.11568173,2.94150622,0.17417551,30.13823620,332.38876406,65.56880821,1.41657586,0.13812497,0.02970572,0.00802908,1376.74741399,0.25000000,0.18605621,0.09907762,5.93804961,0.06600060,0.53718892,9.29156816,0.00040487,1.08952447,0.01017141,0.10184128,32.72059922,8.26548608,52.86752400,0.77235350,0.34972845,0.65516697,0.82026231,0.93458225,0.78503925,0.33017763,0.61858705,0.77882709,0.90739402,-23.71552010,-47.57885304,0.67561778,0.32915097,0.26882598,0.73117402,0.85228427,0.14771573,0.04602923,0.06068921,0.06085398,0.00622145,0.38690232,0.03301555,0.67842478,0.04358395,39.14108113
