Y,A,A_rep,A_hid,L,Q,K,W,P,r,taua,abar,tauk,taul,WtaxRev,KtaxRev,WtaxRev_lost,KtaxRev_lost,G,lump_sum,ylbar,WtaxPct,ShelterPct,ShelterPctP99,TaxEvasionP99,ConcealPctP99,gini,p90,p99,p999,p9999,gini_total,p90_total,p99_total,p999_total,p9999_total,welfare,welfare0,approval,approval0,conceal_share_e,conceal_share_n,evasion_share_e,evasion_share_n,conceal_frac_e,conceal_frac_n,evasion_frac_e,evasion_frac_n,shelter_pct_e,shelter_pct_n,detection_rate,detection_revenue,wtax_evasion_elast
73.50708775,3.11118203,2.93377362,0.17740842,30.12498805,331.46925353,65.42323439,1.41524090,0.13827887,0.02977294,0.01397475,1376.74741399,0.25000000,0.18606753,0.15723390,5.93205363,0.11566521,0.54549700,9.29156816,0.00075091,1.08952447,0.00954434,0.10310402,35.26771432,8.81759246,52.55956673,0.77166537,0.35072760,0.65766580,0.82405245,0.93778112,0.78464433,0.33072812,0.62021118,0.78154612,0.91015823,-23.70452511,-47.57099243,0.70118707,0.35614049,0.26902161,0.73097839,0.80678304,0.19321696,0.04697564,0.06189485,0.06271901,0.00888659,0.39017971,0.03379188,0.68145668,0.04703561,29.12157992
