Y,A,A_rep,A_hid,L,Q,K,W,P,r,taua,abar,tauk,taul,WtaxRev,KtaxRev,WtaxRev_lost,KtaxRev_lost,G,lump_sum,ylbar,WtaxPct,ShelterPct,ShelterPctP99,TaxEvasionP99,ConcealPctP99,gini,p90,p99,p999,p9999,gini_total,p90_total,p99_total,p999_total,p9999_total,welfare,welfare0,approval,approval0,conceal_share_e,conceal_share_n,evasion_share_e,evasion_share_n,conceal_frac_e,conceal_frac_n,evasion_frac_e,evasion_frac_n,shelter_pct_e,shelter_pct_n,detection_rate,detection_revenue,wtax_evasion_elast
65.58748949,2.85629255,2.85629255,0.00000000,29.60537251,258.91263600,50.99339003,1.28492090,0.15410135,0.04131946,0.03212927,34.71682869,0.25000000,0.18638984,1.79483793,6.92974866,0.00000000,0.00000000,9.18235041,0.01144306,1.01512040,0.85284827,0.00000000,0.00000000,0.00000000,0.00000000,0.75117099,0.38190573,0.70895240,0.84609808,0.93506581,0.75117099,0.38190573,0.70895240,0.84609808,0.93506581,-23.25008294,-46.21315336,0.85468741,0.50670276,-nan,-nan,-nan,-nan,0.00000000,0.00000000,0.00000000,0.00000000,0.00000000,0.00000000,-nan,0.00000000,13.41554263
