Y,A,A_rep,A_hid,L,Q,K,W,P,r,taua,abar,tauk,taul,WtaxRev,KtaxRev,WtaxRev_lost,KtaxRev_lost,G,lump_sum,ylbar,WtaxPct,ShelterPct,ShelterPctP99,TaxEvasionP99,ConcealPctP99,gini,p90,p99,p999,p9999,gini_total,p90_total,p99_total,p999_total,p9999_total,welfare,welfare0,approval,approval0,conceal_share_e,conceal_share_n,evasion_share_e,evasion_share_n,conceal_frac_e,conceal_frac_n,evasion_frac_e,evasion_frac_n,shelter_pct_e,shelter_pct_n,detection_rate,detection_revenue,wtax_evasion_elast
65.62415011,2.85804277,2.85804277,0.00000000,29.61016294,259.19680677,51.05493866,1.28543558,0.15403588,0.04126068,0.03201882,35.74898745,0.25000000,0.18638459,1.77510989,6.92746963,0.00000000,0.00000000,9.18235041,0.01133711,1.01512040,0.64332830,0.00000000,0.00000000,0.00000000,0.00000000,0.75154700,0.38121400,0.70838506,0.84615691,0.93512955,0.75154700,0.38121400,0.70838506,0.84615691,0.93512955,-23.25434014,-46.21378991,0.85739212,0.51001905,-nan,-nan,-nan,-nan,0.00000000,0.00000000,0.00000000,0.00000000,0.00000000,0.00000000,-nan,0.00000000,13.42389894
