Y,A,A_rep,A_hid,L,Q,K,W,P,r,taua,abar,tauk,taul,WtaxRev,KtaxRev,WtaxRev_lost,KtaxRev_lost,G,lump_sum,ylbar,WtaxPct,ShelterPct,ShelterPctP99,TaxEvasionP99,ConcealPctP99,gini,p90,p99,p999,p9999,gini_total,p90_total,p99_total,p999_total,p9999_total,welfare,welfare0,approval,approval0,conceal_share_e,conceal_share_n,evasion_share_e,evasion_share_n,conceal_frac_e,conceal_frac_n,evasion_frac_e,evasion_frac_n,shelter_pct_e,shelter_pct_n,detection_rate,detection_revenue,wtax_evasion_elast
65.57723207,2.85604033,2.85604033,0.00000000,29.60349413,258.83894770,50.98350990,1.28480974,0.15411773,0.04132347,0.03270250,35.63527033,0.25000000,0.18639060,1.80099001,6.92989740,0.00000000,0.00000000,9.18235041,0.01146315,1.01512040,0.64034583,0.00000000,0.00000000,0.00000000,0.00000000,0.75105338,0.38213743,0.70961452,0.84695631,0.93542461,0.75105338,0.38213743,0.70961452,0.84695631,0.93542461,-23.24909146,-46.21287889,0.85355193,0.50667907,-nan,-nan,-nan,-nan,0.00000000,0.00000000,0.00000000,0.00000000,0.00000000,0.00000000,-nan,0.00000000,13.38571436
