Y,A,A_rep,A_hid,L,Q,K,W,P,r,taua,abar,tauk,taul,WtaxRev,KtaxRev,WtaxRev_lost,KtaxRev_lost,G,lump_sum,ylbar,WtaxPct,ShelterPct,ShelterPctP99,TaxEvasionP99,ConcealPctP99,gini,p90,p99,p999,p9999,gini_total,p90_total,p99_total,p999_total,p9999_total,welfare,welfare0,approval,approval0,conceal_share_e,conceal_share_n,evasion_share_e,evasion_share_n,conceal_frac_e,conceal_frac_n,evasion_frac_e,evasion_frac_n,shelter_pct_e,shelter_pct_n,detection_rate,detection_revenue,wtax_evasion_elast
65.00313329,2.83134238,2.83134238,0.00000000,29.52244843,254.45470538,50.10234513,1.27706194,0.15513593,0.04211634,0.04152588,35.14972135,0.25000000,0.18646881,2.09575171,6.96069841,0.00000000,0.00000000,9.18235041,0.01282028,1.01512040,0.60589990,0.00000000,0.00000000,0.00000000,0.00000000,0.74564685,0.39039617,0.72375153,0.85651198,0.93885641,0.74564685,0.39039617,0.72375153,0.85651198,0.93885641,-23.20593328,-46.24618266,0.80972684,0.43916710,-nan,-nan,-nan,-nan,0.00000000,0.00000000,0.00000000,0.00000000,0.00000000,0.00000000,-nan,0.00000000,12.84408085
