Y,A,A_rep,A_hid,L,Q,K,W,P,r,taua,abar,tauk,taul,WtaxRev,KtaxRev,WtaxRev_lost,KtaxRev_lost,G,lump_sum,ylbar,WtaxPct,ShelterPct,ShelterPctP99,TaxEvasionP99,ConcealPctP99,gini,p90,p99,p999,p9999,gini_total,p90_total,p99_total,p999_total,p9999_total,welfare,welfare0,approval,approval0,conceal_share_e,conceal_share_n,evasion_share_e,evasion_share_n,conceal_frac_e,conceal_frac_n,evasion_frac_e,evasion_frac_n,shelter_pct_e,shelter_pct_n,detection_rate,detection_revenue,wtax_evasion_elast
65.85537482,2.86847993,2.86847993,0.00000000,29.64310315,260.94702531,51.43310435,1.28853170,0.15364523,0.04090889,0.03000000,39.87097334,0.25000000,0.18634639,1.64464879,6.91441153,0.00000000,0.00000000,9.18235041,0.01060642,1.01512040,0.68644488,0.00000000,0.00000000,0.00000000,0.00000000,0.75375290,0.37773821,0.70348725,0.84444140,0.93466196,0.75375290,0.37773821,0.70348725,0.84444140,0.93466196,-23.28663944,-46.23229572,0.87456818,0.60303555,-nan,-nan,-nan,-nan,0.00000000,0.00000000,0.00000000,0.00000000,0.00000000,0.00000000,-nan,0.00000000,13.57124173
