Y,A,A_rep,A_hid,L,Q,K,W,P,r,taua,abar,tauk,taul,WtaxRev,KtaxRev,WtaxRev_lost,KtaxRev_lost,G,lump_sum,ylbar,WtaxPct,ShelterPct,ShelterPctP99,TaxEvasionP99,ConcealPctP99,gini,p90,p99,p999,p9999,gini_total,p90_total,p99_total,p999_total,p9999_total,welfare,welfare0,approval,approval0,conceal_share_e,conceal_share_n,evasion_share_e,evasion_share_n,conceal_frac_e,conceal_frac_n,evasion_frac_e,evasion_frac_n,shelter_pct_e,shelter_pct_n,detection_rate,detection_revenue,wtax_evasion_elast
73.51691146,3.11158904,2.92984465,0.18174439,30.12583754,331.52564310,65.44258172,1.41534207,0.13827107,0.02975707,0.01249420,1211.27992642,0.25000000,0.18606722,0.15620359,5.93085417,0.11589842,0.54355143,9.29156816,0.00073906,1.08952447,0.01075543,0.10323474,36.05911101,8.65652596,53.35568483,0.77142051,0.35108445,0.65841622,0.82506889,0.93764289,0.78472989,0.33057800,0.62000621,0.78135418,0.90982898,-23.70535403,-47.57095534,0.69872830,0.35609296,0.26636197,0.73363803,0.80579546,0.19420454,0.04763530,0.06363417,0.06249530,0.00891047,0.38966032,0.03407955,0.67828890,0.04658056,31.36919793
