Y,A,A_rep,A_hid,L,Q,K,W,P,r,taua,abar,tauk,taul,WtaxRev,KtaxRev,WtaxRev_lost,KtaxRev_lost,G,lump_sum,ylbar,WtaxPct,ShelterPct,ShelterPctP99,TaxEvasionP99,ConcealPctP99,gini,p90,p99,p999,p9999,gini_total,p90_total,p99_total,p999_total,p9999_total,welfare,welfare0,approval,approval0,conceal_share_e,conceal_share_n,evasion_share_e,evasion_share_n,conceal_frac_e,conceal_frac_n,evasion_frac_e,evasion_frac_n,shelter_pct_e,shelter_pct_n,detection_rate,detection_revenue,wtax_evasion_elast
65.57751661,2.85717910,2.85717910,0.00000000,29.60054572,258.85008632,51.01428277,1.28493769,0.15411177,0.04126839,0.03591733,44.11537068,0.25000000,0.18638434,1.79090393,6.92860592,0.00000000,0.00000000,9.18235041,0.01132266,1.01512040,0.54405528,0.00000000,0.00000000,0.00000000,0.00000000,0.75096470,0.38199474,0.71164722,0.85176117,0.93756083,0.75096470,0.38199474,0.71164722,0.85176117,0.93756083,-23.25615041,-46.22577906,0.84933990,0.49963363,-nan,-nan,-nan,-nan,0.00000000,0.00000000,0.00000000,0.00000000,0.00000000,0.00000000,-nan,0.00000000,13.20121820
