Y,A,A_rep,A_hid,L,Q,K,W,P,r,taua,abar,tauk,taul,WtaxRev,KtaxRev,WtaxRev_lost,KtaxRev_lost,G,lump_sum,ylbar,WtaxPct,ShelterPct,ShelterPctP99,TaxEvasionP99,ConcealPctP99,gini,p90,p99,p999,p9999,gini_total,p90_total,p99_total,p999_total,p9999_total,welfare,welfare0,approval,approval0,conceal_share_e,conceal_share_n,evasion_share_e,evasion_share_n,conceal_frac_e,conceal_frac_n,evasion_frac_e,evasion_frac_n,shelter_pct_e,shelter_pct_n,detection_rate,detection_revenue,wtax_evasion_elast
65.38820105,2.84681998,2.84681998,0.00000000,29.57871258,257.38986711,50.64976176,1.28214861,0.15444810,0.04165799,0.03369817,32.18826243,0.25000000,0.18641838,1.89809328,6.94201685,0.00000000,0.00000000,9.18235041,0.01194633,1.01512040,0.79478121,0.00000000,0.00000000,0.00000000,0.00000000,0.74922316,0.38488127,0.71257508,0.84726601,0.93541588,0.74922316,0.38488127,0.71257508,0.84726601,0.93541588,-23.23344679,-46.22470578,0.83507189,0.47083065,-nan,-nan,-nan,-nan,0.00000000,0.00000000,0.00000000,0.00000000,0.00000000,0.00000000,-nan,0.00000000,13.29340423
