Y,A,A_rep,A_hid,L,Q,K,W,P,r,taua,abar,tauk,taul,WtaxRev,KtaxRev,WtaxRev_lost,KtaxRev_lost,G,lump_sum,ylbar,WtaxPct,ShelterPct,ShelterPctP99,TaxEvasionP99,ConcealPctP99,gini,p90,p99,p999,p9999,gini_total,p90_total,p99_total,p999_total,p9999_total,welfare,welfare0,approval,approval0,conceal_share_e,conceal_share_n,evasion_share_e,evasion_share_n,conceal_frac_e,conceal_frac_n,evasion_frac_e,evasion_frac_n,shelter_pct_e,shelter_pct_n,detection_rate,detection_revenue,wtax_evasion_elast
65.80121294,2.86806313,2.86806313,0.00000000,29.63401682,260.44896221,51.44614432,1.28786169,0.15378248,0.04081075,0.04131102,72.92648153,0.25000000,0.18633080,1.64023741,6.91506041,0.00000000,0.00000000,9.18235041,0.01028342,1.01512040,0.33867386,0.00000000,0.00000000,0.00000000,0.00000000,0.75314323,0.37843523,0.70828130,0.85923138,0.94131704,0.75314323,0.37843523,0.70828130,0.85923138,0.94131704,-23.31634903,-46.29894039,0.83561386,0.47317734,-nan,-nan,-nan,-nan,0.00000000,0.00000000,0.00000000,0.00000000,0.00000000,0.00000000,-nan,0.00000000,13.00056987
