Y,A,A_rep,A_hid,L,Q,K,W,P,r,taua,abar,tauk,taul,WtaxRev,KtaxRev,WtaxRev_lost,KtaxRev_lost,G,lump_sum,ylbar,WtaxPct,ShelterPct,ShelterPctP99,TaxEvasionP99,ConcealPctP99,gini,p90,p99,p999,p9999,gini_total,p90_total,p99_total,p999_total,p9999_total,welfare,welfare0,approval,approval0,conceal_share_e,conceal_share_n,evasion_share_e,evasion_share_n,conceal_frac_e,conceal_frac_n,evasion_frac_e,evasion_frac_n,shelter_pct_e,shelter_pct_n,detection_rate,detection_revenue,wtax_evasion_elast
65.53472947,2.85389433,2.85389433,0.00000000,29.59843635,258.53543217,50.91336309,1.28424738,0.15418704,0.04139386,0.03291118,34.75695683,0.25000000,0.18639592,1.82221127,6.93179221,0.00000000,0.00000000,9.18235041,0.01156814,1.01512040,0.85130455,0.00000000,0.00000000,0.00000000,0.00000000,0.75067646,0.38270596,0.71027349,0.84702160,0.93542341,0.75067646,0.38270596,0.71027349,0.84702160,0.93542341,-23.24571261,-46.21461706,0.85088113,0.50115429,-nan,-nan,-nan,-nan,0.00000000,0.00000000,0.00000000,0.00000000,0.00000000,0.00000000,-nan,0.00000000,13.37087725
