Y,A,A_rep,A_hid,L,Q,K,W,P,r,taua,abar,tauk,taul,WtaxRev,KtaxRev,WtaxRev_lost,KtaxRev_lost,G,lump_sum,ylbar,WtaxPct,ShelterPct,ShelterPctP99,TaxEvasionP99,ConcealPctP99,gini,p90,p99,p999,p9999,gini_total,p90_total,p99_total,p999_total,p9999_total,welfare,welfare0,approval,approval0,conceal_share_e,conceal_share_n,evasion_share_e,evasion_share_n,conceal_frac_e,conceal_frac_n,evasion_frac_e,evasion_frac_n,shelter_pct_e,shelter_pct_n,detection_rate,detection_revenue,wtax_evasion_elast
73.60657231,3.11519285,2.91791163,0.19728122,30.13969660,332.29276485,65.61196974,1.41646625,0.13815729,0.02965122,0.00643759,778.45824047,0.25000000,0.18605241,0.11575719,5.91857499,0.08027607,0.53979331,9.29156816,0.00034875,1.08952447,0.02038676,0.10378130,36.19518059,8.34326079,55.82540300,0.77071241,0.35220195,0.66021138,0.82687740,0.93509316,0.78518939,0.32989744,0.61844764,0.77897683,0.90722006,-23.72458852,-47.59525941,0.54838289,0.18291479,0.25961240,0.74038760,0.84089697,0.15910303,0.05032792,0.06963633,0.06164220,0.00688738,0.39133677,0.03435331,0.67190460,0.04511814,47.42413424
