Y,A,A_rep,A_hid,L,Q,K,W,P,r,taua,abar,tauk,taul,WtaxRev,KtaxRev,WtaxRev_lost,KtaxRev_lost,G,lump_sum,ylbar,WtaxPct,ShelterPct,ShelterPctP99,TaxEvasionP99,ConcealPctP99,gini,p90,p99,p999,p9999,gini_total,p90_total,p99_total,p999_total,p9999_total,welfare,welfare0,approval,approval0,conceal_share_e,conceal_share_n,evasion_share_e,evasion_share_n,conceal_frac_e,conceal_frac_n,evasion_frac_e,evasion_frac_n,shelter_pct_e,shelter_pct_n,detection_rate,detection_revenue,wtax_evasion_elast
73.49915764,3.11086548,2.92695174,0.18391374,30.12384180,331.38790243,65.42327881,1.41514208,0.13829453,0.02976430,0.01342484,1194.30147006,0.25000000,0.18606841,0.16692655,5.92891670,0.12644482,0.54427818,9.29156816,0.00079804,1.08952447,0.01139076,0.10353843,37.27394105,8.77068465,53.74268373,0.77119727,0.35145969,0.65917016,0.82613944,0.93844054,0.78468206,0.33068147,0.62024799,0.78178073,0.91025164,-23.70323146,-47.56872277,0.70536293,0.35648049,0.26581107,0.73418893,0.79682274,0.20317726,0.04811331,0.06445841,0.06277868,0.00947486,0.39038960,0.03428049,0.67726827,0.04710803,30.31792913
