Y,A,A_rep,A_hid,L,Q,K,W,P,r,taua,abar,tauk,taul,WtaxRev,KtaxRev,WtaxRev_lost,KtaxRev_lost,G,lump_sum,ylbar,WtaxPct,ShelterPct,ShelterPctP99,TaxEvasionP99,ConcealPctP99,gini,p90,p99,p999,p9999,gini_total,p90_total,p99_total,p999_total,p9999_total,welfare,welfare0,approval,approval0,conceal_share_e,conceal_share_n,evasion_share_e,evasion_share_n,conceal_frac_e,conceal_frac_n,evasion_frac_e,evasion_frac_n,shelter_pct_e,shelter_pct_n,detection_rate,detection_revenue,wtax_evasion_elast
73.48979630,3.11049186,2.92750258,0.18298928,30.12223895,331.31088187,65.41090596,1.41503996,0.13830611,0.02976938,0.01418138,1225.08372397,0.25000000,0.18607078,0.17130000,5.93165426,0.13136146,0.54262122,9.29156816,0.00086076,1.08952447,0.01066165,0.10351788,37.88620101,8.71801863,53.38147465,0.77123158,0.35141515,0.65911850,0.82612610,0.93873445,0.78464814,0.33074150,0.62039059,0.78200647,0.91048585,-23.69953071,-47.56234122,0.72310741,0.37546561,0.26689782,0.73310218,0.79289105,0.20710895,0.04807225,0.06404762,0.06273237,0.00970163,0.39068073,0.03418469,0.67571155,0.04699803,29.52065506
