Y,A,A_rep,A_hid,L,Q,K,W,P,r,taua,abar,tauk,taul,WtaxRev,KtaxRev,WtaxRev_lost,KtaxRev_lost,G,lump_sum,ylbar,WtaxPct,ShelterPct,ShelterPctP99,TaxEvasionP99,ConcealPctP99,gini,p90,p99,p999,p9999,gini_total,p90_total,p99_total,p999_total,p9999_total,welfare,welfare0,approval,approval0,conceal_share_e,conceal_share_n,evasion_share_e,evasion_share_n,conceal_frac_e,conceal_frac_n,evasion_frac_e,evasion_frac_n,shelter_pct_e,shelter_pct_n,detection_rate,detection_revenue,wtax_evasion_elast
65.75123267,2.86346303,2.86346303,0.00000000,29.62907591,260.14881621,51.25441637,1.28709337,0.15382455,0.04108082,0.03000000,35.17424628,0.25000000,0.18636628,1.70704669,6.92078487,0.00000000,0.00000000,9.18235041,0.01098759,1.01512040,0.64685086,0.00000000,0.00000000,0.00000000,0.00000000,0.75281857,0.37925973,0.70498248,0.84374504,0.93426579,0.75281857,0.37925973,0.70498248,0.84374504,0.93426579,-23.26986222,-46.21926250,0.86891630,0.52944789,-nan,-nan,-nan,-nan,0.00000000,0.00000000,0.00000000,0.00000000,0.00000000,0.00000000,-nan,0.00000000,13.56422799
