Y,A,A_rep,A_hid,L,Q,K,W,P,r,taua,abar,tauk,taul,WtaxRev,KtaxRev,WtaxRev_lost,KtaxRev_lost,G,lump_sum,ylbar,WtaxPct,ShelterPct,ShelterPctP99,TaxEvasionP99,ConcealPctP99,gini,p90,p99,p999,p9999,gini_total,p90_total,p99_total,p999_total,p9999_total,welfare,welfare0,approval,approval0,conceal_share_e,conceal_share_n,evasion_share_e,evasion_share_n,conceal_frac_e,conceal_frac_n,evasion_frac_e,evasion_frac_n,shelter_pct_e,shelter_pct_n,detection_rate,detection_revenue,wtax_evasion_elast
73.57313244,3.11387736,2.93511057,0.17876679,30.13438939,332.05421012,65.52787255,1.41608746,0.13818528,0.02971805,0.00954732,1263.64523889,0.25000000,0.18605713,0.12170157,5.93025232,0.08494191,0.54282983,9.29156816,0.00048181,1.08952447,0.01093750,0.10266012,33.20702039,8.55889541,53.56883031,0.77187919,0.35041670,0.65683322,0.82259039,0.93580654,0.78493441,0.33029938,0.61917118,0.77981706,0.90831066,-23.71609509,-47.58467380,0.65574120,0.31293349,0.26694519,0.73305481,0.83454798,0.16545202,0.04693116,0.06249060,0.06186438,0.00724283,0.38881719,0.03356977,0.68074007,0.04576930,35.96989752
