Y,A,A_rep,A_hid,L,Q,K,W,P,r,taua,abar,tauk,taul,WtaxRev,KtaxRev,WtaxRev_lost,KtaxRev_lost,G,lump_sum,ylbar,WtaxPct,ShelterPct,ShelterPctP99,TaxEvasionP99,ConcealPctP99,gini,p90,p99,p999,p9999,gini_total,p90_total,p99_total,p999_total,p9999_total,welfare,welfare0,approval,approval0,conceal_share_e,conceal_share_n,evasion_share_e,evasion_share_n,conceal_frac_e,conceal_frac_n,evasion_frac_e,evasion_frac_n,shelter_pct_e,shelter_pct_n,detection_rate,detection_revenue,wtax_evasion_elast
65.62657437,2.85809300,2.85809300,0.00000000,29.61066482,259.21442719,51.05800508,1.28546248,0.15403228,0.04125865,0.03178992,35.14450004,0.25000000,0.18638476,1.77480774,6.92736881,0.00000000,0.00000000,9.18235041,0.01134410,1.01512040,0.63992277,0.00000000,0.00000000,0.00000000,0.00000000,0.75159504,0.38119374,0.70815308,0.84580077,0.93497541,0.75159504,0.38119374,0.70815308,0.84580077,0.93497541,-23.25395812,-46.21245950,0.85822732,0.51037659,-nan,-nan,-nan,-nan,0.00000000,0.00000000,0.00000000,0.00000000,0.00000000,0.00000000,-nan,0.00000000,13.44319676
