Y,A,A_rep,A_hid,L,Q,K,W,P,r,taua,abar,tauk,taul,WtaxRev,KtaxRev,WtaxRev_lost,KtaxRev_lost,G,lump_sum,ylbar,WtaxPct,ShelterPct,ShelterPctP99,TaxEvasionP99,ConcealPctP99,gini,p90,p99,p999,p9999,gini_total,p90_total,p99_total,p999_total,p9999_total,welfare,welfare0,approval,approval0,conceal_share_e,conceal_share_n,evasion_share_e,evasion_share_n,conceal_frac_e,conceal_frac_n,evasion_frac_e,evasion_frac_n,shelter_pct_e,shelter_pct_n,detection_rate,detection_revenue,wtax_evasion_elast
65.58479381,2.85611629,2.85611629,0.00000000,29.60521915,258.89475833,50.98922311,1.28488498,0.15410585,0.04132392,0.03218770,34.74083899,0.25000000,0.18638893,1.79651126,6.92978391,0.00000000,0.00000000,9.18235041,0.01144135,1.01512040,0.85294591,0.00000000,0.00000000,0.00000000,0.00000000,0.75113519,0.38195515,0.70903512,0.84618081,0.93510734,0.75113519,0.38195515,0.70903512,0.84618081,0.93510734,-23.25068805,-46.21497484,0.85374461,0.50626843,-nan,-nan,-nan,-nan,0.00000000,0.00000000,0.00000000,0.00000000,0.00000000,0.00000000,-nan,0.00000000,13.41240053
