Y,A,A_rep,A_hid,L,Q,K,W,P,r,taua,abar,tauk,taul,WtaxRev,KtaxRev,WtaxRev_lost,KtaxRev_lost,G,lump_sum,ylbar,WtaxPct,ShelterPct,ShelterPctP99,TaxEvasionP99,ConcealPctP99,gini,p90,p99,p999,p9999,gini_total,p90_total,p99_total,p999_total,p9999_total,welfare,welfare0,approval,approval0,conceal_share_e,conceal_share_n,evasion_share_e,evasion_share_n,conceal_frac_e,conceal_frac_n,evasion_frac_e,evasion_frac_n,shelter_pct_e,shelter_pct_n,detection_rate,detection_revenue,wtax_evasion_elast
65.56620585,2.85534124,2.85534124,0.00000000,29.60233859,258.75341308,50.95902067,1.28463871,0.15413705,0.04135163,0.03242662,34.67335133,0.25000000,0.18639280,1.80674500,6.93088711,0.00000000,0.00000000,9.18235041,0.01150705,1.01512040,0.85116862,0.00000000,0.00000000,0.00000000,0.00000000,0.75096978,0.38217020,0.70943086,0.84644100,0.93519860,0.75096978,0.38217020,0.70943086,0.84644100,0.93519860,-23.24737123,-46.21173426,0.85315615,0.50626831,-nan,-nan,-nan,-nan,0.00000000,0.00000000,0.00000000,0.00000000,0.00000000,0.00000000,-nan,0.00000000,13.39123380
