Y,A,A_rep,A_hid,L,Q,K,W,P,r,taua,abar,tauk,taul,WtaxRev,KtaxRev,WtaxRev_lost,KtaxRev_lost,G,lump_sum,ylbar,WtaxPct,ShelterPct,ShelterPctP99,TaxEvasionP99,ConcealPctP99,gini,p90,p99,p999,p9999,gini_total,p90_total,p99_total,p999_total,p9999_total,welfare,welfare0,approval,approval0,conceal_share_e,conceal_share_n,evasion_share_e,evasion_share_n,conceal_frac_e,conceal_frac_n,evasion_frac_e,evasion_frac_n,shelter_pct_e,shelter_pct_n,detection_rate,detection_revenue,wtax_evasion_elast
73.55970994,3.11325162,2.91300372,0.20024790,30.13323953,331.85426436,65.54338456,1.41583807,0.13823041,0.02968201,0.00871742,843.37316687,0.25000000,0.18605880,0.14277627,5.91592715,0.10583779,0.54281328,9.29156816,0.00051654,1.08952447,0.01765165,0.10414355,37.05074308,8.66395027,55.82597254,0.77030191,0.35278482,0.66167259,0.82911181,0.93682082,0.78503228,0.33009330,0.61916043,0.78026710,0.90855071,-23.71920767,-47.59113109,0.62810841,0.29667543,0.25819128,0.74180872,0.81653686,0.18346314,0.05083044,0.07086763,0.06241533,0.00829322,0.39061594,0.03497707,0.67362214,0.04678977,40.40281053
