Y,A,A_rep,A_hid,L,Q,K,W,P,r,taua,abar,tauk,taul,WtaxRev,KtaxRev,WtaxRev_lost,KtaxRev_lost,G,lump_sum,ylbar,WtaxPct,ShelterPct,ShelterPctP99,TaxEvasionP99,ConcealPctP99,gini,p90,p99,p999,p9999,gini_total,p90_total,p99_total,p999_total,p9999_total,welfare,welfare0,approval,approval0,conceal_share_e,conceal_share_n,evasion_share_e,evasion_share_n,conceal_frac_e,conceal_frac_n,evasion_frac_e,evasion_frac_n,shelter_pct_e,shelter_pct_n,detection_rate,detection_revenue,wtax_evasion_elast
65.58226509,2.85628733,2.85628733,0.00000000,29.60407708,258.87215903,50.99044350,1.28486962,0.15411008,0.04131706,0.03252154,35.32787494,0.25000000,0.18639120,1.79881151,6.92980462,0.00000000,0.00000000,9.18235041,0.01146576,1.01512040,0.63875661,0.00000000,0.00000000,0.00000000,0.00000000,0.75112627,0.38188831,0.70942198,0.84668736,0.93531114,0.75112627,0.38188831,0.70942198,0.84668736,0.93531114,-23.24855249,-46.21060165,0.85494204,0.50995652,-nan,-nan,-nan,-nan,0.00000000,0.00000000,0.00000000,0.00000000,0.00000000,0.00000000,-nan,0.00000000,13.39699516
