Y,A,A_rep,A_hid,L,Q,K,W,P,r,taua,abar,tauk,taul,WtaxRev,KtaxRev,WtaxRev_lost,KtaxRev_lost,G,lump_sum,ylbar,WtaxPct,ShelterPct,ShelterPctP99,TaxEvasionP99,ConcealPctP99,gini,p90,p99,p999,p9999,gini_total,p90_total,p99_total,p999_total,p9999_total,welfare,welfare0,approval,approval0,conceal_share_e,conceal_share_n,evasion_share_e,evasion_share_n,conceal_frac_e,conceal_frac_n,evasion_frac_e,evasion_frac_n,shelter_pct_e,shelter_pct_n,detection_rate,detection_revenue,wtax_evasion_elast
65.29861250,2.84059537,2.84059537,0.00000000,29.57178063,256.71552015,50.45207320,1.28074327,0.15460755,0.04189491,0.03216772,27.19302597,0.25000000,0.18642232,1.93933676,6.94897013,0.00000000,0.00000000,9.18235041,0.01213943,1.01512040,1.03340914,0.00000000,0.00000000,0.00000000,0.00000000,0.74803041,0.38677084,0.71079016,0.84417275,0.93408042,0.74803041,0.38677084,0.71079016,0.84417275,0.93408042,-23.22854942,-46.24154493,0.82549953,0.45882093,-nan,-nan,-nan,-nan,0.00000000,0.00000000,0.00000000,0.00000000,0.00000000,0.00000000,-nan,0.00000000,13.44089039
