Y,A,A_rep,A_hid,L,Q,K,W,P,r,taua,abar,tauk,taul,WtaxRev,KtaxRev,WtaxRev_lost,KtaxRev_lost,G,lump_sum,ylbar,WtaxPct,ShelterPct,ShelterPctP99,TaxEvasionP99,ConcealPctP99,gini,p90,p99,p999,p9999,gini_total,p90_total,p99_total,p999_total,p9999_total,welfare,welfare0,approval,approval0,conceal_share_e,conceal_share_n,evasion_share_e,evasion_share_n,conceal_frac_e,conceal_frac_n,evasion_frac_e,evasion_frac_n,shelter_pct_e,shelter_pct_n,detection_rate,detection_revenue,wtax_evasion_elast
65.51366146,2.85329633,2.85329633,0.00000000,29.59408973,258.36203903,50.88177696,1.28397225,0.15422411,0.04141737,0.03358574,35.42893834,0.25000000,0.18640089,1.83538164,6.93333322,0.00000000,0.00000000,9.18235041,0.01164057,1.01512040,0.63594373,0.00000000,0.00000000,0.00000000,0.00000000,0.75048737,0.38286671,0.71115919,0.84792827,0.93578744,0.75048737,0.38286671,0.71115919,0.84792827,0.93578744,-23.24210048,-46.21182778,0.85014333,0.50011144,-nan,-nan,-nan,-nan,0.00000000,0.00000000,0.00000000,0.00000000,0.00000000,0.00000000,-nan,0.00000000,13.32745760
