Y,A,A_rep,A_hid,L,Q,K,W,P,r,taua,abar,tauk,taul,WtaxRev,KtaxRev,WtaxRev_lost,KtaxRev_lost,G,lump_sum,ylbar,WtaxPct,ShelterPct,ShelterPctP99,TaxEvasionP99,ConcealPctP99,gini,p90,p99,p999,p9999,gini_total,p90_total,p99_total,p999_total,p9999_total,welfare,welfare0,approval,approval0,conceal_share_e,conceal_share_n,evasion_share_e,evasion_share_n,conceal_frac_e,conceal_frac_n,evasion_frac_e,evasion_frac_n,shelter_pct_e,shelter_pct_n,detection_rate,detection_revenue,wtax_evasion_elast
73.41960817,3.10934387,2.87975917,0.22958470,30.12538681,330.13381479,65.62525280,1.41354887,0.13861820,0.02943340,0.01694157,873.05111165,0.25000000,0.18606413,0.19905844,5.89585336,0.24581006,0.54661559,9.29156816,0.00068461,1.08952447,0.01463085,0.10711929,60.69123615,11.23321188,53.70191462,0.76873567,0.35541548,0.66898522,0.84153544,0.94844658,0.78576565,0.32917266,0.61964961,0.78389687,0.91341968,-23.75330590,-47.66844697,0.43187315,0.04628451,0.29392749,0.70607251,0.74075083,0.25924917,0.06620475,0.07755913,0.06831358,0.01424460,0.39874930,0.03670754,0.66819554,0.06626067,39.22975358
