Y,A,A_rep,A_hid,L,Q,K,W,P,r,taua,abar,tauk,taul,WtaxRev,KtaxRev,WtaxRev_lost,KtaxRev_lost,G,lump_sum,ylbar,WtaxPct,ShelterPct,ShelterPctP99,TaxEvasionP99,ConcealPctP99,gini,p90,p99,p999,p9999,gini_total,p90_total,p99_total,p999_total,p9999_total,welfare,welfare0,approval,approval0,conceal_share_e,conceal_share_n,evasion_share_e,evasion_share_n,conceal_frac_e,conceal_frac_n,evasion_frac_e,evasion_frac_n,shelter_pct_e,shelter_pct_n,detection_rate,detection_revenue,wtax_evasion_elast
65.58772872,2.85665695,2.85665695,0.00000000,29.60458338,258.91284566,50.99792316,1.28494307,0.15409987,0.04131054,0.03251074,35.55524229,0.25000000,0.18639035,1.79541038,6.92982872,0.00000000,0.00000000,9.18235041,0.01144674,1.01512040,0.64059934,0.00000000,0.00000000,0.00000000,0.00000000,0.75117121,0.38181533,0.70928325,0.84672253,0.93533298,0.75117121,0.38181533,0.70928325,0.84672253,0.93533298,-23.24919055,-46.21109390,0.85522384,0.50995681,-nan,-nan,-nan,-nan,0.00000000,0.00000000,0.00000000,0.00000000,0.00000000,0.00000000,-nan,0.00000000,13.39510453
