Y,A,A_rep,A_hid,L,Q,K,W,P,r,taua,abar,tauk,taul,WtaxRev,KtaxRev,WtaxRev_lost,KtaxRev_lost,G,lump_sum,ylbar,WtaxPct,ShelterPct,ShelterPctP99,TaxEvasionP99,ConcealPctP99,gini,p90,p99,p999,p9999,gini_total,p90_total,p99_total,p999_total,p9999_total,welfare,welfare0,approval,approval0,conceal_share_e,conceal_share_n,evasion_share_e,evasion_share_n,conceal_frac_e,conceal_frac_n,evasion_frac_e,evasion_frac_n,shelter_pct_e,shelter_pct_n,detection_rate,detection_revenue,wtax_evasion_elast
63.40460336,2.73549129,2.73549129,0.00000000,29.37341622,242.15149711,46.91616459,1.25198022,0.15822348,0.04595327,0.04119427,13.86480273,0.25000000,0.18660529,2.82150991,7.08042876,0.00000000,0.00000000,9.18235041,0.01554364,1.01512040,3.61636962,0.00000000,0.00000000,0.00000000,0.00000000,0.72509573,0.42185352,0.72383078,0.84420564,0.93305010,0.72509573,0.42185352,0.72383078,0.84420564,0.93305010,-23.19146934,-46.64868970,0.70854647,0.35648955,-nan,-nan,-nan,-nan,0.00000000,0.00000000,0.00000000,0.00000000,0.00000000,0.00000000,-nan,0.00000000,13.77142584
