Y,A,A_rep,A_hid,L,Q,K,W,P,r,taua,abar,tauk,taul,WtaxRev,KtaxRev,WtaxRev_lost,KtaxRev_lost,G,lump_sum,ylbar,WtaxPct,ShelterPct,ShelterPctP99,TaxEvasionP99,ConcealPctP99,gini,p90,p99,p999,p9999,gini_total,p90_total,p99_total,p999_total,p9999_total,welfare,welfare0,approval,approval0,conceal_share_e,conceal_share_n,evasion_share_e,evasion_share_n,conceal_frac_e,conceal_frac_n,evasion_frac_e,evasion_frac_n,shelter_pct_e,shelter_pct_n,detection_rate,detection_revenue,wtax_evasion_elast
65.60276101,2.85721413,2.85721413,0.00000000,29.60690220,259.02858894,51.02287032,1.28514692,0.15407427,0.04128744,0.03232828,35.68454559,0.25000000,0.18638810,1.78702819,6.92869835,0.00000000,0.00000000,9.18235041,0.01140125,1.01512040,0.64203985,0.00000000,0.00000000,0.00000000,0.00000000,0.75131565,0.38163590,0.70897578,0.84652846,0.93526761,0.75131565,0.38163590,0.70897578,0.84652846,0.93526761,-23.25118281,-46.21211007,0.85575146,0.51001872,-nan,-nan,-nan,-nan,0.00000000,0.00000000,0.00000000,0.00000000,0.00000000,0.00000000,-nan,0.00000000,13.40686936
