Y,A,A_rep,A_hid,L,Q,K,W,P,r,taua,abar,tauk,taul,WtaxRev,KtaxRev,WtaxRev_lost,KtaxRev_lost,G,lump_sum,ylbar,WtaxPct,ShelterPct,ShelterPctP99,TaxEvasionP99,ConcealPctP99,gini,p90,p99,p999,p9999,gini_total,p90_total,p99_total,p999_total,p9999_total,welfare,welfare0,approval,approval0,conceal_share_e,conceal_share_n,evasion_share_e,evasion_share_n,conceal_frac_e,conceal_frac_n,evasion_frac_e,evasion_frac_n,shelter_pct_e,shelter_pct_n,detection_rate,detection_revenue,wtax_evasion_elast
65.53943547,2.85422940,2.85422940,0.00000000,29.59852116,258.55326845,50.91850945,1.28428872,0.15418254,0.04138763,0.03294877,34.91497412,0.25000000,0.18639582,1.82058134,6.93210582,0.00000000,0.00000000,9.18235041,0.01155997,1.01512040,0.85470368,0.00000000,0.00000000,0.00000000,0.00000000,0.75070094,0.38263921,0.71030713,0.84710034,0.93545357,0.75070094,0.38263921,0.71030713,0.84710034,0.93545357,-23.24597577,-46.21487341,0.85087187,0.50116111,-nan,-nan,-nan,-nan,0.00000000,0.00000000,0.00000000,0.00000000,0.00000000,0.00000000,-nan,0.00000000,13.37095202
