Y,A,A_rep,A_hid,L,Q,K,W,P,r,taua,abar,tauk,taul,WtaxRev,KtaxRev,WtaxRev_lost,KtaxRev_lost,G,lump_sum,ylbar,WtaxPct,ShelterPct,ShelterPctP99,TaxEvasionP99,ConcealPctP99,gini,p90,p99,p999,p9999,gini_total,p90_total,p99_total,p999_total,p9999_total,welfare,welfare0,approval,approval0,conceal_share_e,conceal_share_n,evasion_share_e,evasion_share_n,conceal_frac_e,conceal_frac_n,evasion_frac_e,evasion_frac_n,shelter_pct_e,shelter_pct_n,detection_rate,detection_revenue,wtax_evasion_elast
65.58033100,2.85622544,2.85622544,0.00000000,29.60395964,258.86443707,50.98882319,1.28485349,0.15411191,0.04131860,0.03258191,35.41458886,0.25000000,0.18639002,1.79965358,6.92979116,0.00000000,0.00000000,9.18235041,0.01146179,1.01512040,0.63912108,0.00000000,0.00000000,0.00000000,0.00000000,0.75109268,0.38208910,0.70949367,0.84678334,0.93535865,0.75109268,0.38208910,0.70949367,0.84678334,0.93535865,-23.24888862,-46.21170567,0.85415356,0.50707538,-nan,-nan,-nan,-nan,0.00000000,0.00000000,0.00000000,0.00000000,0.00000000,0.00000000,-nan,0.00000000,13.39506933
