Y,A,A_rep,A_hid,L,Q,K,W,P,r,taua,abar,tauk,taul,WtaxRev,KtaxRev,WtaxRev_lost,KtaxRev_lost,G,lump_sum,ylbar,WtaxPct,ShelterPct,ShelterPctP99,TaxEvasionP99,ConcealPctP99,gini,p90,p99,p999,p9999,gini_total,p90_total,p99_total,p999_total,p9999_total,welfare,welfare0,approval,approval0,conceal_share_e,conceal_share_n,evasion_share_e,evasion_share_n,conceal_frac_e,conceal_frac_n,evasion_frac_e,evasion_frac_n,shelter_pct_e,shelter_pct_n,detection_rate,detection_revenue,wtax_evasion_elast
65.60427577,2.85723383,2.85723383,0.00000000,29.60700301,259.03126422,51.02232012,1.28515072,0.15407358,0.04128887,0.03220852,35.36002063,0.25000000,0.18638879,1.78706937,6.92889822,0.00000000,0.00000000,9.18235041,0.01140835,1.01512040,0.64005548,0.00000000,0.00000000,0.00000000,0.00000000,0.75133347,0.38162962,0.70882385,0.84632195,0.93517199,0.75133347,0.38162962,0.70882385,0.84632195,0.93517199,-23.25078505,-46.21132211,0.85589718,0.51001861,-nan,-nan,-nan,-nan,0.00000000,0.00000000,0.00000000,0.00000000,0.00000000,0.00000000,-nan,0.00000000,13.41645400
