Y,A,A_rep,A_hid,L,Q,K,W,P,r,taua,abar,tauk,taul,WtaxRev,KtaxRev,WtaxRev_lost,KtaxRev_lost,G,lump_sum,ylbar,WtaxPct,ShelterPct,ShelterPctP99,TaxEvasionP99,ConcealPctP99,gini,p90,p99,p999,p9999,gini_total,p90_total,p99_total,p999_total,p9999_total,welfare,welfare0,approval,approval0,conceal_share_e,conceal_share_n,evasion_share_e,evasion_share_n,conceal_frac_e,conceal_frac_n,evasion_frac_e,evasion_frac_n,shelter_pct_e,shelter_pct_n,detection_rate,detection_revenue,wtax_evasion_elast
65.59716679,2.85693543,2.85693543,0.00000000,29.60624920,258.98916126,51.01490528,1.28507582,0.15408352,0.04129467,0.03232397,35.41031410,0.25000000,0.18638913,1.79055337,6.92888325,0.00000000,0.00000000,9.18235041,0.01142312,1.01512040,0.64002558,0.00000000,0.00000000,0.00000000,0.00000000,0.75126803,0.38171367,0.70900786,0.84647611,0.93522961,0.75126803,0.38171367,0.70900786,0.84647611,0.93522961,-23.25014431,-46.21075033,0.85574080,0.50995681,-nan,-nan,-nan,-nan,0.00000000,0.00000000,0.00000000,0.00000000,0.00000000,0.00000000,-nan,0.00000000,13.40929289
