Y,A,A_rep,A_hid,L,Q,K,W,P,r,taua,abar,tauk,taul,WtaxRev,KtaxRev,WtaxRev_lost,KtaxRev_lost,G,lump_sum,ylbar,WtaxPct,ShelterPct,ShelterPctP99,TaxEvasionP99,ConcealPctP99,gini,p90,p99,p999,p9999,gini_total,p90_total,p99_total,p999_total,p9999_total,welfare,welfare0,approval,approval0,conceal_share_e,conceal_share_n,evasion_share_e,evasion_share_n,conceal_frac_e,conceal_frac_n,evasion_frac_e,evasion_frac_n,shelter_pct_e,shelter_pct_n,detection_rate,detection_revenue,wtax_evasion_elast
65.58386184,2.85629334,2.85629334,0.00000000,29.60458493,258.88804819,50.99379741,1.28489342,0.15410712,0.04131435,0.03251411,35.37282102,0.25000000,0.18639008,1.79782432,6.92953772,0.00000000,0.00000000,9.18235041,0.01145086,1.01512040,0.63901452,0.00000000,0.00000000,0.00000000,0.00000000,0.75113309,0.38188626,0.70938220,0.84668598,0.93531017,0.75113309,0.38188626,0.70938220,0.84668598,0.93531017,-23.24968280,-46.21249875,0.85415178,0.50707538,-nan,-nan,-nan,-nan,0.00000000,0.00000000,0.00000000,0.00000000,0.00000000,0.00000000,-nan,0.00000000,13.39897274
