Y,A,A_rep,A_hid,L,Q,K,W,P,r,taua,abar,tauk,taul,WtaxRev,KtaxRev,WtaxRev_lost,KtaxRev_lost,G,lump_sum,ylbar,WtaxPct,ShelterPct,ShelterPctP99,TaxEvasionP99,ConcealPctP99,gini,p90,p99,p999,p9999,gini_total,p90_total,p99_total,p999_total,p9999_total,welfare,welfare0,approval,approval0,conceal_share_e,conceal_share_n,evasion_share_e,evasion_share_n,conceal_frac_e,conceal_frac_n,evasion_frac_e,evasion_frac_n,shelter_pct_e,shelter_pct_n,detection_rate,detection_revenue,wtax_evasion_elast
65.58373675,2.85611918,2.85611918,0.00000000,29.60548489,258.91796229,51.00010770,1.28493525,0.15410138,0.04130915,0.03238457,35.06777624,0.25000000,0.18639058,1.79709039,6.92851023,0.00000000,0.00000000,9.18235041,0.01144444,1.01512040,0.86078706,0.00000000,0.00000000,0.00000000,0.00000000,0.75114889,0.38191398,0.70923606,0.84650260,0.93523183,0.75114889,0.38191398,0.70923606,0.84650260,0.93523183,-23.24983761,-46.21159151,0.85525597,0.50973441,-nan,-nan,-nan,-nan,0.00000000,0.00000000,0.00000000,0.00000000,0.00000000,0.00000000,-nan,0.00000000,13.41473689
