Y,A,A_rep,A_hid,L,Q,K,W,P,r,taua,abar,tauk,taul,WtaxRev,KtaxRev,WtaxRev_lost,KtaxRev_lost,G,lump_sum,ylbar,WtaxPct,ShelterPct,ShelterPctP99,TaxEvasionP99,ConcealPctP99,gini,p90,p99,p999,p9999,gini_total,p90_total,p99_total,p999_total,p9999_total,welfare,welfare0,approval,approval0,conceal_share_e,conceal_share_n,evasion_share_e,evasion_share_n,conceal_frac_e,conceal_frac_n,evasion_frac_e,evasion_frac_n,shelter_pct_e,shelter_pct_n,detection_rate,detection_revenue,wtax_evasion_elast
59.77415274,2.45896828,2.45896828,0.00000000,29.39470839,212.84161585,38.32334744,1.17943115,0.16752836,0.06074106,0.03272426,2.18461151,0.25000000,0.18681281,4.67174130,7.42626150,0.00000000,0.00000000,9.18235041,0.02302903,1.01512040,22.50864781,0.00000000,0.00000000,0.00000000,0.00000000,0.72142083,0.38189284,0.63935980,0.78945190,0.91327848,0.72142083,0.38189284,0.63935980,0.78945190,0.91327848,-23.86612776,-48.88597277,0.47407986,0.12467109,-nan,-nan,-nan,-nan,0.00000000,0.00000000,0.00000000,0.00000000,0.00000000,0.00000000,-nan,0.00000000,16.18565832
