Y,A,A_rep,A_hid,L,Q,K,W,P,r,taua,abar,tauk,taul,WtaxRev,KtaxRev,WtaxRev_lost,KtaxRev_lost,G,lump_sum,ylbar,WtaxPct,ShelterPct,ShelterPctP99,TaxEvasionP99,ConcealPctP99,gini,p90,p99,p999,p9999,gini_total,p90_total,p99_total,p999_total,p9999_total,welfare,welfare0,approval,approval0,conceal_share_e,conceal_share_n,evasion_share_e,evasion_share_n,conceal_frac_e,conceal_frac_n,evasion_frac_e,evasion_frac_n,shelter_pct_e,shelter_pct_n,detection_rate,detection_revenue,wtax_evasion_elast
65.78466004,2.86507524,2.86507524,0.00000000,29.63365207,260.40360975,51.31039431,1.28754841,0.15376729,0.04102775,0.03000000,36.80805787,0.25000000,0.18635872,1.68601101,6.91892697,0.00000000,0.00000000,9.18235041,0.01085623,1.01512040,0.65914802,0.00000000,0.00000000,0.00000000,0.00000000,0.75308420,0.37878931,0.70456612,0.84397124,0.93439467,0.75308420,0.37878931,0.70456612,0.84397124,0.93439467,-23.27544995,-46.22444983,0.86958920,0.53006739,-nan,-nan,-nan,-nan,0.00000000,0.00000000,0.00000000,0.00000000,0.00000000,0.00000000,-nan,0.00000000,13.55451999
