Y,A,A_rep,A_hid,L,Q,K,W,P,r,taua,abar,tauk,taul,WtaxRev,KtaxRev,WtaxRev_lost,KtaxRev_lost,G,lump_sum,ylbar,WtaxPct,ShelterPct,ShelterPctP99,TaxEvasionP99,ConcealPctP99,gini,p90,p99,p999,p9999,gini_total,p90_total,p99_total,p999_total,p9999_total,welfare,welfare0,approval,approval0,conceal_share_e,conceal_share_n,evasion_share_e,evasion_share_n,conceal_frac_e,conceal_frac_n,evasion_frac_e,evasion_frac_n,shelter_pct_e,shelter_pct_n,detection_rate,detection_revenue,wtax_evasion_elast
65.58386345,2.85677368,2.85677368,0.00000000,29.60316885,258.89467377,51.00379726,1.28494833,0.15410282,0.04129600,0.03378040,38.89103324,0.25000000,0.18638725,1.79310458,6.92911810,0.00000000,0.00000000,9.18235041,0.01139127,1.01512040,0.66634645,0.00000000,0.00000000,0.00000000,0.00000000,0.75106775,0.38192525,0.71023831,0.84865883,0.93616911,0.75106775,0.38192525,0.71023831,0.84865883,0.93616911,-23.25214015,-46.21717908,0.85224066,0.50629660,-nan,-nan,-nan,-nan,0.00000000,0.00000000,0.00000000,0.00000000,0.00000000,0.00000000,-nan,0.00000000,13.30635356
