Y,A,A_rep,A_hid,L,Q,K,W,P,r,taua,abar,tauk,taul,WtaxRev,KtaxRev,WtaxRev_lost,KtaxRev_lost,G,lump_sum,ylbar,WtaxPct,ShelterPct,ShelterPctP99,TaxEvasionP99,ConcealPctP99,gini,p90,p99,p999,p9999,gini_total,p90_total,p99_total,p999_total,p9999_total,welfare,welfare0,approval,approval0,conceal_share_e,conceal_share_n,evasion_share_e,evasion_share_n,conceal_frac_e,conceal_frac_n,evasion_frac_e,evasion_frac_n,shelter_pct_e,shelter_pct_n,detection_rate,detection_revenue,wtax_evasion_elast
65.54388345,2.85456482,2.85456482,0.00000000,29.59900596,258.59049869,50.93022231,1.28436452,0.15417429,0.04137356,0.03313769,35.55938763,0.25000000,0.18639523,1.81738204,6.93158693,0.00000000,0.00000000,9.18235041,0.01153698,1.01512040,0.63824575,0.00000000,0.00000000,0.00000000,0.00000000,0.75077591,0.38248405,0.71037820,0.84743718,0.93561581,0.75077591,0.38248405,0.71037820,0.84743718,0.93561581,-23.24731563,-46.21575875,0.85097985,0.50166210,-nan,-nan,-nan,-nan,0.00000000,0.00000000,0.00000000,0.00000000,0.00000000,0.00000000,-nan,0.00000000,13.36223525
