Y,A,A_rep,A_hid,L,Q,K,W,P,r,taua,abar,tauk,taul,WtaxRev,KtaxRev,WtaxRev_lost,KtaxRev_lost,G,lump_sum,ylbar,WtaxPct,ShelterPct,ShelterPctP99,TaxEvasionP99,ConcealPctP99,gini,p90,p99,p999,p9999,gini_total,p90_total,p99_total,p999_total,p9999_total,welfare,welfare0,approval,approval0,conceal_share_e,conceal_share_n,evasion_share_e,evasion_share_n,conceal_frac_e,conceal_frac_n,evasion_frac_e,evasion_frac_n,shelter_pct_e,shelter_pct_n,detection_rate,detection_revenue,wtax_evasion_elast
65.64711695,2.86003875,2.86003875,0.00000000,29.61063311,259.38400206,51.11741415,1.28586272,0.15398940,0.04118086,0.03457591,43.60383945,0.25000000,0.18637480,1.75508144,6.92500854,0.00000000,0.00000000,9.18235041,0.01115350,1.01512040,0.54440990,0.00000000,0.00000000,0.00000000,0.00000000,0.75167109,0.38099438,0.70965608,0.85021060,0.93693663,0.75167109,0.38099438,0.70965608,0.85021060,0.93693663,-23.26251081,-46.22443042,0.85481972,0.50733239,-nan,-nan,-nan,-nan,0.00000000,0.00000000,0.00000000,0.00000000,0.00000000,0.00000000,-nan,0.00000000,13.28122871
