Y,A,A_rep,A_hid,L,Q,K,W,P,r,taua,abar,tauk,taul,WtaxRev,KtaxRev,WtaxRev_lost,KtaxRev_lost,G,lump_sum,ylbar,WtaxPct,ShelterPct,ShelterPctP99,TaxEvasionP99,ConcealPctP99,gini,p90,p99,p999,p9999,gini_total,p90_total,p99_total,p999_total,p9999_total,welfare,welfare0,approval,approval0,conceal_share_e,conceal_share_n,evasion_share_e,evasion_share_n,conceal_frac_e,conceal_frac_n,evasion_frac_e,evasion_frac_n,shelter_pct_e,shelter_pct_n,detection_rate,detection_revenue,wtax_evasion_elast
65.69825886,2.86207410,2.86207410,0.00000000,29.61867956,259.76490602,51.19384754,1.28651110,0.15390552,0.04111539,0.03306879,41.48878444,0.25000000,0.18636927,1.72952586,6.92254585,0.00000000,0.00000000,9.18235041,0.01104215,1.01512040,0.53647614,0.00000000,0.00000000,0.00000000,0.00000000,0.75219311,0.38019455,0.70801123,0.84831007,0.93615375,0.75219311,0.38019455,0.70801123,0.84831007,0.93615375,-23.26710037,-46.22328955,0.86026346,0.51694471,-nan,-nan,-nan,-nan,0.00000000,0.00000000,0.00000000,0.00000000,0.00000000,0.00000000,-nan,0.00000000,13.39683853
