Y,A,A_rep,A_hid,L,Q,K,W,P,r,taua,abar,tauk,taul,WtaxRev,KtaxRev,WtaxRev_lost,KtaxRev_lost,G,lump_sum,ylbar,WtaxPct,ShelterPct,ShelterPctP99,TaxEvasionP99,ConcealPctP99,gini,p90,p99,p999,p9999,gini_total,p90_total,p99_total,p999_total,p9999_total,welfare,welfare0,approval,approval0,conceal_share_e,conceal_share_n,evasion_share_e,evasion_share_n,conceal_frac_e,conceal_frac_n,evasion_frac_e,evasion_frac_n,shelter_pct_e,shelter_pct_n,detection_rate,detection_revenue,wtax_evasion_elast
65.44189047,2.84993491,2.84993491,0.00000000,29.58466162,257.81615690,50.76197496,1.28298149,0.15434958,0.04153326,0.03430527,34.77577405,0.25000000,0.18640946,1.87124586,6.93741340,0.00000000,0.00000000,9.18235041,0.01180453,1.01512040,0.84795756,0.00000000,0.00000000,0.00000000,0.00000000,0.74981031,0.38393738,0.71263002,0.84857868,0.93600282,0.74981031,0.38393738,0.71263002,0.84857868,0.93600282,-23.23752286,-46.21815522,0.84283019,0.47322263,-nan,-nan,-nan,-nan,0.00000000,0.00000000,0.00000000,0.00000000,0.00000000,0.00000000,-nan,0.00000000,13.28179574
