Y,A,A_rep,A_hid,L,Q,K,W,P,r,taua,abar,tauk,taul,WtaxRev,KtaxRev,WtaxRev_lost,KtaxRev_lost,G,lump_sum,ylbar,WtaxPct,ShelterPct,ShelterPctP99,TaxEvasionP99,ConcealPctP99,gini,p90,p99,p999,p9999,gini_total,p90_total,p99_total,p999_total,p9999_total,welfare,welfare0,approval,approval0,conceal_share_e,conceal_share_n,evasion_share_e,evasion_share_n,conceal_frac_e,conceal_frac_n,evasion_frac_e,evasion_frac_n,shelter_pct_e,shelter_pct_n,detection_rate,detection_revenue,wtax_evasion_elast
64.55683673,2.81443610,2.81443610,0.00000000,29.46235157,250.90831026,49.53798933,1.27088641,0.15603011,0.04252657,0.05574429,44.36080726,0.25000000,0.18649932,2.28685000,6.98182066,0.00000000,0.00000000,9.18235041,0.01329393,1.01512040,0.50418160,0.00000000,0.00000000,0.00000000,0.00000000,0.74135294,0.39653766,0.73755273,0.87149846,0.94516002,0.74135294,0.39653766,0.73755273,0.87149846,0.94516002,-23.22112978,-46.36625560,0.76515719,0.39845198,-nan,-nan,-nan,-nan,0.00000000,0.00000000,0.00000000,0.00000000,0.00000000,0.00000000,-nan,0.00000000,12.06520438
