Y,A,A_rep,A_hid,L,Q,K,W,P,r,taua,abar,tauk,taul,WtaxRev,KtaxRev,WtaxRev_lost,KtaxRev_lost,G,lump_sum,ylbar,WtaxPct,ShelterPct,ShelterPctP99,TaxEvasionP99,ConcealPctP99,gini,p90,p99,p999,p9999,gini_total,p90_total,p99_total,p999_total,p9999_total,welfare,welfare0,approval,approval0,conceal_share_e,conceal_share_n,evasion_share_e,evasion_share_n,conceal_frac_e,conceal_frac_n,evasion_frac_e,evasion_frac_n,shelter_pct_e,shelter_pct_n,detection_rate,detection_revenue,wtax_evasion_elast
65.64384499,2.85912257,2.85912257,0.00000000,29.61223605,259.34840371,51.09126978,1.28572544,0.15400029,0.04122270,0.03244669,37.82679811,0.25000000,0.18638014,1.76225990,6.92620713,0.00000000,0.00000000,9.18235041,0.01124930,1.01512040,0.65965929,0.00000000,0.00000000,0.00000000,0.00000000,0.75169320,0.38098636,0.70847358,0.84695597,0.93549490,0.75169320,0.38098636,0.70847358,0.84695597,0.93549490,-23.25788954,-46.21738006,0.85761381,0.51003569,-nan,-nan,-nan,-nan,0.00000000,0.00000000,0.00000000,0.00000000,0.00000000,0.00000000,-nan,0.00000000,13.38489195
