Y,A,A_rep,A_hid,L,Q,K,W,P,r,taua,abar,tauk,taul,WtaxRev,KtaxRev,WtaxRev_lost,KtaxRev_lost,G,lump_sum,ylbar,WtaxPct,ShelterPct,ShelterPctP99,TaxEvasionP99,ConcealPctP99,gini,p90,p99,p999,p9999,gini_total,p90_total,p99_total,p999_total,p9999_total,welfare,welfare0,approval,approval0,conceal_share_e,conceal_share_n,evasion_share_e,evasion_share_n,conceal_frac_e,conceal_frac_n,evasion_frac_e,evasion_frac_n,shelter_pct_e,shelter_pct_n,detection_rate,detection_revenue,wtax_evasion_elast
65.74762092,2.86326371,2.86326371,0.00000000,29.62866437,260.12412925,51.24930570,1.28704873,0.15383027,0.04108550,0.03000000,35.04869775,0.25000000,0.18636740,1.70879331,6.92090029,0.00000000,0.00000000,9.18235041,0.01099922,1.01512040,0.86666673,0.00000000,0.00000000,0.00000000,0.00000000,0.75278944,0.37931162,0.70515327,0.84373958,0.93425512,0.75278944,0.37931162,0.70515327,0.84373958,0.93425512,-23.26928991,-46.21868573,0.86889474,0.52944789,-nan,-nan,-nan,-nan,0.00000000,0.00000000,0.00000000,0.00000000,0.00000000,0.00000000,-nan,0.00000000,13.56555496
