Y,A,A_rep,A_hid,L,Q,K,W,P,r,taua,abar,tauk,taul,WtaxRev,KtaxRev,WtaxRev_lost,KtaxRev_lost,G,lump_sum,ylbar,WtaxPct,ShelterPct,ShelterPctP99,TaxEvasionP99,ConcealPctP99,gini,p90,p99,p999,p9999,gini_total,p90_total,p99_total,p999_total,p9999_total,welfare,welfare0,approval,approval0,conceal_share_e,conceal_share_n,evasion_share_e,evasion_share_n,conceal_frac_e,conceal_frac_n,evasion_frac_e,evasion_frac_n,shelter_pct_e,shelter_pct_n,detection_rate,detection_revenue,wtax_evasion_elast
73.66679949,3.11794589,2.94027426,0.17767163,30.14744146,332.85826199,65.67464661,1.41725050,0.13805785,0.02963970,0.00415412,960.27702643,0.25000000,0.18604789,0.07044790,5.93168896,0.04324708,0.53800951,9.29156816,0.00014570,1.08952447,0.01634023,0.10194953,33.10943723,8.21636171,55.67109642,0.77236098,0.34964218,0.65495875,0.81971508,0.93246901,0.78529204,0.32971833,0.61768194,0.77741540,0.90578470,-23.72878332,-47.59625776,0.46573811,0.07803265,0.26895546,0.73104454,0.87959682,0.12040318,0.04693756,0.06185409,0.06072396,0.00489654,0.38813470,0.03285239,0.68025916,0.04331495,57.26135146
