Y,A,A_rep,A_hid,L,Q,K,W,P,r,taua,abar,tauk,taul,WtaxRev,KtaxRev,WtaxRev_lost,KtaxRev_lost,G,lump_sum,ylbar,WtaxPct,ShelterPct,ShelterPctP99,TaxEvasionP99,ConcealPctP99,gini,p90,p99,p999,p9999,gini_total,p90_total,p99_total,p999_total,p9999_total,welfare,welfare0,approval,approval0,conceal_share_e,conceal_share_n,evasion_share_e,evasion_share_n,conceal_frac_e,conceal_frac_n,evasion_frac_e,evasion_frac_n,shelter_pct_e,shelter_pct_n,detection_rate,detection_revenue,wtax_evasion_elast
73.72834275,3.12183847,2.99370467,0.12813380,30.15303000,333.48440190,65.73221625,1.41815968,0.13793837,0.02963567,0.00077313,914.12711361,0.25000000,0.18604407,0.01638620,5.96318072,0.00615698,0.53852026,9.29156816,0.00003219,1.08952447,0.02002812,0.10020273,30.72374239,7.82378948,36.79199911,0.77645468,0.34334446,0.64286455,0.80383202,0.91882757,0.78559253,0.32925211,0.61652290,0.77518602,0.90319456,-23.72543402,-47.58155887,0.51351893,0.11617539,0.30141333,0.69858667,0.91254107,0.08745893,0.03791626,0.04255925,0.05933562,0.00333649,0.38457211,0.03154401,0.68236839,0.03825351,56.74198726
