Y,A,A_rep,A_hid,L,Q,K,W,P,r,taua,abar,tauk,taul,WtaxRev,KtaxRev,WtaxRev_lost,KtaxRev_lost,G,lump_sum,ylbar,WtaxPct,ShelterPct,ShelterPctP99,TaxEvasionP99,ConcealPctP99,gini,p90,p99,p999,p9999,gini_total,p90_total,p99_total,p999_total,p9999_total,welfare,welfare0,approval,approval0,conceal_share_e,conceal_share_n,evasion_share_e,evasion_share_n,conceal_frac_e,conceal_frac_n,evasion_frac_e,evasion_frac_n,shelter_pct_e,shelter_pct_n,detection_rate,detection_revenue,wtax_evasion_elast
66.10745420,2.88059332,2.88059332,0.00000000,29.67771055,262.83367413,51.88696170,1.29194863,0.15323572,0.04045812,0.03182425,60.50734030,0.25000000,0.18629715,1.49384227,6.89935766,0.00000000,0.00000000,9.18235041,0.00966308,1.01512040,0.40224083,0.00000000,0.00000000,0.00000000,0.00000000,0.75599598,0.37414987,0.69959181,0.84830780,0.93665440,0.75599598,0.37414987,0.69959181,0.84830780,0.93665440,-23.33167241,-46.27035285,0.88591183,0.61473711,-nan,-nan,-nan,-nan,0.00000000,0.00000000,0.00000000,0.00000000,0.00000000,0.00000000,-nan,0.00000000,13.53729568
