Y,A,A_rep,A_hid,L,Q,K,W,P,r,taua,abar,tauk,taul,WtaxRev,KtaxRev,WtaxRev_lost,KtaxRev_lost,G,lump_sum,ylbar,WtaxPct,ShelterPct,ShelterPctP99,TaxEvasionP99,ConcealPctP99,gini,p90,p99,p999,p9999,gini_total,p90_total,p99_total,p999_total,p9999_total,welfare,welfare0,approval,approval0,conceal_share_e,conceal_share_n,evasion_share_e,evasion_share_n,conceal_frac_e,conceal_frac_n,evasion_frac_e,evasion_frac_n,shelter_pct_e,shelter_pct_n,detection_rate,detection_revenue,wtax_evasion_elast
65.62560825,2.85799388,2.85799388,0.00000000,29.61045628,259.20548249,51.05392630,1.28544422,0.15403371,0.04126395,0.03174343,34.99224991,0.25000000,0.18638569,1.77586573,6.92758173,0.00000000,0.00000000,9.18235041,0.01135453,1.01512040,0.86076832,0.00000000,0.00000000,0.00000000,0.00000000,0.75157400,0.38123569,0.70809945,0.84571326,0.93494522,0.75157400,0.38123569,0.70809945,0.84571326,0.93494522,-23.25322133,-46.21133739,0.85842300,0.51015419,-nan,-nan,-nan,-nan,0.00000000,0.00000000,0.00000000,0.00000000,0.00000000,0.00000000,-nan,0.00000000,13.44023670
