Y,A,A_rep,A_hid,L,Q,K,W,P,r,taua,abar,tauk,taul,WtaxRev,KtaxRev,WtaxRev_lost,KtaxRev_lost,G,lump_sum,ylbar,WtaxPct,ShelterPct,ShelterPctP99,TaxEvasionP99,ConcealPctP99,gini,p90,p99,p999,p9999,gini_total,p90_total,p99_total,p999_total,p9999_total,welfare,welfare0,approval,approval0,conceal_share_e,conceal_share_n,evasion_share_e,evasion_share_n,conceal_frac_e,conceal_frac_n,evasion_frac_e,evasion_frac_n,shelter_pct_e,shelter_pct_n,detection_rate,detection_revenue,wtax_evasion_elast
65.55000021,2.85480577,2.85480577,0.00000000,29.59986248,258.63663930,50.93892282,1.28444484,0.15416359,0.04136629,0.03289993,35.08910019,0.25000000,0.18639442,1.81550350,6.93129333,0.00000000,0.00000000,9.18235041,0.01153655,1.01512040,0.86029089,0.00000000,0.00000000,0.00000000,0.00000000,0.75084755,0.38242067,0.71012487,0.84709770,0.93546225,0.75084755,0.38242067,0.71012487,0.84709770,0.93546225,-23.24694250,-46.21376331,0.85165805,0.50613892,-nan,-nan,-nan,-nan,0.00000000,0.00000000,0.00000000,0.00000000,0.00000000,0.00000000,-nan,0.00000000,13.37788695
