Y,A,A_rep,A_hid,L,Q,K,W,P,r,taua,abar,tauk,taul,WtaxRev,KtaxRev,WtaxRev_lost,KtaxRev_lost,G,lump_sum,ylbar,WtaxPct,ShelterPct,ShelterPctP99,TaxEvasionP99,ConcealPctP99,gini,p90,p99,p999,p9999,gini_total,p90_total,p99_total,p999_total,p9999_total,welfare,welfare0,approval,approval0,conceal_share_e,conceal_share_n,evasion_share_e,evasion_share_n,conceal_frac_e,conceal_frac_n,evasion_frac_e,evasion_frac_n,shelter_pct_e,shelter_pct_n,detection_rate,detection_revenue,wtax_evasion_elast
65.61376184,2.85755079,2.85755079,0.00000000,29.60876933,259.11549872,51.03805761,1.28529014,0.15405469,0.04127623,0.03194723,35.05604952,0.25000000,0.18638688,1.78188616,6.92812903,0.00000000,0.00000000,9.18235041,0.01138226,1.01512040,0.86168905,0.00000000,0.00000000,0.00000000,0.00000000,0.75145052,0.38139219,0.70844701,0.84597931,0.93504152,0.75145052,0.38139219,0.70844701,0.84597931,0.93504152,-23.25200435,-46.21147497,0.85738557,0.50993917,-nan,-nan,-nan,-nan,0.00000000,0.00000000,0.00000000,0.00000000,0.00000000,0.00000000,-nan,0.00000000,13.43356206
