Y,A,A_rep,A_hid,L,Q,K,W,P,r,taua,abar,tauk,taul,WtaxRev,KtaxRev,WtaxRev_lost,KtaxRev_lost,G,lump_sum,ylbar,WtaxPct,ShelterPct,ShelterPctP99,TaxEvasionP99,ConcealPctP99,gini,p90,p99,p999,p9999,gini_total,p90_total,p99_total,p999_total,p9999_total,welfare,welfare0,approval,approval0,conceal_share_e,conceal_share_n,evasion_share_e,evasion_share_n,conceal_frac_e,conceal_frac_n,evasion_frac_e,evasion_frac_n,shelter_pct_e,shelter_pct_n,detection_rate,detection_revenue,wtax_evasion_elast
65.59491548,2.85656433,2.85656433,0.00000000,29.60632792,258.96499998,51.00281080,1.28501244,0.15408908,0.04131195,0.03196983,34.58039514,0.25000000,0.18638922,1.79186858,6.92949840,0.00000000,0.00000000,9.18235041,0.01143441,1.01512040,0.85066848,0.00000000,0.00000000,0.00000000,0.00000000,0.75124383,0.38172601,0.70867089,0.84587450,0.93498499,0.75124383,0.38172601,0.70867089,0.84587450,0.93498499,-23.25024206,-46.21204888,0.85527691,0.50954395,-nan,-nan,-nan,-nan,0.00000000,0.00000000,0.00000000,0.00000000,0.00000000,0.00000000,-nan,0.00000000,13.41617953
