Y,A,A_rep,A_hid,L,Q,K,W,P,r,taua,abar,tauk,taul,WtaxRev,KtaxRev,WtaxRev_lost,KtaxRev_lost,G,lump_sum,ylbar,WtaxPct,ShelterPct,ShelterPctP99,TaxEvasionP99,ConcealPctP99,gini,p90,p99,p999,p9999,gini_total,p90_total,p99_total,p999_total,p9999_total,welfare,welfare0,approval,approval0,conceal_share_e,conceal_share_n,evasion_share_e,evasion_share_n,conceal_frac_e,conceal_frac_n,evasion_frac_e,evasion_frac_n,shelter_pct_e,shelter_pct_n,detection_rate,detection_revenue,wtax_evasion_elast
65.59474394,2.85689520,2.85689520,0.00000000,29.60543220,258.96932397,51.01066587,1.28505018,0.15408665,0.04129781,0.03263565,36.19009464,0.25000000,0.18638871,1.79134981,6.92904718,0.00000000,0.00000000,9.18235041,0.01141816,1.01512040,0.64521422,0.00000000,0.00000000,0.00000000,0.00000000,0.75122047,0.38171816,0.70931259,0.84696396,0.93545668,0.75122047,0.38171816,0.70931259,0.84696396,0.93545668,-23.25037889,-46.21188882,0.85536494,0.50998983,-nan,-nan,-nan,-nan,0.00000000,0.00000000,0.00000000,0.00000000,0.00000000,0.00000000,-nan,0.00000000,13.38097692
