Y,A,A_rep,A_hid,L,Q,K,W,P,r,taua,abar,tauk,taul,WtaxRev,KtaxRev,WtaxRev_lost,KtaxRev_lost,G,lump_sum,ylbar,WtaxPct,ShelterPct,ShelterPctP99,TaxEvasionP99,ConcealPctP99,gini,p90,p99,p999,p9999,gini_total,p90_total,p99_total,p999_total,p9999_total,welfare,welfare0,approval,approval0,conceal_share_e,conceal_share_n,evasion_share_e,evasion_share_n,conceal_frac_e,conceal_frac_n,evasion_frac_e,evasion_frac_n,shelter_pct_e,shelter_pct_n,detection_rate,detection_revenue,wtax_evasion_elast
65.60469243,2.85707293,2.85707293,0.00000000,29.60782724,259.04748327,51.02360111,1.28516368,0.15407103,0.04129021,0.03205616,35.00712481,0.25000000,0.18638713,1.78665462,6.92850386,0.00000000,0.00000000,9.18235041,0.01139590,1.01512040,0.86016488,0.00000000,0.00000000,0.00000000,0.00000000,0.75133837,0.38156952,0.70868525,0.84609742,0.93508219,0.75133837,0.38156952,0.70868525,0.84609742,0.93508219,-23.25200711,-46.21338066,0.85569570,0.50973441,-nan,-nan,-nan,-nan,0.00000000,0.00000000,0.00000000,0.00000000,0.00000000,0.00000000,-nan,0.00000000,13.42758277
