Y,A,A_rep,A_hid,L,Q,K,W,P,r,taua,abar,tauk,taul,WtaxRev,KtaxRev,WtaxRev_lost,KtaxRev_lost,G,lump_sum,ylbar,WtaxPct,ShelterPct,ShelterPctP99,TaxEvasionP99,ConcealPctP99,gini,p90,p99,p999,p9999,gini_total,p90_total,p99_total,p999_total,p9999_total,welfare,welfare0,approval,approval0,conceal_share_e,conceal_share_n,evasion_share_e,evasion_share_n,conceal_frac_e,conceal_frac_n,evasion_frac_e,evasion_frac_n,shelter_pct_e,shelter_pct_n,detection_rate,detection_revenue,wtax_evasion_elast
65.55215123,2.85493233,2.85493233,0.00000000,29.60002341,258.65292922,50.94360899,1.28447867,0.15415973,0.04136078,0.03297794,35.39196345,0.25000000,0.18639439,1.81429076,6.93113109,0.00000000,0.00000000,9.18235041,0.01153011,1.01512040,0.63765930,0.00000000,0.00000000,0.00000000,0.00000000,0.75085970,0.38238169,0.71017411,0.84721900,0.93551329,0.75085970,0.38238169,0.71017411,0.84721900,0.93551329,-23.24695945,-46.21346531,0.85174360,0.50624116,-nan,-nan,-nan,-nan,0.00000000,0.00000000,0.00000000,0.00000000,0.00000000,0.00000000,-nan,0.00000000,13.36806115
