Y,A,A_rep,A_hid,L,Q,K,W,P,r,taua,abar,tauk,taul,WtaxRev,KtaxRev,WtaxRev_lost,KtaxRev_lost,G,lump_sum,ylbar,WtaxPct,ShelterPct,ShelterPctP99,TaxEvasionP99,ConcealPctP99,gini,p90,p99,p999,p9999,gini_total,p90_total,p99_total,p999_total,p9999_total,welfare,welfare0,approval,approval0,conceal_share_e,conceal_share_n,evasion_share_e,evasion_share_n,conceal_frac_e,conceal_frac_n,evasion_frac_e,evasion_frac_n,shelter_pct_e,shelter_pct_n,detection_rate,detection_revenue,wtax_evasion_elast
65.61722040,2.85764279,2.85764279,0.00000000,29.60930380,259.14289407,51.04394031,1.28533961,0.15404859,0.04127078,0.03205823,35.49923237,0.25000000,0.18638560,1.77991585,6.92773248,0.00000000,0.00000000,9.18235041,0.01135964,1.01512040,0.64171408,0.00000000,0.00000000,0.00000000,0.00000000,0.75148057,0.38132307,0.70848617,0.84616518,0.93512244,0.75148057,0.38132307,0.70848617,0.84616518,0.93512244,-23.25362757,-46.21380139,0.85618540,0.51001872,-nan,-nan,-nan,-nan,0.00000000,0.00000000,0.00000000,0.00000000,0.00000000,0.00000000,-nan,0.00000000,13.42215665
