Y,A,A_rep,A_hid,L,Q,K,W,P,r,taua,abar,tauk,taul,WtaxRev,KtaxRev,WtaxRev_lost,KtaxRev_lost,G,lump_sum,ylbar,WtaxPct,ShelterPct,ShelterPctP99,TaxEvasionP99,ConcealPctP99,gini,p90,p99,p999,p9999,gini_total,p90_total,p99_total,p999_total,p9999_total,welfare,welfare0,approval,approval0,conceal_share_e,conceal_share_n,evasion_share_e,evasion_share_n,conceal_frac_e,conceal_frac_n,evasion_frac_e,evasion_frac_n,shelter_pct_e,shelter_pct_n,detection_rate,detection_revenue,wtax_evasion_elast
65.57934979,2.85619999,2.85619999,0.00000000,29.60358573,258.86097268,50.98801699,1.28485342,0.15411174,0.04131885,0.03280934,36.04444671,0.25000000,0.18639013,1.79940920,6.92967443,0.00000000,0.00000000,9.18235041,0.01145420,1.01512040,0.64321575,0.00000000,0.00000000,0.00000000,0.00000000,0.75106686,0.38208807,0.70966040,0.84713536,0.93551248,0.75106686,0.38208807,0.70966040,0.84713536,0.93551248,-23.24913480,-46.21230213,0.85387125,0.50708960,-nan,-nan,-nan,-nan,0.00000000,0.00000000,0.00000000,0.00000000,0.00000000,0.00000000,-nan,0.00000000,13.37313895
