Y,A,A_rep,A_hid,L,Q,K,W,P,r,taua,abar,tauk,taul,WtaxRev,KtaxRev,WtaxRev_lost,KtaxRev_lost,G,lump_sum,ylbar,WtaxPct,ShelterPct,ShelterPctP99,TaxEvasionP99,ConcealPctP99,gini,p90,p99,p999,p9999,gini_total,p90_total,p99_total,p999_total,p9999_total,welfare,welfare0,approval,approval0,conceal_share_e,conceal_share_n,evasion_share_e,evasion_share_n,conceal_frac_e,conceal_frac_n,evasion_frac_e,evasion_frac_n,shelter_pct_e,shelter_pct_n,detection_rate,detection_revenue,wtax_evasion_elast
65.59084992,2.85661445,2.85661445,0.00000000,29.60564245,258.95281664,51.00706453,1.28500846,0.15409192,0.04130215,0.03250786,35.67190707,0.25000000,0.18638822,1.79360115,6.92883247,0.00000000,0.00000000,9.18235041,0.01142531,1.01512040,0.64130757,0.00000000,0.00000000,0.00000000,0.00000000,0.75120182,0.38178622,0.70925131,0.84673128,0.93534337,0.75120182,0.38178622,0.70925131,0.84673128,0.93534337,-23.25057590,-46.21248392,0.85523404,0.50995691,-nan,-nan,-nan,-nan,0.00000000,0.00000000,0.00000000,0.00000000,0.00000000,0.00000000,-nan,0.00000000,13.39644203
