Y,A,A_rep,A_hid,L,Q,K,W,P,r,taua,abar,tauk,taul,WtaxRev,KtaxRev,WtaxRev_lost,KtaxRev_lost,G,lump_sum,ylbar,WtaxPct,ShelterPct,ShelterPctP99,TaxEvasionP99,ConcealPctP99,gini,p90,p99,p999,p9999,gini_total,p90_total,p99_total,p999_total,p9999_total,welfare,welfare0,approval,approval0,conceal_share_e,conceal_share_n,evasion_share_e,evasion_share_n,conceal_frac_e,conceal_frac_n,evasion_frac_e,evasion_frac_n,shelter_pct_e,shelter_pct_n,detection_rate,detection_revenue,wtax_evasion_elast
65.59589644,2.85680607,2.85680607,0.00000000,29.60640274,258.97702514,51.01243612,1.28504752,0.15408743,0.04129755,0.03224131,35.10211385,0.25000000,0.18638846,1.79146610,6.92898642,0.00000000,0.00000000,9.18235041,0.01142030,1.01512040,0.63766603,0.00000000,0.00000000,0.00000000,0.00000000,0.75125599,0.38174365,0.70899643,0.84633419,0.93516553,0.75125599,0.38174365,0.70899643,0.84633419,0.93516553,-23.25097880,-46.21280648,0.85526909,0.50991684,-nan,-nan,-nan,-nan,0.00000000,0.00000000,0.00000000,0.00000000,0.00000000,0.00000000,-nan,0.00000000,13.42092004
