Y,A,A_rep,A_hid,L,Q,K,W,P,r,taua,abar,tauk,taul,WtaxRev,KtaxRev,WtaxRev_lost,KtaxRev_lost,G,lump_sum,ylbar,WtaxPct,ShelterPct,ShelterPctP99,TaxEvasionP99,ConcealPctP99,gini,p90,p99,p999,p9999,gini_total,p90_total,p99_total,p999_total,p9999_total,welfare,welfare0,approval,approval0,conceal_share_e,conceal_share_n,evasion_share_e,evasion_share_n,conceal_frac_e,conceal_frac_n,evasion_frac_e,evasion_frac_n,shelter_pct_e,shelter_pct_n,detection_rate,detection_revenue,wtax_evasion_elast
65.56845765,2.85566273,2.85566273,0.00000000,29.60233499,258.77449749,50.96944976,1.28469323,0.15413236,0.04133686,0.03281042,35.58865899,0.25000000,0.18639160,1.80554693,6.93036907,0.00000000,0.00000000,9.18235041,0.01148597,1.01512040,0.63974739,0.00000000,0.00000000,0.00000000,0.00000000,0.75097601,0.38225371,0.70979600,0.84706062,0.93546277,0.75097601,0.38225371,0.70979600,0.84706062,0.93546277,-23.24824634,-46.21291133,0.85324763,0.50628511,-nan,-nan,-nan,-nan,0.00000000,0.00000000,0.00000000,0.00000000,0.00000000,0.00000000,-nan,0.00000000,13.37835866
