Y,A,A_rep,A_hid,L,Q,K,W,P,r,taua,abar,tauk,taul,WtaxRev,KtaxRev,WtaxRev_lost,KtaxRev_lost,G,lump_sum,ylbar,WtaxPct,ShelterPct,ShelterPctP99,TaxEvasionP99,ConcealPctP99,gini,p90,p99,p999,p9999,gini_total,p90_total,p99_total,p999_total,p9999_total,welfare,welfare0,approval,approval0,conceal_share_e,conceal_share_n,evasion_share_e,evasion_share_n,conceal_frac_e,conceal_frac_n,evasion_frac_e,evasion_frac_n,shelter_pct_e,shelter_pct_n,detection_rate,detection_revenue,wtax_evasion_elast
65.58449305,2.85629810,2.85629810,0.00000000,29.60495890,258.89483484,50.99347546,1.28489609,0.15410595,0.04131639,0.03233596,34.98573252,0.25000000,0.18638915,1.79717871,6.92962201,0.00000000,0.00000000,9.18235041,0.01144933,1.01512040,0.85890326,0.00000000,0.00000000,0.00000000,0.00000000,0.75114189,0.38189979,0.70918614,0.84641760,0.93519598,0.75114189,0.38189979,0.70918614,0.84641760,0.93519598,-23.24983214,-46.21284934,0.85442721,0.50688250,-nan,-nan,-nan,-nan,0.00000000,0.00000000,0.00000000,0.00000000,0.00000000,0.00000000,-nan,0.00000000,13.41051571
