Y,A,A_rep,A_hid,L,Q,K,W,P,r,taua,abar,tauk,taul,WtaxRev,KtaxRev,WtaxRev_lost,KtaxRev_lost,G,lump_sum,ylbar,WtaxPct,ShelterPct,ShelterPctP99,TaxEvasionP99,ConcealPctP99,gini,p90,p99,p999,p9999,gini_total,p90_total,p99_total,p999_total,p9999_total,welfare,welfare0,approval,approval0,conceal_share_e,conceal_share_n,evasion_share_e,evasion_share_n,conceal_frac_e,conceal_frac_n,evasion_frac_e,evasion_frac_n,shelter_pct_e,shelter_pct_n,detection_rate,detection_revenue,wtax_evasion_elast
65.54934406,2.85453781,2.85453781,0.00000000,29.60002639,258.62260621,50.92930248,1.28440176,0.15416663,0.04138088,0.03257550,34.49358883,0.25000000,0.18639577,1.81534076,6.93193818,0.00000000,0.00000000,9.18235041,0.01154670,1.01512040,0.84660122,0.00000000,0.00000000,0.00000000,0.00000000,0.75078693,0.38241759,0.70982475,0.84658207,0.93525046,0.75078693,0.38241759,0.70982475,0.84658207,0.93525046,-23.24599364,-46.21345287,0.85137367,0.50570198,-nan,-nan,-nan,-nan,0.00000000,0.00000000,0.00000000,0.00000000,0.00000000,0.00000000,-nan,0.00000000,13.38121198
