Y,A,A_rep,A_hid,L,Q,K,W,P,r,taua,abar,tauk,taul,WtaxRev,KtaxRev,WtaxRev_lost,KtaxRev_lost,G,lump_sum,ylbar,WtaxPct,ShelterPct,ShelterPctP99,TaxEvasionP99,ConcealPctP99,gini,p90,p99,p999,p9999,gini_total,p90_total,p99_total,p999_total,p9999_total,welfare,welfare0,approval,approval0,conceal_share_e,conceal_share_n,evasion_share_e,evasion_share_n,conceal_frac_e,conceal_frac_n,evasion_frac_e,evasion_frac_n,shelter_pct_e,shelter_pct_n,detection_rate,detection_revenue,wtax_evasion_elast
65.14650248,2.82909637,2.82909637,0.00000000,29.56349121,255.49577331,50.07019708,1.27807968,0.15490502,0.04237712,0.03000000,21.57423484,0.25000000,0.18641660,1.98810889,6.96386749,0.00000000,0.00000000,9.18235041,0.01222413,1.01512040,1.36121552,0.00000000,0.00000000,0.00000000,0.00000000,0.74581586,0.39030183,0.70750509,0.83942704,0.93216966,0.74581586,0.39030183,0.70750509,0.83942704,0.93216966,-23.24325948,-46.31752143,0.79671055,0.43423758,-nan,-nan,-nan,-nan,0.00000000,0.00000000,0.00000000,0.00000000,0.00000000,0.00000000,-nan,0.00000000,13.86964070
