Y,A,A_rep,A_hid,L,Q,K,W,P,r,taua,abar,tauk,taul,WtaxRev,KtaxRev,WtaxRev_lost,KtaxRev_lost,G,lump_sum,ylbar,WtaxPct,ShelterPct,ShelterPctP99,TaxEvasionP99,ConcealPctP99,gini,p90,p99,p999,p9999,gini_total,p90_total,p99_total,p999_total,p9999_total,welfare,welfare0,approval,approval0,conceal_share_e,conceal_share_n,evasion_share_e,evasion_share_n,conceal_frac_e,conceal_frac_n,evasion_frac_e,evasion_frac_n,shelter_pct_e,shelter_pct_n,detection_rate,detection_revenue,wtax_evasion_elast
65.56893145,2.85570493,2.85570493,0.00000000,29.60213902,258.77337428,50.96846139,1.28469412,0.15413192,0.04133802,0.03273791,35.40093716,0.25000000,0.18639316,1.80549429,6.93054577,0.00000000,0.00000000,9.18235041,0.01149922,1.01512040,0.63852081,0.00000000,0.00000000,0.00000000,0.00000000,0.75099466,0.38224067,0.70977715,0.84695024,0.93541799,0.75099466,0.38224067,0.70977715,0.84695024,0.93541799,-23.24709780,-46.21050683,0.85376212,0.50707538,-nan,-nan,-nan,-nan,0.00000000,0.00000000,0.00000000,0.00000000,0.00000000,0.00000000,-nan,0.00000000,13.38459382
