Y,A,A_rep,A_hid,L,Q,K,W,P,r,taua,abar,tauk,taul,WtaxRev,KtaxRev,WtaxRev_lost,KtaxRev_lost,G,lump_sum,ylbar,WtaxPct,ShelterPct,ShelterPctP99,TaxEvasionP99,ConcealPctP99,gini,p90,p99,p999,p9999,gini_total,p90_total,p99_total,p999_total,p9999_total,welfare,welfare0,approval,approval0,conceal_share_e,conceal_share_n,evasion_share_e,evasion_share_n,conceal_frac_e,conceal_frac_n,evasion_frac_e,evasion_frac_n,shelter_pct_e,shelter_pct_n,detection_rate,detection_revenue,wtax_evasion_elast
65.55843630,2.85530968,2.85530968,0.00000000,29.60038317,258.67812857,50.94799558,1.28452632,0.15415349,0.04135722,0.03279557,35.11446588,0.25000000,0.18639516,1.81165031,6.93166454,0.00000000,0.00000000,9.18235041,0.01152699,1.01512040,0.63604015,0.00000000,0.00000000,0.00000000,0.00000000,0.75091829,0.38231108,0.70989500,0.84697379,0.93541912,0.75091829,0.38231108,0.70989500,0.84697379,0.93541912,-23.24695236,-46.21282253,0.85185908,0.50616201,-nan,-nan,-nan,-nan,0.00000000,0.00000000,0.00000000,0.00000000,0.00000000,0.00000000,-nan,0.00000000,13.37989438
