Y,A,A_rep,A_hid,L,Q,K,W,P,r,taua,abar,tauk,taul,WtaxRev,KtaxRev,WtaxRev_lost,KtaxRev_lost,G,lump_sum,ylbar,WtaxPct,ShelterPct,ShelterPctP99,TaxEvasionP99,ConcealPctP99,gini,p90,p99,p999,p9999,gini_total,p90_total,p99_total,p999_total,p9999_total,welfare,welfare0,approval,approval0,conceal_share_e,conceal_share_n,evasion_share_e,evasion_share_n,conceal_frac_e,conceal_frac_n,evasion_frac_e,evasion_frac_n,shelter_pct_e,shelter_pct_n,detection_rate,detection_revenue,wtax_evasion_elast
73.58644769,3.11455523,2.93734138,0.17721385,30.13565044,332.17579744,65.54138212,1.41626398,0.13816278,0.02971490,0.00890837,1299.53709032,0.25000000,0.18605702,0.11257566,5.93452319,0.07711522,0.53931147,9.29156816,0.00046173,1.08952447,0.01091478,0.10232305,33.91072834,8.40756899,52.78699005,0.77204936,0.35013508,0.65619942,0.82174469,0.93528236,0.78497862,0.33021288,0.61890836,0.77942467,0.90796947,-23.71511969,-47.58104256,0.66788925,0.32742134,0.26786289,0.73213711,0.84135041,0.15864959,0.04667616,0.06185486,0.06130288,0.00682318,0.38802697,0.03334210,0.67810526,0.04468864,37.26902158
