Y,A,A_rep,A_hid,L,Q,K,W,P,r,taua,abar,tauk,taul,WtaxRev,KtaxRev,WtaxRev_lost,KtaxRev_lost,G,lump_sum,ylbar,WtaxPct,ShelterPct,ShelterPctP99,TaxEvasionP99,ConcealPctP99,gini,p90,p99,p999,p9999,gini_total,p90_total,p99_total,p999_total,p9999_total,welfare,welfare0,approval,approval0,conceal_share_e,conceal_share_n,evasion_share_e,evasion_share_n,conceal_frac_e,conceal_frac_n,evasion_frac_e,evasion_frac_n,shelter_pct_e,shelter_pct_n,detection_rate,detection_revenue,wtax_evasion_elast
65.54924896,2.85609884,2.85609884,0.00000000,29.59631740,258.63080794,50.97411630,1.28456257,0.15416236,0.04130062,0.03682764,45.30073493,0.25000000,0.18638741,1.80398298,6.93010694,0.00000000,0.00000000,9.18235041,0.01136882,1.01512040,0.54979595,0.00000000,0.00000000,0.00000000,0.00000000,0.75069568,0.38242805,0.71251069,0.85286498,0.93801659,0.75069568,0.38242805,0.71251069,0.85286498,0.93801659,-23.25558578,-46.22981793,0.84574647,0.48110062,-nan,-nan,-nan,-nan,0.00000000,0.00000000,0.00000000,0.00000000,0.00000000,0.00000000,-nan,0.00000000,13.14364710
