Y,A,A_rep,A_hid,L,Q,K,W,P,r,taua,abar,tauk,taul,WtaxRev,KtaxRev,WtaxRev_lost,KtaxRev_lost,G,lump_sum,ylbar,WtaxPct,ShelterPct,ShelterPctP99,TaxEvasionP99,ConcealPctP99,gini,p90,p99,p999,p9999,gini_total,p90_total,p99_total,p999_total,p9999_total,welfare,welfare0,approval,approval0,conceal_share_e,conceal_share_n,evasion_share_e,evasion_share_n,conceal_frac_e,conceal_frac_n,evasion_frac_e,evasion_frac_n,shelter_pct_e,shelter_pct_n,detection_rate,detection_revenue,wtax_evasion_elast
65.57463199,2.85573060,2.85573060,0.00000000,29.60398176,258.84385940,50.98436157,1.28480740,0.15411777,0.04132353,0.03252968,35.07469540,0.25000000,0.18639188,1.80221292,6.92919079,0.00000000,0.00000000,9.18235041,0.01147204,1.01512040,0.86064425,0.00000000,0.00000000,0.00000000,0.00000000,0.75106040,0.38201400,0.70948566,0.84668626,0.93530151,0.75106040,0.38201400,0.70948566,0.84668626,0.93530151,-23.24867459,-46.21130511,0.85473858,0.50689343,-nan,-nan,-nan,-nan,0.00000000,0.00000000,0.00000000,0.00000000,0.00000000,0.00000000,-nan,0.00000000,13.40530228
