Y,A,A_rep,A_hid,L,Q,K,W,P,r,taua,abar,tauk,taul,WtaxRev,KtaxRev,WtaxRev_lost,KtaxRev_lost,G,lump_sum,ylbar,WtaxPct,ShelterPct,ShelterPctP99,TaxEvasionP99,ConcealPctP99,gini,p90,p99,p999,p9999,gini_total,p90_total,p99_total,p999_total,p9999_total,welfare,welfare0,approval,approval0,conceal_share_e,conceal_share_n,evasion_share_e,evasion_share_n,conceal_frac_e,conceal_frac_n,evasion_frac_e,evasion_frac_n,shelter_pct_e,shelter_pct_n,detection_rate,detection_revenue,wtax_evasion_elast
65.57365286,2.85557074,2.85557074,0.00000000,29.60385166,258.81115521,50.96978357,1.28472989,0.15412498,0.04134353,0.03224187,34.53758316,0.25000000,0.18639065,1.80249512,6.93043089,0.00000000,0.00000000,9.18235041,0.01147496,1.01512040,0.84874175,0.00000000,0.00000000,0.00000000,0.00000000,0.75103828,0.38209416,0.70917496,0.84619194,0.93510613,0.75103828,0.38209416,0.70917496,0.84619194,0.93510613,-23.24948499,-46.21464819,0.85295255,0.50626498,-nan,-nan,-nan,-nan,0.00000000,0.00000000,0.00000000,0.00000000,0.00000000,0.00000000,-nan,0.00000000,13.40103097
