Y,A,A_rep,A_hid,L,Q,K,W,P,r,taua,abar,tauk,taul,WtaxRev,KtaxRev,WtaxRev_lost,KtaxRev_lost,G,lump_sum,ylbar,WtaxPct,ShelterPct,ShelterPctP99,TaxEvasionP99,ConcealPctP99,gini,p90,p99,p999,p9999,gini_total,p90_total,p99_total,p999_total,p9999_total,welfare,welfare0,approval,approval0,conceal_share_e,conceal_share_n,evasion_share_e,evasion_share_n,conceal_frac_e,conceal_frac_n,evasion_frac_e,evasion_frac_n,shelter_pct_e,shelter_pct_n,detection_rate,detection_revenue,wtax_evasion_elast
64.64556625,2.81262537,2.81262537,0.00000000,29.47936207,251.73379035,49.45932806,1.27189286,0.15578255,0.04280061,0.04213398,28.02756254,0.25000000,0.18650844,2.27325326,6.98412763,0.00000000,0.00000000,9.18235041,0.01361589,1.01512040,1.01744269,0.00000000,0.00000000,0.00000000,0.00000000,0.74161845,0.39653967,0.72706764,0.85510588,0.93797993,0.74161845,0.39653967,0.72706764,0.85510588,0.93797993,-23.18467195,-46.28592062,0.79007183,0.41789903,-nan,-nan,-nan,-nan,0.00000000,0.00000000,0.00000000,0.00000000,0.00000000,0.00000000,-nan,0.00000000,12.80192919
