Y,A,A_rep,A_hid,L,Q,K,W,P,r,taua,abar,tauk,taul,WtaxRev,KtaxRev,WtaxRev_lost,KtaxRev_lost,G,lump_sum,ylbar,WtaxPct,ShelterPct,ShelterPctP99,TaxEvasionP99,ConcealPctP99,gini,p90,p99,p999,p9999,gini_total,p90_total,p99_total,p999_total,p9999_total,welfare,welfare0,approval,approval0,conceal_share_e,conceal_share_n,evasion_share_e,evasion_share_n,conceal_frac_e,conceal_frac_n,evasion_frac_e,evasion_frac_n,shelter_pct_e,shelter_pct_n,detection_rate,detection_revenue,wtax_evasion_elast
73.55061040,3.11301987,2.93391017,0.17910971,30.13153614,331.83243411,65.49276497,1.41576001,0.13822330,0.02973477,0.01081716,1281.03877348,0.25000000,0.18606049,0.13385543,5.92846921,0.09526765,0.54583503,9.29156816,0.00054556,1.08952447,0.01058447,0.10315587,34.19063502,8.67378710,53.56140051,0.77175346,0.35056008,0.65725916,0.82330186,0.93651402,0.78484430,0.33039037,0.61949015,0.78041699,0.90893144,-23.71481009,-47.58577071,0.65580841,0.31298126,0.26781508,0.73218492,0.82530013,0.17469987,0.04718532,0.06255474,0.06238908,0.00780391,0.39052647,0.03377252,0.68140916,0.04662717,33.60579370
