Y,A,A_rep,A_hid,L,Q,K,W,P,r,taua,abar,tauk,taul,WtaxRev,KtaxRev,WtaxRev_lost,KtaxRev_lost,G,lump_sum,ylbar,WtaxPct,ShelterPct,ShelterPctP99,TaxEvasionP99,ConcealPctP99,gini,p90,p99,p999,p9999,gini_total,p90_total,p99_total,p999_total,p9999_total,welfare,welfare0,approval,approval0,conceal_share_e,conceal_share_n,evasion_share_e,evasion_share_n,conceal_frac_e,conceal_frac_n,evasion_frac_e,evasion_frac_n,shelter_pct_e,shelter_pct_n,detection_rate,detection_revenue,wtax_evasion_elast
65.46598626,2.84785645,2.84785645,0.00000000,29.59671374,257.96190312,50.72083109,1.28294072,0.15432910,0.04164196,0.03000000,27.26711645,0.25000000,0.18639613,1.84957529,6.93986949,0.00000000,0.00000000,9.18235041,0.01168693,1.01512040,1.05145254,0.00000000,0.00000000,0.00000000,0.00000000,0.74975758,0.38414698,0.70682406,0.84173436,0.93324229,0.74975758,0.38414698,0.70682406,0.84173436,0.93324229,-23.24914174,-46.24499865,0.83426326,0.47005252,-nan,-nan,-nan,-nan,0.00000000,0.00000000,0.00000000,0.00000000,0.00000000,0.00000000,-nan,0.00000000,13.58202439
