Y,A,A_rep,A_hid,L,Q,K,W,P,r,taua,abar,tauk,taul,WtaxRev,KtaxRev,WtaxRev_lost,KtaxRev_lost,G,lump_sum,ylbar,WtaxPct,ShelterPct,ShelterPctP99,TaxEvasionP99,ConcealPctP99,gini,p90,p99,p999,p9999,gini_total,p90_total,p99_total,p999_total,p9999_total,welfare,welfare0,approval,approval0,conceal_share_e,conceal_share_n,evasion_share_e,evasion_share_n,conceal_frac_e,conceal_frac_n,evasion_frac_e,evasion_frac_n,shelter_pct_e,shelter_pct_n,detection_rate,detection_revenue,wtax_evasion_elast
65.57023607,2.85577869,2.85577869,0.00000000,29.60236619,258.79264212,50.97379528,1.28473190,0.15412743,0.04133192,0.03296392,36.10676920,0.25000000,0.18639099,1.80425096,6.93009443,0.00000000,0.00000000,9.18235041,0.01147688,1.01512040,0.64327659,0.00000000,0.00000000,0.00000000,0.00000000,0.75099011,0.38220733,0.70986756,0.84731238,0.93558757,0.75099011,0.38220733,0.70986756,0.84731238,0.93558757,-23.24848853,-46.21265910,0.85335048,0.50629903,-nan,-nan,-nan,-nan,0.00000000,0.00000000,0.00000000,0.00000000,0.00000000,0.00000000,-nan,0.00000000,13.35969930
