Y,A,A_rep,A_hid,L,Q,K,W,P,r,taua,abar,tauk,taul,WtaxRev,KtaxRev,WtaxRev_lost,KtaxRev_lost,G,lump_sum,ylbar,WtaxPct,ShelterPct,ShelterPctP99,TaxEvasionP99,ConcealPctP99,gini,p90,p99,p999,p9999,gini_total,p90_total,p99_total,p999_total,p9999_total,welfare,welfare0,approval,approval0,conceal_share_e,conceal_share_n,evasion_share_e,evasion_share_n,conceal_frac_e,conceal_frac_n,evasion_frac_e,evasion_frac_n,shelter_pct_e,shelter_pct_n,detection_rate,detection_revenue,wtax_evasion_elast
65.58138386,2.85622694,2.85622694,0.00000000,29.60378912,258.86303579,50.98756958,1.28485499,0.15411159,0.04132021,0.03257836,35.44289185,0.25000000,0.18639144,1.79931830,6.92996466,0.00000000,0.00000000,9.18235041,0.01146769,1.01512040,0.63945799,0.00000000,0.00000000,0.00000000,0.00000000,0.75111165,0.38190097,0.70943470,0.84677362,0.93535443,0.75111165,0.38190097,0.70943470,0.84677362,0.93535443,-23.24849535,-46.21078951,0.85479477,0.50711311,-nan,-nan,-nan,-nan,0.00000000,0.00000000,0.00000000,0.00000000,0.00000000,0.00000000,-nan,0.00000000,13.39205801
