Y,A,A_rep,A_hid,L,Q,K,W,P,r,taua,abar,tauk,taul,WtaxRev,KtaxRev,WtaxRev_lost,KtaxRev_lost,G,lump_sum,ylbar,WtaxPct,ShelterPct,ShelterPctP99,TaxEvasionP99,ConcealPctP99,gini,p90,p99,p999,p9999,gini_total,p90_total,p99_total,p999_total,p9999_total,welfare,welfare0,approval,approval0,conceal_share_e,conceal_share_n,evasion_share_e,evasion_share_n,conceal_frac_e,conceal_frac_n,evasion_frac_e,evasion_frac_n,shelter_pct_e,shelter_pct_n,detection_rate,detection_revenue,wtax_evasion_elast
65.38751263,2.84909813,2.84909813,0.00000000,29.57369781,257.39416828,50.72628886,1.28238382,0.15444804,0.04152106,0.03946354,44.82788069,0.25000000,0.18640827,1.88775415,6.93860797,0.00000000,0.00000000,9.18235041,0.01175732,1.01512040,0.54058026,0.00000000,0.00000000,0.00000000,0.00000000,0.74916966,0.38473946,0.71657990,0.85577986,0.93904933,0.74916966,0.38473946,0.71657990,0.85577986,0.93904933,-23.24288046,-46.23822876,0.82943904,0.46113710,-nan,-nan,-nan,-nan,0.00000000,0.00000000,0.00000000,0.00000000,0.00000000,0.00000000,-nan,0.00000000,12.97815552
