Y,A,A_rep,A_hid,L,Q,K,W,P,r,taua,abar,tauk,taul,WtaxRev,KtaxRev,WtaxRev_lost,KtaxRev_lost,G,lump_sum,ylbar,WtaxPct,ShelterPct,ShelterPctP99,TaxEvasionP99,ConcealPctP99,gini,p90,p99,p999,p9999,gini_total,p90_total,p99_total,p999_total,p9999_total,welfare,welfare0,approval,approval0,conceal_share_e,conceal_share_n,evasion_share_e,evasion_share_n,conceal_frac_e,conceal_frac_n,evasion_frac_e,evasion_frac_n,shelter_pct_e,shelter_pct_n,detection_rate,detection_revenue,wtax_evasion_elast
65.60593781,2.85740321,2.85740321,0.00000000,29.60725551,259.06265167,51.02987619,1.28521107,0.15406568,0.04128062,0.03262500,36.68020849,0.25000000,0.18638575,1.78415923,6.92820261,0.00000000,0.00000000,9.18235041,0.01136654,1.01512040,0.64931864,0.00000000,0.00000000,0.00000000,0.00000000,0.75131812,0.38156132,0.70910587,0.84701812,0.93549004,0.75131812,0.38156132,0.70910587,0.84701812,0.93549004,-23.25298905,-46.21517940,0.85533216,0.51003451,-nan,-nan,-nan,-nan,0.00000000,0.00000000,0.00000000,0.00000000,0.00000000,0.00000000,-nan,0.00000000,13.38111696
