Y,A,A_rep,A_hid,L,Q,K,W,P,r,taua,abar,tauk,taul,WtaxRev,KtaxRev,WtaxRev_lost,KtaxRev_lost,G,lump_sum,ylbar,WtaxPct,ShelterPct,ShelterPctP99,TaxEvasionP99,ConcealPctP99,gini,p90,p99,p999,p9999,gini_total,p90_total,p99_total,p999_total,p9999_total,welfare,welfare0,approval,approval0,conceal_share_e,conceal_share_n,evasion_share_e,evasion_share_n,conceal_frac_e,conceal_frac_n,evasion_frac_e,evasion_frac_n,shelter_pct_e,shelter_pct_n,detection_rate,detection_revenue,wtax_evasion_elast
65.58837139,2.85650812,2.85650812,0.00000000,29.60529959,258.93571539,51.00343263,1.28497817,0.15409571,0.04130547,0.03254972,35.68874851,0.25000000,0.18638822,1.79479830,6.92893163,0.00000000,0.00000000,9.18235041,0.01143076,1.01512040,0.64132514,0.00000000,0.00000000,0.00000000,0.00000000,0.75117161,0.38182160,0.70932189,0.84679306,0.93537225,0.75117161,0.38182160,0.70932189,0.84679306,0.93537225,-23.25031218,-46.21247603,0.85496096,0.50995691,-nan,-nan,-nan,-nan,0.00000000,0.00000000,0.00000000,0.00000000,0.00000000,0.00000000,-nan,0.00000000,13.39500305
