Y,A,A_rep,A_hid,L,Q,K,W,P,r,taua,abar,tauk,taul,WtaxRev,KtaxRev,WtaxRev_lost,KtaxRev_lost,G,lump_sum,ylbar,WtaxPct,ShelterPct,ShelterPctP99,TaxEvasionP99,ConcealPctP99,gini,p90,p99,p999,p9999,gini_total,p90_total,p99_total,p999_total,p9999_total,welfare,welfare0,approval,approval0,conceal_share_e,conceal_share_n,evasion_share_e,evasion_share_n,conceal_frac_e,conceal_frac_n,evasion_frac_e,evasion_frac_n,shelter_pct_e,shelter_pct_n,detection_rate,detection_revenue,wtax_evasion_elast
65.33639434,2.84485863,2.84485863,0.00000000,29.57067554,257.00982184,50.58204091,1.28151118,0.15453485,0.04171022,0.03509142,33.38498201,0.25000000,0.18642417,1.92610901,6.94392580,0.00000000,0.00000000,9.18235041,0.01207850,1.01512040,0.81383400,0.00000000,0.00000000,0.00000000,0.00000000,0.74870310,0.38567662,0.71445732,0.84908573,0.93614046,0.74870310,0.38567662,0.71445732,0.84908573,0.93614046,-23.22745164,-46.22171178,0.83203618,0.47076619,-nan,-nan,-nan,-nan,0.00000000,0.00000000,0.00000000,0.00000000,0.00000000,0.00000000,-nan,0.00000000,13.20242748
