Y,A,A_rep,A_hid,L,Q,K,W,P,r,taua,abar,tauk,taul,WtaxRev,KtaxRev,WtaxRev_lost,KtaxRev_lost,G,lump_sum,ylbar,WtaxPct,ShelterPct,ShelterPctP99,TaxEvasionP99,ConcealPctP99,gini,p90,p99,p999,p9999,gini_total,p90_total,p99_total,p999_total,p9999_total,welfare,welfare0,approval,approval0,conceal_share_e,conceal_share_n,evasion_share_e,evasion_share_n,conceal_frac_e,conceal_frac_n,evasion_frac_e,evasion_frac_n,shelter_pct_e,shelter_pct_n,detection_rate,detection_revenue,wtax_evasion_elast
65.62312673,2.85864851,2.85864851,0.00000000,29.60829004,259.19817489,51.06954076,1.28549807,0.15403291,0.04123326,0.03369639,40.19567102,0.25000000,0.18638055,1.77024690,6.92670111,0.00000000,0.00000000,9.18235041,0.01125721,1.01512040,0.68031699,0.00000000,0.00000000,0.00000000,0.00000000,0.75146290,0.38127604,0.70959682,0.84879818,0.93627887,0.75146290,0.38127604,0.70959682,0.84879818,0.93627887,-23.25810380,-46.22125790,0.85441751,0.50680698,-nan,-nan,-nan,-nan,0.00000000,0.00000000,0.00000000,0.00000000,0.00000000,0.00000000,-nan,0.00000000,13.33265371
