Y,A,A_rep,A_hid,L,Q,K,W,P,r,taua,abar,tauk,taul,WtaxRev,KtaxRev,WtaxRev_lost,KtaxRev_lost,G,lump_sum,ylbar,WtaxPct,ShelterPct,ShelterPctP99,TaxEvasionP99,ConcealPctP99,gini,p90,p99,p999,p9999,gini_total,p90_total,p99_total,p999_total,p9999_total,welfare,welfare0,approval,approval0,conceal_share_e,conceal_share_n,evasion_share_e,evasion_share_n,conceal_frac_e,conceal_frac_n,evasion_frac_e,evasion_frac_n,shelter_pct_e,shelter_pct_n,detection_rate,detection_revenue,wtax_evasion_elast
73.54416315,3.11274650,2.93077713,0.18196937,30.13074418,331.78567056,65.48897937,1.41569815,0.13823136,0.02973392,0.01060119,1179.21026437,0.25000000,0.18606086,0.13901034,5.92904904,0.10015966,0.54325143,9.29156816,0.00058185,1.08952447,0.01167174,0.10326173,35.09621749,8.53462871,54.10556188,0.77152116,0.35093785,0.65798522,0.82425483,0.93680557,0.78483622,0.33042222,0.61956647,0.78055265,0.90895997,-23.71325146,-47.58271225,0.66378690,0.31659106,0.26595957,0.73404043,0.81993954,0.18006046,0.04760781,0.06372204,0.06217729,0.00806992,0.39041453,0.03393096,0.67759118,0.04579964,34.20206716
