Y,A,A_rep,A_hid,L,Q,K,W,P,r,taua,abar,tauk,taul,WtaxRev,KtaxRev,WtaxRev_lost,KtaxRev_lost,G,lump_sum,ylbar,WtaxPct,ShelterPct,ShelterPctP99,TaxEvasionP99,ConcealPctP99,gini,p90,p99,p999,p9999,gini_total,p90_total,p99_total,p999_total,p9999_total,welfare,welfare0,approval,approval0,conceal_share_e,conceal_share_n,evasion_share_e,evasion_share_n,conceal_frac_e,conceal_frac_n,evasion_frac_e,evasion_frac_n,shelter_pct_e,shelter_pct_n,detection_rate,detection_revenue,wtax_evasion_elast
65.56383708,2.85542530,2.85542530,0.00000000,29.60171366,258.73661277,50.96101364,1.28462468,0.15414110,0.04134513,0.03281178,35.37708171,0.25000000,0.18639247,1.80855444,6.93065676,0.00000000,0.00000000,9.18235041,0.01150390,1.01512040,0.63811921,0.00000000,0.00000000,0.00000000,0.00000000,0.75093391,0.38231615,0.70988174,0.84703159,0.93545366,0.75093391,0.38231615,0.70988174,0.84703159,0.93545366,-23.24758215,-46.21233630,0.85307226,0.50628482,-nan,-nan,-nan,-nan,0.00000000,0.00000000,0.00000000,0.00000000,0.00000000,0.00000000,-nan,0.00000000,13.37839206
