Y,A,A_rep,A_hid,L,Q,K,W,P,r,taua,abar,tauk,taul,WtaxRev,KtaxRev,WtaxRev_lost,KtaxRev_lost,G,lump_sum,ylbar,WtaxPct,ShelterPct,ShelterPctP99,TaxEvasionP99,ConcealPctP99,gini,p90,p99,p999,p9999,gini_total,p90_total,p99_total,p999_total,p9999_total,welfare,welfare0,approval,approval0,conceal_share_e,conceal_share_n,evasion_share_e,evasion_share_n,conceal_frac_e,conceal_frac_n,evasion_frac_e,evasion_frac_n,shelter_pct_e,shelter_pct_n,detection_rate,detection_revenue,wtax_evasion_elast
65.57970563,2.85609543,2.85609543,0.00000000,29.60402777,258.85707944,50.98711629,1.28483796,0.15411416,0.04132066,0.03256603,35.33699981,0.25000000,0.18639033,1.80013318,6.92975534,0.00000000,0.00000000,9.18235041,0.01146205,1.01512040,0.63865521,0.00000000,0.00000000,0.00000000,0.00000000,0.75109353,0.38193423,0.70945298,0.84675076,0.93533653,0.75109353,0.38193423,0.70945298,0.84675076,0.93533653,-23.24927633,-46.21250211,0.85381378,0.50707538,-nan,-nan,-nan,-nan,0.00000000,0.00000000,0.00000000,0.00000000,0.00000000,0.00000000,-nan,0.00000000,13.39662510
