Y,A,A_rep,A_hid,L,Q,K,W,P,r,taua,abar,tauk,taul,WtaxRev,KtaxRev,WtaxRev_lost,KtaxRev_lost,G,lump_sum,ylbar,WtaxPct,ShelterPct,ShelterPctP99,TaxEvasionP99,ConcealPctP99,gini,p90,p99,p999,p9999,gini_total,p90_total,p99_total,p999_total,p9999_total,welfare,welfare0,approval,approval0,conceal_share_e,conceal_share_n,evasion_share_e,evasion_share_n,conceal_frac_e,conceal_frac_n,evasion_frac_e,evasion_frac_n,shelter_pct_e,shelter_pct_n,detection_rate,detection_revenue,wtax_evasion_elast
65.60133790,2.85704715,2.85704715,0.00000000,29.60699695,259.00730035,51.01936064,1.28510383,0.15408078,0.04129083,0.03228154,35.45370659,0.25000000,0.18638965,1.78840727,6.92878135,0.00000000,0.00000000,9.18235041,0.01139967,1.01512040,0.64038295,0.00000000,0.00000000,0.00000000,0.00000000,0.75130214,0.38167264,0.70892648,0.84641800,0.93520960,0.75130214,0.38167264,0.70892648,0.84641800,0.93520960,-23.25226566,-46.21478852,0.85493427,0.50995681,-nan,-nan,-nan,-nan,0.00000000,0.00000000,0.00000000,0.00000000,0.00000000,0.00000000,-nan,0.00000000,13.41197131
