Y,A,A_rep,A_hid,L,Q,K,W,P,r,taua,abar,tauk,taul,WtaxRev,KtaxRev,WtaxRev_lost,KtaxRev_lost,G,lump_sum,ylbar,WtaxPct,ShelterPct,ShelterPctP99,TaxEvasionP99,ConcealPctP99,gini,p90,p99,p999,p9999,gini_total,p90_total,p99_total,p999_total,p9999_total,welfare,welfare0,approval,approval0,conceal_share_e,conceal_share_n,evasion_share_e,evasion_share_n,conceal_frac_e,conceal_frac_n,evasion_frac_e,evasion_frac_n,shelter_pct_e,shelter_pct_n,detection_rate,detection_revenue,wtax_evasion_elast
65.58674957,2.85609721,2.85609721,0.00000000,29.60577093,258.91619662,50.99164568,1.28491577,0.15410101,0.04132352,0.03205056,34.53239300,0.25000000,0.18638828,1.79549054,6.92952206,0.00000000,0.00000000,9.18235041,0.01143847,1.01512040,0.84904611,0.00000000,0.00000000,0.00000000,0.00000000,0.75115708,0.38186582,0.70889199,0.84595907,0.93501186,0.75115708,0.38186582,0.70889199,0.84595907,0.93501186,-23.25071162,-46.21450729,0.85418812,0.50669931,-nan,-nan,-nan,-nan,0.00000000,0.00000000,0.00000000,0.00000000,0.00000000,0.00000000,-nan,0.00000000,13.41450192
