Y,A,A_rep,A_hid,L,Q,K,W,P,r,taua,abar,tauk,taul,WtaxRev,KtaxRev,WtaxRev_lost,KtaxRev_lost,G,lump_sum,ylbar,WtaxPct,ShelterPct,ShelterPctP99,TaxEvasionP99,ConcealPctP99,gini,p90,p99,p999,p9999,gini_total,p90_total,p99_total,p999_total,p9999_total,welfare,welfare0,approval,approval0,conceal_share_e,conceal_share_n,evasion_share_e,evasion_share_n,conceal_frac_e,conceal_frac_n,evasion_frac_e,evasion_frac_n,shelter_pct_e,shelter_pct_n,detection_rate,detection_revenue,wtax_evasion_elast
65.35267739,2.84603371,2.84603371,0.00000000,29.57190071,257.13746169,50.62112459,1.28178112,0.15450477,0.04166252,0.03560518,34.69519306,0.25000000,0.18642205,1.91809821,6.94238759,0.00000000,0.00000000,9.18235041,0.01203293,1.01512040,0.84276330,0.00000000,0.00000000,0.00000000,0.00000000,0.74892287,0.38534055,0.71478951,0.84999237,0.93653212,0.74892287,0.38534055,0.71478951,0.84999237,0.93653212,-23.22888117,-46.21983636,0.83364608,0.47095670,-nan,-nan,-nan,-nan,0.00000000,0.00000000,0.00000000,0.00000000,0.00000000,0.00000000,-nan,0.00000000,13.18997236
