Y,A,A_rep,A_hid,L,Q,K,W,P,r,taua,abar,tauk,taul,WtaxRev,KtaxRev,WtaxRev_lost,KtaxRev_lost,G,lump_sum,ylbar,WtaxPct,ShelterPct,ShelterPctP99,TaxEvasionP99,ConcealPctP99,gini,p90,p99,p999,p9999,gini_total,p90_total,p99_total,p999_total,p9999_total,welfare,welfare0,approval,approval0,conceal_share_e,conceal_share_n,evasion_share_e,evasion_share_n,conceal_frac_e,conceal_frac_n,evasion_frac_e,evasion_frac_n,shelter_pct_e,shelter_pct_n,detection_rate,detection_revenue,wtax_evasion_elast
65.56994307,2.85574099,2.85574099,0.00000000,29.60240330,258.78178944,50.97062035,1.28470735,0.15413042,0.04133593,0.03267525,35.26592895,0.25000000,0.18639298,1.80496888,6.93043581,0.00000000,0.00000000,9.18235041,0.01149607,1.01512040,0.63774870,0.00000000,0.00000000,0.00000000,0.00000000,0.75100627,0.38205856,0.70972263,0.84686628,0.93537862,0.75100627,0.38205856,0.70972263,0.84686628,0.93537862,-23.24729589,-46.21068425,0.85375455,0.50707538,-nan,-nan,-nan,-nan,0.00000000,0.00000000,0.00000000,0.00000000,0.00000000,0.00000000,-nan,0.00000000,13.39148733
