Y,A,A_rep,A_hid,L,Q,K,W,P,r,taua,abar,tauk,taul,WtaxRev,KtaxRev,WtaxRev_lost,KtaxRev_lost,G,lump_sum,ylbar,WtaxPct,ShelterPct,ShelterPctP99,TaxEvasionP99,ConcealPctP99,gini,p90,p99,p999,p9999,gini_total,p90_total,p99_total,p999_total,p9999_total,welfare,welfare0,approval,approval0,conceal_share_e,conceal_share_n,evasion_share_e,evasion_share_n,conceal_frac_e,conceal_frac_n,evasion_frac_e,evasion_frac_n,shelter_pct_e,shelter_pct_n,detection_rate,detection_revenue,wtax_evasion_elast
64.95701259,2.83095035,2.83095035,0.00000000,29.51479579,254.05505013,50.09445820,1.27648635,0.15524527,0.04206544,0.04773155,45.21258918,0.25000000,0.18645901,2.09793558,6.96119079,0.00000000,0.00000000,9.18235041,0.01261839,1.01512040,0.52650141,0.00000000,0.00000000,0.00000000,0.00000000,0.74516572,0.39088901,0.72750144,0.86420149,0.94229360,0.74516572,0.39088901,0.72750144,0.86420149,0.94229360,-23.22512998,-46.29231599,0.79626735,0.42588239,-nan,-nan,-nan,-nan,0.00000000,0.00000000,0.00000000,0.00000000,0.00000000,0.00000000,-nan,0.00000000,12.49764527
