Y,A,A_rep,A_hid,L,Q,K,W,P,r,taua,abar,tauk,taul,WtaxRev,KtaxRev,WtaxRev_lost,KtaxRev_lost,G,lump_sum,ylbar,WtaxPct,ShelterPct,ShelterPctP99,TaxEvasionP99,ConcealPctP99,gini,p90,p99,p999,p9999,gini_total,p90_total,p99_total,p999_total,p9999_total,welfare,welfare0,approval,approval0,conceal_share_e,conceal_share_n,evasion_share_e,evasion_share_n,conceal_frac_e,conceal_frac_n,evasion_frac_e,evasion_frac_n,shelter_pct_e,shelter_pct_n,detection_rate,detection_revenue,wtax_evasion_elast
65.78854683,2.86590817,2.86590817,0.00000000,29.63200659,260.44863515,51.33553511,1.28770142,0.15375304,0.04098889,0.03186915,42.27488536,0.25000000,0.18635461,1.67981348,6.91768931,0.00000000,0.00000000,9.18235041,0.01077367,1.01512040,0.54425848,0.00000000,0.00000000,0.00000000,0.00000000,0.75305628,0.37873231,0.70576302,0.84695571,0.93563865,0.75305628,0.37873231,0.70576302,0.84695571,0.93563865,-23.27874678,-46.22950985,0.86777768,0.52683539,-nan,-nan,-nan,-nan,0.00000000,0.00000000,0.00000000,0.00000000,0.00000000,0.00000000,-nan,0.00000000,13.46864365
