Y,A,A_rep,A_hid,L,Q,K,W,P,r,taua,abar,tauk,taul,WtaxRev,KtaxRev,WtaxRev_lost,KtaxRev_lost,G,lump_sum,ylbar,WtaxPct,ShelterPct,ShelterPctP99,TaxEvasionP99,ConcealPctP99,gini,p90,p99,p999,p9999,gini_total,p90_total,p99_total,p999_total,p9999_total,welfare,welfare0,approval,approval0,conceal_share_e,conceal_share_n,evasion_share_e,evasion_share_n,conceal_frac_e,conceal_frac_n,evasion_frac_e,evasion_frac_n,shelter_pct_e,shelter_pct_n,detection_rate,detection_revenue,wtax_evasion_elast
63.73013612,2.73687155,2.73687155,0.00000000,29.47212831,244.21932172,47.04552775,1.25417814,0.15782150,0.04617954,0.03000000,9.18515068,0.25000000,0.18663397,2.69585142,7.07903367,0.00000000,0.00000000,9.18235041,0.01570915,1.01512040,6.52679003,0.00000000,0.00000000,0.00000000,0.00000000,0.73047544,0.41296523,0.69551360,0.82662491,0.92677583,0.73047544,0.41296523,0.69551360,0.82662491,0.92677583,-23.20978964,-46.63093523,0.71068400,0.36411855,-nan,-nan,-nan,-nan,0.00000000,0.00000000,0.00000000,0.00000000,0.00000000,0.00000000,-nan,0.00000000,14.94428779
