Y,A,A_rep,A_hid,L,Q,K,W,P,r,taua,abar,tauk,taul,WtaxRev,KtaxRev,WtaxRev_lost,KtaxRev_lost,G,lump_sum,ylbar,WtaxPct,ShelterPct,ShelterPctP99,TaxEvasionP99,ConcealPctP99,gini,p90,p99,p999,p9999,gini_total,p90_total,p99_total,p999_total,p9999_total,welfare,welfare0,approval,approval0,conceal_share_e,conceal_share_n,evasion_share_e,evasion_share_n,conceal_frac_e,conceal_frac_n,evasion_frac_e,evasion_frac_n,shelter_pct_e,shelter_pct_n,detection_rate,detection_revenue,wtax_evasion_elast
65.78768192,2.86620070,2.86620070,0.00000000,29.63130691,260.44707356,51.34728264,1.28773128,0.15375394,0.04096812,0.03324047,46.51047267,0.25000000,0.18635028,1.67609675,6.91712225,0.00000000,0.00000000,9.18235041,0.01070658,1.01512040,0.56664166,0.00000000,0.00000000,0.00000000,0.00000000,0.75299601,0.37891954,0.70648050,0.84899946,0.93655722,0.75299601,0.37891954,0.70648050,0.84899946,0.93655722,-23.28292251,-46.23759653,0.86254901,0.51828702,-nan,-nan,-nan,-nan,0.00000000,0.00000000,0.00000000,0.00000000,0.00000000,0.00000000,-nan,0.00000000,13.38559905
