Y,A,A_rep,A_hid,L,Q,K,W,P,r,taua,abar,tauk,taul,WtaxRev,KtaxRev,WtaxRev_lost,KtaxRev_lost,G,lump_sum,ylbar,WtaxPct,ShelterPct,ShelterPctP99,TaxEvasionP99,ConcealPctP99,gini,p90,p99,p999,p9999,gini_total,p90_total,p99_total,p999_total,p9999_total,welfare,welfare0,approval,approval0,conceal_share_e,conceal_share_n,evasion_share_e,evasion_share_n,conceal_frac_e,conceal_frac_n,evasion_frac_e,evasion_frac_n,shelter_pct_e,shelter_pct_n,detection_rate,detection_revenue,wtax_evasion_elast
65.52605736,2.85388489,2.85388489,0.00000000,29.59577283,258.45406450,50.90123076,1.28413616,0.15420312,0.04139928,0.03348606,35.76611324,0.25000000,0.18639915,1.82705127,6.93270874,0.00000000,0.00000000,9.18235041,0.01159519,1.01512040,0.63886937,0.00000000,0.00000000,0.00000000,0.00000000,0.75060651,0.38269024,0.71090488,0.84787123,0.93578256,0.75060651,0.38269024,0.71090488,0.84787123,0.93578256,-23.24410430,-46.21358598,0.85052150,0.50156464,-nan,-nan,-nan,-nan,0.00000000,0.00000000,0.00000000,0.00000000,0.00000000,0.00000000,-nan,0.00000000,13.33492838
