Y,A,A_rep,A_hid,L,Q,K,W,P,r,taua,abar,tauk,taul,WtaxRev,KtaxRev,WtaxRev_lost,KtaxRev_lost,G,lump_sum,ylbar,WtaxPct,ShelterPct,ShelterPctP99,TaxEvasionP99,ConcealPctP99,gini,p90,p99,p999,p9999,gini_total,p90_total,p99_total,p999_total,p9999_total,welfare,welfare0,approval,approval0,conceal_share_e,conceal_share_n,evasion_share_e,evasion_share_n,conceal_frac_e,conceal_frac_n,evasion_frac_e,evasion_frac_n,shelter_pct_e,shelter_pct_n,detection_rate,detection_revenue,wtax_evasion_elast
65.58179363,2.85622499,2.85622499,0.00000000,29.60421537,258.86830103,50.98986312,1.28485898,0.15411164,0.04131780,0.03245484,35.14972135,0.25000000,0.18639124,1.79862959,6.92982894,0.00000000,0.00000000,9.18235041,0.01146338,1.01512040,0.63743453,0.00000000,0.00000000,0.00000000,0.00000000,0.75112589,0.38190390,0.70936003,0.84659141,0.93527353,0.75112589,0.38190390,0.70936003,0.84659141,0.93527353,-23.24892140,-46.21141434,0.85476052,0.50707471,-nan,-nan,-nan,-nan,0.00000000,0.00000000,0.00000000,0.00000000,0.00000000,0.00000000,-nan,0.00000000,13.40609499
