Y,A,A_rep,A_hid,L,Q,K,W,P,r,taua,abar,tauk,taul,WtaxRev,KtaxRev,WtaxRev_lost,KtaxRev_lost,G,lump_sum,ylbar,WtaxPct,ShelterPct,ShelterPctP99,TaxEvasionP99,ConcealPctP99,gini,p90,p99,p999,p9999,gini_total,p90_total,p99_total,p999_total,p9999_total,welfare,welfare0,approval,approval0,conceal_share_e,conceal_share_n,evasion_share_e,evasion_share_n,conceal_frac_e,conceal_frac_n,evasion_frac_e,evasion_frac_n,shelter_pct_e,shelter_pct_n,detection_rate,detection_revenue,wtax_evasion_elast
60.36702600,2.49473386,2.49473386,0.00000000,29.43365749,217.24158795,39.39312575,1.18954654,0.16610183,0.05880166,0.03000000,2.23977084,0.25000000,0.18677345,4.39879184,7.38169062,0.00000000,0.00000000,9.18235041,0.02254250,1.01512040,23.59717735,0.00000000,0.00000000,0.00000000,0.00000000,0.72768327,0.37836408,0.63896761,0.79032163,0.91369187,0.72768327,0.37836408,0.63896761,0.79032163,0.91369187,-23.79741993,-48.56876008,0.49142814,0.13818114,-nan,-nan,-nan,-nan,0.00000000,0.00000000,0.00000000,0.00000000,0.00000000,0.00000000,-nan,0.00000000,16.27838794
