Y,A,A_rep,A_hid,L,Q,K,W,P,r,taua,abar,tauk,taul,WtaxRev,KtaxRev,WtaxRev_lost,KtaxRev_lost,G,lump_sum,ylbar,WtaxPct,ShelterPct,ShelterPctP99,TaxEvasionP99,ConcealPctP99,gini,p90,p99,p999,p9999,gini_total,p90_total,p99_total,p999_total,p9999_total,welfare,welfare0,approval,approval0,conceal_share_e,conceal_share_n,evasion_share_e,evasion_share_n,conceal_frac_e,conceal_frac_n,evasion_frac_e,evasion_frac_n,shelter_pct_e,shelter_pct_n,detection_rate,detection_revenue,wtax_evasion_elast
73.50146047,3.11092755,2.93260694,0.17832061,30.12416780,331.41957800,65.42141572,1.41518079,0.13828783,0.02976957,0.01449858,1376.74741399,0.25000000,0.18606780,0.16102195,5.93236312,0.12098756,0.54459968,9.29156816,0.00078580,1.08952447,0.00951769,0.10299909,35.79885583,8.85887963,52.47167083,0.77160557,0.35085182,0.65793964,0.82455812,0.93826661,0.78465603,0.33074074,0.62027332,0.78177087,0.91037764,-23.70321146,-47.56858219,0.70759151,0.35650157,0.26947098,0.73052902,0.80268203,0.19731797,0.04729695,0.06218184,0.06278202,0.00913354,0.38959474,0.03380284,0.68148029,0.04754998,28.96378585
