Y,A,A_rep,A_hid,L,Q,K,W,P,r,taua,abar,tauk,taul,WtaxRev,KtaxRev,WtaxRev_lost,KtaxRev_lost,G,lump_sum,ylbar,WtaxPct,ShelterPct,ShelterPctP99,TaxEvasionP99,ConcealPctP99,gini,p90,p99,p999,p9999,gini_total,p90_total,p99_total,p999_total,p9999_total,welfare,welfare0,approval,approval0,conceal_share_e,conceal_share_n,evasion_share_e,evasion_share_n,conceal_frac_e,conceal_frac_n,evasion_frac_e,evasion_frac_n,shelter_pct_e,shelter_pct_n,detection_rate,detection_revenue,wtax_evasion_elast
64.60769350,2.81398650,2.81398650,0.00000000,29.46962962,251.40815600,49.49813406,1.27156530,0.15587252,0.04267339,0.04723626,33.66172556,0.25000000,0.18651246,2.29045474,6.98251314,0.00000000,0.00000000,9.18235041,0.01361374,1.01512040,0.78341050,0.00000000,0.00000000,0.00000000,0.00000000,0.74162471,0.39642176,0.73276183,0.86181929,0.94083842,0.74162471,0.39642176,0.73276183,0.86181929,0.94083842,-23.18870811,-46.29377167,0.78543492,0.41761156,-nan,-nan,-nan,-nan,0.00000000,0.00000000,0.00000000,0.00000000,0.00000000,0.00000000,-nan,0.00000000,12.48839234
