Y,A,A_rep,A_hid,L,Q,K,W,P,r,taua,abar,tauk,taul,WtaxRev,KtaxRev,WtaxRev_lost,KtaxRev_lost,G,lump_sum,ylbar,WtaxPct,ShelterPct,ShelterPctP99,TaxEvasionP99,ConcealPctP99,gini,p90,p99,p999,p9999,gini_total,p90_total,p99_total,p999_total,p9999_total,welfare,welfare0,approval,approval0,conceal_share_e,conceal_share_n,evasion_share_e,evasion_share_n,conceal_frac_e,conceal_frac_n,evasion_frac_e,evasion_frac_n,shelter_pct_e,shelter_pct_n,detection_rate,detection_revenue,wtax_evasion_elast
73.68785078,3.11881556,2.93516486,0.18365069,30.15073315,333.05023498,65.71764530,1.41753394,0.13802915,0.02961235,0.00306728,669.32159504,0.25000000,0.18604352,0.06617639,5.92430151,0.03815211,0.53965686,9.29156816,0.00005702,1.08952447,0.02542708,0.10229138,32.98348661,8.28478617,55.88839273,0.77205065,0.35016756,0.65582171,0.82070771,0.93098061,0.78543162,0.32954803,0.61724835,0.77679225,0.90509642,-23.73321385,-47.60128488,0.37180728,0.02839982,0.26423183,0.73576817,0.88397253,0.11602747,0.04765057,0.06433156,0.06071184,0.00469348,0.38803824,0.03330007,0.67902448,0.04308624,67.79776319
