Y,A,A_rep,A_hid,L,Q,K,W,P,r,taua,abar,tauk,taul,WtaxRev,KtaxRev,WtaxRev_lost,KtaxRev_lost,G,lump_sum,ylbar,WtaxPct,ShelterPct,ShelterPctP99,TaxEvasionP99,ConcealPctP99,gini,p90,p99,p999,p9999,gini_total,p90_total,p99_total,p999_total,p9999_total,welfare,welfare0,approval,approval0,conceal_share_e,conceal_share_n,evasion_share_e,evasion_share_n,conceal_frac_e,conceal_frac_n,evasion_frac_e,evasion_frac_n,shelter_pct_e,shelter_pct_n,detection_rate,detection_revenue,wtax_evasion_elast
73.46270817,3.10965105,2.91305950,0.19659155,30.12013873,331.05059637,65.40173619,1.41467011,0.13835905,0.02975467,0.01377253,979.20688291,0.25000000,0.18607247,0.19037305,5.92160743,0.15368462,0.54362723,9.29156816,0.00090761,1.08952447,0.01404129,0.10455193,40.21545505,8.86517461,55.43940382,0.77018276,0.35301952,0.66240750,0.83067820,0.93968654,0.78466800,0.33070169,0.62057774,0.78268261,0.91096066,-23.70178007,-47.56826036,0.69840893,0.35365156,0.26145211,0.73854789,0.77529428,0.22470572,0.05058930,0.06934920,0.06333494,0.01087876,0.39132058,0.03531391,0.67103973,0.04819132,31.30429957
