Y,A,A_rep,A_hid,L,Q,K,W,P,r,taua,abar,tauk,taul,WtaxRev,KtaxRev,WtaxRev_lost,KtaxRev_lost,G,lump_sum,ylbar,WtaxPct,ShelterPct,ShelterPctP99,TaxEvasionP99,ConcealPctP99,gini,p90,p99,p999,p9999,gini_total,p90_total,p99_total,p999_total,p9999_total,welfare,welfare0,approval,approval0,conceal_share_e,conceal_share_n,evasion_share_e,evasion_share_n,conceal_frac_e,conceal_frac_n,evasion_frac_e,evasion_frac_n,shelter_pct_e,shelter_pct_n,detection_rate,detection_revenue,wtax_evasion_elast
65.55189217,2.85494226,2.85494226,0.00000000,29.59994945,258.64811836,50.94374634,1.28447225,0.15416112,0.04135982,0.03311103,35.81009257,0.25000000,0.18639372,1.81308312,6.93119312,0.00000000,0.00000000,9.18235041,0.01151325,1.01512040,0.64034761,0.00000000,0.00000000,0.00000000,0.00000000,0.75083590,0.38238560,0.71024485,0.84744818,0.93562270,0.75083590,0.38238560,0.71024485,0.84744818,0.93562270,-23.24813270,-46.21603331,0.85105731,0.50166249,-nan,-nan,-nan,-nan,0.00000000,0.00000000,0.00000000,0.00000000,0.00000000,0.00000000,-nan,0.00000000,13.36056732
