Y,A,A_rep,A_hid,L,Q,K,W,P,r,taua,abar,tauk,taul,WtaxRev,KtaxRev,WtaxRev_lost,KtaxRev_lost,G,lump_sum,ylbar,WtaxPct,ShelterPct,ShelterPctP99,TaxEvasionP99,ConcealPctP99,gini,p90,p99,p999,p9999,gini_total,p90_total,p99_total,p999_total,p9999_total,welfare,welfare0,approval,approval0,conceal_share_e,conceal_share_n,evasion_share_e,evasion_share_n,conceal_frac_e,conceal_frac_n,evasion_frac_e,evasion_frac_n,shelter_pct_e,shelter_pct_n,detection_rate,detection_revenue,wtax_evasion_elast
73.62033120,3.11616826,2.93759515,0.17857311,30.14071885,332.47905286,65.60187936,1.41670204,0.13811585,0.02967975,0.00669474,1170.80514206,0.25000000,0.18605527,0.09413781,5.93332818,0.06281412,0.53784103,9.29156816,0.00033004,1.08952447,0.01255866,0.10210068,33.52219520,8.27163551,54.36825451,0.77209010,0.35006928,0.65594860,0.82120218,0.93461572,0.78510993,0.33000844,0.61840421,0.77856201,0.90701514,-23.72005861,-47.58527991,0.63809947,0.31030589,0.26693913,0.73306087,0.85625007,0.14374993,0.04684967,0.06237437,0.06092049,0.00603149,0.38765601,0.03315561,0.67793877,0.04380039,44.39847640
