Y,A,A_rep,A_hid,L,Q,K,W,P,r,taua,abar,tauk,taul,WtaxRev,KtaxRev,WtaxRev_lost,KtaxRev_lost,G,lump_sum,ylbar,WtaxPct,ShelterPct,ShelterPctP99,TaxEvasionP99,ConcealPctP99,gini,p90,p99,p999,p9999,gini_total,p90_total,p99_total,p999_total,p9999_total,welfare,welfare0,approval,approval0,conceal_share_e,conceal_share_n,evasion_share_e,evasion_share_n,conceal_frac_e,conceal_frac_n,evasion_frac_e,evasion_frac_n,shelter_pct_e,shelter_pct_n,detection_rate,detection_revenue,wtax_evasion_elast
65.84859165,2.86814329,2.86814329,0.00000000,29.64198361,260.89203357,51.42062830,1.28843641,0.15365707,0.04092070,0.03000000,39.51932371,0.25000000,0.18634868,1.64959136,6.91491324,0.00000000,0.00000000,9.18235041,0.01063972,1.01512040,0.68330455,0.00000000,0.00000000,0.00000000,0.00000000,0.75367935,0.37786815,0.70359958,0.84437089,0.93462838,0.75367935,0.37786815,0.70359958,0.84437089,0.93462838,-23.28493881,-46.23016012,0.87449887,0.60302103,-nan,-nan,-nan,-nan,0.00000000,0.00000000,0.00000000,0.00000000,0.00000000,0.00000000,-nan,0.00000000,13.56466828
