Y,A,A_rep,A_hid,L,Q,K,W,P,r,taua,abar,tauk,taul,WtaxRev,KtaxRev,WtaxRev_lost,KtaxRev_lost,G,lump_sum,ylbar,WtaxPct,ShelterPct,ShelterPctP99,TaxEvasionP99,ConcealPctP99,gini,p90,p99,p999,p9999,gini_total,p90_total,p99_total,p999_total,p9999_total,welfare,welfare0,approval,approval0,conceal_share_e,conceal_share_n,evasion_share_e,evasion_share_n,conceal_frac_e,conceal_frac_n,evasion_frac_e,evasion_frac_n,shelter_pct_e,shelter_pct_n,detection_rate,detection_revenue,wtax_evasion_elast
65.59941478,2.85702030,2.85702030,0.00000000,29.60664797,259.00351354,51.01790338,1.28509889,0.15408066,0.04129216,0.03225063,35.30995012,0.25000000,0.18638892,1.78912198,6.92884234,0.00000000,0.00000000,9.18235041,0.01141543,1.01512040,0.63943872,0.00000000,0.00000000,0.00000000,0.00000000,0.75129393,0.38168603,0.70893862,0.84637360,0.93518854,0.75129393,0.38168603,0.70893862,0.84637360,0.93518854,-23.25063482,-46.21152356,0.85572485,0.50995652,-nan,-nan,-nan,-nan,0.00000000,0.00000000,0.00000000,0.00000000,0.00000000,0.00000000,-nan,0.00000000,13.41708234
