Y,A,A_rep,A_hid,L,Q,K,W,P,r,taua,abar,tauk,taul,WtaxRev,KtaxRev,WtaxRev_lost,KtaxRev_lost,G,lump_sum,ylbar,WtaxPct,ShelterPct,ShelterPctP99,TaxEvasionP99,ConcealPctP99,gini,p90,p99,p999,p9999,gini_total,p90_total,p99_total,p999_total,p9999_total,welfare,welfare0,approval,approval0,conceal_share_e,conceal_share_n,evasion_share_e,evasion_share_n,conceal_frac_e,conceal_frac_n,evasion_frac_e,evasion_frac_n,shelter_pct_e,shelter_pct_n,detection_rate,detection_revenue,wtax_evasion_elast
73.45404341,3.10953191,2.90455014,0.20498177,30.12221617,330.77747031,65.48360805,1.41435613,0.13843982,0.02964227,0.01464065,966.97513035,0.25000000,0.18606905,0.18870363,5.91642528,0.17670818,0.54307065,9.29156816,0.00084643,1.08952447,0.01391336,0.10444072,45.28384518,9.64913366,55.05798767,0.76990500,0.35354336,0.66391425,0.83351708,0.94293587,0.78502926,0.33023762,0.62020532,0.78303498,0.91183445,-23.71755801,-47.59847900,0.61765499,0.28634459,0.27555724,0.72444276,0.76823136,0.23176864,0.05553710,0.07096731,0.06467459,0.01158171,0.38996691,0.03550269,0.67454932,0.05566901,34.79153183
