Y,A,A_rep,A_hid,L,Q,K,W,P,r,taua,abar,tauk,taul,WtaxRev,KtaxRev,WtaxRev_lost,KtaxRev_lost,G,lump_sum,ylbar,WtaxPct,ShelterPct,ShelterPctP99,TaxEvasionP99,ConcealPctP99,gini,p90,p99,p999,p9999,gini_total,p90_total,p99_total,p999_total,p9999_total,welfare,welfare0,approval,approval0,conceal_share_e,conceal_share_n,evasion_share_e,evasion_share_n,conceal_frac_e,conceal_frac_n,evasion_frac_e,evasion_frac_n,shelter_pct_e,shelter_pct_n,detection_rate,detection_revenue,wtax_evasion_elast
61.03221769,2.60725080,2.60725080,0.00000000,29.15736945,223.75006858,42.95081966,1.21406554,0.16353133,0.05089026,0.05927452,9.22410732,0.25000000,0.18685012,3.90479165,7.24065031,0.00000000,0.00000000,9.18235041,0.01842336,1.01512040,5.99805539,0.00000000,0.00000000,0.00000000,0.00000000,0.69378679,0.46711049,0.74340010,0.85003016,0.93365852,0.69378679,0.46711049,0.74340010,0.85003016,0.93365852,-23.28923476,-47.49528535,0.57037576,0.17395366,-nan,-nan,-nan,-nan,0.00000000,0.00000000,0.00000000,0.00000000,0.00000000,0.00000000,-nan,0.00000000,13.21060113
