Y,A,A_rep,A_hid,L,Q,K,W,P,r,taua,abar,tauk,taul,WtaxRev,KtaxRev,WtaxRev_lost,KtaxRev_lost,G,lump_sum,ylbar,WtaxPct,ShelterPct,ShelterPctP99,TaxEvasionP99,ConcealPctP99,gini,p90,p99,p999,p9999,gini_total,p90_total,p99_total,p999_total,p9999_total,welfare,welfare0,approval,approval0,conceal_share_e,conceal_share_n,evasion_share_e,evasion_share_n,conceal_frac_e,conceal_frac_n,evasion_frac_e,evasion_frac_n,shelter_pct_e,shelter_pct_n,detection_rate,detection_revenue,wtax_evasion_elast
65.57499696,2.85580716,2.85580716,0.00000000,29.60365628,258.83814232,50.98344834,1.28480375,0.15411847,0.04132376,0.03271636,35.61839727,0.25000000,0.18638991,1.80153936,6.92936091,0.00000000,0.00000000,9.18235041,0.01146346,1.01512040,0.64020607,0.00000000,0.00000000,0.00000000,0.00000000,0.75104509,0.38199683,0.70965387,0.84696856,0.93542807,0.75104509,0.38199683,0.70965387,0.84696856,0.93542807,-23.24916216,-46.21258730,0.85378067,0.50707567,-nan,-nan,-nan,-nan,0.00000000,0.00000000,0.00000000,0.00000000,0.00000000,0.00000000,-nan,0.00000000,13.38832030
