Y,A,A_rep,A_hid,L,Q,K,W,P,r,taua,abar,tauk,taul,WtaxRev,KtaxRev,WtaxRev_lost,KtaxRev_lost,G,lump_sum,ylbar,WtaxPct,ShelterPct,ShelterPctP99,TaxEvasionP99,ConcealPctP99,gini,p90,p99,p999,p9999,gini_total,p90_total,p99_total,p999_total,p9999_total,welfare,welfare0,approval,approval0,conceal_share_e,conceal_share_n,evasion_share_e,evasion_share_n,conceal_frac_e,conceal_frac_n,evasion_frac_e,evasion_frac_n,shelter_pct_e,shelter_pct_n,detection_rate,detection_revenue,wtax_evasion_elast
65.78581830,2.86584439,2.86584439,0.00000000,29.63150274,260.43153189,51.33270076,1.28767565,0.15375648,0.04099058,0.03215264,43.11252361,0.25000000,0.18635439,1.68017980,6.91769992,0.00000000,0.00000000,9.18235041,0.01076822,1.01512040,0.54789670,0.00000000,0.00000000,0.00000000,0.00000000,0.75301297,0.37885448,0.70597259,0.84737849,0.93582845,0.75301297,0.37885448,0.70597259,0.84737849,0.93582845,-23.27902406,-46.23046611,0.86736957,0.52105849,-nan,-nan,-nan,-nan,0.00000000,0.00000000,0.00000000,0.00000000,0.00000000,0.00000000,-nan,0.00000000,13.44554669
