Y,A,A_rep,A_hid,L,Q,K,W,P,r,taua,abar,tauk,taul,WtaxRev,KtaxRev,WtaxRev_lost,KtaxRev_lost,G,lump_sum,ylbar,WtaxPct,ShelterPct,ShelterPctP99,TaxEvasionP99,ConcealPctP99,gini,p90,p99,p999,p9999,gini_total,p90_total,p99_total,p999_total,p9999_total,welfare,welfare0,approval,approval0,conceal_share_e,conceal_share_n,evasion_share_e,evasion_share_n,conceal_frac_e,conceal_frac_n,evasion_frac_e,evasion_frac_n,shelter_pct_e,shelter_pct_n,detection_rate,detection_revenue,wtax_evasion_elast
62.44966963,2.64593713,2.64593713,0.00000000,29.43711555,233.89808446,44.13626123,1.23044618,0.16077981,0.05045993,0.03000663,5.27212653,0.25000000,0.18671037,3.31100781,7.19266521,0.00000000,0.00000000,9.18235041,0.01821282,1.01512040,11.32891456,0.00000000,0.00000000,0.00000000,0.00000000,0.72217053,0.41763026,0.67692865,0.81358894,0.92176608,0.72217053,0.41763026,0.67692865,0.81358894,0.92176608,-23.33444122,-47.22294032,0.61631503,0.32516856,-nan,-nan,-nan,-nan,0.00000000,0.00000000,0.00000000,0.00000000,0.00000000,0.00000000,-nan,0.00000000,15.49091001
