Y,A,A_rep,A_hid,L,Q,K,W,P,r,taua,abar,tauk,taul,WtaxRev,KtaxRev,WtaxRev_lost,KtaxRev_lost,G,lump_sum,ylbar,WtaxPct,ShelterPct,ShelterPctP99,TaxEvasionP99,ConcealPctP99,gini,p90,p99,p999,p9999,gini_total,p90_total,p99_total,p999_total,p9999_total,welfare,welfare0,approval,approval0,conceal_share_e,conceal_share_n,evasion_share_e,evasion_share_n,conceal_frac_e,conceal_frac_n,evasion_frac_e,evasion_frac_n,shelter_pct_e,shelter_pct_n,detection_rate,detection_revenue,wtax_evasion_elast
65.57055503,2.85577351,2.85577351,0.00000000,29.60251103,258.79389361,50.97403317,1.28473179,0.15412751,0.04133193,0.03288607,35.90198791,0.25000000,0.18639104,1.80415872,6.93011012,0.00000000,0.00000000,9.18235041,0.01147737,1.01512040,0.64184441,0.00000000,0.00000000,0.00000000,0.00000000,0.75099745,0.38220918,0.70984847,0.84720213,0.93553406,0.75099745,0.38220918,0.70984847,0.84720213,0.93553406,-23.24856684,-46.21277004,0.85333144,0.50629108,-nan,-nan,-nan,-nan,0.00000000,0.00000000,0.00000000,0.00000000,0.00000000,0.00000000,-nan,0.00000000,13.36821791
