Y,A,A_rep,A_hid,L,Q,K,W,P,r,taua,abar,tauk,taul,WtaxRev,KtaxRev,WtaxRev_lost,KtaxRev_lost,G,lump_sum,ylbar,WtaxPct,ShelterPct,ShelterPctP99,TaxEvasionP99,ConcealPctP99,gini,p90,p99,p999,p9999,gini_total,p90_total,p99_total,p999_total,p9999_total,welfare,welfare0,approval,approval0,conceal_share_e,conceal_share_n,evasion_share_e,evasion_share_n,conceal_frac_e,conceal_frac_n,evasion_frac_e,evasion_frac_n,shelter_pct_e,shelter_pct_n,detection_rate,detection_revenue,wtax_evasion_elast
65.77943640,2.86480829,2.86480829,0.00000000,29.63295830,260.36190809,51.30196739,1.28747491,0.15377698,0.04103531,0.03000000,36.54099234,0.25000000,0.18636075,1.68936934,6.91917855,0.00000000,0.00000000,9.18235041,0.01087789,1.01512040,0.65722668,0.00000000,0.00000000,0.00000000,0.00000000,0.75303475,0.37887351,0.70459138,0.84395375,0.93436758,0.75303475,0.37887351,0.70459138,0.84395375,0.93436758,-23.27449850,-46.22327840,0.86956389,0.53006658,-nan,-nan,-nan,-nan,0.00000000,0.00000000,0.00000000,0.00000000,0.00000000,0.00000000,-nan,0.00000000,13.55753306
