Y,A,A_rep,A_hid,L,Q,K,W,P,r,taua,abar,tauk,taul,WtaxRev,KtaxRev,WtaxRev_lost,KtaxRev_lost,G,lump_sum,ylbar,WtaxPct,ShelterPct,ShelterPctP99,TaxEvasionP99,ConcealPctP99,gini,p90,p99,p999,p9999,gini_total,p90_total,p99_total,p999_total,p9999_total,welfare,welfare0,approval,approval0,conceal_share_e,conceal_share_n,evasion_share_e,evasion_share_n,conceal_frac_e,conceal_frac_n,evasion_frac_e,evasion_frac_n,shelter_pct_e,shelter_pct_n,detection_rate,detection_revenue,wtax_evasion_elast
65.54228231,2.85416506,2.85416506,0.00000000,29.59943705,258.57431520,50.91783396,1.28430630,0.15417825,0.04139299,0.03257466,34.30937192,0.25000000,0.18639488,1.81873565,6.93228843,0.00000000,0.00000000,9.18235041,0.01155576,1.01512040,0.84276151,0.00000000,0.00000000,0.00000000,0.00000000,0.75070323,0.38254716,0.70992921,0.84655083,0.93522857,0.75070323,0.38254716,0.70992921,0.84655083,0.93522857,-23.24614305,-46.21533210,0.85074815,0.50103728,-nan,-nan,-nan,-nan,0.00000000,0.00000000,0.00000000,0.00000000,0.00000000,0.00000000,-nan,0.00000000,13.37819206
