Y,A,A_rep,A_hid,L,Q,K,W,P,r,taua,abar,tauk,taul,WtaxRev,KtaxRev,WtaxRev_lost,KtaxRev_lost,G,lump_sum,ylbar,WtaxPct,ShelterPct,ShelterPctP99,TaxEvasionP99,ConcealPctP99,gini,p90,p99,p999,p9999,gini_total,p90_total,p99_total,p999_total,p9999_total,welfare,welfare0,approval,approval0,conceal_share_e,conceal_share_n,evasion_share_e,evasion_share_n,conceal_frac_e,conceal_frac_n,evasion_frac_e,evasion_frac_n,shelter_pct_e,shelter_pct_n,detection_rate,detection_revenue,wtax_evasion_elast
65.60636024,2.85744505,2.85744505,0.00000000,29.60719461,259.06429814,51.03021687,1.28521603,0.15406503,0.04128015,0.03258893,36.62060584,0.25000000,0.18638637,1.78366574,6.92822459,0.00000000,0.00000000,9.18235041,0.01136981,1.01512040,0.64890484,0.00000000,0.00000000,0.00000000,0.00000000,0.75133124,0.38154542,0.70907217,0.84697784,0.93547234,0.75133124,0.38154542,0.70907217,0.84697784,0.93547234,-23.25258233,-46.21426712,0.85542273,0.51003451,-nan,-nan,-nan,-nan,0.00000000,0.00000000,0.00000000,0.00000000,0.00000000,0.00000000,-nan,0.00000000,13.38442432
