Y,A,A_rep,A_hid,L,Q,K,W,P,r,taua,abar,tauk,taul,WtaxRev,KtaxRev,WtaxRev_lost,KtaxRev_lost,G,lump_sum,ylbar,WtaxPct,ShelterPct,ShelterPctP99,TaxEvasionP99,ConcealPctP99,gini,p90,p99,p999,p9999,gini_total,p90_total,p99_total,p999_total,p9999_total,welfare,welfare0,approval,approval0,conceal_share_e,conceal_share_n,evasion_share_e,evasion_share_n,conceal_frac_e,conceal_frac_n,evasion_frac_e,evasion_frac_n,shelter_pct_e,shelter_pct_n,detection_rate,detection_revenue,wtax_evasion_elast
60.67872614,2.51745520,2.51745520,0.00000000,29.42865091,219.75586972,40.08236601,1.19589102,0.16523908,0.05748274,0.03000000,2.58739449,0.25000000,0.18674799,4.20287688,7.35324240,0.00000000,0.00000000,9.18235041,0.02156708,1.01512040,26.67865005,0.00000000,0.00000000,0.00000000,0.00000000,0.72407239,0.38788326,0.64545570,0.79419997,0.91504649,0.72407239,0.38788326,0.64545570,0.79419997,0.91504649,-23.70916050,-48.36275559,0.50240968,0.14813036,-nan,-nan,-nan,-nan,0.00000000,0.00000000,0.00000000,0.00000000,0.00000000,0.00000000,-nan,0.00000000,16.31187693
