Y,A,A_rep,A_hid,L,Q,K,W,P,r,taua,abar,tauk,taul,WtaxRev,KtaxRev,WtaxRev_lost,KtaxRev_lost,G,lump_sum,ylbar,WtaxPct,ShelterPct,ShelterPctP99,TaxEvasionP99,ConcealPctP99,gini,p90,p99,p999,p9999,gini_total,p90_total,p99_total,p999_total,p9999_total,welfare,welfare0,approval,approval0,conceal_share_e,conceal_share_n,evasion_share_e,evasion_share_n,conceal_frac_e,conceal_frac_n,evasion_frac_e,evasion_frac_n,shelter_pct_e,shelter_pct_n,detection_rate,detection_revenue,wtax_evasion_elast
73.58150127,3.11432800,2.93184526,0.18248273,30.13598271,332.09568802,65.55033504,1.41615131,0.13818337,0.02969859,0.00861317,1130.70444262,0.25000000,0.18605628,0.11933554,5.92619089,0.08410733,0.54415736,9.29156816,0.00042666,1.08952447,0.01236197,0.10301070,34.40837945,8.61365814,54.31166748,0.77161594,0.35075445,0.65748541,0.82349148,0.93593700,0.78495650,0.33020215,0.61900699,0.77969516,0.90810155,-23.71969250,-47.59089239,0.60244365,0.29839669,0.26541520,0.73458481,0.83624258,0.16375742,0.04762090,0.06391627,0.06205704,0.00717628,0.38979603,0.03376866,0.68070425,0.04596613,38.98233030
