Y,A,A_rep,A_hid,L,Q,K,W,P,r,taua,abar,tauk,taul,WtaxRev,KtaxRev,WtaxRev_lost,KtaxRev_lost,G,lump_sum,ylbar,WtaxPct,ShelterPct,ShelterPctP99,TaxEvasionP99,ConcealPctP99,gini,p90,p99,p999,p9999,gini_total,p90_total,p99_total,p999_total,p9999_total,welfare,welfare0,approval,approval0,conceal_share_e,conceal_share_n,evasion_share_e,evasion_share_n,conceal_frac_e,conceal_frac_n,evasion_frac_e,evasion_frac_n,shelter_pct_e,shelter_pct_n,detection_rate,detection_revenue,wtax_evasion_elast
65.29539716,2.84252651,2.84252651,0.00000000,29.56639977,256.69044435,50.50376061,1.28089152,0.15461080,0.04179472,0.03455471,31.08394839,0.25000000,0.18642965,1.94749132,6.94692764,0.00000000,0.00000000,9.18235041,0.01219181,1.01512040,0.77171839,0.00000000,0.00000000,0.00000000,0.00000000,0.74826057,0.38648334,0.71446737,0.84796465,0.93563852,0.74826057,0.38648334,0.71446737,0.84796465,0.93563852,-23.22389757,-46.22529115,0.82808389,0.46166213,-nan,-nan,-nan,-nan,0.00000000,0.00000000,0.00000000,0.00000000,0.00000000,0.00000000,-nan,0.00000000,13.26024129
