Y,A,A_rep,A_hid,L,Q,K,W,P,r,taua,abar,tauk,taul,WtaxRev,KtaxRev,WtaxRev_lost,KtaxRev_lost,G,lump_sum,ylbar,WtaxPct,ShelterPct,ShelterPctP99,TaxEvasionP99,ConcealPctP99,gini,p90,p99,p999,p9999,gini_total,p90_total,p99_total,p999_total,p9999_total,welfare,welfare0,approval,approval0,conceal_share_e,conceal_share_n,evasion_share_e,evasion_share_n,conceal_frac_e,conceal_frac_n,evasion_frac_e,evasion_frac_n,shelter_pct_e,shelter_pct_n,detection_rate,detection_revenue,wtax_evasion_elast
65.55447148,2.85498171,2.85498171,0.00000000,29.60042073,258.66967967,50.94728186,1.28450785,0.15415622,0.04135743,0.03302655,35.67297753,0.25000000,0.18639325,1.81208639,6.93095544,0.00000000,0.00000000,9.18235041,0.01151228,1.01512040,0.63949998,0.00000000,0.00000000,0.00000000,0.00000000,0.75086522,0.38239039,0.71012436,0.84731257,0.93555397,0.75086522,0.38239039,0.71012436,0.84731257,0.93555397,-23.24806565,-46.21488070,0.85135478,0.50166239,-nan,-nan,-nan,-nan,0.00000000,0.00000000,0.00000000,0.00000000,0.00000000,0.00000000,-nan,0.00000000,13.36485451
