Y,A,A_rep,A_hid,L,Q,K,W,P,r,taua,abar,tauk,taul,WtaxRev,KtaxRev,WtaxRev_lost,KtaxRev_lost,G,lump_sum,ylbar,WtaxPct,ShelterPct,ShelterPctP99,TaxEvasionP99,ConcealPctP99,gini,p90,p99,p999,p9999,gini_total,p90_total,p99_total,p999_total,p9999_total,welfare,welfare0,approval,approval0,conceal_share_e,conceal_share_n,evasion_share_e,evasion_share_n,conceal_frac_e,conceal_frac_n,evasion_frac_e,evasion_frac_n,shelter_pct_e,shelter_pct_n,detection_rate,detection_revenue,wtax_evasion_elast
65.59294937,2.85647547,2.85647547,0.00000000,29.60598060,258.94672354,50.99799904,1.28497911,0.15409299,0.04131708,0.03198385,34.54091246,0.25000000,0.18638903,1.79313700,6.92977127,0.00000000,0.00000000,9.18235041,0.01143899,1.01512040,0.84956895,0.00000000,0.00000000,0.00000000,0.00000000,0.75121509,0.38176709,0.70871850,0.84588364,0.93498651,0.75121509,0.38176709,0.70871850,0.84588364,0.93498651,-23.25010841,-46.21258382,0.85503460,0.50954272,-nan,-nan,-nan,-nan,0.00000000,0.00000000,0.00000000,0.00000000,0.00000000,0.00000000,-nan,0.00000000,13.41389839
