Y,A,A_rep,A_hid,L,Q,K,W,P,r,taua,abar,tauk,taul,WtaxRev,KtaxRev,WtaxRev_lost,KtaxRev_lost,G,lump_sum,ylbar,WtaxPct,ShelterPct,ShelterPctP99,TaxEvasionP99,ConcealPctP99,gini,p90,p99,p999,p9999,gini_total,p90_total,p99_total,p999_total,p9999_total,welfare,welfare0,approval,approval0,conceal_share_e,conceal_share_n,evasion_share_e,evasion_share_n,conceal_frac_e,conceal_frac_n,evasion_frac_e,evasion_frac_n,shelter_pct_e,shelter_pct_n,detection_rate,detection_revenue,wtax_evasion_elast
62.63998170,2.69284654,2.69284654,0.00000000,29.30302866,236.22292525,45.55298076,1.23984896,0.15984129,0.04763261,0.04578069,11.49965825,0.25000000,0.18670489,3.18823409,7.13385150,0.00000000,0.00000000,9.18235041,0.01684877,1.01512040,2.81946021,0.00000000,0.00000000,0.00000000,0.00000000,0.71534552,0.43613633,0.72823794,0.84476671,0.93277992,0.71534552,0.43613633,0.72823794,0.84476671,0.93277992,-23.19184353,-46.85405022,0.68573832,0.34641200,-nan,-nan,-nan,-nan,0.00000000,0.00000000,0.00000000,0.00000000,0.00000000,0.00000000,-nan,0.00000000,13.75216601
