Y,A,A_rep,A_hid,L,Q,K,W,P,r,taua,abar,tauk,taul,WtaxRev,KtaxRev,WtaxRev_lost,KtaxRev_lost,G,lump_sum,ylbar,WtaxPct,ShelterPct,ShelterPctP99,TaxEvasionP99,ConcealPctP99,gini,p90,p99,p999,p9999,gini_total,p90_total,p99_total,p999_total,p9999_total,welfare,welfare0,approval,approval0,conceal_share_e,conceal_share_n,evasion_share_e,evasion_share_n,conceal_frac_e,conceal_frac_n,evasion_frac_e,evasion_frac_n,shelter_pct_e,shelter_pct_n,detection_rate,detection_revenue,wtax_evasion_elast
65.57019172,2.85568993,2.85568993,0.00000000,29.60264762,258.78735631,50.97229585,1.28471545,0.15412969,0.04133427,0.03274785,35.46922012,0.25000000,0.18639140,1.80488890,6.93021179,0.00000000,0.00000000,9.18235041,0.01148419,1.01512040,0.63899501,0.00000000,0.00000000,0.00000000,0.00000000,0.75099996,0.38223170,0.70975636,0.84696711,0.93542345,0.75099996,0.38223170,0.70975636,0.84696711,0.93542345,-23.24842505,-46.21263109,0.85331134,0.50667878,-nan,-nan,-nan,-nan,0.00000000,0.00000000,0.00000000,0.00000000,0.00000000,0.00000000,-nan,0.00000000,13.38384251
