Y,A,A_rep,A_hid,L,Q,K,W,P,r,taua,abar,tauk,taul,WtaxRev,KtaxRev,WtaxRev_lost,KtaxRev_lost,G,lump_sum,ylbar,WtaxPct,ShelterPct,ShelterPctP99,TaxEvasionP99,ConcealPctP99,gini,p90,p99,p999,p9999,gini_total,p90_total,p99_total,p999_total,p9999_total,welfare,welfare0,approval,approval0,conceal_share_e,conceal_share_n,evasion_share_e,evasion_share_n,conceal_frac_e,conceal_frac_n,evasion_frac_e,evasion_frac_n,shelter_pct_e,shelter_pct_n,detection_rate,detection_revenue,wtax_evasion_elast
65.59109940,2.85657722,2.85657722,0.00000000,29.60583932,258.94105651,51.00534360,1.28498276,0.15409600,0.04130391,0.03231734,35.13201629,0.25000000,0.18638878,1.79391875,6.92917442,0.00000000,0.00000000,9.18235041,0.01143036,1.01512040,0.63775780,0.00000000,0.00000000,0.00000000,0.00000000,0.75121153,0.38180874,0.70910559,0.84641639,0.93519657,0.75121153,0.38180874,0.70910559,0.84641639,0.93519657,-23.25083505,-46.21337812,0.85482360,0.50707570,-nan,-nan,-nan,-nan,0.00000000,0.00000000,0.00000000,0.00000000,0.00000000,0.00000000,-nan,0.00000000,13.41435475
