Y,A,A_rep,A_hid,L,Q,K,W,P,r,taua,abar,tauk,taul,WtaxRev,KtaxRev,WtaxRev_lost,KtaxRev_lost,G,lump_sum,ylbar,WtaxPct,ShelterPct,ShelterPctP99,TaxEvasionP99,ConcealPctP99,gini,p90,p99,p999,p9999,gini_total,p90_total,p99_total,p999_total,p9999_total,welfare,welfare0,approval,approval0,conceal_share_e,conceal_share_n,evasion_share_e,evasion_share_n,conceal_frac_e,conceal_frac_n,evasion_frac_e,evasion_frac_n,shelter_pct_e,shelter_pct_n,detection_rate,detection_revenue,wtax_evasion_elast
65.56649918,2.85553504,2.85553504,0.00000000,29.60217880,258.76265648,50.96715726,1.28467160,0.15413528,0.04133894,0.03288867,35.75480516,0.25000000,0.18639124,1.80605953,6.93027376,0.00000000,0.00000000,9.18235041,0.01148269,1.01512040,0.64061830,0.00000000,0.00000000,0.00000000,0.00000000,0.75094901,0.38227563,0.70986568,0.84717448,0.93551064,0.75094901,0.38227563,0.70986568,0.84717448,0.93551064,-23.24863464,-46.21390668,0.85284988,0.50628521,-nan,-nan,-nan,-nan,0.00000000,0.00000000,0.00000000,0.00000000,0.00000000,0.00000000,-nan,0.00000000,13.37265945
