Y,A,A_rep,A_hid,L,Q,K,W,P,r,taua,abar,tauk,taul,WtaxRev,KtaxRev,WtaxRev_lost,KtaxRev_lost,G,lump_sum,ylbar,WtaxPct,ShelterPct,ShelterPctP99,TaxEvasionP99,ConcealPctP99,gini,p90,p99,p999,p9999,gini_total,p90_total,p99_total,p999_total,p9999_total,welfare,welfare0,approval,approval0,conceal_share_e,conceal_share_n,evasion_share_e,evasion_share_n,conceal_frac_e,conceal_frac_n,evasion_frac_e,evasion_frac_n,shelter_pct_e,shelter_pct_n,detection_rate,detection_revenue,wtax_evasion_elast
65.60118410,2.85706234,2.85706234,0.00000000,29.60697812,259.01939436,51.02012233,1.28512427,0.15407693,0.04129102,0.03220456,35.24687021,0.25000000,0.18638858,1.78823163,6.92868969,0.00000000,0.00000000,9.18235041,0.01141064,1.01512040,0.63919491,0.00000000,0.00000000,0.00000000,0.00000000,0.75131074,0.38167297,0.70890000,0.84631879,0.93517109,0.75131074,0.38167297,0.70890000,0.84631879,0.93517109,-23.25083624,-46.21157839,0.85586225,0.50999923,-nan,-nan,-nan,-nan,0.00000000,0.00000000,0.00000000,0.00000000,0.00000000,0.00000000,-nan,0.00000000,13.42160580
