Y,A,A_rep,A_hid,L,Q,K,W,P,r,taua,abar,tauk,taul,WtaxRev,KtaxRev,WtaxRev_lost,KtaxRev_lost,G,lump_sum,ylbar,WtaxPct,ShelterPct,ShelterPctP99,TaxEvasionP99,ConcealPctP99,gini,p90,p99,p999,p9999,gini_total,p90_total,p99_total,p999_total,p9999_total,welfare,welfare0,approval,approval0,conceal_share_e,conceal_share_n,evasion_share_e,evasion_share_n,conceal_frac_e,conceal_frac_n,evasion_frac_e,evasion_frac_n,shelter_pct_e,shelter_pct_n,detection_rate,detection_revenue,wtax_evasion_elast
73.32900059,3.10601600,2.83208124,0.27393476,30.12066043,329.05807770,65.62539995,1.41203065,0.13885509,0.02933559,0.01746584,514.52417998,0.25000000,0.18606402,0.25548582,5.85923964,0.35431290,0.55540749,9.29156816,0.00065854,1.08952447,0.02800013,0.11145531,71.17690696,12.04802491,56.40382888,0.76511145,0.36102303,0.68055866,0.85756404,0.95205373,0.78577466,0.32918264,0.62059935,0.78649587,0.91488926,-23.78088869,-47.73422340,0.37853904,0.02798129,0.28832493,0.71167507,0.68796996,0.31203004,0.07742478,0.09346205,0.07222646,0.01959874,0.40726520,0.04003436,0.65653332,0.07472239,42.28230201
