Y,A,A_rep,A_hid,L,Q,K,W,P,r,taua,abar,tauk,taul,WtaxRev,KtaxRev,WtaxRev_lost,KtaxRev_lost,G,lump_sum,ylbar,WtaxPct,ShelterPct,ShelterPctP99,TaxEvasionP99,ConcealPctP99,gini,p90,p99,p999,p9999,gini_total,p90_total,p99_total,p999_total,p9999_total,welfare,welfare0,approval,approval0,conceal_share_e,conceal_share_n,evasion_share_e,evasion_share_n,conceal_frac_e,conceal_frac_n,evasion_frac_e,evasion_frac_n,shelter_pct_e,shelter_pct_n,detection_rate,detection_revenue,wtax_evasion_elast
65.58054409,2.85614598,2.85614598,0.00000000,29.60413386,258.86423238,50.98858526,1.28485078,0.15411245,0.04131928,0.03255108,35.32910266,0.25000000,0.18639029,1.79972791,6.92970133,0.00000000,0.00000000,9.18235041,0.01146078,1.01512040,0.63865269,0.00000000,0.00000000,0.00000000,0.00000000,0.75110308,0.38192094,0.70942795,0.84673154,0.93533420,0.75110308,0.38192094,0.70942795,0.84673154,0.93533420,-23.24923482,-46.21225034,0.85382285,0.50707538,-nan,-nan,-nan,-nan,0.00000000,0.00000000,0.00000000,0.00000000,0.00000000,0.00000000,-nan,0.00000000,13.39719587
