Y,A,A_rep,A_hid,L,Q,K,W,P,r,taua,abar,tauk,taul,WtaxRev,KtaxRev,WtaxRev_lost,KtaxRev_lost,G,lump_sum,ylbar,WtaxPct,ShelterPct,ShelterPctP99,TaxEvasionP99,ConcealPctP99,gini,p90,p99,p999,p9999,gini_total,p90_total,p99_total,p999_total,p9999_total,welfare,welfare0,approval,approval0,conceal_share_e,conceal_share_n,evasion_share_e,evasion_share_n,conceal_frac_e,conceal_frac_n,evasion_frac_e,evasion_frac_n,shelter_pct_e,shelter_pct_n,detection_rate,detection_revenue,wtax_evasion_elast
65.54017038,2.85391913,2.85391913,0.00000000,29.59937753,258.55676866,50.91091040,1.28426562,0.15418234,0.04140227,0.03248399,34.08534425,0.25000000,0.18639526,1.81964482,6.93249673,0.00000000,0.00000000,9.18235041,0.01155822,1.01512040,0.83678512,0.00000000,0.00000000,0.00000000,0.00000000,0.75066998,0.38263161,0.70979442,0.84637372,0.93515496,0.75066998,0.38263161,0.70979442,0.84637372,0.93515496,-23.24632518,-46.21662676,0.85028441,0.50100177,-nan,-nan,-nan,-nan,0.00000000,0.00000000,0.00000000,0.00000000,0.00000000,0.00000000,-nan,0.00000000,13.37916054
