Y,A,A_rep,A_hid,L,Q,K,W,P,r,taua,abar,tauk,taul,WtaxRev,KtaxRev,WtaxRev_lost,KtaxRev_lost,G,lump_sum,ylbar,WtaxPct,ShelterPct,ShelterPctP99,TaxEvasionP99,ConcealPctP99,gini,p90,p99,p999,p9999,gini_total,p90_total,p99_total,p999_total,p9999_total,welfare,welfare0,approval,approval0,conceal_share_e,conceal_share_n,evasion_share_e,evasion_share_n,conceal_frac_e,conceal_frac_n,evasion_frac_e,evasion_frac_n,shelter_pct_e,shelter_pct_n,detection_rate,detection_revenue,wtax_evasion_elast
73.53097235,3.11203925,2.92366628,0.18837297,30.12853965,331.65954348,65.47888167,1.41554065,0.13825295,0.02973138,0.01069239,1039.06064009,0.25000000,0.18606363,0.15116254,5.92683488,0.11212790,0.54148688,9.29156816,0.00067111,1.08952447,0.01329247,0.10358806,36.37857054,8.59283618,55.12531190,0.77100253,0.35175472,0.65960639,0.82645373,0.93737169,0.78482136,0.33046287,0.61972756,0.78091472,0.90924717,-23.70886758,-47.57501093,0.68377492,0.33778706,0.26244646,0.73755354,0.80891517,0.19108483,0.04863493,0.06630069,0.06223353,0.00869437,0.39016984,0.03439517,0.67386405,0.04638799,34.68526818
