Y,A,A_rep,A_hid,L,Q,K,W,P,r,taua,abar,tauk,taul,WtaxRev,KtaxRev,WtaxRev_lost,KtaxRev_lost,G,lump_sum,ylbar,WtaxPct,ShelterPct,ShelterPctP99,TaxEvasionP99,ConcealPctP99,gini,p90,p99,p999,p9999,gini_total,p90_total,p99_total,p999_total,p9999_total,welfare,welfare0,approval,approval0,conceal_share_e,conceal_share_n,evasion_share_e,evasion_share_n,conceal_frac_e,conceal_frac_n,evasion_frac_e,evasion_frac_n,shelter_pct_e,shelter_pct_n,detection_rate,detection_revenue,wtax_evasion_elast
73.55800911,3.11317317,2.91304120,0.20013198,30.13319619,331.84805524,65.54428465,1.41582933,0.13823185,0.02968040,0.00883341,849.88655832,0.25000000,0.18605895,0.14372435,5.91493378,0.10672497,0.54376807,9.29156816,0.00051755,1.08952447,0.01770270,0.10422633,37.31057881,8.71431985,55.78041241,0.77029554,0.35280484,0.66170144,0.82914130,0.93689921,0.78501814,0.33012459,0.61921095,0.78032484,0.90861607,-23.71899057,-47.59078609,0.62852255,0.29667719,0.25838898,0.74161102,0.81594454,0.18405546,0.05084085,0.07080975,0.06253993,0.00834302,0.39095606,0.03499771,0.67424722,0.04693770,40.09694246
