Y,A,A_rep,A_hid,L,Q,K,W,P,r,taua,abar,tauk,taul,WtaxRev,KtaxRev,WtaxRev_lost,KtaxRev_lost,G,lump_sum,ylbar,WtaxPct,ShelterPct,ShelterPctP99,TaxEvasionP99,ConcealPctP99,gini,p90,p99,p999,p9999,gini_total,p90_total,p99_total,p999_total,p9999_total,welfare,welfare0,approval,approval0,conceal_share_e,conceal_share_n,evasion_share_e,evasion_share_n,conceal_frac_e,conceal_frac_n,evasion_frac_e,evasion_frac_n,shelter_pct_e,shelter_pct_n,detection_rate,detection_revenue,wtax_evasion_elast
64.08526981,2.77083258,2.77083258,0.00000000,29.44874362,247.36128690,48.08557096,1.26216676,0.15688502,0.04462331,0.03574586,15.50562609,0.25000000,0.18653812,2.50309944,7.03626599,0.00000000,0.00000000,9.18235041,0.01442750,1.01512040,2.56734994,0.00000000,0.00000000,0.00000000,0.00000000,0.73335781,0.40946133,0.71514845,0.84099238,0.93218148,0.73335781,0.40946133,0.71514845,0.84099238,0.93218148,-23.19724117,-46.49212660,0.73699292,0.37832485,-nan,-nan,-nan,-nan,0.00000000,0.00000000,0.00000000,0.00000000,0.00000000,0.00000000,-nan,0.00000000,13.89755646
