Y,A,A_rep,A_hid,L,Q,K,W,P,r,taua,abar,tauk,taul,WtaxRev,KtaxRev,WtaxRev_lost,KtaxRev_lost,G,lump_sum,ylbar,WtaxPct,ShelterPct,ShelterPctP99,TaxEvasionP99,ConcealPctP99,gini,p90,p99,p999,p9999,gini_total,p90_total,p99_total,p999_total,p9999_total,welfare,welfare0,approval,approval0,conceal_share_e,conceal_share_n,evasion_share_e,evasion_share_n,conceal_frac_e,conceal_frac_n,evasion_frac_e,evasion_frac_n,shelter_pct_e,shelter_pct_n,detection_rate,detection_revenue,wtax_evasion_elast
65.58615709,2.85643448,2.85643448,0.00000000,29.60481763,258.90735965,50.99761288,1.28492901,0.15410231,0.04131080,0.03257648,35.66366785,0.25000000,0.18638904,1.79619455,6.92940658,0.00000000,0.00000000,9.18235041,0.01143785,1.01512040,0.64109309,0.00000000,0.00000000,0.00000000,0.00000000,0.75114462,0.38185596,0.70936355,0.84681009,0.93537102,0.75114462,0.38185596,0.70936355,0.84681009,0.93537102,-23.25021268,-46.21323380,0.85406454,0.50707578,-nan,-nan,-nan,-nan,0.00000000,0.00000000,0.00000000,0.00000000,0.00000000,0.00000000,-nan,0.00000000,13.39180518
