Y,A,A_rep,A_hid,L,Q,K,W,P,r,taua,abar,tauk,taul,WtaxRev,KtaxRev,WtaxRev_lost,KtaxRev_lost,G,lump_sum,ylbar,WtaxPct,ShelterPct,ShelterPctP99,TaxEvasionP99,ConcealPctP99,gini,p90,p99,p999,p9999,gini_total,p90_total,p99_total,p999_total,p9999_total,welfare,welfare0,approval,approval0,conceal_share_e,conceal_share_n,evasion_share_e,evasion_share_n,conceal_frac_e,conceal_frac_n,evasion_frac_e,evasion_frac_n,shelter_pct_e,shelter_pct_n,detection_rate,detection_revenue,wtax_evasion_elast
65.46657115,2.85010627,2.85010627,0.00000000,29.59030620,257.99472695,50.77927473,1.28321997,0.15431152,0.04153654,0.03271896,32.47258422,0.25000000,0.18640467,1.85693487,6.93718635,0.00000000,0.00000000,9.18235041,0.01174234,1.01512040,0.80366816,0.00000000,0.00000000,0.00000000,0.00000000,0.74997338,0.38373802,0.71079965,0.84624001,0.93503829,0.74997338,0.38373802,0.71079965,0.84624001,0.93503829,-23.24101386,-46.22236492,0.84359066,0.47305773,-nan,-nan,-nan,-nan,0.00000000,0.00000000,0.00000000,0.00000000,0.00000000,0.00000000,-nan,0.00000000,13.35842810
