Y,A,A_rep,A_hid,L,Q,K,W,P,r,taua,abar,tauk,taul,WtaxRev,KtaxRev,WtaxRev_lost,KtaxRev_lost,G,lump_sum,ylbar,WtaxPct,ShelterPct,ShelterPctP99,TaxEvasionP99,ConcealPctP99,gini,p90,p99,p999,p9999,gini_total,p90_total,p99_total,p999_total,p9999_total,welfare,welfare0,approval,approval0,conceal_share_e,conceal_share_n,evasion_share_e,evasion_share_n,conceal_frac_e,conceal_frac_n,evasion_frac_e,evasion_frac_n,shelter_pct_e,shelter_pct_n,detection_rate,detection_revenue,wtax_evasion_elast
65.54353078,2.85452925,2.85452925,0.00000000,29.59900451,258.58972171,50.93010509,1.28436299,0.15417452,0.04137366,0.03316230,35.61844831,0.25000000,0.18639565,1.81739566,6.93149871,0.00000000,0.00000000,9.18235041,0.01153511,1.01512040,0.63872480,0.00000000,0.00000000,0.00000000,0.00000000,0.75076940,0.38249037,0.71044033,0.84747266,0.93561804,0.75076940,0.38249037,0.71044033,0.84747266,0.93561804,-23.24743338,-46.21601230,0.85068282,0.50156464,-nan,-nan,-nan,-nan,0.00000000,0.00000000,0.00000000,0.00000000,0.00000000,0.00000000,-nan,0.00000000,13.36107396
