Y,A,A_rep,A_hid,L,Q,K,W,P,r,taua,abar,tauk,taul,WtaxRev,KtaxRev,WtaxRev_lost,KtaxRev_lost,G,lump_sum,ylbar,WtaxPct,ShelterPct,ShelterPctP99,TaxEvasionP99,ConcealPctP99,gini,p90,p99,p999,p9999,gini_total,p90_total,p99_total,p999_total,p9999_total,welfare,welfare0,approval,approval0,conceal_share_e,conceal_share_n,evasion_share_e,evasion_share_n,conceal_frac_e,conceal_frac_n,evasion_frac_e,evasion_frac_n,shelter_pct_e,shelter_pct_n,detection_rate,detection_revenue,wtax_evasion_elast
66.01691001,2.87696160,2.87696160,0.00000000,29.66478718,262.12531777,51.76045897,1.29074409,0.15339840,0.04055525,0.03549532,68.34109776,0.25000000,0.18630522,1.53376445,6.90392236,0.00000000,0.00000000,9.18235041,0.00980516,1.01512040,0.33381061,0.00000000,0.00000000,0.00000000,0.00000000,0.75513603,0.37531443,0.70240522,0.85285371,0.93864541,0.75513603,0.37531443,0.70240522,0.85285371,0.93864541,-23.33022714,-46.28388859,0.86380344,0.51896419,-nan,-nan,-nan,-nan,0.00000000,0.00000000,0.00000000,0.00000000,0.00000000,0.00000000,-nan,0.00000000,13.34238265
