Y,A,A_rep,A_hid,L,Q,K,W,P,r,taua,abar,tauk,taul,WtaxRev,KtaxRev,WtaxRev_lost,KtaxRev_lost,G,lump_sum,ylbar,WtaxPct,ShelterPct,ShelterPctP99,TaxEvasionP99,ConcealPctP99,gini,p90,p99,p999,p9999,gini_total,p90_total,p99_total,p999_total,p9999_total,welfare,welfare0,approval,approval0,conceal_share_e,conceal_share_n,evasion_share_e,evasion_share_n,conceal_frac_e,conceal_frac_n,evasion_frac_e,evasion_frac_n,shelter_pct_e,shelter_pct_n,detection_rate,detection_revenue,wtax_evasion_elast
65.54896012,2.85513541,2.85513541,0.00000000,29.59842510,258.63658048,50.94595632,1.28448397,0.15416078,0.04135199,0.03421097,38.59535186,0.25000000,0.18639171,1.81209442,6.93088041,0.00000000,0.00000000,9.18235041,0.01147981,1.01512040,0.66210018,0.00000000,0.00000000,0.00000000,0.00000000,0.75074521,0.38253454,0.71108161,0.84911258,0.93634358,0.75074521,0.38253454,0.71108161,0.84911258,0.93634358,-23.24930985,-46.21840665,0.84957454,0.50012667,-nan,-nan,-nan,-nan,0.00000000,0.00000000,0.00000000,0.00000000,0.00000000,0.00000000,-nan,0.00000000,13.27716413
