Y,A,A_rep,A_hid,L,Q,K,W,P,r,taua,abar,tauk,taul,WtaxRev,KtaxRev,WtaxRev_lost,KtaxRev_lost,G,lump_sum,ylbar,WtaxPct,ShelterPct,ShelterPctP99,TaxEvasionP99,ConcealPctP99,gini,p90,p99,p999,p9999,gini_total,p90_total,p99_total,p999_total,p9999_total,welfare,welfare0,approval,approval0,conceal_share_e,conceal_share_n,evasion_share_e,evasion_share_n,conceal_frac_e,conceal_frac_n,evasion_frac_e,evasion_frac_n,shelter_pct_e,shelter_pct_n,detection_rate,detection_revenue,wtax_evasion_elast
65.45486330,2.84948302,2.84948302,0.00000000,29.58893048,257.90216393,50.75673824,1.28304407,0.15433300,0.04156036,0.03258553,31.79460126,0.25000000,0.18640649,1.86337352,6.93807731,0.00000000,0.00000000,9.18235041,0.01177913,1.01512040,0.79246529,0.00000000,0.00000000,0.00000000,0.00000000,0.74983901,0.38398620,0.71083252,0.84594872,0.93490184,0.74983901,0.38398620,0.71083252,0.84594872,0.93490184,-23.23961848,-46.22241278,0.84205546,0.47298325,-nan,-nan,-nan,-nan,0.00000000,0.00000000,0.00000000,0.00000000,0.00000000,0.00000000,-nan,0.00000000,13.37391604
