Y,A,A_rep,A_hid,L,Q,K,W,P,r,taua,abar,tauk,taul,WtaxRev,KtaxRev,WtaxRev_lost,KtaxRev_lost,G,lump_sum,ylbar,WtaxPct,ShelterPct,ShelterPctP99,TaxEvasionP99,ConcealPctP99,gini,p90,p99,p999,p9999,gini_total,p90_total,p99_total,p999_total,p9999_total,welfare,welfare0,approval,approval0,conceal_share_e,conceal_share_n,evasion_share_e,evasion_share_n,conceal_frac_e,conceal_frac_n,evasion_frac_e,evasion_frac_n,shelter_pct_e,shelter_pct_n,detection_rate,detection_revenue,wtax_evasion_elast
65.55840398,2.85511637,2.85511637,0.00000000,29.60121757,258.69829917,50.95214807,1.28455091,0.15415028,0.04135428,0.03275511,35.06123327,0.25000000,0.18639312,1.81080544,6.93087003,0.00000000,0.00000000,9.18235041,0.01151397,1.01512040,0.85986925,0.00000000,0.00000000,0.00000000,0.00000000,0.75090506,0.38238469,0.70985827,0.84692566,0.93539618,0.75090506,0.38238469,0.70985827,0.84692566,0.93539618,-23.24769659,-46.21347120,0.85184722,0.50605889,-nan,-nan,-nan,-nan,0.00000000,0.00000000,0.00000000,0.00000000,0.00000000,0.00000000,-nan,0.00000000,13.38717692
