Y,A,A_rep,A_hid,L,Q,K,W,P,r,taua,abar,tauk,taul,WtaxRev,KtaxRev,WtaxRev_lost,KtaxRev_lost,G,lump_sum,ylbar,WtaxPct,ShelterPct,ShelterPctP99,TaxEvasionP99,ConcealPctP99,gini,p90,p99,p999,p9999,gini_total,p90_total,p99_total,p999_total,p9999_total,welfare,welfare0,approval,approval0,conceal_share_e,conceal_share_n,evasion_share_e,evasion_share_n,conceal_frac_e,conceal_frac_n,evasion_frac_e,evasion_frac_n,shelter_pct_e,shelter_pct_n,detection_rate,detection_revenue,wtax_evasion_elast
73.58777133,3.11460086,2.93881931,0.17578154,30.13540924,332.19988424,65.53864669,1.41630034,0.13815621,0.02971964,0.00918910,1363.51661481,0.25000000,0.18605759,0.11206238,5.93644767,0.07639445,0.53840350,9.29156816,0.00048446,1.08952447,0.00998578,0.10218514,33.27311225,8.35155958,52.62690661,0.77215955,0.34996305,0.65584702,0.82129186,0.93511591,0.78497771,0.33021187,0.61887817,0.77936787,0.90794954,-23.71276649,-47.57603489,0.69074624,0.33242840,0.26792326,0.73207674,0.84164370,0.15835630,0.04631105,0.06134743,0.06116382,0.00679250,0.38759144,0.03327605,0.67772164,0.04438106,36.27062154
