Y,A,A_rep,A_hid,L,Q,K,W,P,r,taua,abar,tauk,taul,WtaxRev,KtaxRev,WtaxRev_lost,KtaxRev_lost,G,lump_sum,ylbar,WtaxPct,ShelterPct,ShelterPctP99,TaxEvasionP99,ConcealPctP99,gini,p90,p99,p999,p9999,gini_total,p90_total,p99_total,p999_total,p9999_total,welfare,welfare0,approval,approval0,conceal_share_e,conceal_share_n,evasion_share_e,evasion_share_n,conceal_frac_e,conceal_frac_n,evasion_frac_e,evasion_frac_n,shelter_pct_e,shelter_pct_n,detection_rate,detection_revenue,wtax_evasion_elast
65.57135010,2.85570322,2.85570322,0.00000000,29.60302925,258.79725711,50.97432456,1.28472861,0.15412803,0.04133279,0.03258098,35.07085276,0.25000000,0.18639128,1.80437150,6.93013075,0.00000000,0.00000000,9.18235041,0.01148478,1.01512040,0.86053294,0.00000000,0.00000000,0.00000000,0.00000000,0.75102363,0.38205600,0.70957693,0.84672963,0.93532000,0.75102363,0.38205600,0.70957693,0.84672963,0.93532000,-23.24845788,-46.21239983,0.85350131,0.50649683,-nan,-nan,-nan,-nan,0.00000000,0.00000000,0.00000000,0.00000000,0.00000000,0.00000000,-nan,0.00000000,13.39784967
