Y,A,A_rep,A_hid,L,Q,K,W,P,r,taua,abar,tauk,taul,WtaxRev,KtaxRev,WtaxRev_lost,KtaxRev_lost,G,lump_sum,ylbar,WtaxPct,ShelterPct,ShelterPctP99,TaxEvasionP99,ConcealPctP99,gini,p90,p99,p999,p9999,gini_total,p90_total,p99_total,p999_total,p9999_total,welfare,welfare0,approval,approval0,conceal_share_e,conceal_share_n,evasion_share_e,evasion_share_n,conceal_frac_e,conceal_frac_n,evasion_frac_e,evasion_frac_n,shelter_pct_e,shelter_pct_n,detection_rate,detection_revenue,wtax_evasion_elast
65.53934900,2.85442985,2.85442985,0.00000000,29.59804615,258.55742756,50.92336216,1.28431247,0.15418078,0.04137920,0.03332283,35.87693996,0.25000000,0.18639603,1.81967516,6.93185419,0.00000000,0.00000000,9.18235041,0.01154869,1.01512040,0.64003242,0.00000000,0.00000000,0.00000000,0.00000000,0.75070202,0.38254771,0.71059866,0.84769355,0.93573383,0.75070202,0.38254771,0.71059866,0.84769355,0.93573383,-23.24618170,-46.21498619,0.85069808,0.50166836,-nan,-nan,-nan,-nan,0.00000000,0.00000000,0.00000000,0.00000000,0.00000000,0.00000000,-nan,0.00000000,13.34621140
