Y,A,A_rep,A_hid,L,Q,K,W,P,r,taua,abar,tauk,taul,WtaxRev,KtaxRev,WtaxRev_lost,KtaxRev_lost,G,lump_sum,ylbar,WtaxPct,ShelterPct,ShelterPctP99,TaxEvasionP99,ConcealPctP99,gini,p90,p99,p999,p9999,gini_total,p90_total,p99_total,p999_total,p9999_total,welfare,welfare0,approval,approval0,conceal_share_e,conceal_share_n,evasion_share_e,evasion_share_n,conceal_frac_e,conceal_frac_n,evasion_frac_e,evasion_frac_n,shelter_pct_e,shelter_pct_n,detection_rate,detection_revenue,wtax_evasion_elast
65.38674311,2.84960736,2.84960736,0.00000000,29.57318723,257.36449154,50.75261462,1.28238921,0.15446200,0.04147236,0.04210572,50.94724252,0.25000000,0.18640195,1.87944111,6.93795040,0.00000000,0.00000000,9.18235041,0.01163499,1.01512040,0.44610062,0.00000000,0.00000000,0.00000000,0.00000000,0.74915471,0.38468723,0.71755027,0.85916413,0.94057622,0.74915471,0.38468723,0.71755027,0.85916413,0.94057622,-23.25231394,-46.25569661,0.82422945,0.45951993,-nan,-nan,-nan,-nan,0.00000000,0.00000000,0.00000000,0.00000000,0.00000000,0.00000000,-nan,0.00000000,12.85305537
