Y,A,A_rep,A_hid,L,Q,K,W,P,r,taua,abar,tauk,taul,WtaxRev,KtaxRev,WtaxRev_lost,KtaxRev_lost,G,lump_sum,ylbar,WtaxPct,ShelterPct,ShelterPctP99,TaxEvasionP99,ConcealPctP99,gini,p90,p99,p999,p9999,gini_total,p90_total,p99_total,p999_total,p9999_total,welfare,welfare0,approval,approval0,conceal_share_e,conceal_share_n,evasion_share_e,evasion_share_n,conceal_frac_e,conceal_frac_n,evasion_frac_e,evasion_frac_n,shelter_pct_e,shelter_pct_n,detection_rate,detection_revenue,wtax_evasion_elast
65.58337968,2.85643177,2.85643177,0.00000000,29.60389385,258.88422586,50.99203862,1.28489607,0.15410591,0.04131557,0.03268707,35.86678366,0.25000000,0.18639036,1.79744412,6.92978434,0.00000000,0.00000000,9.18235041,0.01145331,1.01512040,0.64222509,0.00000000,0.00000000,0.00000000,0.00000000,0.75111208,0.38203732,0.70952686,0.84698612,0.93545001,0.75111208,0.38203732,0.70952686,0.84698612,0.93545001,-23.24879882,-46.21112671,0.85482186,0.50711937,-nan,-nan,-nan,-nan,0.00000000,0.00000000,0.00000000,0.00000000,0.00000000,0.00000000,-nan,0.00000000,13.38255270
