Y,A,A_rep,A_hid,L,Q,K,W,P,r,taua,abar,tauk,taul,WtaxRev,KtaxRev,WtaxRev_lost,KtaxRev_lost,G,lump_sum,ylbar,WtaxPct,ShelterPct,ShelterPctP99,TaxEvasionP99,ConcealPctP99,gini,p90,p99,p999,p9999,gini_total,p90_total,p99_total,p999_total,p9999_total,welfare,welfare0,approval,approval0,conceal_share_e,conceal_share_n,evasion_share_e,evasion_share_n,conceal_frac_e,conceal_frac_n,evasion_frac_e,evasion_frac_n,shelter_pct_e,shelter_pct_n,detection_rate,detection_revenue,wtax_evasion_elast
65.55341007,2.85501568,2.85501568,0.00000000,29.59997498,258.65761093,50.94358426,1.28448843,0.15415805,0.04136131,0.03285547,35.11231792,0.25000000,0.18639534,1.81365552,6.93130883,0.00000000,0.00000000,9.18235041,0.01153817,1.01512040,0.63580020,0.00000000,0.00000000,0.00000000,0.00000000,0.75089080,0.38235825,0.71000324,0.84705341,0.93545589,0.75089080,0.38235825,0.71000324,0.84705341,0.93545589,-23.24627143,-46.21175127,0.85290166,0.50618258,-nan,-nan,-nan,-nan,0.00000000,0.00000000,0.00000000,0.00000000,0.00000000,0.00000000,-nan,0.00000000,13.37936978
