Y,A,A_rep,A_hid,L,Q,K,W,P,r,taua,abar,tauk,taul,WtaxRev,KtaxRev,WtaxRev_lost,KtaxRev_lost,G,lump_sum,ylbar,WtaxPct,ShelterPct,ShelterPctP99,TaxEvasionP99,ConcealPctP99,gini,p90,p99,p999,p9999,gini_total,p90_total,p99_total,p999_total,p9999_total,welfare,welfare0,approval,approval0,conceal_share_e,conceal_share_n,evasion_share_e,evasion_share_n,conceal_frac_e,conceal_frac_n,evasion_frac_e,evasion_frac_n,shelter_pct_e,shelter_pct_n,detection_rate,detection_revenue,wtax_evasion_elast
73.55159463,3.11304499,2.93085764,0.18218735,30.13175665,331.84026427,65.50087979,1.41577877,0.13822331,0.02972659,0.01015219,1167.06773360,0.25000000,0.18606045,0.13477697,5.92751603,0.09674480,0.54443665,9.29156816,0.00054517,1.08952447,0.01205027,0.10325970,34.74877835,8.60471226,54.17479977,0.77155297,0.35088352,0.65789854,0.82414089,0.93663676,0.78488088,0.33034847,0.61944246,0.78039155,0.90880275,-23.71513063,-47.58570121,0.65465682,0.31291793,0.26576616,0.73423384,0.82351760,0.17648240,0.04762516,0.06380935,0.06226076,0.00788454,0.39038175,0.03393636,0.67909322,0.04627509,35.20326112
