Y,A,A_rep,A_hid,L,Q,K,W,P,r,taua,abar,tauk,taul,WtaxRev,KtaxRev,WtaxRev_lost,KtaxRev_lost,G,lump_sum,ylbar,WtaxPct,ShelterPct,ShelterPctP99,TaxEvasionP99,ConcealPctP99,gini,p90,p99,p999,p9999,gini_total,p90_total,p99_total,p999_total,p9999_total,welfare,welfare0,approval,approval0,conceal_share_e,conceal_share_n,evasion_share_e,evasion_share_n,conceal_frac_e,conceal_frac_n,evasion_frac_e,evasion_frac_n,shelter_pct_e,shelter_pct_n,detection_rate,detection_revenue,wtax_evasion_elast
73.59375714,3.11473281,2.93427413,0.18045868,30.13723663,332.21112049,65.56194409,1.41631941,0.13816198,0.02969707,0.00804171,1153.80665659,0.25000000,0.18605449,0.11131635,5.93037610,0.07697767,0.54084866,9.29156816,0.00040189,1.08952447,0.01244299,0.10267365,34.54023545,8.41283385,53.95215743,0.77183230,0.35046743,0.65682299,0.82252516,0.93543281,0.78501056,0.33016235,0.61881510,0.77931208,0.90773845,-23.71982532,-47.58936713,0.61330130,0.29843179,0.26629076,0.73370924,0.84209459,0.15790541,0.04724324,0.06312292,0.06150770,0.00680803,0.38900349,0.03354158,0.67815108,0.04473331,40.17404669
