Y,A,A_rep,A_hid,L,Q,K,W,P,r,taua,abar,tauk,taul,WtaxRev,KtaxRev,WtaxRev_lost,KtaxRev_lost,G,lump_sum,ylbar,WtaxPct,ShelterPct,ShelterPctP99,TaxEvasionP99,ConcealPctP99,gini,p90,p99,p999,p9999,gini_total,p90_total,p99_total,p999_total,p9999_total,welfare,welfare0,approval,approval0,conceal_share_e,conceal_share_n,evasion_share_e,evasion_share_n,conceal_frac_e,conceal_frac_n,evasion_frac_e,evasion_frac_n,shelter_pct_e,shelter_pct_n,detection_rate,detection_revenue,wtax_evasion_elast
65.61370659,2.85750665,2.85750665,0.00000000,29.60872903,259.11264419,51.03539554,1.28528196,0.15405493,0.04128023,0.03191432,34.99839225,0.25000000,0.18638738,1.78182549,6.92828876,0.00000000,0.00000000,9.18235041,0.01138352,1.01512040,0.86029507,0.00000000,0.00000000,0.00000000,0.00000000,0.75144553,0.38141094,0.70841713,0.84592505,0.93502222,0.75144553,0.38141094,0.70841713,0.84592505,0.93502222,-23.25191046,-46.21152961,0.85737231,0.50977711,-nan,-nan,-nan,-nan,0.00000000,0.00000000,0.00000000,0.00000000,0.00000000,0.00000000,-nan,0.00000000,13.43319200
