Y,A,A_rep,A_hid,L,Q,K,W,P,r,taua,abar,tauk,taul,WtaxRev,KtaxRev,WtaxRev_lost,KtaxRev_lost,G,lump_sum,ylbar,WtaxPct,ShelterPct,ShelterPctP99,TaxEvasionP99,ConcealPctP99,gini,p90,p99,p999,p9999,gini_total,p90_total,p99_total,p999_total,p9999_total,welfare,welfare0,approval,approval0,conceal_share_e,conceal_share_n,evasion_share_e,evasion_share_n,conceal_frac_e,conceal_frac_n,evasion_frac_e,evasion_frac_n,shelter_pct_e,shelter_pct_n,detection_rate,detection_revenue,wtax_evasion_elast
65.53443028,2.85529376,2.85529376,0.00000000,29.59430233,258.51798388,50.94345880,1.28435026,0.15418675,0.04133415,0.03652916,43.79019762,0.25000000,0.18639116,1.81403758,6.93114096,0.00000000,0.00000000,9.18235041,0.01144109,1.01512040,0.54037529,0.00000000,0.00000000,0.00000000,0.00000000,0.75058330,0.38263186,0.71265622,0.85237627,0.93777356,0.75058330,0.38263186,0.71265622,0.85237627,0.93777356,-23.25182656,-46.22570610,0.84625731,0.48158687,-nan,-nan,-nan,-nan,0.00000000,0.00000000,0.00000000,0.00000000,0.00000000,0.00000000,-nan,0.00000000,13.16042387
