Y,A,A_rep,A_hid,L,Q,K,W,P,r,taua,abar,tauk,taul,WtaxRev,KtaxRev,WtaxRev_lost,KtaxRev_lost,G,lump_sum,ylbar,WtaxPct,ShelterPct,ShelterPctP99,TaxEvasionP99,ConcealPctP99,gini,p90,p99,p999,p9999,gini_total,p90_total,p99_total,p999_total,p9999_total,welfare,welfare0,approval,approval0,conceal_share_e,conceal_share_n,evasion_share_e,evasion_share_n,conceal_frac_e,conceal_frac_n,evasion_frac_e,evasion_frac_n,shelter_pct_e,shelter_pct_n,detection_rate,detection_revenue,wtax_evasion_elast
65.50521630,2.85290821,2.85290821,0.00000000,29.59288830,258.29589735,50.86721136,1.28385349,0.15423910,0.04143136,0.03363308,35.28657917,0.25000000,0.18640231,1.83885387,6.93390832,0.00000000,0.00000000,9.18235041,0.01166070,1.01512040,0.63430602,0.00000000,0.00000000,0.00000000,0.00000000,0.75042285,0.38298358,0.71129818,0.84796294,0.93579153,0.75042285,0.38298358,0.71129818,0.84796294,0.93579153,-23.24152707,-46.21220729,0.84915080,0.49998964,-nan,-nan,-nan,-nan,0.00000000,0.00000000,0.00000000,0.00000000,0.00000000,0.00000000,-nan,0.00000000,13.32895884
