Y,A,A_rep,A_hid,L,Q,K,W,P,r,taua,abar,tauk,taul,WtaxRev,KtaxRev,WtaxRev_lost,KtaxRev_lost,G,lump_sum,ylbar,WtaxPct,ShelterPct,ShelterPctP99,TaxEvasionP99,ConcealPctP99,gini,p90,p99,p999,p9999,gini_total,p90_total,p99_total,p999_total,p9999_total,welfare,welfare0,approval,approval0,conceal_share_e,conceal_share_n,evasion_share_e,evasion_share_n,conceal_frac_e,conceal_frac_n,evasion_frac_e,evasion_frac_n,shelter_pct_e,shelter_pct_n,detection_rate,detection_revenue,wtax_evasion_elast
64.91585418,2.82882329,2.82882329,0.00000000,29.50947112,253.75153672,50.02040626,1.27591596,0.15531499,0.04214396,0.04659934,41.43292142,0.25000000,0.18646699,2.12401802,6.96373512,0.00000000,0.00000000,9.18235041,0.01278178,1.01512040,0.49930402,0.00000000,0.00000000,0.00000000,0.00000000,0.74480509,0.39144066,0.72782370,0.86272111,0.94155821,0.74480509,0.39144066,0.72782370,0.86272111,0.94155821,-23.21761589,-46.28603353,0.79656232,0.42544657,-nan,-nan,-nan,-nan,0.00000000,0.00000000,0.00000000,0.00000000,0.00000000,0.00000000,-nan,0.00000000,12.58141468
