Y,A,A_rep,A_hid,L,Q,K,W,P,r,taua,abar,tauk,taul,WtaxRev,KtaxRev,WtaxRev_lost,KtaxRev_lost,G,lump_sum,ylbar,WtaxPct,ShelterPct,ShelterPctP99,TaxEvasionP99,ConcealPctP99,gini,p90,p99,p999,p9999,gini_total,p90_total,p99_total,p999_total,p9999_total,welfare,welfare0,approval,approval0,conceal_share_e,conceal_share_n,evasion_share_e,evasion_share_n,conceal_frac_e,conceal_frac_n,evasion_frac_e,evasion_frac_n,shelter_pct_e,shelter_pct_n,detection_rate,detection_revenue,wtax_evasion_elast
65.57748377,2.85611065,2.85611065,0.00000000,29.60320533,258.82724518,50.98085330,1.28479160,0.15412012,0.04132593,0.03256268,35.21302973,0.25000000,0.18639293,1.80184849,6.93038976,0.00000000,0.00000000,9.18235041,0.01148431,1.01512040,0.63769338,0.00000000,0.00000000,0.00000000,0.00000000,0.75107544,0.38195643,0.70948298,0.84672650,0.93532225,0.75107544,0.38195643,0.70948298,0.84672650,0.93532225,-23.24773710,-46.21039233,0.85428739,0.50707538,-nan,-nan,-nan,-nan,0.00000000,0.00000000,0.00000000,0.00000000,0.00000000,0.00000000,-nan,0.00000000,13.39495921
