Y,A,A_rep,A_hid,L,Q,K,W,P,r,taua,abar,tauk,taul,WtaxRev,KtaxRev,WtaxRev_lost,KtaxRev_lost,G,lump_sum,ylbar,WtaxPct,ShelterPct,ShelterPctP99,TaxEvasionP99,ConcealPctP99,gini,p90,p99,p999,p9999,gini_total,p90_total,p99_total,p999_total,p9999_total,welfare,welfare0,approval,approval0,conceal_share_e,conceal_share_n,evasion_share_e,evasion_share_n,conceal_frac_e,conceal_frac_n,evasion_frac_e,evasion_frac_n,shelter_pct_e,shelter_pct_n,detection_rate,detection_revenue,wtax_evasion_elast
65.58812967,2.85652418,2.85652418,0.00000000,29.60509441,258.92578004,51.00165408,1.28496273,0.15409797,0.04130684,0.03253369,35.62482877,0.25000000,0.18638907,1.79525583,6.92918949,0.00000000,0.00000000,9.18235041,0.01143721,1.01512040,0.64102927,0.00000000,0.00000000,0.00000000,0.00000000,0.75117491,0.38182176,0.70929921,0.84674798,0.93535002,0.75117491,0.38182176,0.70929921,0.84674798,0.93535002,-23.25003871,-46.21217068,0.85495326,0.50995681,-nan,-nan,-nan,-nan,0.00000000,0.00000000,0.00000000,0.00000000,0.00000000,0.00000000,-nan,0.00000000,13.39360663
