Y,A,A_rep,A_hid,L,Q,K,W,P,r,taua,abar,tauk,taul,WtaxRev,KtaxRev,WtaxRev_lost,KtaxRev_lost,G,lump_sum,ylbar,WtaxPct,ShelterPct,ShelterPctP99,TaxEvasionP99,ConcealPctP99,gini,p90,p99,p999,p9999,gini_total,p90_total,p99_total,p999_total,p9999_total,welfare,welfare0,approval,approval0,conceal_share_e,conceal_share_n,evasion_share_e,evasion_share_n,conceal_frac_e,conceal_frac_n,evasion_frac_e,evasion_frac_n,shelter_pct_e,shelter_pct_n,detection_rate,detection_revenue,wtax_evasion_elast
65.57960062,2.85614265,2.85614265,0.00000000,29.60374685,258.85423593,50.98594090,1.28483636,0.15411400,0.04132176,0.03253922,35.27705573,0.25000000,0.18639169,1.80007749,6.92991806,0.00000000,0.00000000,9.18235041,0.01147329,1.01512040,0.63834632,0.00000000,0.00000000,0.00000000,0.00000000,0.75110482,0.38192471,0.70944004,0.84670543,0.93531668,0.75110482,0.38192471,0.70944004,0.84670543,0.93531668,-23.24822927,-46.21035846,0.85487461,0.50995652,-nan,-nan,-nan,-nan,0.00000000,0.00000000,0.00000000,0.00000000,0.00000000,0.00000000,-nan,0.00000000,13.39738578
