Y,A,A_rep,A_hid,L,Q,K,W,P,r,taua,abar,tauk,taul,WtaxRev,KtaxRev,WtaxRev_lost,KtaxRev_lost,G,lump_sum,ylbar,WtaxPct,ShelterPct,ShelterPctP99,TaxEvasionP99,ConcealPctP99,gini,p90,p99,p999,p9999,gini_total,p90_total,p99_total,p999_total,p9999_total,welfare,welfare0,approval,approval0,conceal_share_e,conceal_share_n,evasion_share_e,evasion_share_n,conceal_frac_e,conceal_frac_n,evasion_frac_e,evasion_frac_n,shelter_pct_e,shelter_pct_n,detection_rate,detection_revenue,wtax_evasion_elast
65.65932196,2.85869871,2.85869871,0.00000000,29.61767743,259.44640866,51.09124921,1.28579535,0.15398464,0.04124449,0.03015205,32.75690908,0.25000000,0.18637811,1.75446239,6.92670928,0.00000000,0.00000000,9.18235041,0.01123623,1.01512040,0.81920540,0.00000000,0.00000000,0.00000000,0.00000000,0.75183221,0.38083820,0.70615752,0.84332966,0.93402497,0.75183221,0.38083820,0.70615752,0.84332966,0.93402497,-23.26034132,-46.22141147,0.85747032,0.50940436,-nan,-nan,-nan,-nan,0.00000000,0.00000000,0.00000000,0.00000000,0.00000000,0.00000000,-nan,0.00000000,13.52115746
