Y,A,A_rep,A_hid,L,Q,K,W,P,r,taua,abar,tauk,taul,WtaxRev,KtaxRev,WtaxRev_lost,KtaxRev_lost,G,lump_sum,ylbar,WtaxPct,ShelterPct,ShelterPctP99,TaxEvasionP99,ConcealPctP99,gini,p90,p99,p999,p9999,gini_total,p90_total,p99_total,p999_total,p9999_total,welfare,welfare0,approval,approval0,conceal_share_e,conceal_share_n,evasion_share_e,evasion_share_n,conceal_frac_e,conceal_frac_n,evasion_frac_e,evasion_frac_n,shelter_pct_e,shelter_pct_n,detection_rate,detection_revenue,wtax_evasion_elast
65.56433638,2.85533785,2.85533785,0.00000000,29.60211910,258.73984080,50.95976188,1.28462031,0.15414100,0.04134833,0.03262909,34.98473418,0.25000000,0.18639229,1.80776901,6.93072726,0.00000000,0.00000000,9.18235041,0.01149977,1.01512040,0.85790053,0.00000000,0.00000000,0.00000000,0.00000000,0.75093987,0.38217322,0.70968386,0.84676370,0.93533486,0.75093987,0.38217322,0.70968386,0.84676370,0.93533486,-23.24811226,-46.21334845,0.85286858,0.50605421,-nan,-nan,-nan,-nan,0.00000000,0.00000000,0.00000000,0.00000000,0.00000000,0.00000000,-nan,0.00000000,13.39249863
