Y,A,A_rep,A_hid,L,Q,K,W,P,r,taua,abar,tauk,taul,WtaxRev,KtaxRev,WtaxRev_lost,KtaxRev_lost,G,lump_sum,ylbar,WtaxPct,ShelterPct,ShelterPctP99,TaxEvasionP99,ConcealPctP99,gini,p90,p99,p999,p9999,gini_total,p90_total,p99_total,p999_total,p9999_total,welfare,welfare0,approval,approval0,conceal_share_e,conceal_share_n,evasion_share_e,evasion_share_n,conceal_frac_e,conceal_frac_n,evasion_frac_e,evasion_frac_n,shelter_pct_e,shelter_pct_n,detection_rate,detection_revenue,wtax_evasion_elast
66.16456690,2.88320202,2.88320202,0.00000000,29.68694322,263.25090492,51.99041690,1.29267709,0.15315113,0.04035718,0.03233685,66.70149491,0.25000000,0.18628393,1.45702744,6.89588944,0.00000000,0.00000000,9.18235041,0.00940646,1.01512040,0.33526084,0.00000000,0.00000000,0.00000000,0.00000000,0.75650197,0.37324346,0.69850455,0.84917421,0.93715179,0.75650197,0.37324346,0.69850455,0.84917421,0.93715179,-23.34653841,-46.28826479,0.88189001,0.60947167,-nan,-nan,-nan,-nan,0.00000000,0.00000000,0.00000000,0.00000000,0.00000000,0.00000000,-nan,0.00000000,13.55946443
