Y,A,A_rep,A_hid,L,Q,K,W,P,r,taua,abar,tauk,taul,WtaxRev,KtaxRev,WtaxRev_lost,KtaxRev_lost,G,lump_sum,ylbar,WtaxPct,ShelterPct,ShelterPctP99,TaxEvasionP99,ConcealPctP99,gini,p90,p99,p999,p9999,gini_total,p90_total,p99_total,p999_total,p9999_total,welfare,welfare0,approval,approval0,conceal_share_e,conceal_share_n,evasion_share_e,evasion_share_n,conceal_frac_e,conceal_frac_n,evasion_frac_e,evasion_frac_n,shelter_pct_e,shelter_pct_n,detection_rate,detection_revenue,wtax_evasion_elast
73.57039582,3.11376913,2.92316177,0.19060736,30.13450089,331.98643116,65.54807348,1.41601499,0.13820414,0.02968972,0.00863427,982.12361566,0.25000000,0.18605737,0.13036645,5.92329012,0.09405486,0.54159329,9.29156816,0.00048157,1.08952447,0.01491561,0.10366778,36.34715371,8.51317314,54.78913375,0.77106785,0.35163874,0.65935315,0.82594707,0.93628640,0.78503907,0.33011340,0.61903793,0.77987250,0.90826519,-23.71902042,-47.58977602,0.63407896,0.29781848,0.26223857,0.73776143,0.82665219,0.17334781,0.04914406,0.06706971,0.06199904,0.00768249,0.39115757,0.03425565,0.67406775,0.04579039,39.45405363
