Y,A,A_rep,A_hid,L,Q,K,W,P,r,taua,abar,tauk,taul,WtaxRev,KtaxRev,WtaxRev_lost,KtaxRev_lost,G,lump_sum,ylbar,WtaxPct,ShelterPct,ShelterPctP99,TaxEvasionP99,ConcealPctP99,gini,p90,p99,p999,p9999,gini_total,p90_total,p99_total,p999_total,p9999_total,welfare,welfare0,approval,approval0,conceal_share_e,conceal_share_n,evasion_share_e,evasion_share_n,conceal_frac_e,conceal_frac_n,evasion_frac_e,evasion_frac_n,shelter_pct_e,shelter_pct_n,detection_rate,detection_revenue,wtax_evasion_elast
65.58063041,2.85615902,2.85615902,0.00000000,29.60412690,258.86434271,50.98872184,1.28485134,0.15411242,0.04131906,0.03255253,35.34148351,0.25000000,0.18639037,1.79961701,6.92971332,0.00000000,0.00000000,9.18235041,0.01146045,1.01512040,0.63875642,0.00000000,0.00000000,0.00000000,0.00000000,0.75110438,0.38191835,0.70947918,0.84673612,0.93533504,0.75110438,0.38191835,0.70947918,0.84673612,0.93533504,-23.24925410,-46.21226818,0.85382303,0.50707538,-nan,-nan,-nan,-nan,0.00000000,0.00000000,0.00000000,0.00000000,0.00000000,0.00000000,-nan,0.00000000,13.39697997
