Y,A,A_rep,A_hid,L,Q,K,W,P,r,taua,abar,tauk,taul,WtaxRev,KtaxRev,WtaxRev_lost,KtaxRev_lost,G,lump_sum,ylbar,WtaxPct,ShelterPct,ShelterPctP99,TaxEvasionP99,ConcealPctP99,gini,p90,p99,p999,p9999,gini_total,p90_total,p99_total,p999_total,p9999_total,welfare,welfare0,approval,approval0,conceal_share_e,conceal_share_n,evasion_share_e,evasion_share_n,conceal_frac_e,conceal_frac_n,evasion_frac_e,evasion_frac_n,shelter_pct_e,shelter_pct_n,detection_rate,detection_revenue,wtax_evasion_elast
73.41634576,3.10890636,2.87430997,0.23459639,30.12576958,330.08433820,65.61638349,1.41345492,0.13862934,0.02943980,0.01579342,772.17407690,0.25000000,0.18606294,0.20495605,5.88657322,0.24337765,0.55277195,9.29156816,0.00063440,1.08952447,0.01770469,0.10729007,59.12096723,11.30973128,54.69292179,0.76821833,0.35618319,0.67038625,0.84329949,0.94814358,0.78566159,0.32930580,0.61985957,0.78417185,0.91341681,-23.75763713,-47.67888908,0.41563404,0.03840292,0.28814977,0.71185023,0.74093099,0.25906901,0.06633576,0.07990827,0.06865648,0.01430144,0.39857332,0.03696205,0.67468861,0.06787928,40.38225186
