Y,A,A_rep,A_hid,L,Q,K,W,P,r,taua,abar,tauk,taul,WtaxRev,KtaxRev,WtaxRev_lost,KtaxRev_lost,G,lump_sum,ylbar,WtaxPct,ShelterPct,ShelterPctP99,TaxEvasionP99,ConcealPctP99,gini,p90,p99,p999,p9999,gini_total,p90_total,p99_total,p999_total,p9999_total,welfare,welfare0,approval,approval0,conceal_share_e,conceal_share_n,evasion_share_e,evasion_share_n,conceal_frac_e,conceal_frac_n,evasion_frac_e,evasion_frac_n,shelter_pct_e,shelter_pct_n,detection_rate,detection_revenue,wtax_evasion_elast
60.25422877,2.48631494,2.48631494,0.00000000,29.43571467,216.33769386,39.14647599,1.18725252,0.16641638,0.05928367,0.03000000,2.10881780,0.25000000,0.18676983,4.45741340,7.39191524,0.00000000,0.00000000,9.18235041,0.02271773,1.01512040,22.58001000,0.00000000,0.00000000,0.00000000,0.00000000,0.72871630,0.37490498,0.63639612,0.78875594,0.91314536,0.72871630,0.37490498,0.63639612,0.78875594,0.91314536,-23.83866008,-48.66974129,0.48371975,0.13039049,-nan,-nan,-nan,-nan,0.00000000,0.00000000,0.00000000,0.00000000,0.00000000,0.00000000,-nan,0.00000000,16.37940874
