Y,A,A_rep,A_hid,L,Q,K,W,P,r,taua,abar,tauk,taul,WtaxRev,KtaxRev,WtaxRev_lost,KtaxRev_lost,G,lump_sum,ylbar,WtaxPct,ShelterPct,ShelterPctP99,TaxEvasionP99,ConcealPctP99,gini,p90,p99,p999,p9999,gini_total,p90_total,p99_total,p999_total,p9999_total,welfare,welfare0,approval,approval0,conceal_share_e,conceal_share_n,evasion_share_e,evasion_share_n,conceal_frac_e,conceal_frac_n,evasion_frac_e,evasion_frac_n,shelter_pct_e,shelter_pct_n,detection_rate,detection_revenue,wtax_evasion_elast
73.54697267,3.11292573,2.93660675,0.17631899,30.13033511,331.82497423,65.47830506,1.41574974,0.13821965,0.02974866,0.01142384,1376.74741399,0.25000000,0.18606306,0.13394130,5.93410808,0.09395922,0.54235941,9.29156816,0.00060367,1.08952447,0.00982321,0.10291355,33.65730613,8.52506615,52.72079130,0.77192101,0.35033210,0.65676394,0.82258502,0.93639592,0.78479844,0.33048896,0.61961091,0.78046915,0.90900637,-23.70972537,-47.57611554,0.68826464,0.33223806,0.26853289,0.73146711,0.82518195,0.17481805,0.04658204,0.06151772,0.06191378,0.00775018,0.39026772,0.03353416,0.67807514,0.04561691,32.01537150
