Y,A,A_rep,A_hid,L,Q,K,W,P,r,taua,abar,tauk,taul,WtaxRev,KtaxRev,WtaxRev_lost,KtaxRev_lost,G,lump_sum,ylbar,WtaxPct,ShelterPct,ShelterPctP99,TaxEvasionP99,ConcealPctP99,gini,p90,p99,p999,p9999,gini_total,p90_total,p99_total,p999_total,p9999_total,welfare,welfare0,approval,approval0,conceal_share_e,conceal_share_n,evasion_share_e,evasion_share_n,conceal_frac_e,conceal_frac_n,evasion_frac_e,evasion_frac_n,shelter_pct_e,shelter_pct_n,detection_rate,detection_revenue,wtax_evasion_elast
65.57603915,2.85603813,2.85603813,0.00000000,29.60294133,258.81937502,50.97852333,1.28477846,0.15412141,0.04132837,0.03263329,35.37714845,0.25000000,0.18639276,1.80211454,6.93039522,0.00000000,0.00000000,9.18235041,0.01148439,1.01512040,0.63873183,0.00000000,0.00000000,0.00000000,0.00000000,0.75105874,0.38214674,0.70960231,0.84682688,0.93536384,0.75105874,0.38214674,0.70960231,0.84682688,0.93536384,-23.24768745,-46.21051018,0.85414232,0.50707538,-nan,-nan,-nan,-nan,0.00000000,0.00000000,0.00000000,0.00000000,0.00000000,0.00000000,-nan,0.00000000,13.39028542
