Y,A,A_rep,A_hid,L,Q,K,W,P,r,taua,abar,tauk,taul,WtaxRev,KtaxRev,WtaxRev_lost,KtaxRev_lost,G,lump_sum,ylbar,WtaxPct,ShelterPct,ShelterPctP99,TaxEvasionP99,ConcealPctP99,gini,p90,p99,p999,p9999,gini_total,p90_total,p99_total,p999_total,p9999_total,welfare,welfare0,approval,approval0,conceal_share_e,conceal_share_n,evasion_share_e,evasion_share_n,conceal_frac_e,conceal_frac_n,evasion_frac_e,evasion_frac_n,shelter_pct_e,shelter_pct_n,detection_rate,detection_revenue,wtax_evasion_elast
73.56772841,3.11371430,2.92688771,0.18682659,30.13389938,331.96852987,65.53513376,1.41598062,0.13820471,0.02970191,0.00876156,1023.81751247,0.25000000,0.18605895,0.12886437,5.92577880,0.09246307,0.54209818,9.29156816,0.00049738,1.08952447,0.01355386,0.10344815,35.49561777,8.53987330,54.77129812,0.77132605,0.35122221,0.65857796,0.82492769,0.93624191,0.78500455,0.33014846,0.61910916,0.77991576,0.90825581,-23.71741419,-47.58750591,0.64404022,0.30945998,0.26388422,0.73611578,0.82816570,0.17183430,0.04847525,0.06559201,0.06201403,0.00760181,0.39080661,0.03406773,0.67585264,0.04593582,38.86017724
