Y,A,A_rep,A_hid,L,Q,K,W,P,r,taua,abar,tauk,taul,WtaxRev,KtaxRev,WtaxRev_lost,KtaxRev_lost,G,lump_sum,ylbar,WtaxPct,ShelterPct,ShelterPctP99,TaxEvasionP99,ConcealPctP99,gini,p90,p99,p999,p9999,gini_total,p90_total,p99_total,p999_total,p9999_total,welfare,welfare0,approval,approval0,conceal_share_e,conceal_share_n,evasion_share_e,evasion_share_n,conceal_frac_e,conceal_frac_n,evasion_frac_e,evasion_frac_n,shelter_pct_e,shelter_pct_n,detection_rate,detection_revenue,wtax_evasion_elast
65.59576100,2.85686514,2.85686514,0.00000000,29.60614147,258.98054062,51.01294521,1.28505920,0.15408560,0.04129667,0.03246099,35.74367983,0.25000000,0.18638793,1.79110375,6.92885600,0.00000000,0.00000000,9.18235041,0.01141287,1.01512040,0.64211642,0.00000000,0.00000000,0.00000000,0.00000000,0.75124362,0.38172713,0.70916995,0.84669738,0.93532785,0.75124362,0.38172713,0.70916995,0.84669738,0.93532785,-23.25118010,-46.21314229,0.85523564,0.50995691,-nan,-nan,-nan,-nan,0.00000000,0.00000000,0.00000000,0.00000000,0.00000000,0.00000000,-nan,0.00000000,13.39615351
