Y,A,A_rep,A_hid,L,Q,K,W,P,r,taua,abar,tauk,taul,WtaxRev,KtaxRev,WtaxRev_lost,KtaxRev_lost,G,lump_sum,ylbar,WtaxPct,ShelterPct,ShelterPctP99,TaxEvasionP99,ConcealPctP99,gini,p90,p99,p999,p9999,gini_total,p90_total,p99_total,p999_total,p9999_total,welfare,welfare0,approval,approval0,conceal_share_e,conceal_share_n,evasion_share_e,evasion_share_n,conceal_frac_e,conceal_frac_n,evasion_frac_e,evasion_frac_n,shelter_pct_e,shelter_pct_n,detection_rate,detection_revenue,wtax_evasion_elast
65.33313055,2.84556242,2.84556242,0.00000000,29.56851752,256.98542947,50.60208555,1.28154407,0.15454074,0.04166955,0.03677150,36.69347965,0.25000000,0.18642310,1.92516179,6.94296632,0.00000000,0.00000000,9.18235041,0.01203497,1.01512040,0.63593681,0.00000000,0.00000000,0.00000000,0.00000000,0.74871457,0.38552511,0.71586867,0.85167483,0.93721723,0.74871457,0.38552511,0.71586867,0.85167483,0.93721723,-23.22983031,-46.22542077,0.83046973,0.46304726,-nan,-nan,-nan,-nan,0.00000000,0.00000000,0.00000000,0.00000000,0.00000000,0.00000000,-nan,0.00000000,13.11872462
