Y,A,A_rep,A_hid,L,Q,K,W,P,r,taua,abar,tauk,taul,WtaxRev,KtaxRev,WtaxRev_lost,KtaxRev_lost,G,lump_sum,ylbar,WtaxPct,ShelterPct,ShelterPctP99,TaxEvasionP99,ConcealPctP99,gini,p90,p99,p999,p9999,gini_total,p90_total,p99_total,p999_total,p9999_total,welfare,welfare0,approval,approval0,conceal_share_e,conceal_share_n,evasion_share_e,evasion_share_n,conceal_frac_e,conceal_frac_n,evasion_frac_e,evasion_frac_n,shelter_pct_e,shelter_pct_n,detection_rate,detection_revenue,wtax_evasion_elast
73.48715781,3.11078744,2.92347967,0.18730777,30.12452660,331.16109034,65.48272106,1.41488133,0.13835745,0.02967904,0.01582540,1345.59746670,0.25000000,0.18606703,0.16409400,5.92647423,0.14557071,0.54449364,9.29156816,0.00077974,1.08952447,0.00951659,0.10293584,41.35604897,9.57694493,52.47091538,0.77123973,0.35137340,0.65958687,0.82750246,0.94130245,0.78497245,0.33021638,0.61991917,0.78213473,0.91124904,-23.71286710,-47.58633530,0.64388235,0.30900458,0.28231384,0.71768616,0.79196900,0.20803100,0.05200235,0.06419934,0.06409917,0.00998004,0.38813924,0.03407574,0.68475675,0.05394039,31.94215564
