Y,A,A_rep,A_hid,L,Q,K,W,P,r,taua,abar,tauk,taul,WtaxRev,KtaxRev,WtaxRev_lost,KtaxRev_lost,G,lump_sum,ylbar,WtaxPct,ShelterPct,ShelterPctP99,TaxEvasionP99,ConcealPctP99,gini,p90,p99,p999,p9999,gini_total,p90_total,p99_total,p999_total,p9999_total,welfare,welfare0,approval,approval0,conceal_share_e,conceal_share_n,evasion_share_e,evasion_share_n,conceal_frac_e,conceal_frac_n,evasion_frac_e,evasion_frac_n,shelter_pct_e,shelter_pct_n,detection_rate,detection_revenue,wtax_evasion_elast
65.56977004,2.85570020,2.85570020,0.00000000,29.60249068,258.78255903,50.97135822,1.28470845,0.15413059,0.04133495,0.03279326,35.58154018,0.25000000,0.18639150,1.80503681,6.93030893,0.00000000,0.00000000,9.18235041,0.01148370,1.01512040,0.63977682,0.00000000,0.00000000,0.00000000,0.00000000,0.75098929,0.38223565,0.70976624,0.84703629,0.93545845,0.75098929,0.38223565,0.70976624,0.84703629,0.93545845,-23.24837036,-46.21290210,0.85326560,0.50628511,-nan,-nan,-nan,-nan,0.00000000,0.00000000,0.00000000,0.00000000,0.00000000,0.00000000,-nan,0.00000000,13.37924957
