Y,A,A_rep,A_hid,L,Q,K,W,P,r,taua,abar,tauk,taul,WtaxRev,KtaxRev,WtaxRev_lost,KtaxRev_lost,G,lump_sum,ylbar,WtaxPct,ShelterPct,ShelterPctP99,TaxEvasionP99,ConcealPctP99,gini,p90,p99,p999,p9999,gini_total,p90_total,p99_total,p999_total,p9999_total,welfare,welfare0,approval,approval0,conceal_share_e,conceal_share_n,evasion_share_e,evasion_share_n,conceal_frac_e,conceal_frac_n,evasion_frac_e,evasion_frac_n,shelter_pct_e,shelter_pct_n,detection_rate,detection_revenue,wtax_evasion_elast
65.61667392,2.85712496,2.85712496,0.00000000,29.61061528,259.13004182,51.02708912,1.28526251,0.15405314,0.04129955,0.03110037,33.50827144,0.25000000,0.18638493,1.77850214,6.92870366,0.00000000,0.00000000,9.18235041,0.01136009,1.01512040,0.83133782,0.00000000,0.00000000,0.00000000,0.00000000,0.75143271,0.38144014,0.70755670,0.84461313,0.93450404,0.75143271,0.38144014,0.70755670,0.84461313,0.93450404,-23.25446503,-46.21720915,0.85562912,0.50936683,-nan,-nan,-nan,-nan,0.00000000,0.00000000,0.00000000,0.00000000,0.00000000,0.00000000,-nan,0.00000000,13.45870139
