Y,A,A_rep,A_hid,L,Q,K,W,P,r,taua,abar,tauk,taul,WtaxRev,KtaxRev,WtaxRev_lost,KtaxRev_lost,G,lump_sum,ylbar,WtaxPct,ShelterPct,ShelterPctP99,TaxEvasionP99,ConcealPctP99,gini,p90,p99,p999,p9999,gini_total,p90_total,p99_total,p999_total,p9999_total,welfare,welfare0,approval,approval0,conceal_share_e,conceal_share_n,evasion_share_e,evasion_share_n,conceal_frac_e,conceal_frac_n,evasion_frac_e,evasion_frac_n,shelter_pct_e,shelter_pct_n,detection_rate,detection_revenue,wtax_evasion_elast
65.58792814,2.85649691,2.85649691,0.00000000,29.60518327,258.92187825,51.00107522,1.28495350,0.15409939,0.04130748,0.03250211,35.52345113,0.25000000,0.18638898,1.79540037,6.92921697,0.00000000,0.00000000,9.18235041,0.01143565,1.01512040,0.64036039,0.00000000,0.00000000,0.00000000,0.00000000,0.75117481,0.38182879,0.70928903,0.84669796,0.93531914,0.75117481,0.38182879,0.70928903,0.84669796,0.93531914,-23.25039876,-46.21297327,0.85464435,0.50711340,-nan,-nan,-nan,-nan,0.00000000,0.00000000,0.00000000,0.00000000,0.00000000,0.00000000,-nan,0.00000000,13.39791615
