Y,A,A_rep,A_hid,L,Q,K,W,P,r,taua,abar,tauk,taul,WtaxRev,KtaxRev,WtaxRev_lost,KtaxRev_lost,G,lump_sum,ylbar,WtaxPct,ShelterPct,ShelterPctP99,TaxEvasionP99,ConcealPctP99,gini,p90,p99,p999,p9999,gini_total,p90_total,p99_total,p999_total,p9999_total,welfare,welfare0,approval,approval0,conceal_share_e,conceal_share_n,evasion_share_e,evasion_share_n,conceal_frac_e,conceal_frac_n,evasion_frac_e,evasion_frac_n,shelter_pct_e,shelter_pct_n,detection_rate,detection_revenue,wtax_evasion_elast
65.60749597,2.85743563,2.85743563,0.00000000,29.60733028,259.06595856,51.03016652,1.28521792,0.15406488,0.04128068,0.03248662,36.34071400,0.25000000,0.18638645,1.78411386,6.92835627,0.00000000,0.00000000,9.18235041,0.01137671,1.01512040,0.64690713,0.00000000,0.00000000,0.00000000,0.00000000,0.75135184,0.38153210,0.70898663,0.84681744,0.93540484,0.75135184,0.38153210,0.70898663,0.84681744,0.93540484,-23.25241385,-46.21376459,0.85561538,0.51003327,-nan,-nan,-nan,-nan,0.00000000,0.00000000,0.00000000,0.00000000,0.00000000,0.00000000,-nan,0.00000000,13.38738979
