Y,A,A_rep,A_hid,L,Q,K,W,P,r,taua,abar,tauk,taul,WtaxRev,KtaxRev,WtaxRev_lost,KtaxRev_lost,G,lump_sum,ylbar,WtaxPct,ShelterPct,ShelterPctP99,TaxEvasionP99,ConcealPctP99,gini,p90,p99,p999,p9999,gini_total,p90_total,p99_total,p999_total,p9999_total,welfare,welfare0,approval,approval0,conceal_share_e,conceal_share_n,evasion_share_e,evasion_share_n,conceal_frac_e,conceal_frac_n,evasion_frac_e,evasion_frac_n,shelter_pct_e,shelter_pct_n,detection_rate,detection_revenue,wtax_evasion_elast
65.57157466,2.85575955,2.85575955,0.00000000,29.60278932,258.79721576,50.97391222,1.28473288,0.15412723,0.04133304,0.03270825,35.40435068,0.25000000,0.18639154,1.80437674,6.93020169,0.00000000,0.00000000,9.18235041,0.01148428,1.01512040,0.63864436,0.00000000,0.00000000,0.00000000,0.00000000,0.75101530,0.38221298,0.70972656,0.84692124,0.93540960,0.75101530,0.38221298,0.70972656,0.84692124,0.93540960,-23.24828331,-46.21212966,0.85352558,0.50667878,-nan,-nan,-nan,-nan,0.00000000,0.00000000,0.00000000,0.00000000,0.00000000,0.00000000,-nan,0.00000000,13.38632330
