Y,A,A_rep,A_hid,L,Q,K,W,P,r,taua,abar,tauk,taul,WtaxRev,KtaxRev,WtaxRev_lost,KtaxRev_lost,G,lump_sum,ylbar,WtaxPct,ShelterPct,ShelterPctP99,TaxEvasionP99,ConcealPctP99,gini,p90,p99,p999,p9999,gini_total,p90_total,p99_total,p999_total,p9999_total,welfare,welfare0,approval,approval0,conceal_share_e,conceal_share_n,evasion_share_e,evasion_share_n,conceal_frac_e,conceal_frac_n,evasion_frac_e,evasion_frac_n,shelter_pct_e,shelter_pct_n,detection_rate,detection_revenue,wtax_evasion_elast
65.59109251,2.85672798,2.85672798,0.00000000,29.60507158,258.94569673,51.00512686,1.28500472,0.15409212,0.04130347,0.03262732,36.03632513,0.25000000,0.18638931,1.79306218,6.92918691,0.00000000,0.00000000,9.18235041,0.01142814,1.01512040,0.64382728,0.00000000,0.00000000,0.00000000,0.00000000,0.75119028,0.38177136,0.70942803,0.84693309,0.93543302,0.75119028,0.38177136,0.70942803,0.84693309,0.93543302,-23.24996572,-46.21167388,0.85526100,0.50998983,-nan,-nan,-nan,-nan,0.00000000,0.00000000,0.00000000,0.00000000,0.00000000,0.00000000,-nan,0.00000000,13.38424284
