Y,A,A_rep,A_hid,L,Q,K,W,P,r,taua,abar,tauk,taul,WtaxRev,KtaxRev,WtaxRev_lost,KtaxRev_lost,G,lump_sum,ylbar,WtaxPct,ShelterPct,ShelterPctP99,TaxEvasionP99,ConcealPctP99,gini,p90,p99,p999,p9999,gini_total,p90_total,p99_total,p999_total,p9999_total,welfare,welfare0,approval,approval0,conceal_share_e,conceal_share_n,evasion_share_e,evasion_share_n,conceal_frac_e,conceal_frac_n,evasion_frac_e,evasion_frac_n,shelter_pct_e,shelter_pct_n,detection_rate,detection_revenue,wtax_evasion_elast
65.61940450,2.85763965,2.85763965,0.00000000,29.60997802,259.15812597,51.04179191,1.28534785,0.15404517,0.04127743,0.03162115,34.63212378,0.25000000,0.18638499,1.77810337,6.92811609,0.00000000,0.00000000,9.18235041,0.01136050,1.01512040,0.85257661,0.00000000,0.00000000,0.00000000,0.00000000,0.75150594,0.38129189,0.70805044,0.84548264,0.93485144,0.75150594,0.38129189,0.70805044,0.84548264,0.93485144,-23.25357017,-46.21376340,0.85716856,0.50958876,-nan,-nan,-nan,-nan,0.00000000,0.00000000,0.00000000,0.00000000,0.00000000,0.00000000,-nan,0.00000000,13.43897090
