Y,A,A_rep,A_hid,L,Q,K,W,P,r,taua,abar,tauk,taul,WtaxRev,KtaxRev,WtaxRev_lost,KtaxRev_lost,G,lump_sum,ylbar,WtaxPct,ShelterPct,ShelterPctP99,TaxEvasionP99,ConcealPctP99,gini,p90,p99,p999,p9999,gini_total,p90_total,p99_total,p999_total,p9999_total,welfare,welfare0,approval,approval0,conceal_share_e,conceal_share_n,evasion_share_e,evasion_share_n,conceal_frac_e,conceal_frac_n,evasion_frac_e,evasion_frac_n,shelter_pct_e,shelter_pct_n,detection_rate,detection_revenue,wtax_evasion_elast
73.57238329,3.11373211,2.91430654,0.19942557,30.13570333,331.98496843,65.56646233,1.41601526,0.13821043,0.02967068,0.00780438,803.29523132,0.25000000,0.18605601,0.13387423,5.91514172,0.09694297,0.54314627,9.29156816,0.00043262,1.08952447,0.01861829,0.10410734,37.00711827,8.57737024,55.72176942,0.77043063,0.35258314,0.66126829,0.82840537,0.93611904,0.78508992,0.33000121,0.61896260,0.77983638,0.90804554,-23.72358174,-47.59803688,0.56124484,0.19099342,0.25883542,0.74116458,0.82519277,0.17480723,0.05074076,0.07050403,0.06231407,0.00780215,0.39132360,0.03476125,0.67426318,0.04606051,42.91116089
