Y,A,A_rep,A_hid,L,Q,K,W,P,r,taua,abar,tauk,taul,WtaxRev,KtaxRev,WtaxRev_lost,KtaxRev_lost,G,lump_sum,ylbar,WtaxPct,ShelterPct,ShelterPctP99,TaxEvasionP99,ConcealPctP99,gini,p90,p99,p999,p9999,gini_total,p90_total,p99_total,p999_total,p9999_total,welfare,welfare0,approval,approval0,conceal_share_e,conceal_share_n,evasion_share_e,evasion_share_n,conceal_frac_e,conceal_frac_n,evasion_frac_e,evasion_frac_n,shelter_pct_e,shelter_pct_n,detection_rate,detection_revenue,wtax_evasion_elast
65.04861431,2.83356030,2.83356030,0.00000000,29.52810664,254.80275006,50.17816761,1.27770553,0.15505301,0.04204114,0.04172286,37.13685144,0.25000000,0.18646119,2.07092215,6.95805063,0.00000000,0.00000000,9.18235041,0.01269274,1.01512040,0.62535513,0.00000000,0.00000000,0.00000000,0.00000000,0.74598834,0.38978932,0.72323793,0.85704854,0.93916656,0.74598834,0.38978932,0.72323793,0.85704854,0.93916656,-23.20923822,-46.24322908,0.81102349,0.44540016,-nan,-nan,-nan,-nan,0.00000000,0.00000000,0.00000000,0.00000000,0.00000000,0.00000000,-nan,0.00000000,12.80822968
