Y,A,A_rep,A_hid,L,Q,K,W,P,r,taua,abar,tauk,taul,WtaxRev,KtaxRev,WtaxRev_lost,KtaxRev_lost,G,lump_sum,ylbar,WtaxPct,ShelterPct,ShelterPctP99,TaxEvasionP99,ConcealPctP99,gini,p90,p99,p999,p9999,gini_total,p90_total,p99_total,p999_total,p9999_total,welfare,welfare0,approval,approval0,conceal_share_e,conceal_share_n,evasion_share_e,evasion_share_n,conceal_frac_e,conceal_frac_n,evasion_frac_e,evasion_frac_n,shelter_pct_e,shelter_pct_n,detection_rate,detection_revenue,wtax_evasion_elast
73.58150186,3.11409529,2.90867148,0.20542381,30.13643818,332.03259217,65.58629664,1.41610674,0.13820443,0.02965341,0.00700836,664.39340355,0.25000000,0.18605562,0.13486177,5.91153080,0.09663732,0.54243047,9.29156816,0.00042648,1.08952447,0.02344898,0.10437465,37.50755337,8.54148730,56.30349626,0.77005535,0.35317096,0.66240358,0.82991427,0.93583451,0.78517897,0.32987375,0.61875490,0.77965466,0.90778013,-23.72392282,-47.59742182,0.56415648,0.20211706,0.25684227,0.74315773,0.82645213,0.17354787,0.05184961,0.07281742,0.06231811,0.00773538,0.39176489,0.03498655,0.67261057,0.04644138,46.72097158
