Y,A,A_rep,A_hid,L,Q,K,W,P,r,taua,abar,tauk,taul,WtaxRev,KtaxRev,WtaxRev_lost,KtaxRev_lost,G,lump_sum,ylbar,WtaxPct,ShelterPct,ShelterPctP99,TaxEvasionP99,ConcealPctP99,gini,p90,p99,p999,p9999,gini_total,p90_total,p99_total,p999_total,p9999_total,welfare,welfare0,approval,approval0,conceal_share_e,conceal_share_n,evasion_share_e,evasion_share_n,conceal_frac_e,conceal_frac_n,evasion_frac_e,evasion_frac_n,shelter_pct_e,shelter_pct_n,detection_rate,detection_revenue,wtax_evasion_elast
65.58765632,2.85654891,2.85654891,0.00000000,29.60471345,258.91494293,50.99919711,1.28494777,0.15409985,0.04130891,0.03253773,35.62034477,0.25000000,0.18639034,1.79554925,6.92947599,0.00000000,0.00000000,9.18235041,0.01144668,1.01512040,0.64100721,0.00000000,0.00000000,0.00000000,0.00000000,0.75117186,0.38182317,0.70930237,0.84675028,0.93535173,0.75117186,0.38182317,0.70930237,0.84675028,0.93535173,-23.24929740,-46.21091360,0.85524888,0.50995681,-nan,-nan,-nan,-nan,0.00000000,0.00000000,0.00000000,0.00000000,0.00000000,0.00000000,-nan,0.00000000,13.39195835
