Y,A,A_rep,A_hid,L,Q,K,W,P,r,taua,abar,tauk,taul,WtaxRev,KtaxRev,WtaxRev_lost,KtaxRev_lost,G,lump_sum,ylbar,WtaxPct,ShelterPct,ShelterPctP99,TaxEvasionP99,ConcealPctP99,gini,p90,p99,p999,p9999,gini_total,p90_total,p99_total,p999_total,p9999_total,welfare,welfare0,approval,approval0,conceal_share_e,conceal_share_n,evasion_share_e,evasion_share_n,conceal_frac_e,conceal_frac_n,evasion_frac_e,evasion_frac_n,shelter_pct_e,shelter_pct_n,detection_rate,detection_revenue,wtax_evasion_elast
65.56691858,2.85563436,2.85563436,0.00000000,29.60191358,258.76416065,50.96818491,1.28468126,0.15413420,0.04133694,0.03304798,36.21205426,0.25000000,0.18639116,1.80570521,6.93032863,0.00000000,0.00000000,9.18235041,0.01147867,1.01512040,0.64375251,0.00000000,0.00000000,0.00000000,0.00000000,0.75094191,0.38224966,0.71008336,0.84743288,0.93563161,0.75094191,0.38224966,0.71008336,0.84743288,0.93563161,-23.24863615,-46.21392168,0.85255824,0.50629903,-nan,-nan,-nan,-nan,0.00000000,0.00000000,0.00000000,0.00000000,0.00000000,0.00000000,-nan,0.00000000,13.35505682
