Y,A,A_rep,A_hid,L,Q,K,W,P,r,taua,abar,tauk,taul,WtaxRev,KtaxRev,WtaxRev_lost,KtaxRev_lost,G,lump_sum,ylbar,WtaxPct,ShelterPct,ShelterPctP99,TaxEvasionP99,ConcealPctP99,gini,p90,p99,p999,p9999,gini_total,p90_total,p99_total,p999_total,p9999_total,welfare,welfare0,approval,approval0,conceal_share_e,conceal_share_n,evasion_share_e,evasion_share_n,conceal_frac_e,conceal_frac_n,evasion_frac_e,evasion_frac_n,shelter_pct_e,shelter_pct_n,detection_rate,detection_revenue,wtax_evasion_elast
65.69118294,2.86336428,2.86336428,0.00000000,29.61815641,259.60718142,51.27330723,1.28639037,0.15397241,0.04096399,0.04273810,69.89879237,0.25000000,0.18634634,1.69865206,6.92092706,0.00000000,0.00000000,9.18235041,0.01057736,1.01512040,0.32752131,0.00000000,0.00000000,0.00000000,0.00000000,0.75212221,0.37990629,0.71101672,0.86057367,0.94178937,0.75212221,0.37990629,0.71101672,0.86057367,0.94178937,-23.30501512,-46.29873574,0.82893998,0.46048839,-nan,-nan,-nan,-nan,0.00000000,0.00000000,0.00000000,0.00000000,0.00000000,0.00000000,-nan,0.00000000,12.89974850
