Y,A,A_rep,A_hid,L,Q,K,W,P,r,taua,abar,tauk,taul,WtaxRev,KtaxRev,WtaxRev_lost,KtaxRev_lost,G,lump_sum,ylbar,WtaxPct,ShelterPct,ShelterPctP99,TaxEvasionP99,ConcealPctP99,gini,p90,p99,p999,p9999,gini_total,p90_total,p99_total,p999_total,p9999_total,welfare,welfare0,approval,approval0,conceal_share_e,conceal_share_n,evasion_share_e,evasion_share_n,conceal_frac_e,conceal_frac_n,evasion_frac_e,evasion_frac_n,shelter_pct_e,shelter_pct_n,detection_rate,detection_revenue,wtax_evasion_elast
65.57387480,2.85586586,2.85586586,0.00000000,29.60324140,258.81193187,50.97845149,1.28475804,0.15412474,0.04132811,0.03256773,35.08862924,0.25000000,0.18639149,1.80357394,6.93010004,0.00000000,0.00000000,9.18235041,0.01148277,1.01512040,0.86102154,0.00000000,0.00000000,0.00000000,0.00000000,0.75104394,0.38201139,0.70955868,0.84671967,0.93532202,0.75104394,0.38201139,0.70955868,0.84671967,0.93532202,-23.24835482,-46.21188022,0.85370323,0.50697314,-nan,-nan,-nan,-nan,0.00000000,0.00000000,0.00000000,0.00000000,0.00000000,0.00000000,-nan,0.00000000,13.39838327
