Y,A,A_rep,A_hid,L,Q,K,W,P,r,taua,abar,tauk,taul,WtaxRev,KtaxRev,WtaxRev_lost,KtaxRev_lost,G,lump_sum,ylbar,WtaxPct,ShelterPct,ShelterPctP99,TaxEvasionP99,ConcealPctP99,gini,p90,p99,p999,p9999,gini_total,p90_total,p99_total,p999_total,p9999_total,welfare,welfare0,approval,approval0,conceal_share_e,conceal_share_n,evasion_share_e,evasion_share_n,conceal_frac_e,conceal_frac_n,evasion_frac_e,evasion_frac_n,shelter_pct_e,shelter_pct_n,detection_rate,detection_revenue,wtax_evasion_elast
65.58452034,2.85638859,2.85638859,0.00000000,29.60393971,258.88618819,50.99211801,1.28490161,0.15410542,0.04131576,0.03267538,35.85077015,0.25000000,0.18639141,1.79736894,6.92978123,0.00000000,0.00000000,9.18235041,0.01145571,1.01512040,0.64222066,0.00000000,0.00000000,0.00000000,0.00000000,0.75112411,0.38202633,0.70949260,0.84695719,0.93543602,0.75112411,0.38202633,0.70949260,0.84695719,0.93543602,-23.24873057,-46.21080781,0.85495383,0.50996278,-nan,-nan,-nan,-nan,0.00000000,0.00000000,0.00000000,0.00000000,0.00000000,0.00000000,-nan,0.00000000,13.38098215
