Y,A,A_rep,A_hid,L,Q,K,W,P,r,taua,abar,tauk,taul,WtaxRev,KtaxRev,WtaxRev_lost,KtaxRev_lost,G,lump_sum,ylbar,WtaxPct,ShelterPct,ShelterPctP99,TaxEvasionP99,ConcealPctP99,gini,p90,p99,p999,p9999,gini_total,p90_total,p99_total,p999_total,p9999_total,welfare,welfare0,approval,approval0,conceal_share_e,conceal_share_n,evasion_share_e,evasion_share_n,conceal_frac_e,conceal_frac_n,evasion_frac_e,evasion_frac_n,shelter_pct_e,shelter_pct_n,detection_rate,detection_revenue,wtax_evasion_elast
65.35466838,2.84291447,2.84291447,0.00000000,29.58027171,257.12774298,50.53601634,1.28145780,0.15451489,0.04181978,0.03129016,26.98145594,0.25000000,0.18641281,1.90836067,6.94641176,0.00000000,0.00000000,9.18235041,0.01198083,1.01512040,1.03056892,0.00000000,0.00000000,0.00000000,0.00000000,0.74860216,0.38588900,0.70921690,0.84311108,0.93371383,0.74860216,0.38588900,0.70921690,0.84311108,0.93371383,-23.23636219,-46.24478880,0.82705614,0.46013791,-nan,-nan,-nan,-nan,0.00000000,0.00000000,0.00000000,0.00000000,0.00000000,0.00000000,-nan,0.00000000,13.50847898
