Y,A,A_rep,A_hid,L,Q,K,W,P,r,taua,abar,tauk,taul,WtaxRev,KtaxRev,WtaxRev_lost,KtaxRev_lost,G,lump_sum,ylbar,WtaxPct,ShelterPct,ShelterPctP99,TaxEvasionP99,ConcealPctP99,gini,p90,p99,p999,p9999,gini_total,p90_total,p99_total,p999_total,p9999_total,welfare,welfare0,approval,approval0,conceal_share_e,conceal_share_n,evasion_share_e,evasion_share_n,conceal_frac_e,conceal_frac_n,evasion_frac_e,evasion_frac_n,shelter_pct_e,shelter_pct_n,detection_rate,detection_revenue,wtax_evasion_elast
65.58829739,2.85653868,2.85653868,0.00000000,29.60502926,258.92245115,51.00078201,1.28495709,0.15409868,0.04130776,0.03247002,35.47618399,0.25000000,0.18639019,1.79494110,6.92935169,0.00000000,0.00000000,9.18235041,0.01144340,1.01512040,0.63991217,0.00000000,0.00000000,0.00000000,0.00000000,0.75118643,0.38181975,0.70923715,0.84665036,0.93530134,0.75118643,0.38181975,0.70923715,0.84665036,0.93530134,-23.24956422,-46.21125811,0.85529730,0.50995681,-nan,-nan,-nan,-nan,0.00000000,0.00000000,0.00000000,0.00000000,0.00000000,0.00000000,-nan,0.00000000,13.39967518
