Y,A,A_rep,A_hid,L,Q,K,W,P,r,taua,abar,tauk,taul,WtaxRev,KtaxRev,WtaxRev_lost,KtaxRev_lost,G,lump_sum,ylbar,WtaxPct,ShelterPct,ShelterPctP99,TaxEvasionP99,ConcealPctP99,gini,p90,p99,p999,p9999,gini_total,p90_total,p99_total,p999_total,p9999_total,welfare,welfare0,approval,approval0,conceal_share_e,conceal_share_n,evasion_share_e,evasion_share_n,conceal_frac_e,conceal_frac_n,evasion_frac_e,evasion_frac_n,shelter_pct_e,shelter_pct_n,detection_rate,detection_revenue,wtax_evasion_elast
65.58029384,2.85615989,2.85615989,0.00000000,29.60380894,258.86781542,50.98838493,1.28486271,0.15411025,0.04131948,0.03268494,35.73395177,0.25000000,0.18639070,1.79910693,6.92958680,0.00000000,0.00000000,9.18235041,0.01146042,1.01512040,0.64128842,0.00000000,0.00000000,0.00000000,0.00000000,0.75109154,0.38191240,0.70953604,0.84695749,0.93543701,0.75109154,0.38191240,0.70953604,0.84695749,0.93543701,-23.24866995,-46.21102564,0.85479535,0.50711351,-nan,-nan,-nan,-nan,0.00000000,0.00000000,0.00000000,0.00000000,0.00000000,0.00000000,-nan,0.00000000,13.38484408
