Y,A,A_rep,A_hid,L,Q,K,W,P,r,taua,abar,tauk,taul,WtaxRev,KtaxRev,WtaxRev_lost,KtaxRev_lost,G,lump_sum,ylbar,WtaxPct,ShelterPct,ShelterPctP99,TaxEvasionP99,ConcealPctP99,gini,p90,p99,p999,p9999,gini_total,p90_total,p99_total,p999_total,p9999_total,welfare,welfare0,approval,approval0,conceal_share_e,conceal_share_n,evasion_share_e,evasion_share_n,conceal_frac_e,conceal_frac_n,evasion_frac_e,evasion_frac_n,shelter_pct_e,shelter_pct_n,detection_rate,detection_revenue,wtax_evasion_elast
65.60775207,2.85738191,2.85738191,0.00000000,29.60761441,259.06856047,51.02987121,1.28521594,0.15406482,0.04128200,0.03225698,35.70148864,0.25000000,0.18638743,1.78436164,6.92840148,0.00000000,0.00000000,9.18235041,0.01138783,1.01512040,0.64238291,0.00000000,0.00000000,0.00000000,0.00000000,0.75136738,0.38156246,0.70881983,0.84644380,0.93523692,0.75136738,0.38156246,0.70881983,0.84644380,0.93523692,-23.25167980,-46.21228841,0.85596554,0.51001872,-nan,-nan,-nan,-nan,0.00000000,0.00000000,0.00000000,0.00000000,0.00000000,0.00000000,-nan,0.00000000,13.40903334
