Y,A,A_rep,A_hid,L,Q,K,W,P,r,taua,abar,tauk,taul,WtaxRev,KtaxRev,WtaxRev_lost,KtaxRev_lost,G,lump_sum,ylbar,WtaxPct,ShelterPct,ShelterPctP99,TaxEvasionP99,ConcealPctP99,gini,p90,p99,p999,p9999,gini_total,p90_total,p99_total,p999_total,p9999_total,welfare,welfare0,approval,approval0,conceal_share_e,conceal_share_n,evasion_share_e,evasion_share_n,conceal_frac_e,conceal_frac_n,evasion_frac_e,evasion_frac_n,shelter_pct_e,shelter_pct_n,detection_rate,detection_revenue,wtax_evasion_elast
65.52864901,2.85372142,2.85372142,0.00000000,29.59678037,258.46936861,50.89848818,1.28413954,0.15420055,0.04140755,0.03294877,34.62753189,0.25000000,0.18639909,1.82639143,6.93297828,0.00000000,0.00000000,9.18235041,0.01160373,1.01512040,0.84866164,0.00000000,0.00000000,0.00000000,0.00000000,0.75062278,0.38277187,0.71036735,0.84702776,0.93542398,0.75062278,0.38277187,0.71036735,0.84702776,0.93542398,-23.24382643,-46.21264063,0.85082700,0.50115208,-nan,-nan,-nan,-nan,0.00000000,0.00000000,0.00000000,0.00000000,0.00000000,0.00000000,-nan,0.00000000,13.35902734
