Y,A,A_rep,A_hid,L,Q,K,W,P,r,taua,abar,tauk,taul,WtaxRev,KtaxRev,WtaxRev_lost,KtaxRev_lost,G,lump_sum,ylbar,WtaxPct,ShelterPct,ShelterPctP99,TaxEvasionP99,ConcealPctP99,gini,p90,p99,p999,p9999,gini_total,p90_total,p99_total,p999_total,p9999_total,welfare,welfare0,approval,approval0,conceal_share_e,conceal_share_n,evasion_share_e,evasion_share_n,conceal_frac_e,conceal_frac_n,evasion_frac_e,evasion_frac_n,shelter_pct_e,shelter_pct_n,detection_rate,detection_revenue,wtax_evasion_elast
73.57892332,3.11425980,2.93698713,0.17727267,30.13483561,332.10268389,65.53187347,1.41615668,0.13817595,0.02971827,0.00934257,1300.33150050,0.25000000,0.18605792,0.11729100,5.93275415,0.08086562,0.54139962,9.29156816,0.00047703,1.08952447,0.01087049,0.10250554,34.06215479,8.50488901,53.22984531,0.77199578,0.35021063,0.65638030,0.82198457,0.93553585,0.78493352,0.33027563,0.61906378,0.77963848,0.90816516,-23.71513697,-47.58213158,0.66329715,0.31304508,0.26804528,0.73195472,0.83809320,0.16190680,0.04672742,0.06186614,0.06161184,0.00702712,0.38875826,0.03339209,0.67966707,0.04517925,36.19902353
