Y,A,A_rep,A_hid,L,Q,K,W,P,r,taua,abar,tauk,taul,WtaxRev,KtaxRev,WtaxRev_lost,KtaxRev_lost,G,lump_sum,ylbar,WtaxPct,ShelterPct,ShelterPctP99,TaxEvasionP99,ConcealPctP99,gini,p90,p99,p999,p9999,gini_total,p90_total,p99_total,p999_total,p9999_total,welfare,welfare0,approval,approval0,conceal_share_e,conceal_share_n,evasion_share_e,evasion_share_n,conceal_frac_e,conceal_frac_n,evasion_frac_e,evasion_frac_n,shelter_pct_e,shelter_pct_n,detection_rate,detection_revenue,wtax_evasion_elast
65.55917619,2.85521924,2.85521924,0.00000000,29.60106537,258.70582825,50.95574092,1.28457338,0.15414812,0.04134895,0.03298539,35.73313454,0.25000000,0.18639250,1.80987454,6.93069345,0.00000000,0.00000000,9.18235041,0.01150288,1.01512040,0.64018998,0.00000000,0.00000000,0.00000000,0.00000000,0.75089383,0.38235202,0.71004869,0.84727276,0.93555296,0.75089383,0.38235202,0.71004869,0.84727276,0.93555296,-23.24802946,-46.21397744,0.85181551,0.50624145,-nan,-nan,-nan,-nan,0.00000000,0.00000000,0.00000000,0.00000000,0.00000000,0.00000000,-nan,0.00000000,13.36556312
