Y,A,A_rep,A_hid,L,Q,K,W,P,r,taua,abar,tauk,taul,WtaxRev,KtaxRev,WtaxRev_lost,KtaxRev_lost,G,lump_sum,ylbar,WtaxPct,ShelterPct,ShelterPctP99,TaxEvasionP99,ConcealPctP99,gini,p90,p99,p999,p9999,gini_total,p90_total,p99_total,p999_total,p9999_total,welfare,welfare0,approval,approval0,conceal_share_e,conceal_share_n,evasion_share_e,evasion_share_n,conceal_frac_e,conceal_frac_n,evasion_frac_e,evasion_frac_n,shelter_pct_e,shelter_pct_n,detection_rate,detection_revenue,wtax_evasion_elast
65.55540016,2.85509744,2.85509744,0.00000000,29.60043065,258.67357433,50.94777559,1.28451475,0.15415508,0.04135711,0.03289505,35.26697221,0.25000000,0.18639419,1.81305704,6.93111073,0.00000000,0.00000000,9.18235041,0.01152678,1.01512040,0.63706049,0.00000000,0.00000000,0.00000000,0.00000000,0.75088654,0.38235195,0.71004691,0.84711209,0.93547063,0.75088654,0.38235195,0.71004691,0.84711209,0.93547063,-23.24698053,-46.21282709,0.85186861,0.50624048,-nan,-nan,-nan,-nan,0.00000000,0.00000000,0.00000000,0.00000000,0.00000000,0.00000000,-nan,0.00000000,13.37367285
