Y,A,A_rep,A_hid,L,Q,K,W,P,r,taua,abar,tauk,taul,WtaxRev,KtaxRev,WtaxRev_lost,KtaxRev_lost,G,lump_sum,ylbar,WtaxPct,ShelterPct,ShelterPctP99,TaxEvasionP99,ConcealPctP99,gini,p90,p99,p999,p9999,gini_total,p90_total,p99_total,p999_total,p9999_total,welfare,welfare0,approval,approval0,conceal_share_e,conceal_share_n,evasion_share_e,evasion_share_n,conceal_frac_e,conceal_frac_n,evasion_frac_e,evasion_frac_n,shelter_pct_e,shelter_pct_n,detection_rate,detection_revenue,wtax_evasion_elast
65.58798068,2.85656407,2.85656407,0.00000000,29.60485149,258.91814046,51.00011530,1.28495197,0.15409941,0.04130802,0.03250933,35.56497849,0.25000000,0.18639018,1.79514767,6.92942806,0.00000000,0.00000000,9.18235041,0.01144315,1.01512040,0.64061511,0.00000000,0.00000000,0.00000000,0.00000000,0.75117550,0.38182030,0.70927741,0.84671346,0.93532847,0.75117550,0.38182030,0.70927741,0.84671346,0.93532847,-23.24955469,-46.21134949,0.85521930,0.50995681,-nan,-nan,-nan,-nan,0.00000000,0.00000000,0.00000000,0.00000000,0.00000000,0.00000000,-nan,0.00000000,13.39650538
