Y,A,A_rep,A_hid,L,Q,K,W,P,r,taua,abar,tauk,taul,WtaxRev,KtaxRev,WtaxRev_lost,KtaxRev_lost,G,lump_sum,ylbar,WtaxPct,ShelterPct,ShelterPctP99,TaxEvasionP99,ConcealPctP99,gini,p90,p99,p999,p9999,gini_total,p90_total,p99_total,p999_total,p9999_total,welfare,welfare0,approval,approval0,conceal_share_e,conceal_share_n,evasion_share_e,evasion_share_n,conceal_frac_e,conceal_frac_n,evasion_frac_e,evasion_frac_n,shelter_pct_e,shelter_pct_n,detection_rate,detection_revenue,wtax_evasion_elast
66.00631485,2.87565962,2.87565962,0.00000000,29.66386443,262.09091514,51.69888372,1.29059225,0.15339376,0.04064966,0.03000000,47.20387143,0.25000000,0.18631837,1.55881332,6.90528774,0.00000000,0.00000000,9.18235041,0.01009162,1.01512040,0.57856980,0.00000000,0.00000000,0.00000000,0.00000000,0.75512020,0.37554463,0.70096557,0.84521730,0.93514690,0.75512020,0.37554463,0.70096557,0.84521730,0.93514690,-23.31012966,-46.24681458,0.88602466,0.61624383,-nan,-nan,-nan,-nan,0.00000000,0.00000000,0.00000000,0.00000000,0.00000000,0.00000000,-nan,0.00000000,13.60800750
