Y,A,A_rep,A_hid,L,Q,K,W,P,r,taua,abar,tauk,taul,WtaxRev,KtaxRev,WtaxRev_lost,KtaxRev_lost,G,lump_sum,ylbar,WtaxPct,ShelterPct,ShelterPctP99,TaxEvasionP99,ConcealPctP99,gini,p90,p99,p999,p9999,gini_total,p90_total,p99_total,p999_total,p9999_total,welfare,welfare0,approval,approval0,conceal_share_e,conceal_share_n,evasion_share_e,evasion_share_n,conceal_frac_e,conceal_frac_n,evasion_frac_e,evasion_frac_n,shelter_pct_e,shelter_pct_n,detection_rate,detection_revenue,wtax_evasion_elast
65.55295390,2.85467887,2.85467887,0.00000000,29.60070412,258.65211012,50.93771921,1.28445587,0.15416079,0.04137171,0.03264755,34.72707086,0.25000000,0.18639334,1.81343473,6.93145706,0.00000000,0.00000000,9.18235041,0.01152564,1.01512040,0.85131466,0.00000000,0.00000000,0.00000000,0.00000000,0.75082600,0.38233555,0.70983546,0.84670956,0.93530343,0.75082600,0.38233555,0.70983546,0.84670956,0.93530343,-23.24760384,-46.21526825,0.85106800,0.50115429,-nan,-nan,-nan,-nan,0.00000000,0.00000000,0.00000000,0.00000000,0.00000000,0.00000000,-nan,0.00000000,13.38366587
