Y,A,A_rep,A_hid,L,Q,K,W,P,r,taua,abar,tauk,taul,WtaxRev,KtaxRev,WtaxRev_lost,KtaxRev_lost,G,lump_sum,ylbar,WtaxPct,ShelterPct,ShelterPctP99,TaxEvasionP99,ConcealPctP99,gini,p90,p99,p999,p9999,gini_total,p90_total,p99_total,p999_total,p9999_total,welfare,welfare0,approval,approval0,conceal_share_e,conceal_share_n,evasion_share_e,evasion_share_n,conceal_frac_e,conceal_frac_n,evasion_frac_e,evasion_frac_n,shelter_pct_e,shelter_pct_n,detection_rate,detection_revenue,wtax_evasion_elast
66.35640565,2.89174152,2.89174152,0.00000000,29.71650114,264.65804785,52.32175561,1.29512750,0.15285902,0.04004472,0.03193931,81.78875843,0.25000000,0.18625258,1.34508008,6.88535899,0.00000000,0.00000000,9.18235041,0.00874132,1.01512040,0.29566703,0.00000000,0.00000000,0.00000000,0.00000000,0.75840103,0.37028376,0.69398795,0.84890838,0.93738862,0.75840103,0.37028376,0.69398795,0.84890838,0.93738862,-23.38231289,-46.31909887,0.89177784,0.62453334,-nan,-nan,-nan,-nan,0.00000000,0.00000000,0.00000000,0.00000000,0.00000000,0.00000000,-nan,0.00000000,13.62388829
