Y,A,A_rep,A_hid,L,Q,K,W,P,r,taua,abar,tauk,taul,WtaxRev,KtaxRev,WtaxRev_lost,KtaxRev_lost,G,lump_sum,ylbar,WtaxPct,ShelterPct,ShelterPctP99,TaxEvasionP99,ConcealPctP99,gini,p90,p99,p999,p9999,gini_total,p90_total,p99_total,p999_total,p9999_total,welfare,welfare0,approval,approval0,conceal_share_e,conceal_share_n,evasion_share_e,evasion_share_n,conceal_frac_e,conceal_frac_n,evasion_frac_e,evasion_frac_n,shelter_pct_e,shelter_pct_n,detection_rate,detection_revenue,wtax_evasion_elast
65.55970638,2.85532436,2.85532436,0.00000000,29.60073331,258.70165116,50.95303552,1.28456825,0.15414791,0.04135235,0.03290017,35.49852057,0.25000000,0.18639437,1.81024543,6.93110050,0.00000000,0.00000000,9.18235041,0.01151932,1.01512040,0.63872398,0.00000000,0.00000000,0.00000000,0.00000000,0.75091114,0.38233921,0.70999444,0.84713865,0.93548392,0.75091114,0.38233921,0.70999444,0.84713865,0.93548392,-23.24670539,-46.21151281,0.85307763,0.50628482,-nan,-nan,-nan,-nan,0.00000000,0.00000000,0.00000000,0.00000000,0.00000000,0.00000000,-nan,0.00000000,13.36923744
