Y,A,A_rep,A_hid,L,Q,K,W,P,r,taua,abar,tauk,taul,WtaxRev,KtaxRev,WtaxRev_lost,KtaxRev_lost,G,lump_sum,ylbar,WtaxPct,ShelterPct,ShelterPctP99,TaxEvasionP99,ConcealPctP99,gini,p90,p99,p999,p9999,gini_total,p90_total,p99_total,p999_total,p9999_total,welfare,welfare0,approval,approval0,conceal_share_e,conceal_share_n,evasion_share_e,evasion_share_n,conceal_frac_e,conceal_frac_n,evasion_frac_e,evasion_frac_n,shelter_pct_e,shelter_pct_n,detection_rate,detection_revenue,wtax_evasion_elast
65.75587478,2.86551092,2.86551092,0.00000000,29.62583070,260.18098216,51.32903343,1.28734000,0.15382019,0.04095595,0.03686164,55.64135917,0.25000000,0.18634836,1.68437466,6.91804987,0.00000000,0.00000000,9.18235041,0.01066465,1.01512040,0.48089205,0.00000000,0.00000000,0.00000000,0.00000000,0.75264553,0.37924075,0.70847756,0.85382541,0.93867878,0.75264553,0.37924075,0.70847756,0.85382541,0.93867878,-23.28852958,-46.25410514,0.85301149,0.50278957,-nan,-nan,-nan,-nan,0.00000000,0.00000000,0.00000000,0.00000000,0.00000000,0.00000000,-nan,0.00000000,13.20721779
