Y,A,A_rep,A_hid,L,Q,K,W,P,r,taua,abar,tauk,taul,WtaxRev,KtaxRev,WtaxRev_lost,KtaxRev_lost,G,lump_sum,ylbar,WtaxPct,ShelterPct,ShelterPctP99,TaxEvasionP99,ConcealPctP99,gini,p90,p99,p999,p9999,gini_total,p90_total,p99_total,p999_total,p9999_total,welfare,welfare0,approval,approval0,conceal_share_e,conceal_share_n,evasion_share_e,evasion_share_n,conceal_frac_e,conceal_frac_n,evasion_frac_e,evasion_frac_n,shelter_pct_e,shelter_pct_n,detection_rate,detection_revenue,wtax_evasion_elast
65.77007148,2.86577330,2.86577330,0.00000000,29.62808233,260.30319258,51.33155982,1.28751464,0.15378771,0.04097071,0.03493304,50.81844925,0.25000000,0.18635049,1.68094214,6.91780826,0.00000000,0.00000000,9.18235041,0.01069940,1.01512040,0.45982436,0.00000000,0.00000000,0.00000000,0.00000000,0.75281342,0.37901171,0.70748514,0.85126131,0.93755371,0.75281342,0.37901171,0.70748514,0.85126131,0.93755371,-23.28457037,-46.24372872,0.85771740,0.51105820,-nan,-nan,-nan,-nan,0.00000000,0.00000000,0.00000000,0.00000000,0.00000000,0.00000000,-nan,0.00000000,13.29349455
