Y,A,A_rep,A_hid,L,Q,K,W,P,r,taua,abar,tauk,taul,WtaxRev,KtaxRev,WtaxRev_lost,KtaxRev_lost,G,lump_sum,ylbar,WtaxPct,ShelterPct,ShelterPctP99,TaxEvasionP99,ConcealPctP99,gini,p90,p99,p999,p9999,gini_total,p90_total,p99_total,p999_total,p9999_total,welfare,welfare0,approval,approval0,conceal_share_e,conceal_share_n,evasion_share_e,evasion_share_n,conceal_frac_e,conceal_frac_n,evasion_frac_e,evasion_frac_n,shelter_pct_e,shelter_pct_n,detection_rate,detection_revenue,wtax_evasion_elast
65.60681405,2.85726032,2.85726032,0.00000000,29.60808494,259.06913884,51.03003178,1.28520632,0.15406609,0.04128264,0.03209907,35.19467221,0.25000000,0.18638688,1.78509444,6.92821071,0.00000000,0.00000000,9.18235041,0.01138728,1.01512040,0.63922911,0.00000000,0.00000000,0.00000000,0.00000000,0.75136948,0.38149929,0.70873658,0.84618890,0.93511948,0.75136948,0.38149929,0.70873658,0.84618890,0.93511948,-23.25217152,-46.21316184,0.85588749,0.50999923,-nan,-nan,-nan,-nan,0.00000000,0.00000000,0.00000000,0.00000000,0.00000000,0.00000000,-nan,0.00000000,13.42893054
