Y,A,A_rep,A_hid,L,Q,K,W,P,r,taua,abar,tauk,taul,WtaxRev,KtaxRev,WtaxRev_lost,KtaxRev_lost,G,lump_sum,ylbar,WtaxPct,ShelterPct,ShelterPctP99,TaxEvasionP99,ConcealPctP99,gini,p90,p99,p999,p9999,gini_total,p90_total,p99_total,p999_total,p9999_total,welfare,welfare0,approval,approval0,conceal_share_e,conceal_share_n,evasion_share_e,evasion_share_n,conceal_frac_e,conceal_frac_n,evasion_frac_e,evasion_frac_n,shelter_pct_e,shelter_pct_n,detection_rate,detection_revenue,wtax_evasion_elast
73.67008072,3.11809860,2.94417902,0.17391959,30.14708918,332.89796493,65.66509927,1.41730519,0.13804641,0.02965324,0.00429413,1103.55484824,0.25000000,0.18604786,0.06677392,5.93653977,0.04041396,0.53583593,9.29156816,0.00016481,1.08952447,0.01417398,0.10143133,32.06714200,8.10525176,55.26965767,0.77264003,0.34920210,0.65407534,0.81852513,0.93227522,0.78528153,0.32972450,0.61763726,0.77727133,0.90567911,-23.72607666,-47.59104310,0.50613631,0.10922639,0.27007869,0.72992131,0.88165186,0.11834814,0.04614088,0.06044876,0.06036138,0.00477187,0.38672180,0.03255021,0.68017899,0.04263149,54.79483801
