Y,A,A_rep,A_hid,L,Q,K,W,P,r,taua,abar,tauk,taul,WtaxRev,KtaxRev,WtaxRev_lost,KtaxRev_lost,G,lump_sum,ylbar,WtaxPct,ShelterPct,ShelterPctP99,TaxEvasionP99,ConcealPctP99,gini,p90,p99,p999,p9999,gini_total,p90_total,p99_total,p999_total,p9999_total,welfare,welfare0,approval,approval0,conceal_share_e,conceal_share_n,evasion_share_e,evasion_share_n,conceal_frac_e,conceal_frac_n,evasion_frac_e,evasion_frac_n,shelter_pct_e,shelter_pct_n,detection_rate,detection_revenue,wtax_evasion_elast
65.62054777,2.85782970,2.85782970,0.00000000,29.60992430,259.16890180,51.04873093,1.28538026,0.15404297,0.04126713,0.03189032,35.15291434,0.25000000,0.18638472,1.77824887,6.92767061,0.00000000,0.00000000,9.18235041,0.01135370,1.01512040,0.63968221,0.00000000,0.00000000,0.00000000,0.00000000,0.75151964,0.38128508,0.70834236,0.84594564,0.93503541,0.75151964,0.38128508,0.70834236,0.84594564,0.93503541,-23.25390303,-46.21359803,0.85732582,0.50999923,-nan,-nan,-nan,-nan,0.00000000,0.00000000,0.00000000,0.00000000,0.00000000,0.00000000,-nan,0.00000000,13.43861636
