Y,A,A_rep,A_hid,L,Q,K,W,P,r,taua,abar,tauk,taul,WtaxRev,KtaxRev,WtaxRev_lost,KtaxRev_lost,G,lump_sum,ylbar,WtaxPct,ShelterPct,ShelterPctP99,TaxEvasionP99,ConcealPctP99,gini,p90,p99,p999,p9999,gini_total,p90_total,p99_total,p999_total,p9999_total,welfare,welfare0,approval,approval0,conceal_share_e,conceal_share_n,evasion_share_e,evasion_share_n,conceal_frac_e,conceal_frac_n,evasion_frac_e,evasion_frac_n,shelter_pct_e,shelter_pct_n,detection_rate,detection_revenue,wtax_evasion_elast
65.42730012,2.85039736,2.85039736,0.00000000,29.57996007,257.70650646,50.77617265,1.28290237,0.15437460,0.04148747,0.03754815,41.70129444,0.25000000,0.18640508,1.87130588,6.93673991,0.00000000,0.00000000,9.18235041,0.01172245,1.01512040,0.52455218,0.00000000,0.00000000,0.00000000,0.00000000,0.74962304,0.38408264,0.71493841,0.85329539,0.93801239,0.74962304,0.38408264,0.71493841,0.85329539,0.93801239,-23.24265153,-46.22872148,0.83492201,0.47168691,-nan,-nan,-nan,-nan,0.00000000,0.00000000,0.00000000,0.00000000,0.00000000,0.00000000,-nan,0.00000000,13.10390750
