Y,A,A_rep,A_hid,L,Q,K,W,P,r,taua,abar,tauk,taul,WtaxRev,KtaxRev,WtaxRev_lost,KtaxRev_lost,G,lump_sum,ylbar,WtaxPct,ShelterPct,ShelterPctP99,TaxEvasionP99,ConcealPctP99,gini,p90,p99,p999,p9999,gini_total,p90_total,p99_total,p999_total,p9999_total,welfare,welfare0,approval,approval0,conceal_share_e,conceal_share_n,evasion_share_e,evasion_share_n,conceal_frac_e,conceal_frac_n,evasion_frac_e,evasion_frac_n,shelter_pct_e,shelter_pct_n,detection_rate,detection_revenue,wtax_evasion_elast
73.56986823,3.11371023,2.92969427,0.18401597,30.13488256,331.98770116,65.53688123,1.41599207,0.13820319,0.02970305,0.00916073,1119.67550245,0.25000000,0.18605636,0.12680252,5.92432954,0.09020046,0.54535057,9.29156816,0.00044943,1.08952447,0.01221652,0.10344991,35.11812824,8.64425913,54.19699729,0.77150247,0.35097587,0.65798062,0.82413501,0.93613458,0.78496443,0.33023368,0.61914153,0.77991524,0.90833678,-23.72080683,-47.59452009,0.58651924,0.25738878,0.26515883,0.73484117,0.83054447,0.16945553,0.04798053,0.06449094,0.06229819,0.00750898,0.39123908,0.03396550,0.67942746,0.04618328,37.45578819
