Y,A,A_rep,A_hid,L,Q,K,W,P,r,taua,abar,tauk,taul,WtaxRev,KtaxRev,WtaxRev_lost,KtaxRev_lost,G,lump_sum,ylbar,WtaxPct,ShelterPct,ShelterPctP99,TaxEvasionP99,ConcealPctP99,gini,p90,p99,p999,p9999,gini_total,p90_total,p99_total,p999_total,p9999_total,welfare,welfare0,approval,approval0,conceal_share_e,conceal_share_n,evasion_share_e,evasion_share_n,conceal_frac_e,conceal_frac_n,evasion_frac_e,evasion_frac_n,shelter_pct_e,shelter_pct_n,detection_rate,detection_revenue,wtax_evasion_elast
73.45204299,3.10919012,2.89626462,0.21292550,30.12200946,330.74342073,65.47527881,1.41429928,0.13844587,0.02964850,0.01387699,834.18457101,0.25000000,0.18606837,0.19973222,5.90519665,0.18202603,0.54906747,9.29156816,0.00082852,1.08952447,0.01700161,0.10503109,45.07401295,9.76822153,56.23975842,0.76920093,0.35459220,0.66591093,0.83604905,0.94228742,0.78496146,0.33030879,0.62036480,0.78326950,0.91177396,-23.71901608,-47.60256898,0.61157259,0.28200471,0.26715343,0.73284657,0.76284388,0.23715612,0.05593792,0.07457971,0.06518934,0.01203337,0.39035748,0.03614129,0.67807573,0.05586598,35.21810979
