Y,A,A_rep,A_hid,L,Q,K,W,P,r,taua,abar,tauk,taul,WtaxRev,KtaxRev,WtaxRev_lost,KtaxRev_lost,G,lump_sum,ylbar,WtaxPct,ShelterPct,ShelterPctP99,TaxEvasionP99,ConcealPctP99,gini,p90,p99,p999,p9999,gini_total,p90_total,p99_total,p999_total,p9999_total,welfare,welfare0,approval,approval0,conceal_share_e,conceal_share_n,evasion_share_e,evasion_share_n,conceal_frac_e,conceal_frac_n,evasion_frac_e,evasion_frac_n,shelter_pct_e,shelter_pct_n,detection_rate,detection_revenue,wtax_evasion_elast
65.53937258,2.85469191,2.85469191,0.00000000,29.59724731,258.56113702,50.92897079,1.28434398,0.15417835,0.04136888,0.03415209,38.09761307,0.25000000,0.18639377,1.81736235,6.93153831,0.00000000,0.00000000,9.18235041,0.01151075,1.01512040,0.65717951,0.00000000,0.00000000,0.00000000,0.00000000,0.75066477,0.38265418,0.71114425,0.84896530,0.93626564,0.75066477,0.38265418,0.71114425,0.84896530,0.93626564,-23.24815871,-46.21841335,0.84930167,0.50008055,-nan,-nan,-nan,-nan,0.00000000,0.00000000,0.00000000,0.00000000,0.00000000,0.00000000,-nan,0.00000000,13.28031120
