Y,A,A_rep,A_hid,L,Q,K,W,P,r,taua,abar,tauk,taul,WtaxRev,KtaxRev,WtaxRev_lost,KtaxRev_lost,G,lump_sum,ylbar,WtaxPct,ShelterPct,ShelterPctP99,TaxEvasionP99,ConcealPctP99,gini,p90,p99,p999,p9999,gini_total,p90_total,p99_total,p999_total,p9999_total,welfare,welfare0,approval,approval0,conceal_share_e,conceal_share_n,evasion_share_e,evasion_share_n,conceal_frac_e,conceal_frac_n,evasion_frac_e,evasion_frac_n,shelter_pct_e,shelter_pct_n,detection_rate,detection_revenue,wtax_evasion_elast
65.57142337,2.85545397,2.85545397,0.00000000,29.60344842,258.79188286,50.96455260,1.28469514,0.15412896,0.04134915,0.03222816,34.48148020,0.25000000,0.18639178,1.80307545,6.93067750,0.00000000,0.00000000,9.18235041,0.01148331,1.01512040,0.84695252,0.00000000,0.00000000,0.00000000,0.00000000,0.75101743,0.38214184,0.70918384,0.84615518,0.93509220,0.75101743,0.38214184,0.70918384,0.84615518,0.93509220,-23.24895039,-46.21409278,0.85293788,0.50623706,-nan,-nan,-nan,-nan,0.00000000,0.00000000,0.00000000,0.00000000,0.00000000,0.00000000,-nan,0.00000000,13.40064203
