Y,A,A_rep,A_hid,L,Q,K,W,P,r,taua,abar,tauk,taul,WtaxRev,KtaxRev,WtaxRev_lost,KtaxRev_lost,G,lump_sum,ylbar,WtaxPct,ShelterPct,ShelterPctP99,TaxEvasionP99,ConcealPctP99,gini,p90,p99,p999,p9999,gini_total,p90_total,p99_total,p999_total,p9999_total,welfare,welfare0,approval,approval0,conceal_share_e,conceal_share_n,evasion_share_e,evasion_share_n,conceal_frac_e,conceal_frac_n,evasion_frac_e,evasion_frac_n,shelter_pct_e,shelter_pct_n,detection_rate,detection_revenue,wtax_evasion_elast
65.53693281,2.85350125,2.85350125,0.00000000,29.59950643,258.52931769,50.89824060,1.28419308,0.15418903,0.04142025,0.03210296,33.20033245,0.25000000,0.18639611,1.82164480,6.93308506,0.00000000,0.00000000,9.18235041,0.01157720,1.01512040,0.82099553,0.00000000,0.00000000,0.00000000,0.00000000,0.75062990,0.38268328,0.70945162,0.84571739,0.93487536,0.75062990,0.38268328,0.70945162,0.84571739,0.93487536,-23.24576277,-46.21645301,0.85002082,0.49950776,-nan,-nan,-nan,-nan,0.00000000,0.00000000,0.00000000,0.00000000,0.00000000,0.00000000,-nan,0.00000000,13.39175199
