Y,A,A_rep,A_hid,L,Q,K,W,P,r,taua,abar,tauk,taul,WtaxRev,KtaxRev,WtaxRev_lost,KtaxRev_lost,G,lump_sum,ylbar,WtaxPct,ShelterPct,ShelterPctP99,TaxEvasionP99,ConcealPctP99,gini,p90,p99,p999,p9999,gini_total,p90_total,p99_total,p999_total,p9999_total,welfare,welfare0,approval,approval0,conceal_share_e,conceal_share_n,evasion_share_e,evasion_share_n,conceal_frac_e,conceal_frac_n,evasion_frac_e,evasion_frac_n,shelter_pct_e,shelter_pct_n,detection_rate,detection_revenue,wtax_evasion_elast
65.48452477,2.85100563,2.85100563,0.00000000,29.59279620,258.13057795,50.81037615,1.28346554,0.15428100,0.04150576,0.03257687,32.73824763,0.25000000,0.18640195,1.84697467,6.93610804,0.00000000,0.00000000,9.18235041,0.01168852,1.01512040,0.80866047,0.00000000,0.00000000,0.00000000,0.00000000,0.75013223,0.38344649,0.71047550,0.84613961,0.93501947,0.75013223,0.38344649,0.71047550,0.84613961,0.93501947,-23.24324166,-46.22239927,0.84438622,0.47996175,-nan,-nan,-nan,-nan,0.00000000,0.00000000,0.00000000,0.00000000,0.00000000,0.00000000,-nan,0.00000000,13.36861686
