Y,A,A_rep,A_hid,L,Q,K,W,P,r,taua,abar,tauk,taul,WtaxRev,KtaxRev,WtaxRev_lost,KtaxRev_lost,G,lump_sum,ylbar,WtaxPct,ShelterPct,ShelterPctP99,TaxEvasionP99,ConcealPctP99,gini,p90,p99,p999,p9999,gini_total,p90_total,p99_total,p999_total,p9999_total,welfare,welfare0,approval,approval0,conceal_share_e,conceal_share_n,evasion_share_e,evasion_share_n,conceal_frac_e,conceal_frac_n,evasion_frac_e,evasion_frac_n,shelter_pct_e,shelter_pct_n,detection_rate,detection_revenue,wtax_evasion_elast
65.75774538,2.86377406,2.86377406,0.00000000,29.62990598,260.20161439,51.26618246,1.28719018,0.15381236,0.04106933,0.03000000,35.47129392,0.25000000,0.18636532,1.70336061,6.92030582,0.00000000,0.00000000,9.18235041,0.01096876,1.01512040,0.64903296,0.00000000,0.00000000,0.00000000,0.00000000,0.75286526,0.37917161,0.70489474,0.84378633,0.93428724,0.75286526,0.37917161,0.70489474,0.84378633,0.93428724,-23.27019308,-46.21863002,0.87040389,0.58758367,-nan,-nan,-nan,-nan,0.00000000,0.00000000,0.00000000,0.00000000,0.00000000,0.00000000,-nan,0.00000000,13.55956338
