Y,A,A_rep,A_hid,L,Q,K,W,P,r,taua,abar,tauk,taul,WtaxRev,KtaxRev,WtaxRev_lost,KtaxRev_lost,G,lump_sum,ylbar,WtaxPct,ShelterPct,ShelterPctP99,TaxEvasionP99,ConcealPctP99,gini,p90,p99,p999,p9999,gini_total,p90_total,p99_total,p999_total,p9999_total,welfare,welfare0,approval,approval0,conceal_share_e,conceal_share_n,evasion_share_e,evasion_share_n,conceal_frac_e,conceal_frac_n,evasion_frac_e,evasion_frac_n,shelter_pct_e,shelter_pct_n,detection_rate,detection_revenue,wtax_evasion_elast
73.39973639,3.10886735,2.88250647,0.22636088,30.12395561,329.88897419,65.63395530,1.41322541,0.13867236,0.02940086,0.02000000,999.01737137,0.25000000,0.18606552,0.19809715,5.90224487,0.27496153,0.54336252,9.29156816,0.00072382,1.08952447,0.01275328,0.10713133,63.62596553,11.79261357,53.26319454,0.76912375,0.35488553,0.66821489,0.84096254,0.95031182,0.78588926,0.32904583,0.61962122,0.78427152,0.91420268,-23.75757422,-47.67742789,0.42434579,0.04159418,0.30633930,0.69366070,0.73149600,0.26850400,0.06800918,0.07515497,0.06951068,0.01522179,0.40084813,0.03621573,0.66476351,0.06957431,37.58361788
