Y,A,A_rep,A_hid,L,Q,K,W,P,r,taua,abar,tauk,taul,WtaxRev,KtaxRev,WtaxRev_lost,KtaxRev_lost,G,lump_sum,ylbar,WtaxPct,ShelterPct,ShelterPctP99,TaxEvasionP99,ConcealPctP99,gini,p90,p99,p999,p9999,gini_total,p90_total,p99_total,p999_total,p9999_total,welfare,welfare0,approval,approval0,conceal_share_e,conceal_share_n,evasion_share_e,evasion_share_n,conceal_frac_e,conceal_frac_n,evasion_frac_e,evasion_frac_n,shelter_pct_e,shelter_pct_n,detection_rate,detection_revenue,wtax_evasion_elast
73.38288930,3.10804302,2.85983890,0.24820412,30.12429486,329.66090639,65.63270577,1.41287555,0.13872593,0.02938362,0.01681798,677.95152681,0.25000000,0.18606346,0.22320176,5.87699880,0.28918320,0.55376978,9.29156816,0.00062695,1.08952447,0.02007935,0.10956944,66.59017936,11.69439783,54.67227548,0.76726170,0.35771303,0.67373950,0.84802806,0.94968692,0.78579897,0.32914655,0.61999483,0.78490607,0.91405735,-23.76978990,-47.70527257,0.39334825,0.02971532,0.29100513,0.70899487,0.71785638,0.28214362,0.07083563,0.08426420,0.07018331,0.01646295,0.40625146,0.03793791,0.66314543,0.06953870,40.96427211
