Y,A,A_rep,A_hid,L,Q,K,W,P,r,taua,abar,tauk,taul,WtaxRev,KtaxRev,WtaxRev_lost,KtaxRev_lost,G,lump_sum,ylbar,WtaxPct,ShelterPct,ShelterPctP99,TaxEvasionP99,ConcealPctP99,gini,p90,p99,p999,p9999,gini_total,p90_total,p99_total,p999_total,p9999_total,welfare,welfare0,approval,approval0,conceal_share_e,conceal_share_n,evasion_share_e,evasion_share_n,conceal_frac_e,conceal_frac_n,evasion_frac_e,evasion_frac_n,shelter_pct_e,shelter_pct_n,detection_rate,detection_revenue,wtax_evasion_elast
73.52284422,3.11162178,2.90796453,0.20365724,30.12795764,331.53321494,65.49364645,1.41538749,0.13828263,0.02970319,0.01021302,809.96386694,0.25000000,0.18606534,0.16630814,5.91452621,0.12903253,0.54345610,9.29156816,0.00068494,1.08952447,0.01778138,0.10491619,38.55010254,8.71373841,56.12168527,0.76993143,0.35338781,0.66301123,0.83101990,0.93789553,0.78494480,0.33025839,0.61966445,0.78113425,0.90933780,-23.71190662,-47.58110434,0.66188406,0.32351804,0.25690693,0.74309307,0.79581413,0.20418587,0.05145682,0.07224281,0.06289657,0.00955370,0.39255181,0.03546885,0.66965300,0.04740917,37.43545719
