Y,A,A_rep,A_hid,L,Q,K,W,P,r,taua,abar,tauk,taul,WtaxRev,KtaxRev,WtaxRev_lost,KtaxRev_lost,G,lump_sum,ylbar,WtaxPct,ShelterPct,ShelterPctP99,TaxEvasionP99,ConcealPctP99,gini,p90,p99,p999,p9999,gini_total,p90_total,p99_total,p999_total,p9999_total,welfare,welfare0,approval,approval0,conceal_share_e,conceal_share_n,evasion_share_e,evasion_share_n,conceal_frac_e,conceal_frac_n,evasion_frac_e,evasion_frac_n,shelter_pct_e,shelter_pct_n,detection_rate,detection_revenue,wtax_evasion_elast
65.71922994,2.86176014,2.86176014,0.00000000,29.62516467,259.90551587,51.19608521,1.28663975,0.15387965,0.04114047,0.03000000,34.24347970,0.25000000,0.18637033,1.72353213,6.92294773,0.00000000,0.00000000,9.18235041,0.01107792,1.01512040,0.84878731,0.00000000,0.00000000,0.00000000,0.00000000,0.75244364,0.37985405,0.70535924,0.84351459,0.93415323,0.75244364,0.37985405,0.70535924,0.84351459,0.93415323,-23.26593663,-46.21893924,0.86616090,0.52180705,-nan,-nan,-nan,-nan,0.00000000,0.00000000,0.00000000,0.00000000,0.00000000,0.00000000,-nan,0.00000000,13.53865786
