Y,A,A_rep,A_hid,L,Q,K,W,P,r,taua,abar,tauk,taul,WtaxRev,KtaxRev,WtaxRev_lost,KtaxRev_lost,G,lump_sum,ylbar,WtaxPct,ShelterPct,ShelterPctP99,TaxEvasionP99,ConcealPctP99,gini,p90,p99,p999,p9999,gini_total,p90_total,p99_total,p999_total,p9999_total,welfare,welfare0,approval,approval0,conceal_share_e,conceal_share_n,evasion_share_e,evasion_share_n,conceal_frac_e,conceal_frac_n,evasion_frac_e,evasion_frac_n,shelter_pct_e,shelter_pct_n,detection_rate,detection_revenue,wtax_evasion_elast
65.58728345,2.85646346,2.85646346,0.00000000,29.60489451,258.90881528,50.99800149,1.28493196,0.15410215,0.04131047,0.03239818,35.19691618,0.25000000,0.18639098,1.79618210,6.92956760,0.00000000,0.00000000,9.18235041,0.01145398,1.01512040,0.63819877,0.00000000,0.00000000,0.00000000,0.00000000,0.75118023,0.38184567,0.70922287,0.84651802,0.93524446,0.75118023,0.38184567,0.70922287,0.84651802,0.93524446,-23.24914295,-46.21071836,0.85528255,0.50995652,-nan,-nan,-nan,-nan,0.00000000,0.00000000,0.00000000,0.00000000,0.00000000,0.00000000,-nan,0.00000000,13.40505525
