Y,A,A_rep,A_hid,L,Q,K,W,P,r,taua,abar,tauk,taul,WtaxRev,KtaxRev,WtaxRev_lost,KtaxRev_lost,G,lump_sum,ylbar,WtaxPct,ShelterPct,ShelterPctP99,TaxEvasionP99,ConcealPctP99,gini,p90,p99,p999,p9999,gini_total,p90_total,p99_total,p999_total,p9999_total,welfare,welfare0,approval,approval0,conceal_share_e,conceal_share_n,evasion_share_e,evasion_share_n,conceal_frac_e,conceal_frac_n,evasion_frac_e,evasion_frac_n,shelter_pct_e,shelter_pct_n,detection_rate,detection_revenue,wtax_evasion_elast
65.44168249,2.84916419,2.84916419,0.00000000,29.58621550,257.80401415,50.74054003,1.28289385,0.15435366,0.04157047,0.03320080,32.78460668,0.25000000,0.18640960,1.86921100,6.93869362,0.00000000,0.00000000,9.18235041,0.01180612,1.01512040,0.80712770,0.00000000,0.00000000,0.00000000,0.00000000,0.74974706,0.38411895,0.71156169,0.84683752,0.93528613,0.74974706,0.38411895,0.71156169,0.84683752,0.93528613,-23.23834564,-46.22222226,0.84029212,0.47245285,-nan,-nan,-nan,-nan,0.00000000,0.00000000,0.00000000,0.00000000,0.00000000,0.00000000,-nan,0.00000000,13.32769642
