Y,A,A_rep,A_hid,L,Q,K,W,P,r,taua,abar,tauk,taul,WtaxRev,KtaxRev,WtaxRev_lost,KtaxRev_lost,G,lump_sum,ylbar,WtaxPct,ShelterPct,ShelterPctP99,TaxEvasionP99,ConcealPctP99,gini,p90,p99,p999,p9999,gini_total,p90_total,p99_total,p999_total,p9999_total,welfare,welfare0,approval,approval0,conceal_share_e,conceal_share_n,evasion_share_e,evasion_share_n,conceal_frac_e,conceal_frac_n,evasion_frac_e,evasion_frac_n,shelter_pct_e,shelter_pct_n,detection_rate,detection_revenue,wtax_evasion_elast
65.57890530,2.85601047,2.85601047,0.00000000,29.60465874,258.88571041,50.99375041,1.28488153,0.15410810,0.04131427,0.03257994,35.43779257,0.25000000,0.18639104,1.79894128,6.92872220,0.00000000,0.00000000,9.18235041,0.01144966,1.01512040,0.63926946,0.00000000,0.00000000,0.00000000,0.00000000,0.75109220,0.38195812,0.70948989,0.84679962,0.93535679,0.75109220,0.38195812,0.70948989,0.84679962,0.93535679,-23.24947000,-46.21185777,0.85483961,0.50711311,-nan,-nan,-nan,-nan,0.00000000,0.00000000,0.00000000,0.00000000,0.00000000,0.00000000,-nan,0.00000000,13.40147112
