Y,A,A_rep,A_hid,L,Q,K,W,P,r,taua,abar,tauk,taul,WtaxRev,KtaxRev,WtaxRev_lost,KtaxRev_lost,G,lump_sum,ylbar,WtaxPct,ShelterPct,ShelterPctP99,TaxEvasionP99,ConcealPctP99,gini,p90,p99,p999,p9999,gini_total,p90_total,p99_total,p999_total,p9999_total,welfare,welfare0,approval,approval0,conceal_share_e,conceal_share_n,evasion_share_e,evasion_share_n,conceal_frac_e,conceal_frac_n,evasion_frac_e,evasion_frac_n,shelter_pct_e,shelter_pct_n,detection_rate,detection_revenue,wtax_evasion_elast
65.52814590,2.85388976,2.85388976,0.00000000,29.59641845,258.46934260,50.90466399,1.28415689,0.15420079,0.04139660,0.03337062,35.49477164,0.25000000,0.18639817,1.82668887,6.93254694,0.00000000,0.00000000,9.18235041,0.01158921,1.01512040,0.63706537,0.00000000,0.00000000,0.00000000,0.00000000,0.75062009,0.38268512,0.71079331,0.84768548,0.93570295,0.75062009,0.38268512,0.71079331,0.84768548,0.93570295,-23.24482425,-46.21436352,0.85024047,0.50156464,-nan,-nan,-nan,-nan,0.00000000,0.00000000,0.00000000,0.00000000,0.00000000,0.00000000,-nan,0.00000000,13.34448581
