Y,A,A_rep,A_hid,L,Q,K,W,P,r,taua,abar,tauk,taul,WtaxRev,KtaxRev,WtaxRev_lost,KtaxRev_lost,G,lump_sum,ylbar,WtaxPct,ShelterPct,ShelterPctP99,TaxEvasionP99,ConcealPctP99,gini,p90,p99,p999,p9999,gini_total,p90_total,p99_total,p999_total,p9999_total,welfare,welfare0,approval,approval0,conceal_share_e,conceal_share_n,evasion_share_e,evasion_share_n,conceal_frac_e,conceal_frac_n,evasion_frac_e,evasion_frac_n,shelter_pct_e,shelter_pct_n,detection_rate,detection_revenue,wtax_evasion_elast
65.58963161,2.85658810,2.85658810,0.00000000,29.60536425,258.93541018,51.00346345,1.28497775,0.15409601,0.04130550,0.03249075,35.56897030,0.25000000,0.18638881,1.79435609,6.92916129,0.00000000,0.00000000,9.18235041,0.01143017,1.01512040,0.64064472,0.00000000,0.00000000,0.00000000,0.00000000,0.75118701,0.38180667,0.70924929,0.84669922,0.93532040,0.75118701,0.38180667,0.70924929,0.84669922,0.93532040,-23.25052547,-46.21296804,0.85484769,0.50711340,-nan,-nan,-nan,-nan,0.00000000,0.00000000,0.00000000,0.00000000,0.00000000,0.00000000,-nan,0.00000000,13.39867765
