Y,A,A_rep,A_hid,L,Q,K,W,P,r,taua,abar,tauk,taul,WtaxRev,KtaxRev,WtaxRev_lost,KtaxRev_lost,G,lump_sum,ylbar,WtaxPct,ShelterPct,ShelterPctP99,TaxEvasionP99,ConcealPctP99,gini,p90,p99,p999,p9999,gini_total,p90_total,p99_total,p999_total,p9999_total,welfare,welfare0,approval,approval0,conceal_share_e,conceal_share_n,evasion_share_e,evasion_share_n,conceal_frac_e,conceal_frac_n,evasion_frac_e,evasion_frac_n,shelter_pct_e,shelter_pct_n,detection_rate,detection_revenue,wtax_evasion_elast
65.58155008,2.85620614,2.85620614,0.00000000,29.60402999,258.87335898,50.98991785,1.28487150,0.15410943,0.04131800,0.03264704,35.64813797,0.25000000,0.18639085,1.79897718,6.92961227,0.00000000,0.00000000,9.18235041,0.01145684,1.01512040,0.64086051,0.00000000,0.00000000,0.00000000,0.00000000,0.75110174,0.38190060,0.70950052,0.84689502,0.93541141,0.75110174,0.38190060,0.70950052,0.84689502,0.93541141,-23.24909836,-46.21180825,0.85448813,0.50707567,-nan,-nan,-nan,-nan,0.00000000,0.00000000,0.00000000,0.00000000,0.00000000,0.00000000,-nan,0.00000000,13.38652550
