Y,A,A_rep,A_hid,L,Q,K,W,P,r,taua,abar,tauk,taul,WtaxRev,KtaxRev,WtaxRev_lost,KtaxRev_lost,G,lump_sum,ylbar,WtaxPct,ShelterPct,ShelterPctP99,TaxEvasionP99,ConcealPctP99,gini,p90,p99,p999,p9999,gini_total,p90_total,p99_total,p999_total,p9999_total,welfare,welfare0,approval,approval0,conceal_share_e,conceal_share_n,evasion_share_e,evasion_share_n,conceal_frac_e,conceal_frac_n,evasion_frac_e,evasion_frac_n,shelter_pct_e,shelter_pct_n,detection_rate,detection_revenue,wtax_evasion_elast
65.58798572,2.85647243,2.85647243,0.00000000,29.60519989,258.92095085,51.00047686,1.28495086,0.15409962,0.04130839,0.03247028,35.42685077,0.25000000,0.18638914,1.79556911,6.92927866,0.00000000,0.00000000,9.18235041,0.01143865,1.01512040,0.63966104,0.00000000,0.00000000,0.00000000,0.00000000,0.75117684,0.38183360,0.70924997,0.84664440,0.93529966,0.75117684,0.38183360,0.70924997,0.84664440,0.93529966,-23.25024448,-46.21268520,0.85480345,0.50711311,-nan,-nan,-nan,-nan,0.00000000,0.00000000,0.00000000,0.00000000,0.00000000,0.00000000,-nan,0.00000000,13.40045862
