Y,A,A_rep,A_hid,L,Q,K,W,P,r,taua,abar,tauk,taul,WtaxRev,KtaxRev,WtaxRev_lost,KtaxRev_lost,G,lump_sum,ylbar,WtaxPct,ShelterPct,ShelterPctP99,TaxEvasionP99,ConcealPctP99,gini,p90,p99,p999,p9999,gini_total,p90_total,p99_total,p999_total,p9999_total,welfare,welfare0,approval,approval0,conceal_share_e,conceal_share_n,evasion_share_e,evasion_share_n,conceal_frac_e,conceal_frac_n,evasion_frac_e,evasion_frac_n,shelter_pct_e,shelter_pct_n,detection_rate,detection_revenue,wtax_evasion_elast
65.54692802,2.85469562,2.85469562,0.00000000,29.59932875,258.60986404,50.93448743,1.28440071,0.15416982,0.04136942,0.03302180,35.30040568,0.25000000,0.18639505,1.81699342,6.93151704,0.00000000,0.00000000,9.18235041,0.01154250,1.01512040,0.63691646,0.00000000,0.00000000,0.00000000,0.00000000,0.75081657,0.38244451,0.71026662,0.84726658,0.93552768,0.75081657,0.38244451,0.71026662,0.84726658,0.93552768,-23.24680242,-46.21414374,0.85129805,0.50166210,-nan,-nan,-nan,-nan,0.00000000,0.00000000,0.00000000,0.00000000,0.00000000,0.00000000,-nan,0.00000000,13.36787169
