Y,A,A_rep,A_hid,L,Q,K,W,P,r,taua,abar,tauk,taul,WtaxRev,KtaxRev,WtaxRev_lost,KtaxRev_lost,G,lump_sum,ylbar,WtaxPct,ShelterPct,ShelterPctP99,TaxEvasionP99,ConcealPctP99,gini,p90,p99,p999,p9999,gini_total,p90_total,p99_total,p999_total,p9999_total,welfare,welfare0,approval,approval0,conceal_share_e,conceal_share_n,evasion_share_e,evasion_share_n,conceal_frac_e,conceal_frac_n,evasion_frac_e,evasion_frac_n,shelter_pct_e,shelter_pct_n,detection_rate,detection_revenue,wtax_evasion_elast
66.19689688,2.88464295,2.88464295,0.00000000,29.69218345,263.50213774,52.04566701,1.29310652,0.15309787,0.04030737,0.03176914,67.01730285,0.25000000,0.18627882,1.43823519,6.89387202,0.00000000,0.00000000,9.18235041,0.00929832,1.01512040,0.33681839,0.00000000,0.00000000,0.00000000,0.00000000,0.75682831,0.37272950,0.69760617,0.84849750,0.93689690,0.75682831,0.37272950,0.69760617,0.84849750,0.93689690,-23.35206284,-46.29182952,0.88553265,0.61037285,-nan,-nan,-nan,-nan,0.00000000,0.00000000,0.00000000,0.00000000,0.00000000,0.00000000,-nan,0.00000000,13.59884597
