Y,A,A_rep,A_hid,L,Q,K,W,P,r,taua,abar,tauk,taul,WtaxRev,KtaxRev,WtaxRev_lost,KtaxRev_lost,G,lump_sum,ylbar,WtaxPct,ShelterPct,ShelterPctP99,TaxEvasionP99,ConcealPctP99,gini,p90,p99,p999,p9999,gini_total,p90_total,p99_total,p999_total,p9999_total,welfare,welfare0,approval,approval0,conceal_share_e,conceal_share_n,evasion_share_e,evasion_share_n,conceal_frac_e,conceal_frac_n,evasion_frac_e,evasion_frac_n,shelter_pct_e,shelter_pct_n,detection_rate,detection_revenue,wtax_evasion_elast
65.57939111,2.85609217,2.85609217,0.00000000,29.60379686,258.84839436,50.98513284,1.28482447,0.15411589,0.04132247,0.03246099,35.06123327,0.25000000,0.18639206,1.80027471,6.93001248,0.00000000,0.00000000,9.18235041,0.01147458,1.01512040,0.86078272,0.00000000,0.00000000,0.00000000,0.00000000,0.75110810,0.38193970,0.70935692,0.84658478,0.93526634,0.75110810,0.38193970,0.70935692,0.84658478,0.93526634,-23.24838390,-46.21092679,0.85474282,0.50689343,-nan,-nan,-nan,-nan,0.00000000,0.00000000,0.00000000,0.00000000,0.00000000,0.00000000,-nan,0.00000000,13.40422962
