Y,A,A_rep,A_hid,L,Q,K,W,P,r,taua,abar,tauk,taul,WtaxRev,KtaxRev,WtaxRev_lost,KtaxRev_lost,G,lump_sum,ylbar,WtaxPct,ShelterPct,ShelterPctP99,TaxEvasionP99,ConcealPctP99,gini,p90,p99,p999,p9999,gini_total,p90_total,p99_total,p999_total,p9999_total,welfare,welfare0,approval,approval0,conceal_share_e,conceal_share_n,evasion_share_e,evasion_share_n,conceal_frac_e,conceal_frac_n,evasion_frac_e,evasion_frac_n,shelter_pct_e,shelter_pct_n,detection_rate,detection_revenue,wtax_evasion_elast
65.76832661,2.86436629,2.86436629,0.00000000,29.63117531,260.28110684,51.28582050,1.28733870,0.15379448,0.04104890,0.03029508,36.97616779,0.25000000,0.18636186,1.69495938,6.91971542,0.00000000,0.00000000,9.18235041,0.01090356,1.01512040,0.65940161,0.00000000,0.00000000,0.00000000,0.00000000,0.75291829,0.37906890,0.70501651,0.84435149,0.93453391,0.75291829,0.37906890,0.70501651,0.84435149,0.93453391,-23.27333737,-46.22305404,0.86799385,0.52822433,-nan,-nan,-nan,-nan,0.00000000,0.00000000,0.00000000,0.00000000,0.00000000,0.00000000,-nan,0.00000000,13.53360032
