Y,A,A_rep,A_hid,L,Q,K,W,P,r,taua,abar,tauk,taul,WtaxRev,KtaxRev,WtaxRev_lost,KtaxRev_lost,G,lump_sum,ylbar,WtaxPct,ShelterPct,ShelterPctP99,TaxEvasionP99,ConcealPctP99,gini,p90,p99,p999,p9999,gini_total,p90_total,p99_total,p999_total,p9999_total,welfare,welfare0,approval,approval0,conceal_share_e,conceal_share_n,evasion_share_e,evasion_share_n,conceal_frac_e,conceal_frac_n,evasion_frac_e,evasion_frac_n,shelter_pct_e,shelter_pct_n,detection_rate,detection_revenue,wtax_evasion_elast
65.60616069,2.85724620,2.85724620,0.00000000,29.60778471,259.06182197,51.02892312,1.28519854,0.15406734,0.04128305,0.03228657,35.70755406,0.25000000,0.18638615,1.78515144,6.92822289,0.00000000,0.00000000,9.18235041,0.01137925,1.01512040,0.64231180,0.00000000,0.00000000,0.00000000,0.00000000,0.75134596,0.38159090,0.70888551,0.84648926,0.93525844,0.75134596,0.38159090,0.70888551,0.84648926,0.93525844,-23.25274440,-46.21456565,0.85547856,0.50995691,-nan,-nan,-nan,-nan,0.00000000,0.00000000,0.00000000,0.00000000,0.00000000,0.00000000,-nan,0.00000000,13.41035880
