Y,A,A_rep,A_hid,L,Q,K,W,P,r,taua,abar,tauk,taul,WtaxRev,KtaxRev,WtaxRev_lost,KtaxRev_lost,G,lump_sum,ylbar,WtaxPct,ShelterPct,ShelterPctP99,TaxEvasionP99,ConcealPctP99,gini,p90,p99,p999,p9999,gini_total,p90_total,p99_total,p999_total,p9999_total,welfare,welfare0,approval,approval0,conceal_share_e,conceal_share_n,evasion_share_e,evasion_share_n,conceal_frac_e,conceal_frac_n,evasion_frac_e,evasion_frac_n,shelter_pct_e,shelter_pct_n,detection_rate,detection_revenue,wtax_evasion_elast
73.48659717,3.11028063,2.92507290,0.18520773,30.12145367,331.28234096,65.40576719,1.41500765,0.13830982,0.02977160,0.01394549,1170.03988284,0.25000000,0.18607122,0.17449840,5.93262059,0.13390523,0.54013061,9.29156816,0.00089917,1.08952447,0.01163372,0.10374746,37.55966619,8.53216813,53.80774817,0.77107865,0.35162573,0.65961640,0.82677942,0.93868571,0.78466803,0.33068749,0.62038608,0.78203232,0.91049110,-23.69743259,-47.55779430,0.73833413,0.38390319,0.26486639,0.73513361,0.78935280,0.21064720,0.04828598,0.06500946,0.06244112,0.00986678,0.39076207,0.03445006,0.67073997,0.04629205,29.73445475
