Y,A,A_rep,A_hid,L,Q,K,W,P,r,taua,abar,tauk,taul,WtaxRev,KtaxRev,WtaxRev_lost,KtaxRev_lost,G,lump_sum,ylbar,WtaxPct,ShelterPct,ShelterPctP99,TaxEvasionP99,ConcealPctP99,gini,p90,p99,p999,p9999,gini_total,p90_total,p99_total,p999_total,p9999_total,welfare,welfare0,approval,approval0,conceal_share_e,conceal_share_n,evasion_share_e,evasion_share_n,conceal_frac_e,conceal_frac_n,evasion_frac_e,evasion_frac_n,shelter_pct_e,shelter_pct_n,detection_rate,detection_revenue,wtax_evasion_elast
65.58424621,2.85638695,2.85638695,0.00000000,29.60435771,258.88317809,50.99301645,1.28488813,0.15410786,0.04131464,0.03243919,35.19415824,0.25000000,0.18639139,1.79760337,6.92987281,0.00000000,0.00000000,9.18235041,0.01146095,1.01512040,0.63790611,0.00000000,0.00000000,0.00000000,0.00000000,0.75114651,0.38186768,0.70928096,0.84657730,0.93526923,0.75114651,0.38186768,0.70928096,0.84657730,0.93526923,-23.24880287,-46.21090844,0.85495065,0.50995652,-nan,-nan,-nan,-nan,0.00000000,0.00000000,0.00000000,0.00000000,0.00000000,0.00000000,-nan,0.00000000,13.40422604
