Y,A,A_rep,A_hid,L,Q,K,W,P,r,taua,abar,tauk,taul,WtaxRev,KtaxRev,WtaxRev_lost,KtaxRev_lost,G,lump_sum,ylbar,WtaxPct,ShelterPct,ShelterPctP99,TaxEvasionP99,ConcealPctP99,gini,p90,p99,p999,p9999,gini_total,p90_total,p99_total,p999_total,p9999_total,welfare,welfare0,approval,approval0,conceal_share_e,conceal_share_n,evasion_share_e,evasion_share_n,conceal_frac_e,conceal_frac_n,evasion_frac_e,evasion_frac_n,shelter_pct_e,shelter_pct_n,detection_rate,detection_revenue,wtax_evasion_elast
65.59557882,2.85668662,2.85668662,0.00000000,29.60645293,258.97832760,51.00954839,1.28504392,0.15408653,0.04130260,0.03215928,34.96699395,0.25000000,0.18638864,1.79108909,6.92899068,0.00000000,0.00000000,9.18235041,0.01142280,1.01512040,0.85877339,0.00000000,0.00000000,0.00000000,0.00000000,0.75125071,0.38168400,0.70888607,0.84620245,0.93512116,0.75125071,0.38168400,0.70888607,0.84620245,0.93512116,-23.25069932,-46.21232496,0.85536773,0.50972591,-nan,-nan,-nan,-nan,0.00000000,0.00000000,0.00000000,0.00000000,0.00000000,0.00000000,-nan,0.00000000,13.42170956
