Y,A,A_rep,A_hid,L,Q,K,W,P,r,taua,abar,tauk,taul,WtaxRev,KtaxRev,WtaxRev_lost,KtaxRev_lost,G,lump_sum,ylbar,WtaxPct,ShelterPct,ShelterPctP99,TaxEvasionP99,ConcealPctP99,gini,p90,p99,p999,p9999,gini_total,p90_total,p99_total,p999_total,p9999_total,welfare,welfare0,approval,approval0,conceal_share_e,conceal_share_n,evasion_share_e,evasion_share_n,conceal_frac_e,conceal_frac_n,evasion_frac_e,evasion_frac_n,shelter_pct_e,shelter_pct_n,detection_rate,detection_revenue,wtax_evasion_elast
65.58282125,2.85630928,2.85630928,0.00000000,29.60355555,258.86156108,50.98669807,1.28485830,0.15411118,0.04132106,0.03261981,35.59761005,0.25000000,0.18638964,1.79894795,6.93026185,0.00000000,0.00000000,9.18235041,0.01146986,1.01512040,0.64058450,0.00000000,0.00000000,0.00000000,0.00000000,0.75112052,0.38187671,0.70943136,0.84684217,0.93537881,0.75112052,0.38187671,0.70943136,0.84684217,0.93537881,-23.24831968,-46.21051557,0.85481192,0.50711340,-nan,-nan,-nan,-nan,0.00000000,0.00000000,0.00000000,0.00000000,0.00000000,0.00000000,-nan,0.00000000,13.38396232
