Y,A,A_rep,A_hid,L,Q,K,W,P,r,taua,abar,tauk,taul,WtaxRev,KtaxRev,WtaxRev_lost,KtaxRev_lost,G,lump_sum,ylbar,WtaxPct,ShelterPct,ShelterPctP99,TaxEvasionP99,ConcealPctP99,gini,p90,p99,p999,p9999,gini_total,p90_total,p99_total,p999_total,p9999_total,welfare,welfare0,approval,approval0,conceal_share_e,conceal_share_n,evasion_share_e,evasion_share_n,conceal_frac_e,conceal_frac_n,evasion_frac_e,evasion_frac_n,shelter_pct_e,shelter_pct_n,detection_rate,detection_revenue,wtax_evasion_elast
65.59709302,2.85670485,2.85670485,0.00000000,29.60651829,258.98417333,51.00708919,1.28504928,0.15408429,0.04130753,0.03199815,34.70379091,0.25000000,0.18638867,1.79054434,6.92934537,0.00000000,0.00000000,9.18235041,0.01142640,1.01512040,0.85306298,0.00000000,0.00000000,0.00000000,0.00000000,0.75126617,0.38168733,0.70868259,0.84593663,0.93500813,0.75126617,0.38168733,0.70868259,0.84593663,0.93500813,-23.25049836,-46.21204621,0.85558149,0.50954617,-nan,-nan,-nan,-nan,0.00000000,0.00000000,0.00000000,0.00000000,0.00000000,0.00000000,-nan,0.00000000,13.41847610
