Y,A,A_rep,A_hid,L,Q,K,W,P,r,taua,abar,tauk,taul,WtaxRev,KtaxRev,WtaxRev_lost,KtaxRev_lost,G,lump_sum,ylbar,WtaxPct,ShelterPct,ShelterPctP99,TaxEvasionP99,ConcealPctP99,gini,p90,p99,p999,p9999,gini_total,p90_total,p99_total,p999_total,p9999_total,welfare,welfare0,approval,approval0,conceal_share_e,conceal_share_n,evasion_share_e,evasion_share_n,conceal_frac_e,conceal_frac_n,evasion_frac_e,evasion_frac_n,shelter_pct_e,shelter_pct_n,detection_rate,detection_revenue,wtax_evasion_elast
62.76430799,2.71021290,2.71021290,0.00000000,29.28193516,237.28630576,46.08913569,1.24320273,0.15951209,0.04668817,0.05250066,15.43747225,0.25000000,0.18664722,3.10930284,7.11210202,0.00000000,0.00000000,9.18235041,0.01618664,1.01512040,2.29018992,0.00000000,0.00000000,0.00000000,0.00000000,0.71781958,0.43280076,0.74295479,0.85611701,0.93720933,0.71781958,0.43280076,0.74295479,0.85611701,0.93720933,-23.20831889,-46.82372842,0.69262896,0.34623851,-nan,-nan,-nan,-nan,0.00000000,0.00000000,0.00000000,0.00000000,0.00000000,0.00000000,-nan,0.00000000,12.90350360
