Y,A,A_rep,A_hid,L,Q,K,W,P,r,taua,abar,tauk,taul,WtaxRev,KtaxRev,WtaxRev_lost,KtaxRev_lost,G,lump_sum,ylbar,WtaxPct,ShelterPct,ShelterPctP99,TaxEvasionP99,ConcealPctP99,gini,p90,p99,p999,p9999,gini_total,p90_total,p99_total,p999_total,p9999_total,welfare,welfare0,approval,approval0,conceal_share_e,conceal_share_n,evasion_share_e,evasion_share_n,conceal_frac_e,conceal_frac_n,evasion_frac_e,evasion_frac_n,shelter_pct_e,shelter_pct_n,detection_rate,detection_revenue,wtax_evasion_elast
65.66686841,2.86016188,2.86016188,0.00000000,29.61554965,259.52771265,51.13024629,1.28604420,0.15395998,0.04118601,0.03231173,38.41287925,0.25000000,0.18637456,1.74909209,6.92472238,0.00000000,0.00000000,9.18235041,0.01116338,1.01512040,0.66557478,0.00000000,0.00000000,0.00000000,0.00000000,0.75190468,0.38061794,0.70795416,0.84690391,0.93550347,0.75190468,0.38061794,0.70795416,0.84690391,0.93550347,-23.26219081,-46.22090830,0.85804087,0.51005069,-nan,-nan,-nan,-nan,0.00000000,0.00000000,0.00000000,0.00000000,0.00000000,0.00000000,-nan,0.00000000,13.39725833
