Y,A,A_rep,A_hid,L,Q,K,W,P,r,taua,abar,tauk,taul,WtaxRev,KtaxRev,WtaxRev_lost,KtaxRev_lost,G,lump_sum,ylbar,WtaxPct,ShelterPct,ShelterPctP99,TaxEvasionP99,ConcealPctP99,gini,p90,p99,p999,p9999,gini_total,p90_total,p99_total,p999_total,p9999_total,welfare,welfare0,approval,approval0,conceal_share_e,conceal_share_n,evasion_share_e,evasion_share_n,conceal_frac_e,conceal_frac_n,evasion_frac_e,evasion_frac_n,shelter_pct_e,shelter_pct_n,detection_rate,detection_revenue,wtax_evasion_elast
73.47920326,3.11003121,2.92559894,0.18443227,30.12127377,331.19812975,65.40078143,1.41487626,0.13832796,0.02976989,0.01475708,1217.57409001,0.25000000,0.18607132,0.17628404,5.93024095,0.13872614,0.54354378,9.29156816,0.00087819,1.08952447,0.01059318,0.10416759,39.14028057,8.72282568,53.13322288,0.77110227,0.35159769,0.65955072,0.82673021,0.93928277,0.78463438,0.33074711,0.62048543,0.78221693,0.91074742,-23.70053920,-47.56540477,0.71055972,0.35644901,0.26836452,0.73163548,0.78789586,0.21210414,0.04871737,0.06443784,0.06305509,0.01005418,0.39325491,0.03436975,0.67299517,0.04747424,29.40293878
