Y,A,A_rep,A_hid,L,Q,K,W,P,r,taua,abar,tauk,taul,WtaxRev,KtaxRev,WtaxRev_lost,KtaxRev_lost,G,lump_sum,ylbar,WtaxPct,ShelterPct,ShelterPctP99,TaxEvasionP99,ConcealPctP99,gini,p90,p99,p999,p9999,gini_total,p90_total,p99_total,p999_total,p9999_total,welfare,welfare0,approval,approval0,conceal_share_e,conceal_share_n,evasion_share_e,evasion_share_n,conceal_frac_e,conceal_frac_n,evasion_frac_e,evasion_frac_n,shelter_pct_e,shelter_pct_n,detection_rate,detection_revenue,wtax_evasion_elast
73.44799346,3.10910574,2.89283447,0.21627127,30.12272089,330.61925233,65.50234862,1.41414888,0.13848048,0.02960858,0.01412318,816.66259306,0.25000000,0.18606907,0.20056115,5.90241702,0.19189450,0.54953989,9.29156816,0.00079605,1.08952447,0.01694846,0.10515529,46.61097274,10.06964359,56.45675793,0.76909321,0.35481078,0.66663012,0.83730979,0.94354382,0.78510996,0.33012993,0.62031744,0.78351123,0.91210960,-23.72644401,-47.61704798,0.55090075,0.22840188,0.27150429,0.72849571,0.75911052,0.24088948,0.05771681,0.07532103,0.06573997,0.01239452,0.39045726,0.03627139,0.67888207,0.05823172,36.46667342
