Y,A,A_rep,A_hid,L,Q,K,W,P,r,taua,abar,tauk,taul,WtaxRev,KtaxRev,WtaxRev_lost,KtaxRev_lost,G,lump_sum,ylbar,WtaxPct,ShelterPct,ShelterPctP99,TaxEvasionP99,ConcealPctP99,gini,p90,p99,p999,p9999,gini_total,p90_total,p99_total,p999_total,p9999_total,welfare,welfare0,approval,approval0,conceal_share_e,conceal_share_n,evasion_share_e,evasion_share_n,conceal_frac_e,conceal_frac_n,evasion_frac_e,evasion_frac_n,shelter_pct_e,shelter_pct_n,detection_rate,detection_revenue,wtax_evasion_elast
65.57355186,2.85574414,2.85574414,0.00000000,29.60357566,258.81505140,50.97543891,1.28475045,0.15412408,0.04133411,0.03245521,34.93601815,0.25000000,0.18639097,1.80256202,6.93014797,0.00000000,0.00000000,9.18235041,0.01147426,1.01512040,0.85710021,0.00000000,0.00000000,0.00000000,0.00000000,0.75104204,0.38205637,0.70939078,0.84654027,0.93524771,0.75104204,0.38205637,0.70939078,0.84654027,0.93524771,-23.24909460,-46.21347562,0.85325762,0.50632336,-nan,-nan,-nan,-nan,0.00000000,0.00000000,0.00000000,0.00000000,0.00000000,0.00000000,-nan,0.00000000,13.40016428
