Y,A,A_rep,A_hid,L,Q,K,W,P,r,taua,abar,tauk,taul,WtaxRev,KtaxRev,WtaxRev_lost,KtaxRev_lost,G,lump_sum,ylbar,WtaxPct,ShelterPct,ShelterPctP99,TaxEvasionP99,ConcealPctP99,gini,p90,p99,p999,p9999,gini_total,p90_total,p99_total,p999_total,p9999_total,welfare,welfare0,approval,approval0,conceal_share_e,conceal_share_n,evasion_share_e,evasion_share_n,conceal_frac_e,conceal_frac_n,evasion_frac_e,evasion_frac_n,shelter_pct_e,shelter_pct_n,detection_rate,detection_revenue,wtax_evasion_elast
65.58891966,2.85626883,2.85626883,0.00000000,29.60574833,258.92299772,50.99296364,1.28493145,0.15409899,0.04132212,0.03199983,34.50153895,0.25000000,0.18638917,1.79429714,6.92976762,0.00000000,0.00000000,9.18235041,0.01144103,1.01512040,0.84850376,0.00000000,0.00000000,0.00000000,0.00000000,0.75118151,0.38183076,0.70878430,0.84589639,0.93499066,0.75118151,0.38183076,0.70878430,0.84589639,0.93499066,-23.25024523,-46.21350206,0.85462305,0.50669899,-nan,-nan,-nan,-nan,0.00000000,0.00000000,0.00000000,0.00000000,0.00000000,0.00000000,-nan,0.00000000,13.41547228
