Y,A,A_rep,A_hid,L,Q,K,W,P,r,taua,abar,tauk,taul,WtaxRev,KtaxRev,WtaxRev_lost,KtaxRev_lost,G,lump_sum,ylbar,WtaxPct,ShelterPct,ShelterPctP99,TaxEvasionP99,ConcealPctP99,gini,p90,p99,p999,p9999,gini_total,p90_total,p99_total,p999_total,p9999_total,welfare,welfare0,approval,approval0,conceal_share_e,conceal_share_n,evasion_share_e,evasion_share_n,conceal_frac_e,conceal_frac_n,evasion_frac_e,evasion_frac_n,shelter_pct_e,shelter_pct_n,detection_rate,detection_revenue,wtax_evasion_elast
65.51791976,2.85254160,2.85254160,0.00000000,29.59714116,258.38472902,50.86475032,1.28392528,0.15422221,0.04145407,0.03227198,33.04027949,0.25000000,0.18639785,1.83063035,6.93425674,0.00000000,0.00000000,9.18235041,0.01161584,1.01512040,0.81666933,0.00000000,0.00000000,0.00000000,0.00000000,0.75044543,0.38299397,0.70979691,0.84586811,0.93492430,0.75044543,0.38299397,0.70979691,0.84586811,0.93492430,-23.24506562,-46.21896115,0.84763318,0.49829556,-nan,-nan,-nan,-nan,0.00000000,0.00000000,0.00000000,0.00000000,0.00000000,0.00000000,-nan,0.00000000,13.38322851
