Y,A,A_rep,A_hid,L,Q,K,W,P,r,taua,abar,tauk,taul,WtaxRev,KtaxRev,WtaxRev_lost,KtaxRev_lost,G,lump_sum,ylbar,WtaxPct,ShelterPct,ShelterPctP99,TaxEvasionP99,ConcealPctP99,gini,p90,p99,p999,p9999,gini_total,p90_total,p99_total,p999_total,p9999_total,welfare,welfare0,approval,approval0,conceal_share_e,conceal_share_n,evasion_share_e,evasion_share_n,conceal_frac_e,conceal_frac_n,evasion_frac_e,evasion_frac_n,shelter_pct_e,shelter_pct_n,detection_rate,detection_revenue,wtax_evasion_elast
59.44271360,2.45174358,2.45174358,0.00000000,29.29855863,210.86222471,38.10918460,1.17674222,0.16800650,0.06074604,0.03901763,2.94022970,0.25000000,0.18685946,4.71427406,7.43522054,0.00000000,0.00000000,9.18235041,0.02181611,1.01512040,17.11145536,0.00000000,0.00000000,0.00000000,0.00000000,0.69931819,0.41729883,0.66013938,0.79982936,0.91642633,0.69931819,0.41729883,0.66013938,0.79982936,0.91642633,-23.73789660,-48.88367742,0.47470577,0.12184943,-nan,-nan,-nan,-nan,0.00000000,0.00000000,0.00000000,0.00000000,0.00000000,0.00000000,-nan,0.00000000,15.79235783
