Y,A,A_rep,A_hid,L,Q,K,W,P,r,taua,abar,tauk,taul,WtaxRev,KtaxRev,WtaxRev_lost,KtaxRev_lost,G,lump_sum,ylbar,WtaxPct,ShelterPct,ShelterPctP99,TaxEvasionP99,ConcealPctP99,gini,p90,p99,p999,p9999,gini_total,p90_total,p99_total,p999_total,p9999_total,welfare,welfare0,approval,approval0,conceal_share_e,conceal_share_n,evasion_share_e,evasion_share_n,conceal_frac_e,conceal_frac_n,evasion_frac_e,evasion_frac_n,shelter_pct_e,shelter_pct_n,detection_rate,detection_revenue,wtax_evasion_elast
73.47791743,3.11000204,2.90506993,0.20493211,30.12169690,331.14334260,65.43060903,1.41483176,0.13834618,0.02973216,0.01247843,845.99932023,0.25000000,0.18606972,0.19060644,5.91707802,0.15442633,0.54178328,9.29156816,0.00087348,1.08952447,0.01682375,0.10453925,40.04600077,8.81275575,56.09434395,0.76966150,0.35379770,0.66400168,0.83279034,0.93941870,0.78479479,0.33048437,0.62029505,0.78240493,0.91054923,-23.70418127,-47.57129359,0.68949103,0.34263442,0.25658888,0.74341112,0.77353500,0.22646500,0.05173888,0.07276600,0.06310384,0.01095038,0.38921447,0.03580667,0.66926895,0.04794077,33.68090510
