Y,A,A_rep,A_hid,L,Q,K,W,P,r,taua,abar,tauk,taul,WtaxRev,KtaxRev,WtaxRev_lost,KtaxRev_lost,G,lump_sum,ylbar,WtaxPct,ShelterPct,ShelterPctP99,TaxEvasionP99,ConcealPctP99,gini,p90,p99,p999,p9999,gini_total,p90_total,p99_total,p999_total,p9999_total,welfare,welfare0,approval,approval0,conceal_share_e,conceal_share_n,evasion_share_e,evasion_share_n,conceal_frac_e,conceal_frac_n,evasion_frac_e,evasion_frac_n,shelter_pct_e,shelter_pct_n,detection_rate,detection_revenue,wtax_evasion_elast
73.48110930,3.10999494,2.88896327,0.22103167,30.12461872,331.10793783,65.47761151,1.41479090,0.13836917,0.02968049,0.01071065,615.84177655,0.25000000,0.18606535,0.19515457,5.90187601,0.16208222,0.54476004,9.29156816,0.00075979,1.08952447,0.02429933,0.10569801,42.47115165,8.94453253,58.03038734,0.76848657,0.35563763,0.66750562,0.83743461,0.93959769,0.78489355,0.33036197,0.62011275,0.78239017,0.91020571,-23.71553307,-47.59280987,0.63147721,0.29736527,0.25265579,0.74734421,0.77022192,0.22977808,0.05492499,0.07891416,0.06378009,0.01128233,0.39044596,0.03694787,0.66767444,0.05034717,39.59106135
