Y,A,A_rep,A_hid,L,Q,K,W,P,r,taua,abar,tauk,taul,WtaxRev,KtaxRev,WtaxRev_lost,KtaxRev_lost,G,lump_sum,ylbar,WtaxPct,ShelterPct,ShelterPctP99,TaxEvasionP99,ConcealPctP99,gini,p90,p99,p999,p9999,gini_total,p90_total,p99_total,p999_total,p9999_total,welfare,welfare0,approval,approval0,conceal_share_e,conceal_share_n,evasion_share_e,evasion_share_n,conceal_frac_e,conceal_frac_n,evasion_frac_e,evasion_frac_n,shelter_pct_e,shelter_pct_n,detection_rate,detection_revenue,wtax_evasion_elast
65.81441241,2.86706658,2.86706658,0.00000000,29.63555062,260.64245537,51.37930434,1.28805041,0.15370999,0.04094680,0.03197044,43.99587185,0.25000000,0.18635041,1.66402719,6.91612563,0.00000000,0.00000000,9.18235041,0.01067588,1.01512040,0.55348823,0.00000000,0.00000000,0.00000000,0.00000000,0.75331037,0.37837770,0.70532552,0.84723859,0.93579247,0.75331037,0.37837770,0.70532552,0.84723859,0.93579247,-23.28371965,-46.23380451,0.86835940,0.52684793,-nan,-nan,-nan,-nan,0.00000000,0.00000000,0.00000000,0.00000000,0.00000000,0.00000000,-nan,0.00000000,13.45328728
