Y,A,A_rep,A_hid,L,Q,K,W,P,r,taua,abar,tauk,taul,WtaxRev,KtaxRev,WtaxRev_lost,KtaxRev_lost,G,lump_sum,ylbar,WtaxPct,ShelterPct,ShelterPctP99,TaxEvasionP99,ConcealPctP99,gini,p90,p99,p999,p9999,gini_total,p90_total,p99_total,p999_total,p9999_total,welfare,welfare0,approval,approval0,conceal_share_e,conceal_share_n,evasion_share_e,evasion_share_n,conceal_frac_e,conceal_frac_n,evasion_frac_e,evasion_frac_n,shelter_pct_e,shelter_pct_n,detection_rate,detection_revenue,wtax_evasion_elast
65.60839612,2.85737787,2.85737787,0.00000000,29.60788843,259.07003498,51.03018755,1.28521412,0.15406524,0.04128214,0.03210292,35.25221336,0.25000000,0.18638747,1.78460807,6.92845976,0.00000000,0.00000000,9.18235041,0.01139203,1.01512040,0.63954444,0.00000000,0.00000000,0.00000000,0.00000000,0.75138253,0.38147226,0.70869194,0.84619422,0.93512308,0.75138253,0.38147226,0.70869194,0.84619422,0.93512308,-23.25164509,-46.21215901,0.85603525,0.50999923,-nan,-nan,-nan,-nan,0.00000000,0.00000000,0.00000000,0.00000000,0.00000000,0.00000000,-nan,0.00000000,13.42550184
