Y,A,A_rep,A_hid,L,Q,K,W,P,r,taua,abar,tauk,taul,WtaxRev,KtaxRev,WtaxRev_lost,KtaxRev_lost,G,lump_sum,ylbar,WtaxPct,ShelterPct,ShelterPctP99,TaxEvasionP99,ConcealPctP99,gini,p90,p99,p999,p9999,gini_total,p90_total,p99_total,p999_total,p9999_total,welfare,welfare0,approval,approval0,conceal_share_e,conceal_share_n,evasion_share_e,evasion_share_n,conceal_frac_e,conceal_frac_n,evasion_frac_e,evasion_frac_n,shelter_pct_e,shelter_pct_n,detection_rate,detection_revenue,wtax_evasion_elast
65.65686062,2.86007688,2.86007688,0.00000000,29.61334771,259.44708488,51.12093084,1.28592824,0.15397771,0.04118762,0.03305228,39.94740115,0.25000000,0.18637518,1.75223728,6.92518125,0.00000000,0.00000000,9.18235041,0.01116505,1.01512040,0.67917614,0.00000000,0.00000000,0.00000000,0.00000000,0.75178476,0.38085017,0.70861184,0.84802083,0.93598131,0.75178476,0.38085017,0.70861184,0.84802083,0.93598131,-23.26208088,-46.22286492,0.85643899,0.51008183,-nan,-nan,-nan,-nan,0.00000000,0.00000000,0.00000000,0.00000000,0.00000000,0.00000000,-nan,0.00000000,13.36852625
