Y,A,A_rep,A_hid,L,Q,K,W,P,r,taua,abar,tauk,taul,WtaxRev,KtaxRev,WtaxRev_lost,KtaxRev_lost,G,lump_sum,ylbar,WtaxPct,ShelterPct,ShelterPctP99,TaxEvasionP99,ConcealPctP99,gini,p90,p99,p999,p9999,gini_total,p90_total,p99_total,p999_total,p9999_total,welfare,welfare0,approval,approval0,conceal_share_e,conceal_share_n,evasion_share_e,evasion_share_n,conceal_frac_e,conceal_frac_n,evasion_frac_e,evasion_frac_n,shelter_pct_e,shelter_pct_n,detection_rate,detection_revenue,wtax_evasion_elast
73.52514631,3.11193082,2.93019898,0.18173184,30.12771042,331.61120456,65.45990276,1.41545495,0.13825900,0.02974752,0.01190077,1205.81879411,0.25000000,0.18606468,0.15061139,5.92885895,0.11069146,0.54478879,9.29156816,0.00067606,1.08952447,0.01078145,0.10337862,36.17870752,8.69322144,53.27606987,0.77143720,0.35104812,0.65828278,0.82477342,0.93732657,0.78474317,0.33054746,0.61988748,0.78109065,0.90953093,-23.70840309,-47.57590926,0.68414658,0.33192693,0.26638434,0.73361566,0.81087054,0.18912946,0.04763224,0.06361990,0.06255370,0.00862859,0.39045221,0.03406697,0.67897419,0.04639691,32.16306382
