Y,A,A_rep,A_hid,L,Q,K,W,P,r,taua,abar,tauk,taul,WtaxRev,KtaxRev,WtaxRev_lost,KtaxRev_lost,G,lump_sum,ylbar,WtaxPct,ShelterPct,ShelterPctP99,TaxEvasionP99,ConcealPctP99,gini,p90,p99,p999,p9999,gini_total,p90_total,p99_total,p999_total,p9999_total,welfare,welfare0,approval,approval0,conceal_share_e,conceal_share_n,evasion_share_e,evasion_share_n,conceal_frac_e,conceal_frac_n,evasion_frac_e,evasion_frac_n,shelter_pct_e,shelter_pct_n,detection_rate,detection_revenue,wtax_evasion_elast
65.58839568,2.85657373,2.85657373,0.00000000,29.60494814,258.92193413,51.00086868,1.28495807,0.15409862,0.04130741,0.03250401,35.56814854,0.25000000,0.18639007,1.79489783,6.92937847,0.00000000,0.00000000,9.18235041,0.01144144,1.01512040,0.64063640,0.00000000,0.00000000,0.00000000,0.00000000,0.75118201,0.38181380,0.70926708,0.84671002,0.93532806,0.75118201,0.38181380,0.70926708,0.84671002,0.93532806,-23.24966823,-46.21149948,0.85521930,0.50995681,-nan,-nan,-nan,-nan,0.00000000,0.00000000,0.00000000,0.00000000,0.00000000,0.00000000,-nan,0.00000000,13.39709255
