Y,A,A_rep,A_hid,L,Q,K,W,P,r,taua,abar,tauk,taul,WtaxRev,KtaxRev,WtaxRev_lost,KtaxRev_lost,G,lump_sum,ylbar,WtaxPct,ShelterPct,ShelterPctP99,TaxEvasionP99,ConcealPctP99,gini,p90,p99,p999,p9999,gini_total,p90_total,p99_total,p999_total,p9999_total,welfare,welfare0,approval,approval0,conceal_share_e,conceal_share_n,evasion_share_e,evasion_share_n,conceal_frac_e,conceal_frac_n,evasion_frac_e,evasion_frac_n,shelter_pct_e,shelter_pct_n,detection_rate,detection_revenue,wtax_evasion_elast
64.58769745,2.81240684,2.81240684,0.00000000,29.46766140,251.26811832,49.44454897,1.27125638,0.15590236,0.04274506,0.04614312,31.72476958,0.25000000,0.18651599,2.30292957,6.98443604,0.00000000,0.00000000,9.18235041,0.01369731,1.01512040,0.73938447,0.00000000,0.00000000,0.00000000,0.00000000,0.74136990,0.39682863,0.73216653,0.86022730,0.94010950,0.74136990,0.39682863,0.73216653,0.86022730,0.94010950,-23.18467911,-46.29195766,0.78540432,0.41759745,-nan,-nan,-nan,-nan,0.00000000,0.00000000,0.00000000,0.00000000,0.00000000,0.00000000,-nan,0.00000000,12.55454880
