Y,A,A_rep,A_hid,L,Q,K,W,P,r,taua,abar,tauk,taul,WtaxRev,KtaxRev,WtaxRev_lost,KtaxRev_lost,G,lump_sum,ylbar,WtaxPct,ShelterPct,ShelterPctP99,TaxEvasionP99,ConcealPctP99,gini,p90,p99,p999,p9999,gini_total,p90_total,p99_total,p999_total,p9999_total,welfare,welfare0,approval,approval0,conceal_share_e,conceal_share_n,evasion_share_e,evasion_share_n,conceal_frac_e,conceal_frac_n,evasion_frac_e,evasion_frac_n,shelter_pct_e,shelter_pct_n,detection_rate,detection_revenue,wtax_evasion_elast
65.53793653,2.85405186,2.85405186,0.00000000,29.59842990,258.54201727,50.91362444,1.28426237,0.15418491,0.04139422,0.03284273,34.67335133,0.25000000,0.18639630,1.82165018,6.93231547,0.00000000,0.00000000,9.18235041,0.01156999,1.01512040,0.84987078,0.00000000,0.00000000,0.00000000,0.00000000,0.75069466,0.38268558,0.71019725,0.84692216,0.93538859,0.75069466,0.38268558,0.71019725,0.84692216,0.93538859,-23.24563043,-46.21456540,0.85085075,0.50115417,-nan,-nan,-nan,-nan,0.00000000,0.00000000,0.00000000,0.00000000,0.00000000,0.00000000,-nan,0.00000000,13.36745660
