Y,A,A_rep,A_hid,L,Q,K,W,P,r,taua,abar,tauk,taul,WtaxRev,KtaxRev,WtaxRev_lost,KtaxRev_lost,G,lump_sum,ylbar,WtaxPct,ShelterPct,ShelterPctP99,TaxEvasionP99,ConcealPctP99,gini,p90,p99,p999,p9999,gini_total,p90_total,p99_total,p999_total,p9999_total,welfare,welfare0,approval,approval0,conceal_share_e,conceal_share_n,evasion_share_e,evasion_share_n,conceal_frac_e,conceal_frac_n,evasion_frac_e,evasion_frac_n,shelter_pct_e,shelter_pct_n,detection_rate,detection_revenue,wtax_evasion_elast
65.48621493,2.85304099,2.85304099,0.00000000,29.58817381,258.15869757,50.86690548,1.28369953,0.15426994,0.04140647,0.03657231,41.62798166,0.25000000,0.18639813,1.84180563,6.93360455,0.00000000,0.00000000,9.18235041,0.01158912,1.01512040,0.52678983,0.00000000,0.00000000,0.00000000,0.00000000,0.75014867,0.38329777,0.71351438,0.85221232,0.93762372,0.75014867,0.38329777,0.71351438,0.85221232,0.93762372,-23.24616526,-46.22397401,0.84147361,0.47374941,-nan,-nan,-nan,-nan,0.00000000,0.00000000,0.00000000,0.00000000,0.00000000,0.00000000,-nan,0.00000000,13.16870153
