Y,A,A_rep,A_hid,L,Q,K,W,P,r,taua,abar,tauk,taul,WtaxRev,KtaxRev,WtaxRev_lost,KtaxRev_lost,G,lump_sum,ylbar,WtaxPct,ShelterPct,ShelterPctP99,TaxEvasionP99,ConcealPctP99,gini,p90,p99,p999,p9999,gini_total,p90_total,p99_total,p999_total,p9999_total,welfare,welfare0,approval,approval0,conceal_share_e,conceal_share_n,evasion_share_e,evasion_share_n,conceal_frac_e,conceal_frac_n,evasion_frac_e,evasion_frac_n,shelter_pct_e,shelter_pct_n,detection_rate,detection_revenue,wtax_evasion_elast
65.54271581,2.85456299,2.85456299,0.00000000,29.59862919,258.58657482,50.92983243,1.28436355,0.15417436,0.04137306,0.03334874,36.12116864,0.25000000,0.18639491,1.81735923,6.93149958,0.00000000,0.00000000,9.18235041,0.01153187,1.01512040,0.64197492,0.00000000,0.00000000,0.00000000,0.00000000,0.75075335,0.38248280,0.71055937,0.84774694,0.93574953,0.75075335,0.38248280,0.71055937,0.84774694,0.93574953,-23.24739742,-46.21602335,0.85070171,0.50167631,-nan,-nan,-nan,-nan,0.00000000,0.00000000,0.00000000,0.00000000,0.00000000,0.00000000,-nan,0.00000000,13.34089942
