Y,A,A_rep,A_hid,L,Q,K,W,P,r,taua,abar,tauk,taul,WtaxRev,KtaxRev,WtaxRev_lost,KtaxRev_lost,G,lump_sum,ylbar,WtaxPct,ShelterPct,ShelterPctP99,TaxEvasionP99,ConcealPctP99,gini,p90,p99,p999,p9999,gini_total,p90_total,p99_total,p999_total,p9999_total,welfare,welfare0,approval,approval0,conceal_share_e,conceal_share_n,evasion_share_e,evasion_share_n,conceal_frac_e,conceal_frac_n,evasion_frac_e,evasion_frac_n,shelter_pct_e,shelter_pct_n,detection_rate,detection_revenue,wtax_evasion_elast
65.55119654,2.85491306,2.85491306,0.00000000,29.59978547,258.64498615,50.94222278,1.28446697,0.15416133,0.04136168,0.03316049,35.91109934,0.25000000,0.18639381,1.81351159,6.93121119,0.00000000,0.00000000,9.18235041,0.01151658,1.01512040,0.64086681,0.00000000,0.00000000,0.00000000,0.00000000,0.75081887,0.38240123,0.71029081,0.84751733,0.93564946,0.75081887,0.38240123,0.71029081,0.84751733,0.93564946,-23.24773121,-46.21531756,0.85119622,0.50166836,-nan,-nan,-nan,-nan,0.00000000,0.00000000,0.00000000,0.00000000,0.00000000,0.00000000,-nan,0.00000000,13.35555371
