Y,A,A_rep,A_hid,L,Q,K,W,P,r,taua,abar,tauk,taul,WtaxRev,KtaxRev,WtaxRev_lost,KtaxRev_lost,G,lump_sum,ylbar,WtaxPct,ShelterPct,ShelterPctP99,TaxEvasionP99,ConcealPctP99,gini,p90,p99,p999,p9999,gini_total,p90_total,p99_total,p999_total,p9999_total,welfare,welfare0,approval,approval0,conceal_share_e,conceal_share_n,evasion_share_e,evasion_share_n,conceal_frac_e,conceal_frac_n,evasion_frac_e,evasion_frac_n,shelter_pct_e,shelter_pct_n,detection_rate,detection_revenue,wtax_evasion_elast
66.11449311,2.88102894,2.88102894,0.00000000,29.67876831,262.88097334,51.90158374,1.29203532,0.15322676,0.04044199,0.03209046,62.06308541,0.25000000,0.18629584,1.48882165,6.89904708,0.00000000,0.00000000,9.18235041,0.00962614,1.01512040,0.40659145,0.00000000,0.00000000,0.00000000,0.00000000,0.75604984,0.37404621,0.69954251,0.84868696,0.93683886,0.75604984,0.37404621,0.69954251,0.84868696,0.93683886,-23.33381457,-46.27335876,0.88500675,0.61017692,-nan,-nan,-nan,-nan,0.00000000,0.00000000,0.00000000,0.00000000,0.00000000,0.00000000,-nan,0.00000000,13.52731114
