Y,A,A_rep,A_hid,L,Q,K,W,P,r,taua,abar,tauk,taul,WtaxRev,KtaxRev,WtaxRev_lost,KtaxRev_lost,G,lump_sum,ylbar,WtaxPct,ShelterPct,ShelterPctP99,TaxEvasionP99,ConcealPctP99,gini,p90,p99,p999,p9999,gini_total,p90_total,p99_total,p999_total,p9999_total,welfare,welfare0,approval,approval0,conceal_share_e,conceal_share_n,evasion_share_e,evasion_share_n,conceal_frac_e,conceal_frac_n,evasion_frac_e,evasion_frac_n,shelter_pct_e,shelter_pct_n,detection_rate,detection_revenue,wtax_evasion_elast
65.58443768,2.85639695,2.85639695,0.00000000,29.60439246,258.88199648,50.99296056,1.28488594,0.15410834,0.04131465,0.03247266,35.27627688,0.25000000,0.18639035,1.79769912,6.92986736,0.00000000,0.00000000,9.18235041,0.01145738,1.01512040,0.63856749,0.00000000,0.00000000,0.00000000,0.00000000,0.75114344,0.38186370,0.70931488,0.84662899,0.93529150,0.75114344,0.38186370,0.70931488,0.84662899,0.93529150,-23.24919854,-46.21176548,0.85463236,0.50707538,-nan,-nan,-nan,-nan,0.00000000,0.00000000,0.00000000,0.00000000,0.00000000,0.00000000,-nan,0.00000000,13.40126707
