Y,A,A_rep,A_hid,L,Q,K,W,P,r,taua,abar,tauk,taul,WtaxRev,KtaxRev,WtaxRev_lost,KtaxRev_lost,G,lump_sum,ylbar,WtaxPct,ShelterPct,ShelterPctP99,TaxEvasionP99,ConcealPctP99,gini,p90,p99,p999,p9999,gini_total,p90_total,p99_total,p999_total,p9999_total,welfare,welfare0,approval,approval0,conceal_share_e,conceal_share_n,evasion_share_e,evasion_share_n,conceal_frac_e,conceal_frac_n,evasion_frac_e,evasion_frac_n,shelter_pct_e,shelter_pct_n,detection_rate,detection_revenue,wtax_evasion_elast
65.58857240,2.85658015,2.85658015,0.00000000,29.60489960,258.92193958,51.00055398,1.28495882,0.15409841,0.04130785,0.03249469,35.54709203,0.25000000,0.18639027,1.79484369,6.92943286,0.00000000,0.00000000,9.18235041,0.01144279,1.01512040,0.64054777,0.00000000,0.00000000,0.00000000,0.00000000,0.75118608,0.38180972,0.70925778,0.84669590,0.93531899,0.75118608,0.38180972,0.70925778,0.84669590,0.93531899,-23.24955966,-46.21130264,0.85521564,0.50995681,-nan,-nan,-nan,-nan,0.00000000,0.00000000,0.00000000,0.00000000,0.00000000,0.00000000,-nan,0.00000000,13.39788735
