Y,A,A_rep,A_hid,L,Q,K,W,P,r,taua,abar,tauk,taul,WtaxRev,KtaxRev,WtaxRev_lost,KtaxRev_lost,G,lump_sum,ylbar,WtaxPct,ShelterPct,ShelterPctP99,TaxEvasionP99,ConcealPctP99,gini,p90,p99,p999,p9999,gini_total,p90_total,p99_total,p999_total,p9999_total,welfare,welfare0,approval,approval0,conceal_share_e,conceal_share_n,evasion_share_e,evasion_share_n,conceal_frac_e,conceal_frac_n,evasion_frac_e,evasion_frac_n,shelter_pct_e,shelter_pct_n,detection_rate,detection_revenue,wtax_evasion_elast
64.61359784,2.80554158,2.80554158,0.00000000,29.48727516,251.49839720,49.23242503,1.27092022,0.15583625,0.04318196,0.03685785,21.85011113,0.25000000,0.18648620,2.26393423,6.99293182,0.00000000,0.00000000,9.18235041,0.01346490,1.01512040,1.30164828,0.00000000,0.00000000,0.00000000,0.00000000,0.74024813,0.39887348,0.72023861,0.84693992,0.93474605,0.74024813,0.39887348,0.72023861,0.84693992,0.93474605,-23.20028904,-46.34639238,0.77736362,0.40470549,-nan,-nan,-nan,-nan,0.00000000,0.00000000,0.00000000,0.00000000,0.00000000,0.00000000,-nan,0.00000000,13.38263653
