Y,A,A_rep,A_hid,L,Q,K,W,P,r,taua,abar,tauk,taul,WtaxRev,KtaxRev,WtaxRev_lost,KtaxRev_lost,G,lump_sum,ylbar,WtaxPct,ShelterPct,ShelterPctP99,TaxEvasionP99,ConcealPctP99,gini,p90,p99,p999,p9999,gini_total,p90_total,p99_total,p999_total,p9999_total,welfare,welfare0,approval,approval0,conceal_share_e,conceal_share_n,evasion_share_e,evasion_share_n,conceal_frac_e,conceal_frac_n,evasion_frac_e,evasion_frac_n,shelter_pct_e,shelter_pct_n,detection_rate,detection_revenue,wtax_evasion_elast
65.58282533,2.85631829,2.85631829,0.00000000,29.60422571,258.87706567,50.99178894,1.28487723,0.15410921,0.04131570,0.03249470,35.29535578,0.25000000,0.18639128,1.79817530,6.92977324,0.00000000,0.00000000,9.18235041,0.01146229,1.01512040,0.63858492,0.00000000,0.00000000,0.00000000,0.00000000,0.75113127,0.38188308,0.70935377,0.84666101,0.93530076,0.75113127,0.38188308,0.70935377,0.84666101,0.93530076,-23.24870730,-46.21081356,0.85491446,0.50995652,-nan,-nan,-nan,-nan,0.00000000,0.00000000,0.00000000,0.00000000,0.00000000,0.00000000,-nan,0.00000000,13.40100777
