Y,A,A_rep,A_hid,L,Q,K,W,P,r,taua,abar,tauk,taul,WtaxRev,KtaxRev,WtaxRev_lost,KtaxRev_lost,G,lump_sum,ylbar,WtaxPct,ShelterPct,ShelterPctP99,TaxEvasionP99,ConcealPctP99,gini,p90,p99,p999,p9999,gini_total,p90_total,p99_total,p999_total,p9999_total,welfare,welfare0,approval,approval0,conceal_share_e,conceal_share_n,evasion_share_e,evasion_share_n,conceal_frac_e,conceal_frac_n,evasion_frac_e,evasion_frac_n,shelter_pct_e,shelter_pct_n,detection_rate,detection_revenue,wtax_evasion_elast
73.43291438,3.10994772,2.89458391,0.21536381,30.12437418,330.34081047,65.60526536,1.41384827,0.13856463,0.02947172,0.01828466,1079.87193653,0.25000000,0.18606670,0.18474307,5.91371949,0.23024560,0.53831198,9.29156816,0.00077618,1.08952447,0.01219456,0.10547151,56.34866950,10.86870139,52.73845542,0.76980289,0.35375520,0.66560383,0.83685678,0.94820622,0.78570042,0.32925766,0.61957120,0.78337122,0.91310952,-23.74012009,-47.64042400,0.48260716,0.08607761,0.30101561,0.69898439,0.75022333,0.24977667,0.06361452,0.07199665,0.06719245,0.01331766,0.39548917,0.03544904,0.66705486,0.06377669,37.29485340
