Y,A,A_rep,A_hid,L,Q,K,W,P,r,taua,abar,tauk,taul,WtaxRev,KtaxRev,WtaxRev_lost,KtaxRev_lost,G,lump_sum,ylbar,WtaxPct,ShelterPct,ShelterPctP99,TaxEvasionP99,ConcealPctP99,gini,p90,p99,p999,p9999,gini_total,p90_total,p99_total,p999_total,p9999_total,welfare,welfare0,approval,approval0,conceal_share_e,conceal_share_n,evasion_share_e,evasion_share_n,conceal_frac_e,conceal_frac_n,evasion_frac_e,evasion_frac_n,shelter_pct_e,shelter_pct_n,detection_rate,detection_revenue,wtax_evasion_elast
65.00957860,2.83164159,2.83164159,0.00000000,29.52318904,254.50335196,50.11297675,1.27715326,0.15512419,0.04210567,0.04152103,35.35124157,0.25000000,0.18646791,2.09267468,6.96035562,0.00000000,0.00000000,9.18235041,0.01280960,1.01512040,0.60804500,0.00000000,0.00000000,0.00000000,0.00000000,0.74570428,0.39030014,0.72371301,0.85653546,0.93887324,0.74570428,0.39030014,0.72371301,0.85653546,0.93887324,-23.20582815,-46.24470946,0.81006821,0.44504755,-nan,-nan,-nan,-nan,0.00000000,0.00000000,0.00000000,0.00000000,0.00000000,0.00000000,-nan,0.00000000,12.83991687
