Y,A,A_rep,A_hid,L,Q,K,W,P,r,taua,abar,tauk,taul,WtaxRev,KtaxRev,WtaxRev_lost,KtaxRev_lost,G,lump_sum,ylbar,WtaxPct,ShelterPct,ShelterPctP99,TaxEvasionP99,ConcealPctP99,gini,p90,p99,p999,p9999,gini_total,p90_total,p99_total,p999_total,p9999_total,welfare,welfare0,approval,approval0,conceal_share_e,conceal_share_n,evasion_share_e,evasion_share_n,conceal_frac_e,conceal_frac_n,evasion_frac_e,evasion_frac_n,shelter_pct_e,shelter_pct_n,detection_rate,detection_revenue,wtax_evasion_elast
73.47914660,3.10996707,2.91381445,0.19615262,30.12191741,331.16113695,65.41094562,1.41482561,0.13833972,0.02975626,0.01301007,969.16665945,0.25000000,0.18607018,0.18403244,5.92095068,0.14549484,0.54442749,9.29156816,0.00084595,1.08952447,0.01423004,0.10481939,39.26039097,8.75010265,55.33906972,0.77023569,0.35292164,0.66211120,0.83004857,0.93909760,0.78468363,0.33066208,0.62039809,0.78222756,0.91049772,-23.70472679,-47.57353636,0.68573292,0.33779789,0.26035250,0.73964750,0.78136429,0.21863571,0.05025998,0.06928965,0.06320944,0.01047865,0.39292169,0.03525938,0.67025246,0.04760236,31.85987164
