Y,A,A_rep,A_hid,L,Q,K,W,P,r,taua,abar,tauk,taul,WtaxRev,KtaxRev,WtaxRev_lost,KtaxRev_lost,G,lump_sum,ylbar,WtaxPct,ShelterPct,ShelterPctP99,TaxEvasionP99,ConcealPctP99,gini,p90,p99,p999,p9999,gini_total,p90_total,p99_total,p999_total,p9999_total,welfare,welfare0,approval,approval0,conceal_share_e,conceal_share_n,evasion_share_e,evasion_share_n,conceal_frac_e,conceal_frac_n,evasion_frac_e,evasion_frac_n,shelter_pct_e,shelter_pct_n,detection_rate,detection_revenue,wtax_evasion_elast
73.40707256,3.10852881,2.86916597,0.23936284,30.12583736,329.96793566,65.61618473,1.41327917,0.13865643,0.02943035,0.01579273,724.67246267,0.25000000,0.18606228,0.21104421,5.88056097,0.25377348,0.55571617,9.29156816,0.00059703,1.08952447,0.01828966,0.10812887,61.24952640,11.41249123,54.73652916,0.76781587,0.35680547,0.67162049,0.84500865,0.94851261,0.78564686,0.32933074,0.61996483,0.78448057,0.91361443,-23.76322972,-47.69152662,0.40151443,0.03103729,0.28766960,0.71233040,0.73579966,0.26420034,0.06756440,0.08160531,0.06926676,0.01482293,0.40129602,0.03734598,0.67366149,0.06825954,40.83328094
