Y,A,A_rep,A_hid,L,Q,K,W,P,r,taua,abar,tauk,taul,WtaxRev,KtaxRev,WtaxRev_lost,KtaxRev_lost,G,lump_sum,ylbar,WtaxPct,ShelterPct,ShelterPctP99,TaxEvasionP99,ConcealPctP99,gini,p90,p99,p999,p9999,gini_total,p90_total,p99_total,p999_total,p9999_total,welfare,welfare0,approval,approval0,conceal_share_e,conceal_share_n,evasion_share_e,evasion_share_n,conceal_frac_e,conceal_frac_n,evasion_frac_e,evasion_frac_n,shelter_pct_e,shelter_pct_n,detection_rate,detection_revenue,wtax_evasion_elast
65.12241144,2.83828985,2.83828985,0.00000000,29.53736037,255.31751483,50.35698180,1.27876091,0.15494797,0.04181880,0.04631509,48.50162752,0.25000000,0.18643481,2.01120086,6.95192814,0.00000000,0.00000000,9.18235041,0.01220563,1.01512040,0.42513697,0.00000000,0.00000000,0.00000000,0.00000000,0.74673358,0.38839084,0.72397257,0.86325942,0.94207692,0.74673358,0.38839084,0.72397257,0.86325942,0.94207692,-23.23846185,-46.28335893,0.80382603,0.43423996,-nan,-nan,-nan,-nan,0.00000000,0.00000000,0.00000000,0.00000000,0.00000000,0.00000000,-nan,0.00000000,12.62446121
