Y,A,A_rep,A_hid,L,Q,K,W,P,r,taua,abar,tauk,taul,WtaxRev,KtaxRev,WtaxRev_lost,KtaxRev_lost,G,lump_sum,ylbar,WtaxPct,ShelterPct,ShelterPctP99,TaxEvasionP99,ConcealPctP99,gini,p90,p99,p999,p9999,gini_total,p90_total,p99_total,p999_total,p9999_total,welfare,welfare0,approval,approval0,conceal_share_e,conceal_share_n,evasion_share_e,evasion_share_n,conceal_frac_e,conceal_frac_n,evasion_frac_e,evasion_frac_n,shelter_pct_e,shelter_pct_n,detection_rate,detection_revenue,wtax_evasion_elast
65.58867351,2.85665897,2.85665897,0.00000000,29.60456814,258.89988691,50.99591311,1.28492105,0.15410364,0.04131226,0.03241923,35.28396114,0.25000000,0.18638902,1.79590082,6.93020385,0.00000000,0.00000000,9.18235041,0.01145285,1.01512040,0.63885285,0.00000000,0.00000000,0.00000000,0.00000000,0.75118421,0.38180945,0.70924273,0.84656387,0.93526506,0.75118421,0.38180945,0.70924273,0.84656387,0.93526506,-23.24936365,-46.21178008,0.85477131,0.50711311,-nan,-nan,-nan,-nan,0.00000000,0.00000000,0.00000000,0.00000000,0.00000000,0.00000000,-nan,0.00000000,13.40043154
