Y,A,A_rep,A_hid,L,Q,K,W,P,r,taua,abar,tauk,taul,WtaxRev,KtaxRev,WtaxRev_lost,KtaxRev_lost,G,lump_sum,ylbar,WtaxPct,ShelterPct,ShelterPctP99,TaxEvasionP99,ConcealPctP99,gini,p90,p99,p999,p9999,gini_total,p90_total,p99_total,p999_total,p9999_total,welfare,welfare0,approval,approval0,conceal_share_e,conceal_share_n,evasion_share_e,evasion_share_n,conceal_frac_e,conceal_frac_n,evasion_frac_e,evasion_frac_n,shelter_pct_e,shelter_pct_n,detection_rate,detection_revenue,wtax_evasion_elast
73.50306525,3.11090555,2.91493060,0.19597494,30.12484804,331.39688452,65.44721564,1.41517267,0.13829873,0.02973949,0.01181894,952.90792340,0.25000000,0.18606727,0.17202122,5.92144399,0.13339265,0.54276643,9.29156816,0.00077598,1.08952447,0.01436562,0.10461712,38.76429981,8.67374224,55.38591275,0.77035033,0.35273057,0.66170481,0.82939458,0.93840354,0.78477372,0.33050991,0.62006776,0.78165020,0.90992428,-23.70593137,-47.57251167,0.68986449,0.34390430,0.25975858,0.74024142,0.79078751,0.20921249,0.05008691,0.06926016,0.06278950,0.00983540,0.39225562,0.03516908,0.66946050,0.04727344,33.54407478
