Y,A,A_rep,A_hid,L,Q,K,W,P,r,taua,abar,tauk,taul,WtaxRev,KtaxRev,WtaxRev_lost,KtaxRev_lost,G,lump_sum,ylbar,WtaxPct,ShelterPct,ShelterPctP99,TaxEvasionP99,ConcealPctP99,gini,p90,p99,p999,p9999,gini_total,p90_total,p99_total,p999_total,p9999_total,welfare,welfare0,approval,approval0,conceal_share_e,conceal_share_n,evasion_share_e,evasion_share_n,conceal_frac_e,conceal_frac_n,evasion_frac_e,evasion_frac_n,shelter_pct_e,shelter_pct_n,detection_rate,detection_revenue,wtax_evasion_elast
64.96109467,2.82914483,2.82914483,0.00000000,29.51734542,254.13614104,50.02434774,1.27645482,0.15521032,0.04220019,0.04158993,34.30156483,0.25000000,0.18647331,2.11657032,6.96353388,0.00000000,0.00000000,9.18235041,0.01291670,1.01512040,0.81523604,0.00000000,0.00000000,0.00000000,0.00000000,0.74512616,0.39119098,0.72432273,0.85634509,0.93875531,0.74512616,0.39119098,0.72432273,0.85634509,0.93875531,-23.20287110,-46.24934160,0.80586755,0.43826461,-nan,-nan,-nan,-nan,0.00000000,0.00000000,0.00000000,0.00000000,0.00000000,0.00000000,-nan,0.00000000,12.82244923
