Y,A,A_rep,A_hid,L,Q,K,W,P,r,taua,abar,tauk,taul,WtaxRev,KtaxRev,WtaxRev_lost,KtaxRev_lost,G,lump_sum,ylbar,WtaxPct,ShelterPct,ShelterPctP99,TaxEvasionP99,ConcealPctP99,gini,p90,p99,p999,p9999,gini_total,p90_total,p99_total,p999_total,p9999_total,welfare,welfare0,approval,approval0,conceal_share_e,conceal_share_n,evasion_share_e,evasion_share_n,conceal_frac_e,conceal_frac_n,evasion_frac_e,evasion_frac_n,shelter_pct_e,shelter_pct_n,detection_rate,detection_revenue,wtax_evasion_elast
73.55944027,3.11331755,2.92018479,0.19313276,30.13251801,331.89201341,65.53208188,1.41588918,0.13821813,0.02969683,0.00913322,957.76374540,0.25000000,0.18606033,0.13891728,5.92244130,0.10152092,0.54124706,9.29156816,0.00055322,1.08952447,0.01485397,0.10393667,36.46129050,8.47850865,55.16151735,0.77083242,0.35201185,0.66010854,0.82694938,0.93664374,0.78500557,0.33017501,0.61920582,0.78014242,0.90851746,-23.71483907,-47.58246945,0.65762897,0.31403515,0.26075662,0.73924338,0.81920726,0.18079274,0.04951836,0.06810646,0.06207225,0.00809816,0.39135922,0.03454078,0.67189592,0.04580967,38.21668760
