Y,A,A_rep,A_hid,L,Q,K,W,P,r,taua,abar,tauk,taul,WtaxRev,KtaxRev,WtaxRev_lost,KtaxRev_lost,G,lump_sum,ylbar,WtaxPct,ShelterPct,ShelterPctP99,TaxEvasionP99,ConcealPctP99,gini,p90,p99,p999,p9999,gini_total,p90_total,p99_total,p999_total,p9999_total,welfare,welfare0,approval,approval0,conceal_share_e,conceal_share_n,evasion_share_e,evasion_share_n,conceal_frac_e,conceal_frac_n,evasion_frac_e,evasion_frac_n,shelter_pct_e,shelter_pct_n,detection_rate,detection_revenue,wtax_evasion_elast
59.61984061,2.44015044,2.44015044,0.00000000,29.45163679,211.22777955,37.75708261,1.17410599,0.16824339,0.06211104,0.03000000,1.52730028,0.25000000,0.18680413,4.86189344,7.44983683,0.00000000,0.00000000,9.18235041,0.02465434,1.01512040,27.13371620,0.00000000,0.00000000,0.00000000,0.00000000,0.74085912,0.35329220,0.62219100,0.78040913,0.91038107,0.74085912,0.35329220,0.62219100,0.78040913,0.91038107,-24.09114891,-49.18189119,0.44809910,0.07925116,-nan,-nan,-nan,-nan,0.00000000,0.00000000,0.00000000,0.00000000,0.00000000,0.00000000,-nan,0.00000000,16.25493067
