Y,A,A_rep,A_hid,L,Q,K,W,P,r,taua,abar,tauk,taul,WtaxRev,KtaxRev,WtaxRev_lost,KtaxRev_lost,G,lump_sum,ylbar,WtaxPct,ShelterPct,ShelterPctP99,TaxEvasionP99,ConcealPctP99,gini,p90,p99,p999,p9999,gini_total,p90_total,p99_total,p999_total,p9999_total,welfare,welfare0,approval,approval0,conceal_share_e,conceal_share_n,evasion_share_e,evasion_share_n,conceal_frac_e,conceal_frac_n,evasion_frac_e,evasion_frac_n,shelter_pct_e,shelter_pct_n,detection_rate,detection_revenue,wtax_evasion_elast
65.61995988,2.85782546,2.85782546,0.00000000,29.60969721,259.16334429,51.04754233,1.28537284,0.15404385,0.04126802,0.03186758,35.08235878,0.25000000,0.18638592,1.77841522,6.92777167,0.00000000,0.00000000,9.18235041,0.01136376,1.01512040,0.86288068,0.00000000,0.00000000,0.00000000,0.00000000,0.75152277,0.38128822,0.70830414,0.84590172,0.93501637,0.75152277,0.38128822,0.70830414,0.84590172,0.93501637,-23.25301919,-46.21187727,0.85797127,0.50997865,-nan,-nan,-nan,-nan,0.00000000,0.00000000,0.00000000,0.00000000,0.00000000,0.00000000,-nan,0.00000000,13.44046672
