Y,A,A_rep,A_hid,L,Q,K,W,P,r,taua,abar,tauk,taul,WtaxRev,KtaxRev,WtaxRev_lost,KtaxRev_lost,G,lump_sum,ylbar,WtaxPct,ShelterPct,ShelterPctP99,TaxEvasionP99,ConcealPctP99,gini,p90,p99,p999,p9999,gini_total,p90_total,p99_total,p999_total,p9999_total,welfare,welfare0,approval,approval0,conceal_share_e,conceal_share_n,evasion_share_e,evasion_share_n,conceal_frac_e,conceal_frac_n,evasion_frac_e,evasion_frac_n,shelter_pct_e,shelter_pct_n,detection_rate,detection_revenue,wtax_evasion_elast
65.32561719,2.84365867,2.84365867,0.00000000,29.57124381,256.91676729,50.55067524,1.28128237,0.15456061,0.04175251,0.03379681,30.30666460,0.25000000,0.18642573,1.93282012,6.94527839,0.00000000,0.00000000,9.18235041,0.01213188,1.01512040,0.76420455,0.00000000,0.00000000,0.00000000,0.00000000,0.74857858,0.38594690,0.71344103,0.84698517,0.93524086,0.74857858,0.38594690,0.71344103,0.84698517,0.93524086,-23.22615831,-46.22363860,0.83103494,0.47068842,-nan,-nan,-nan,-nan,0.00000000,0.00000000,0.00000000,0.00000000,0.00000000,0.00000000,-nan,0.00000000,13.32317599
