Y,A,A_rep,A_hid,L,Q,K,W,P,r,taua,abar,tauk,taul,WtaxRev,KtaxRev,WtaxRev_lost,KtaxRev_lost,G,lump_sum,ylbar,WtaxPct,ShelterPct,ShelterPctP99,TaxEvasionP99,ConcealPctP99,gini,p90,p99,p999,p9999,gini_total,p90_total,p99_total,p999_total,p9999_total,welfare,welfare0,approval,approval0,conceal_share_e,conceal_share_n,evasion_share_e,evasion_share_n,conceal_frac_e,conceal_frac_n,evasion_frac_e,evasion_frac_n,shelter_pct_e,shelter_pct_n,detection_rate,detection_revenue,wtax_evasion_elast
65.58700711,2.85616001,2.85616001,0.00000000,29.60570506,258.91535026,50.99169766,1.28491541,0.15410110,0.04132321,0.03205048,34.54803692,0.25000000,0.18638856,1.79519796,6.92964966,0.00000000,0.00000000,9.18235041,0.01143806,1.01512040,0.84935172,0.00000000,0.00000000,0.00000000,0.00000000,0.75116159,0.38185513,0.70886230,0.84596145,0.93501512,0.75116159,0.38185513,0.70886230,0.84596145,0.93501512,-23.25070774,-46.21455162,0.85419418,0.50669931,-nan,-nan,-nan,-nan,0.00000000,0.00000000,0.00000000,0.00000000,0.00000000,0.00000000,-nan,0.00000000,13.41496626
