Y,A,A_rep,A_hid,L,Q,K,W,P,r,taua,abar,tauk,taul,WtaxRev,KtaxRev,WtaxRev_lost,KtaxRev_lost,G,lump_sum,ylbar,WtaxPct,ShelterPct,ShelterPctP99,TaxEvasionP99,ConcealPctP99,gini,p90,p99,p999,p9999,gini_total,p90_total,p99_total,p999_total,p9999_total,welfare,welfare0,approval,approval0,conceal_share_e,conceal_share_n,evasion_share_e,evasion_share_n,conceal_frac_e,conceal_frac_n,evasion_frac_e,evasion_frac_n,shelter_pct_e,shelter_pct_n,detection_rate,detection_revenue,wtax_evasion_elast
65.55364616,2.85500240,2.85500240,0.00000000,29.60016108,258.66178735,50.94591114,1.28449625,0.15415774,0.04135828,0.03300670,35.54077778,0.25000000,0.18639385,1.81324858,6.93110316,0.00000000,0.00000000,9.18235041,0.01152169,1.01512040,0.63855705,0.00000000,0.00000000,0.00000000,0.00000000,0.75086350,0.38236489,0.71018452,0.84727409,0.93553437,0.75086350,0.38236489,0.71018452,0.84727409,0.93553437,-23.24744315,-46.21401713,0.85169769,0.50624116,-nan,-nan,-nan,-nan,0.00000000,0.00000000,0.00000000,0.00000000,0.00000000,0.00000000,-nan,0.00000000,13.36568795
