Y,A,A_rep,A_hid,L,Q,K,W,P,r,taua,abar,tauk,taul,WtaxRev,KtaxRev,WtaxRev_lost,KtaxRev_lost,G,lump_sum,ylbar,WtaxPct,ShelterPct,ShelterPctP99,TaxEvasionP99,ConcealPctP99,gini,p90,p99,p999,p9999,gini_total,p90_total,p99_total,p999_total,p9999_total,welfare,welfare0,approval,approval0,conceal_share_e,conceal_share_n,evasion_share_e,evasion_share_n,conceal_frac_e,conceal_frac_n,evasion_frac_e,evasion_frac_n,shelter_pct_e,shelter_pct_n,detection_rate,detection_revenue,wtax_evasion_elast
65.61467376,2.85762433,2.85762433,0.00000000,29.60887359,259.12310142,51.04047054,1.28530552,0.15405303,0.04127334,0.03197056,35.15312290,0.25000000,0.18638664,1.78129068,6.92801582,0.00000000,0.00000000,9.18235041,0.01137907,1.01512040,0.63944098,0.00000000,0.00000000,0.00000000,0.00000000,0.75146851,0.38136354,0.70848907,0.84602736,0.93506119,0.75146851,0.38136354,0.70848907,0.84602736,0.93506119,-23.25215506,-46.21149365,0.85742543,0.51001832,-nan,-nan,-nan,-nan,0.00000000,0.00000000,0.00000000,0.00000000,0.00000000,0.00000000,-nan,0.00000000,13.43178185
