Y,A,A_rep,A_hid,L,Q,K,W,P,r,taua,abar,tauk,taul,WtaxRev,KtaxRev,WtaxRev_lost,KtaxRev_lost,G,lump_sum,ylbar,WtaxPct,ShelterPct,ShelterPctP99,TaxEvasionP99,ConcealPctP99,gini,p90,p99,p999,p9999,gini_total,p90_total,p99_total,p999_total,p9999_total,welfare,welfare0,approval,approval0,conceal_share_e,conceal_share_n,evasion_share_e,evasion_share_n,conceal_frac_e,conceal_frac_n,evasion_frac_e,evasion_frac_n,shelter_pct_e,shelter_pct_n,detection_rate,detection_revenue,wtax_evasion_elast
65.63426166,2.85858130,2.85858130,0.00000000,29.61148262,259.27717497,51.07394479,1.28558432,0.15401762,0.04124136,0.03224131,36.81372714,0.25000000,0.18638108,1.76873082,6.92665595,0.00000000,0.00000000,9.18235041,0.01128326,1.01512040,0.65172657,0.00000000,0.00000000,0.00000000,0.00000000,0.75161027,0.38115673,0.70840980,0.84660455,0.93533636,0.75161027,0.38115673,0.70840980,0.84660455,0.93533636,-23.25700886,-46.21753015,0.85630450,0.51003451,-nan,-nan,-nan,-nan,0.00000000,0.00000000,0.00000000,0.00000000,0.00000000,0.00000000,-nan,0.00000000,13.40332505
