Y,A,A_rep,A_hid,L,Q,K,W,P,r,taua,abar,tauk,taul,WtaxRev,KtaxRev,WtaxRev_lost,KtaxRev_lost,G,lump_sum,ylbar,WtaxPct,ShelterPct,ShelterPctP99,TaxEvasionP99,ConcealPctP99,gini,p90,p99,p999,p9999,gini_total,p90_total,p99_total,p999_total,p9999_total,welfare,welfare0,approval,approval0,conceal_share_e,conceal_share_n,evasion_share_e,evasion_share_n,conceal_frac_e,conceal_frac_n,evasion_frac_e,evasion_frac_n,shelter_pct_e,shelter_pct_n,detection_rate,detection_revenue,wtax_evasion_elast
73.44460048,3.10989906,2.89829212,0.21160694,30.12356443,330.56948920,65.55038045,1.41412028,0.13850142,0.02955150,0.01585027,997.31514360,0.25000000,0.18606730,0.18579987,5.91421843,0.19861631,0.54026112,9.29156816,0.00079846,1.08952447,0.01325438,0.10513747,51.48196735,10.19427518,53.67964248,0.76974449,0.35389027,0.66507072,0.83565111,0.94556268,0.78536788,0.32981050,0.61987723,0.78322689,0.91243854,-23.72949336,-47.62051465,0.54181307,0.22058178,0.28715656,0.71284344,0.76103940,0.23896060,0.05968379,0.07211158,0.06567669,0.01225637,0.39323763,0.03557797,0.66930576,0.06012958,36.88757466
