Y,A,A_rep,A_hid,L,Q,K,W,P,r,taua,abar,tauk,taul,WtaxRev,KtaxRev,WtaxRev_lost,KtaxRev_lost,G,lump_sum,ylbar,WtaxPct,ShelterPct,ShelterPctP99,TaxEvasionP99,ConcealPctP99,gini,p90,p99,p999,p9999,gini_total,p90_total,p99_total,p999_total,p9999_total,welfare,welfare0,approval,approval0,conceal_share_e,conceal_share_n,evasion_share_e,evasion_share_n,conceal_frac_e,conceal_frac_n,evasion_frac_e,evasion_frac_n,shelter_pct_e,shelter_pct_n,detection_rate,detection_revenue,wtax_evasion_elast
65.60612213,2.85723114,2.85723114,0.00000000,29.60789252,259.05708350,51.02761360,1.28518606,0.15406894,0.04128484,0.03212909,35.23341570,0.25000000,0.18638679,1.78571259,6.92840244,0.00000000,0.00000000,9.18235041,0.01138847,1.01512040,0.63934097,0.00000000,0.00000000,0.00000000,0.00000000,0.75135869,0.38150925,0.70876310,0.84622835,0.93513590,0.75135869,0.38150925,0.70876310,0.84622835,0.93513590,-23.25238214,-46.21388558,0.85571864,0.50995652,-nan,-nan,-nan,-nan,0.00000000,0.00000000,0.00000000,0.00000000,0.00000000,0.00000000,-nan,0.00000000,13.42572376
