Y,A,A_rep,A_hid,L,Q,K,W,P,r,taua,abar,tauk,taul,WtaxRev,KtaxRev,WtaxRev_lost,KtaxRev_lost,G,lump_sum,ylbar,WtaxPct,ShelterPct,ShelterPctP99,TaxEvasionP99,ConcealPctP99,gini,p90,p99,p999,p9999,gini_total,p90_total,p99_total,p999_total,p9999_total,welfare,welfare0,approval,approval0,conceal_share_e,conceal_share_n,evasion_share_e,evasion_share_n,conceal_frac_e,conceal_frac_n,evasion_frac_e,evasion_frac_n,shelter_pct_e,shelter_pct_n,detection_rate,detection_revenue,wtax_evasion_elast
65.61536960,2.85761795,2.85761795,0.00000000,29.60902167,259.12997280,51.04169808,1.28531750,0.15405149,0.04127241,0.03212991,35.64898135,0.25000000,0.18638523,1.78043661,6.92784390,0.00000000,0.00000000,9.18235041,0.01135793,1.01512040,0.64236656,0.00000000,0.00000000,0.00000000,0.00000000,0.75144418,0.38136914,0.70862088,0.84627817,0.93517124,0.75144418,0.38136914,0.70862088,0.84627817,0.93517124,-23.25363350,-46.21455733,0.85596315,0.51001872,-nan,-nan,-nan,-nan,0.00000000,0.00000000,0.00000000,0.00000000,0.00000000,0.00000000,-nan,0.00000000,13.41791693
