Y,A,A_rep,A_hid,L,Q,K,W,P,r,taua,abar,tauk,taul,WtaxRev,KtaxRev,WtaxRev_lost,KtaxRev_lost,G,lump_sum,ylbar,WtaxPct,ShelterPct,ShelterPctP99,TaxEvasionP99,ConcealPctP99,gini,p90,p99,p999,p9999,gini_total,p90_total,p99_total,p999_total,p9999_total,welfare,welfare0,approval,approval0,conceal_share_e,conceal_share_n,evasion_share_e,evasion_share_n,conceal_frac_e,conceal_frac_n,evasion_frac_e,evasion_frac_n,shelter_pct_e,shelter_pct_n,detection_rate,detection_revenue,wtax_evasion_elast
65.16407472,2.83735538,2.83735538,0.00000000,29.54620846,255.69761668,50.31350941,1.27918545,0.15483841,0.04195619,0.03746073,32.92952766,0.25000000,0.18644867,2.01503488,6.95335095,0.00000000,0.00000000,9.18235041,0.01250256,1.01512040,0.79408911,0.00000000,0.00000000,0.00000000,0.00000000,0.74700001,0.38829870,0.71856598,0.85165121,0.93701412,0.74700001,0.38829870,0.71856598,0.85165121,0.93701412,-23.21155928,-46.22773152,0.82184397,0.45717201,-nan,-nan,-nan,-nan,0.00000000,0.00000000,0.00000000,0.00000000,0.00000000,0.00000000,-nan,0.00000000,13.05783156
