Y,A,A_rep,A_hid,L,Q,K,W,P,r,taua,abar,tauk,taul,WtaxRev,KtaxRev,WtaxRev_lost,KtaxRev_lost,G,lump_sum,ylbar,WtaxPct,ShelterPct,ShelterPctP99,TaxEvasionP99,ConcealPctP99,gini,p90,p99,p999,p9999,gini_total,p90_total,p99_total,p999_total,p9999_total,welfare,welfare0,approval,approval0,conceal_share_e,conceal_share_n,evasion_share_e,evasion_share_n,conceal_frac_e,conceal_frac_n,evasion_frac_e,evasion_frac_n,shelter_pct_e,shelter_pct_n,detection_rate,detection_revenue,wtax_evasion_elast
65.48614648,2.85110043,2.85110043,0.00000000,29.59297322,258.14147930,50.81339077,1.28348686,0.15427859,0.04150238,0.03260192,32.82955232,0.25000000,0.18640197,1.84624660,6.93602324,0.00000000,0.00000000,9.18235041,0.01168523,1.01512040,0.81034662,0.00000000,0.00000000,0.00000000,0.00000000,0.75014361,0.38342503,0.71051035,0.84618642,0.93503521,0.75014361,0.38342503,0.71051035,0.84618642,0.93503521,-23.24326119,-46.22215156,0.84449825,0.47996198,-nan,-nan,-nan,-nan,0.00000000,0.00000000,0.00000000,0.00000000,0.00000000,0.00000000,-nan,0.00000000,13.36782671
