Y,A,A_rep,A_hid,L,Q,K,W,P,r,taua,abar,tauk,taul,WtaxRev,KtaxRev,WtaxRev_lost,KtaxRev_lost,G,lump_sum,ylbar,WtaxPct,ShelterPct,ShelterPctP99,TaxEvasionP99,ConcealPctP99,gini,p90,p99,p999,p9999,gini_total,p90_total,p99_total,p999_total,p9999_total,welfare,welfare0,approval,approval0,conceal_share_e,conceal_share_n,evasion_share_e,evasion_share_n,conceal_frac_e,conceal_frac_n,evasion_frac_e,evasion_frac_n,shelter_pct_e,shelter_pct_n,detection_rate,detection_revenue,wtax_evasion_elast
65.63489301,2.85886541,2.85886541,0.00000000,29.61065774,259.28435810,51.07946568,1.28562186,0.15401396,0.04123160,0.03279185,38.39821537,0.25000000,0.18638053,1.76635483,6.92650371,0.00000000,0.00000000,9.18235041,0.01126243,1.01512040,0.66401748,0.00000000,0.00000000,0.00000000,0.00000000,0.75159486,0.38108415,0.70875027,0.84744624,0.93571568,0.75159486,0.38108415,0.70875027,0.84744624,0.93571568,-23.25734241,-46.21793661,0.85624318,0.51005040,-nan,-nan,-nan,-nan,0.00000000,0.00000000,0.00000000,0.00000000,0.00000000,0.00000000,-nan,0.00000000,13.36361045
