Y,A,A_rep,A_hid,L,Q,K,W,P,r,taua,abar,tauk,taul,WtaxRev,KtaxRev,WtaxRev_lost,KtaxRev_lost,G,lump_sum,ylbar,WtaxPct,ShelterPct,ShelterPctP99,TaxEvasionP99,ConcealPctP99,gini,p90,p99,p999,p9999,gini_total,p90_total,p99_total,p999_total,p9999_total,welfare,welfare0,approval,approval0,conceal_share_e,conceal_share_n,evasion_share_e,evasion_share_n,conceal_frac_e,conceal_frac_n,evasion_frac_e,evasion_frac_n,shelter_pct_e,shelter_pct_n,detection_rate,detection_revenue,wtax_evasion_elast
73.55690741,3.11325492,2.93293409,0.18032083,30.13266432,331.88056624,65.50684303,1.41583071,0.13821737,0.02972462,0.01013952,1224.47256741,0.25000000,0.18605950,0.13042911,5.92658291,0.09282500,0.54655675,9.29156816,0.00050504,1.08952447,0.01108537,0.10322683,34.49601297,8.71777342,53.54034670,0.77171729,0.35062153,0.65739267,0.82347446,0.93628805,0.78489795,0.33031340,0.61936308,0.78026154,0.90871433,-23.71739099,-47.58979192,0.64154256,0.31122179,0.26738953,0.73261047,0.82806393,0.17193607,0.04742299,0.06301108,0.06245513,0.00766181,0.39067412,0.03382496,0.68203002,0.04658516,35.13594300
