Y,A,A_rep,A_hid,L,Q,K,W,P,r,taua,abar,tauk,taul,WtaxRev,KtaxRev,WtaxRev_lost,KtaxRev_lost,G,lump_sum,ylbar,WtaxPct,ShelterPct,ShelterPctP99,TaxEvasionP99,ConcealPctP99,gini,p90,p99,p999,p9999,gini_total,p90_total,p99_total,p999_total,p9999_total,welfare,welfare0,approval,approval0,conceal_share_e,conceal_share_n,evasion_share_e,evasion_share_n,conceal_frac_e,conceal_frac_n,evasion_frac_e,evasion_frac_n,shelter_pct_e,shelter_pct_n,detection_rate,detection_revenue,wtax_evasion_elast
65.63343486,2.85829334,2.85829334,0.00000000,29.61185319,259.26621174,51.06590638,1.28554442,0.15402060,0.04125402,0.03156267,34.90875886,0.25000000,0.18638332,1.77062522,6.92715468,0.00000000,0.00000000,9.18235041,0.01132131,1.01512040,0.85857606,0.00000000,0.00000000,0.00000000,0.00000000,0.75165152,0.38105731,0.70782740,0.84547807,0.93485649,0.75165152,0.38105731,0.70782740,0.84547807,0.93485649,-23.25510058,-46.21378862,0.85833595,0.51000508,-nan,-nan,-nan,-nan,0.00000000,0.00000000,0.00000000,0.00000000,0.00000000,0.00000000,-nan,0.00000000,13.45261658
