Y,A,A_rep,A_hid,L,Q,K,W,P,r,taua,abar,tauk,taul,WtaxRev,KtaxRev,WtaxRev_lost,KtaxRev_lost,G,lump_sum,ylbar,WtaxPct,ShelterPct,ShelterPctP99,TaxEvasionP99,ConcealPctP99,gini,p90,p99,p999,p9999,gini_total,p90_total,p99_total,p999_total,p9999_total,welfare,welfare0,approval,approval0,conceal_share_e,conceal_share_n,evasion_share_e,evasion_share_n,conceal_frac_e,conceal_frac_n,evasion_frac_e,evasion_frac_n,shelter_pct_e,shelter_pct_n,detection_rate,detection_revenue,wtax_evasion_elast
65.42336216,2.84740998,2.84740998,0.00000000,29.58646546,257.65383912,50.69085623,1.28253924,0.15439325,0.04163566,0.03188588,29.27826600,0.25000000,0.18641096,1.88034911,6.94055663,0.00000000,0.00000000,9.18235041,0.01187771,1.01512040,1.13002805,0.00000000,0.00000000,0.00000000,0.00000000,0.74956232,0.38440490,0.71028212,0.84456118,0.93430754,0.74956232,0.38440490,0.71028212,0.84456118,0.93430754,-23.23756142,-46.22596349,0.83810877,0.47156742,-nan,-nan,-nan,-nan,0.00000000,0.00000000,0.00000000,0.00000000,0.00000000,0.00000000,-nan,0.00000000,13.44997588
