Y,A,A_rep,A_hid,L,Q,K,W,P,r,taua,abar,tauk,taul,WtaxRev,KtaxRev,WtaxRev_lost,KtaxRev_lost,G,lump_sum,ylbar,WtaxPct,ShelterPct,ShelterPctP99,TaxEvasionP99,ConcealPctP99,gini,p90,p99,p999,p9999,gini_total,p90_total,p99_total,p999_total,p9999_total,welfare,welfare0,approval,approval0,conceal_share_e,conceal_share_n,evasion_share_e,evasion_share_n,conceal_frac_e,conceal_frac_n,evasion_frac_e,evasion_frac_n,shelter_pct_e,shelter_pct_n,detection_rate,detection_revenue,wtax_evasion_elast
65.58358923,2.85635484,2.85635484,0.00000000,29.60421847,258.88797980,50.99331484,1.28489899,0.15410593,0.04131449,0.03260297,35.64372358,0.25000000,0.18639058,1.79740925,6.92958597,0.00000000,0.00000000,9.18235041,0.01145361,1.01512040,0.64089587,0.00000000,0.00000000,0.00000000,0.00000000,0.75112576,0.38186706,0.70943329,0.84684013,0.93538093,0.75112576,0.38186706,0.70943329,0.84684013,0.93538093,-23.24897117,-46.21113664,0.85487820,0.50711340,-nan,-nan,-nan,-nan,0.00000000,0.00000000,0.00000000,0.00000000,0.00000000,0.00000000,-nan,0.00000000,13.39053028
