Y,A,A_rep,A_hid,L,Q,K,W,P,r,taua,abar,tauk,taul,WtaxRev,KtaxRev,WtaxRev_lost,KtaxRev_lost,G,lump_sum,ylbar,WtaxPct,ShelterPct,ShelterPctP99,TaxEvasionP99,ConcealPctP99,gini,p90,p99,p999,p9999,gini_total,p90_total,p99_total,p999_total,p9999_total,welfare,welfare0,approval,approval0,conceal_share_e,conceal_share_n,evasion_share_e,evasion_share_n,conceal_frac_e,conceal_frac_n,evasion_frac_e,evasion_frac_n,shelter_pct_e,shelter_pct_n,detection_rate,detection_revenue,wtax_evasion_elast
65.58894672,2.85657010,2.85657010,0.00000000,29.60511095,258.92439536,51.00145190,1.28496042,0.15409843,0.04130703,0.03243783,35.40511349,0.25000000,0.18639030,1.79474682,6.92941272,0.00000000,0.00000000,9.18235041,0.01144362,1.01512040,0.63962105,0.00000000,0.00000000,0.00000000,0.00000000,0.75119390,0.38181296,0.70920309,0.84660614,0.93528781,0.75119390,0.38181296,0.70920309,0.84660614,0.93528781,-23.24958406,-46.21126417,0.85529390,0.50995681,-nan,-nan,-nan,-nan,0.00000000,0.00000000,0.00000000,0.00000000,0.00000000,0.00000000,-nan,0.00000000,13.40210716
