Y,A,A_rep,A_hid,L,Q,K,W,P,r,taua,abar,tauk,taul,WtaxRev,KtaxRev,WtaxRev_lost,KtaxRev_lost,G,lump_sum,ylbar,WtaxPct,ShelterPct,ShelterPctP99,TaxEvasionP99,ConcealPctP99,gini,p90,p99,p999,p9999,gini_total,p90_total,p99_total,p999_total,p9999_total,welfare,welfare0,approval,approval0,conceal_share_e,conceal_share_n,evasion_share_e,evasion_share_n,conceal_frac_e,conceal_frac_n,evasion_frac_e,evasion_frac_n,shelter_pct_e,shelter_pct_n,detection_rate,detection_revenue,wtax_evasion_elast
65.54988522,2.85480699,2.85480699,0.00000000,29.59971924,258.63299075,50.93867724,1.28444124,0.15416430,0.04136599,0.03292965,35.15699563,0.25000000,0.18639468,1.81570035,6.93138623,0.00000000,0.00000000,9.18235041,0.01153886,1.01512040,0.63583893,0.00000000,0.00000000,0.00000000,0.00000000,0.75084605,0.38241674,0.71011544,0.84713970,0.93547804,0.75084605,0.38241674,0.71011544,0.84713970,0.93547804,-23.24679139,-46.21354971,0.85167350,0.50619359,-nan,-nan,-nan,-nan,0.00000000,0.00000000,0.00000000,0.00000000,0.00000000,0.00000000,-nan,0.00000000,13.37413862
