Y,A,A_rep,A_hid,L,Q,K,W,P,r,taua,abar,tauk,taul,WtaxRev,KtaxRev,WtaxRev_lost,KtaxRev_lost,G,lump_sum,ylbar,WtaxPct,ShelterPct,ShelterPctP99,TaxEvasionP99,ConcealPctP99,gini,p90,p99,p999,p9999,gini_total,p90_total,p99_total,p999_total,p9999_total,welfare,welfare0,approval,approval0,conceal_share_e,conceal_share_n,evasion_share_e,evasion_share_n,conceal_frac_e,conceal_frac_n,evasion_frac_e,evasion_frac_n,shelter_pct_e,shelter_pct_n,detection_rate,detection_revenue,wtax_evasion_elast
73.50040793,3.11086719,2.92911088,0.18175631,30.12410819,331.40418458,65.42455287,1.41516276,0.13829168,0.02976463,0.01393355,1270.67516057,0.25000000,0.18606837,0.16511355,5.92931575,0.12472723,0.54529671,9.29156816,0.00078993,1.08952447,0.01045258,0.10332443,36.60181755,8.84359361,53.22918604,0.77135229,0.35121527,0.65869775,0.82552452,0.93833018,0.78466962,0.33069508,0.62026025,0.78177211,0.91032131,-23.70347709,-47.56908602,0.70526562,0.35649173,0.26711426,0.73288574,0.79928210,0.20071790,0.04778421,0.06358774,0.06291247,0.00935121,0.39002571,0.03410268,0.68031454,0.04748941,29.60276873
