Y,A,A_rep,A_hid,L,Q,K,W,P,r,taua,abar,tauk,taul,WtaxRev,KtaxRev,WtaxRev_lost,KtaxRev_lost,G,lump_sum,ylbar,WtaxPct,ShelterPct,ShelterPctP99,TaxEvasionP99,ConcealPctP99,gini,p90,p99,p999,p9999,gini_total,p90_total,p99_total,p999_total,p9999_total,welfare,welfare0,approval,approval0,conceal_share_e,conceal_share_n,evasion_share_e,evasion_share_n,conceal_frac_e,conceal_frac_n,evasion_frac_e,evasion_frac_n,shelter_pct_e,shelter_pct_n,detection_rate,detection_revenue,wtax_evasion_elast
73.38023407,3.10816075,2.87078531,0.23737544,30.12346155,329.63156393,65.64897208,1.41287422,0.13873295,0.02936161,0.02000000,882.99898106,0.25000000,0.18606592,0.21176638,5.89107871,0.29983518,0.54734376,9.29156816,0.00070068,1.08952447,0.01427957,0.10841436,66.63955081,12.19300931,54.08761916,0.76822535,0.35628769,0.67110314,0.84495694,0.95107455,0.78587955,0.32907740,0.61990999,0.78499079,0.91481501,-23.76537006,-47.69491986,0.40514170,0.03382975,0.30339165,0.69660835,0.71897582,0.28102418,0.07061905,0.07918085,0.07058470,0.01647874,0.40388657,0.03707494,0.66231297,0.07178024,38.07884978
