Y,A,A_rep,A_hid,L,Q,K,W,P,r,taua,abar,tauk,taul,WtaxRev,KtaxRev,WtaxRev_lost,KtaxRev_lost,G,lump_sum,ylbar,WtaxPct,ShelterPct,ShelterPctP99,TaxEvasionP99,ConcealPctP99,gini,p90,p99,p999,p9999,gini_total,p90_total,p99_total,p999_total,p9999_total,welfare,welfare0,approval,approval0,conceal_share_e,conceal_share_n,evasion_share_e,evasion_share_n,conceal_frac_e,conceal_frac_n,evasion_frac_e,evasion_frac_n,shelter_pct_e,shelter_pct_n,detection_rate,detection_revenue,wtax_evasion_elast
65.57819047,2.85608406,2.85608406,0.00000000,29.60362036,258.85027756,50.98566125,1.28483051,0.15411485,0.04132151,0.03273756,35.77177724,0.25000000,0.18639026,1.80046423,6.92971950,0.00000000,0.00000000,9.18235041,0.01145914,1.01512040,0.64142393,0.00000000,0.00000000,0.00000000,0.00000000,0.75106178,0.38211448,0.70960894,0.84702043,0.93545782,0.75106178,0.38211448,0.70960894,0.84702043,0.93545782,-23.24923770,-46.21270240,0.85378797,0.50667917,-nan,-nan,-nan,-nan,0.00000000,0.00000000,0.00000000,0.00000000,0.00000000,0.00000000,-nan,0.00000000,13.38113865
