Y,A,A_rep,A_hid,L,Q,K,W,P,r,taua,abar,tauk,taul,WtaxRev,KtaxRev,WtaxRev_lost,KtaxRev_lost,G,lump_sum,ylbar,WtaxPct,ShelterPct,ShelterPctP99,TaxEvasionP99,ConcealPctP99,gini,p90,p99,p999,p9999,gini_total,p90_total,p99_total,p999_total,p9999_total,welfare,welfare0,approval,approval0,conceal_share_e,conceal_share_n,evasion_share_e,evasion_share_n,conceal_frac_e,conceal_frac_n,evasion_frac_e,evasion_frac_n,shelter_pct_e,shelter_pct_n,detection_rate,detection_revenue,wtax_evasion_elast
65.74991308,2.86429122,2.86429122,0.00000000,29.62630649,260.15730288,51.27545128,1.28719491,0.15381793,0.04104221,0.03252885,42.43635762,0.25000000,0.18636024,1.70087895,6.91975159,0.00000000,0.00000000,9.18235041,0.01088613,1.01512040,0.54330257,0.00000000,0.00000000,0.00000000,0.00000000,0.75269582,0.37933415,0.70677475,0.84774256,0.93595650,0.75269582,0.37933415,0.70677475,0.84774256,0.93595650,-23.27412072,-46.22675513,0.86506547,0.52066712,-nan,-nan,-nan,-nan,0.00000000,0.00000000,0.00000000,0.00000000,0.00000000,0.00000000,-nan,0.00000000,13.41956739
