Y,A,A_rep,A_hid,L,Q,K,W,P,r,taua,abar,tauk,taul,WtaxRev,KtaxRev,WtaxRev_lost,KtaxRev_lost,G,lump_sum,ylbar,WtaxPct,ShelterPct,ShelterPctP99,TaxEvasionP99,ConcealPctP99,gini,p90,p99,p999,p9999,gini_total,p90_total,p99_total,p999_total,p9999_total,welfare,welfare0,approval,approval0,conceal_share_e,conceal_share_n,evasion_share_e,evasion_share_n,conceal_frac_e,conceal_frac_n,evasion_frac_e,evasion_frac_n,shelter_pct_e,shelter_pct_n,detection_rate,detection_revenue,wtax_evasion_elast
65.58609847,2.85632078,2.85632078,0.00000000,29.60518415,258.90769022,50.99727206,1.28492201,0.15410323,0.04131206,0.03236926,35.07746068,0.25000000,0.18638931,1.79666048,6.92934909,0.00000000,0.00000000,9.18235041,0.01144518,1.01512040,0.86114069,0.00000000,0.00000000,0.00000000,0.00000000,0.75116159,0.38188538,0.70920385,0.84646556,0.93521890,0.75116159,0.38188538,0.70920385,0.84646556,0.93521890,-23.25009125,-46.21275526,0.85475150,0.50701087,-nan,-nan,-nan,-nan,0.00000000,0.00000000,0.00000000,0.00000000,0.00000000,0.00000000,-nan,0.00000000,13.41030160
