Y,A,A_rep,A_hid,L,Q,K,W,P,r,taua,abar,tauk,taul,WtaxRev,KtaxRev,WtaxRev_lost,KtaxRev_lost,G,lump_sum,ylbar,WtaxPct,ShelterPct,ShelterPctP99,TaxEvasionP99,ConcealPctP99,gini,p90,p99,p999,p9999,gini_total,p90_total,p99_total,p999_total,p9999_total,welfare,welfare0,approval,approval0,conceal_share_e,conceal_share_n,evasion_share_e,evasion_share_n,conceal_frac_e,conceal_frac_n,evasion_frac_e,evasion_frac_n,shelter_pct_e,shelter_pct_n,detection_rate,detection_revenue,wtax_evasion_elast
73.53678477,3.11240214,2.93460379,0.17779836,30.13001271,331.72767026,65.47060367,1.41559773,0.13823998,0.02974872,0.01199930,1356.18970482,0.25000000,0.18606138,0.14040899,5.92924248,0.10041103,0.54634472,9.29156816,0.00058835,1.08952447,0.00971789,0.10300047,34.07911195,8.77538146,53.22921664,0.77175849,0.35054648,0.65726452,0.82336604,0.93698257,0.78475564,0.33052124,0.61976452,0.78081277,0.90937657,-23.71314122,-47.58436800,0.66225020,0.31353505,0.26840373,0.73159627,0.82049696,0.17950304,0.04695474,0.06205746,0.06252397,0.00808537,0.39013165,0.03367492,0.68300259,0.04680942,31.57058023
