Y,A,A_rep,A_hid,L,Q,K,W,P,r,taua,abar,tauk,taul,WtaxRev,KtaxRev,WtaxRev_lost,KtaxRev_lost,G,lump_sum,ylbar,WtaxPct,ShelterPct,ShelterPctP99,TaxEvasionP99,ConcealPctP99,gini,p90,p99,p999,p9999,gini_total,p90_total,p99_total,p999_total,p9999_total,welfare,welfare0,approval,approval0,conceal_share_e,conceal_share_n,evasion_share_e,evasion_share_n,conceal_frac_e,conceal_frac_n,evasion_frac_e,evasion_frac_n,shelter_pct_e,shelter_pct_n,detection_rate,detection_revenue,wtax_evasion_elast
65.53125980,2.85343027,2.85343027,0.00000000,29.59815062,258.48625784,50.89337665,1.28413455,0.15419804,0.04142062,0.03237712,33.60986001,0.25000000,0.18639807,1.82458463,6.93328725,0.00000000,0.00000000,9.18235041,0.01159850,1.01512040,0.82904429,0.00000000,0.00000000,0.00000000,0.00000000,0.75059058,0.38278090,0.70975411,0.84613512,0.93504555,0.75059058,0.38278090,0.70975411,0.84613512,0.93504555,-23.24425234,-46.21415784,0.85045152,0.50097653,-nan,-nan,-nan,-nan,0.00000000,0.00000000,0.00000000,0.00000000,0.00000000,0.00000000,-nan,0.00000000,13.37638630
