Y,A,A_rep,A_hid,L,Q,K,W,P,r,taua,abar,tauk,taul,WtaxRev,KtaxRev,WtaxRev_lost,KtaxRev_lost,G,lump_sum,ylbar,WtaxPct,ShelterPct,ShelterPctP99,TaxEvasionP99,ConcealPctP99,gini,p90,p99,p999,p9999,gini_total,p90_total,p99_total,p999_total,p9999_total,welfare,welfare0,approval,approval0,conceal_share_e,conceal_share_n,evasion_share_e,evasion_share_n,conceal_frac_e,conceal_frac_n,evasion_frac_e,evasion_frac_n,shelter_pct_e,shelter_pct_n,detection_rate,detection_revenue,wtax_evasion_elast
73.58853983,3.11462072,2.93959331,0.17502741,30.13570720,332.20578466,65.53891841,1.41630348,0.13815569,0.02972029,0.00913037,1376.74741399,0.25000000,0.18605695,0.11072049,5.93626316,0.07507991,0.53908124,9.29156816,0.00046755,1.08952447,0.01001917,0.10211999,33.04454980,8.39032919,52.49803349,0.77219904,0.34988762,0.65568409,0.82106189,0.93503465,0.78495982,0.33022554,0.61888344,0.77934962,0.90794251,-23.71373184,-47.57827184,0.68141157,0.33199878,0.26848678,0.73151322,0.84331997,0.15668003,0.04620977,0.06103638,0.06123114,0.00671407,0.38754374,0.03320670,0.67904958,0.04442826,36.34995068
