Y,A,A_rep,A_hid,L,Q,K,W,P,r,taua,abar,tauk,taul,WtaxRev,KtaxRev,WtaxRev_lost,KtaxRev_lost,G,lump_sum,ylbar,WtaxPct,ShelterPct,ShelterPctP99,TaxEvasionP99,ConcealPctP99,gini,p90,p99,p999,p9999,gini_total,p90_total,p99_total,p999_total,p9999_total,welfare,welfare0,approval,approval0,conceal_share_e,conceal_share_n,evasion_share_e,evasion_share_n,conceal_frac_e,conceal_frac_n,evasion_frac_e,evasion_frac_n,shelter_pct_e,shelter_pct_n,detection_rate,detection_revenue,wtax_evasion_elast
73.47304720,3.11026432,2.91707738,0.19318695,30.12359653,330.94573906,65.49455324,1.41460349,0.13840635,0.02964616,0.01569047,1222.34730568,0.25000000,0.18606849,0.16994497,5.92703353,0.16031887,0.54059885,9.29156816,0.00081503,1.08952447,0.01050308,0.10342201,44.50555823,9.58295889,52.61641556,0.77092641,0.35200557,0.66084177,0.82951444,0.94260029,0.78511286,0.33014155,0.61984996,0.78244390,0.91159179,-23.71699374,-47.59493914,0.62330001,0.29211385,0.28496952,0.71503048,0.78260310,0.21739690,0.05412230,0.06599585,0.06425771,0.01058887,0.38907485,0.03445340,0.67794054,0.05523992,33.75408844
