Y,A,A_rep,A_hid,L,Q,K,W,P,r,taua,abar,tauk,taul,WtaxRev,KtaxRev,WtaxRev_lost,KtaxRev_lost,G,lump_sum,ylbar,WtaxPct,ShelterPct,ShelterPctP99,TaxEvasionP99,ConcealPctP99,gini,p90,p99,p999,p9999,gini_total,p90_total,p99_total,p999_total,p9999_total,welfare,welfare0,approval,approval0,conceal_share_e,conceal_share_n,evasion_share_e,evasion_share_n,conceal_frac_e,conceal_frac_n,evasion_frac_e,evasion_frac_n,shelter_pct_e,shelter_pct_n,detection_rate,detection_revenue,wtax_evasion_elast
73.46433398,3.10938005,2.90315209,0.20622796,30.12099666,331.00047932,65.42004072,1.41461553,0.13837562,0.02973104,0.01313292,834.22070561,0.25000000,0.18606946,0.19928796,5.90978285,0.16458347,0.54859963,9.29156816,0.00085684,1.08952447,0.01718188,0.10466361,40.88242908,9.22486583,56.18064263,0.76945538,0.35410782,0.66464149,0.83375674,0.93986629,0.78470121,0.33062181,0.62060730,0.78295352,0.91105749,-23.70786122,-47.58104162,0.66272675,0.31875798,0.25744266,0.74255734,0.76833176,0.23166824,0.05224436,0.07316031,0.06413711,0.01146822,0.38926138,0.03594974,0.67742719,0.04984533,33.15490361
