Y,A,A_rep,A_hid,L,Q,K,W,P,r,taua,abar,tauk,taul,WtaxRev,KtaxRev,WtaxRev_lost,KtaxRev_lost,G,lump_sum,ylbar,WtaxPct,ShelterPct,ShelterPctP99,TaxEvasionP99,ConcealPctP99,gini,p90,p99,p999,p9999,gini_total,p90_total,p99_total,p999_total,p9999_total,welfare,welfare0,approval,approval0,conceal_share_e,conceal_share_n,evasion_share_e,evasion_share_n,conceal_frac_e,conceal_frac_n,evasion_frac_e,evasion_frac_n,shelter_pct_e,shelter_pct_n,detection_rate,detection_revenue,wtax_evasion_elast
65.58321838,2.85635418,2.85635418,0.00000000,29.60398647,258.88078016,50.99110521,1.28488755,0.15410712,0.04131686,0.03257488,35.51749652,0.25000000,0.18639134,1.79825768,6.92980506,0.00000000,0.00000000,9.18235041,0.01146396,1.01512040,0.64012866,0.00000000,0.00000000,0.00000000,0.00000000,0.75112760,0.38187105,0.70942405,0.84678431,0.93536153,0.75112760,0.38187105,0.70942405,0.84678431,0.93536153,-23.24831721,-46.21003628,0.85521372,0.50995681,-nan,-nan,-nan,-nan,0.00000000,0.00000000,0.00000000,0.00000000,0.00000000,0.00000000,-nan,0.00000000,13.39050355
