Y,A,A_rep,A_hid,L,Q,K,W,P,r,taua,abar,tauk,taul,WtaxRev,KtaxRev,WtaxRev_lost,KtaxRev_lost,G,lump_sum,ylbar,WtaxPct,ShelterPct,ShelterPctP99,TaxEvasionP99,ConcealPctP99,gini,p90,p99,p999,p9999,gini_total,p90_total,p99_total,p999_total,p9999_total,welfare,welfare0,approval,approval0,conceal_share_e,conceal_share_n,evasion_share_e,evasion_share_n,conceal_frac_e,conceal_frac_n,evasion_frac_e,evasion_frac_n,shelter_pct_e,shelter_pct_n,detection_rate,detection_revenue,wtax_evasion_elast
65.58153182,2.85622799,2.85622799,0.00000000,29.60395204,258.86670779,50.98902676,1.28486028,0.15411119,0.04131853,0.03255580,35.39003186,0.25000000,0.18639123,1.79919064,6.92983365,0.00000000,0.00000000,9.18235041,0.01146667,1.01512040,0.63908180,0.00000000,0.00000000,0.00000000,0.00000000,0.75111520,0.38190016,0.70943913,0.84673753,0.93533807,0.75111520,0.38190016,0.70943913,0.84673753,0.93533807,-23.24854790,-46.21071928,0.85486703,0.50995652,-nan,-nan,-nan,-nan,0.00000000,0.00000000,0.00000000,0.00000000,0.00000000,0.00000000,-nan,0.00000000,13.39450158
