Y,A,A_rep,A_hid,L,Q,K,W,P,r,taua,abar,tauk,taul,WtaxRev,KtaxRev,WtaxRev_lost,KtaxRev_lost,G,lump_sum,ylbar,WtaxPct,ShelterPct,ShelterPctP99,TaxEvasionP99,ConcealPctP99,gini,p90,p99,p999,p9999,gini_total,p90_total,p99_total,p999_total,p9999_total,welfare,welfare0,approval,approval0,conceal_share_e,conceal_share_n,evasion_share_e,evasion_share_n,conceal_frac_e,conceal_frac_n,evasion_frac_e,evasion_frac_n,shelter_pct_e,shelter_pct_n,detection_rate,detection_revenue,wtax_evasion_elast
64.82748530,2.82427965,2.82427965,0.00000000,29.49735533,253.09199411,49.85078948,1.27467197,0.15546333,0.04232927,0.04553455,37.03518297,0.25000000,0.18648607,2.17874122,6.96984762,0.00000000,0.00000000,9.18235041,0.01312765,1.01512040,0.61427507,0.00000000,0.00000000,0.00000000,0.00000000,0.74397381,0.39288421,0.72863477,0.86086365,0.94062705,0.74397381,0.39288421,0.72863477,0.86086365,0.94062705,-23.20175892,-46.27281419,0.79674106,0.42587322,-nan,-nan,-nan,-nan,0.00000000,0.00000000,0.00000000,0.00000000,0.00000000,0.00000000,-nan,0.00000000,12.58915849
