Y,A,A_rep,A_hid,L,Q,K,W,P,r,taua,abar,tauk,taul,WtaxRev,KtaxRev,WtaxRev_lost,KtaxRev_lost,G,lump_sum,ylbar,WtaxPct,ShelterPct,ShelterPctP99,TaxEvasionP99,ConcealPctP99,gini,p90,p99,p999,p9999,gini_total,p90_total,p99_total,p999_total,p9999_total,welfare,welfare0,approval,approval0,conceal_share_e,conceal_share_n,evasion_share_e,evasion_share_n,conceal_frac_e,conceal_frac_n,evasion_frac_e,evasion_frac_n,shelter_pct_e,shelter_pct_n,detection_rate,detection_revenue,wtax_evasion_elast
65.41873904,2.84825220,2.84825220,0.00000000,29.58298048,257.63884774,50.71066583,1.28261103,0.15439193,0.04159428,0.03373750,33.17443010,0.25000000,0.18641177,1.88185451,6.93941338,0.00000000,0.00000000,9.18235041,0.01185927,1.01512040,0.81396806,0.00000000,0.00000000,0.00000000,0.00000000,0.74952163,0.38436639,0.71226041,0.84754119,0.93555793,0.74952163,0.38436639,0.71226041,0.84754119,0.93555793,-23.23627375,-46.22211214,0.83841131,0.47199254,-nan,-nan,-nan,-nan,0.00000000,0.00000000,0.00000000,0.00000000,0.00000000,0.00000000,-nan,0.00000000,13.29115320
