Y,A,A_rep,A_hid,L,Q,K,W,P,r,taua,abar,tauk,taul,WtaxRev,KtaxRev,WtaxRev_lost,KtaxRev_lost,G,lump_sum,ylbar,WtaxPct,ShelterPct,ShelterPctP99,TaxEvasionP99,ConcealPctP99,gini,p90,p99,p999,p9999,gini_total,p90_total,p99_total,p999_total,p9999_total,welfare,welfare0,approval,approval0,conceal_share_e,conceal_share_n,evasion_share_e,evasion_share_n,conceal_frac_e,conceal_frac_n,evasion_frac_e,evasion_frac_n,shelter_pct_e,shelter_pct_n,detection_rate,detection_revenue,wtax_evasion_elast
65.59695746,2.85693811,2.85693811,0.00000000,29.60621471,258.98545164,51.01460329,1.28506963,0.15408456,0.04129465,0.03233948,35.46412840,0.25000000,0.18638915,1.79035437,6.92894080,0.00000000,0.00000000,9.18235041,0.01142077,1.01512040,0.64026182,0.00000000,0.00000000,0.00000000,0.00000000,0.75126582,0.38171380,0.70903602,0.84649799,0.93524594,0.75126582,0.38171380,0.70903602,0.84649799,0.93524594,-23.25037536,-46.21130986,0.85571377,0.50995681,-nan,-nan,-nan,-nan,0.00000000,0.00000000,0.00000000,0.00000000,0.00000000,0.00000000,-nan,0.00000000,13.40866664
