Y,A,A_rep,A_hid,L,Q,K,W,P,r,taua,abar,tauk,taul,WtaxRev,KtaxRev,WtaxRev_lost,KtaxRev_lost,G,lump_sum,ylbar,WtaxPct,ShelterPct,ShelterPctP99,TaxEvasionP99,ConcealPctP99,gini,p90,p99,p999,p9999,gini_total,p90_total,p99_total,p999_total,p9999_total,welfare,welfare0,approval,approval0,conceal_share_e,conceal_share_n,evasion_share_e,evasion_share_n,conceal_frac_e,conceal_frac_n,evasion_frac_e,evasion_frac_n,shelter_pct_e,shelter_pct_n,detection_rate,detection_revenue,wtax_evasion_elast
73.58617418,3.11411457,2.89823693,0.21587764,30.13790064,332.06864531,65.61048003,1.41616517,0.13820367,0.02963139,0.00628232,510.37541830,0.25000000,0.18605339,0.13919751,5.90275508,0.09841380,0.54316152,9.29156816,0.00038730,1.08952447,0.03327427,0.10510032,36.88624386,8.59840915,57.03181702,0.76928062,0.35436048,0.66466685,0.83271521,0.93582653,0.78522803,0.32979539,0.61863803,0.77948239,0.90741994,-23.72718957,-47.60228010,0.52430143,0.12654546,0.25279485,0.74720515,0.82659645,0.17340355,0.05362039,0.07694547,0.06256912,0.00776077,0.39261312,0.03568263,0.67061823,0.04724994,51.90105081
