Y,A,A_rep,A_hid,L,Q,K,W,P,r,taua,abar,tauk,taul,WtaxRev,KtaxRev,WtaxRev_lost,KtaxRev_lost,G,lump_sum,ylbar,WtaxPct,ShelterPct,ShelterPctP99,TaxEvasionP99,ConcealPctP99,gini,p90,p99,p999,p9999,gini_total,p90_total,p99_total,p999_total,p9999_total,welfare,welfare0,approval,approval0,conceal_share_e,conceal_share_n,evasion_share_e,evasion_share_n,conceal_frac_e,conceal_frac_n,evasion_frac_e,evasion_frac_n,shelter_pct_e,shelter_pct_n,detection_rate,detection_revenue,wtax_evasion_elast
73.52648027,3.11174357,2.89712033,0.21462323,30.12994701,331.53419719,65.51866167,1.41538613,0.13829145,0.02967805,0.00911544,638.78867751,0.25000000,0.18606154,0.17032796,5.90465120,0.13234611,0.54493109,9.29156816,0.00060587,1.08952447,0.02514523,0.10583990,39.24403294,8.67499408,56.86668936,0.76912185,0.35464093,0.66539806,0.83401257,0.93786244,0.78499950,0.33018063,0.61955179,0.78102046,0.90897418,-23.71943235,-47.59525851,0.62331011,0.29236861,0.25282563,0.74717437,0.79385858,0.20614142,0.05335406,0.07655480,0.06318578,0.00971532,0.39492762,0.03604196,0.66664448,0.04793556,41.50761392
