Y,A,A_rep,A_hid,L,Q,K,W,P,r,taua,abar,tauk,taul,WtaxRev,KtaxRev,WtaxRev_lost,KtaxRev_lost,G,lump_sum,ylbar,WtaxPct,ShelterPct,ShelterPctP99,TaxEvasionP99,ConcealPctP99,gini,p90,p99,p999,p9999,gini_total,p90_total,p99_total,p999_total,p9999_total,welfare,welfare0,approval,approval0,conceal_share_e,conceal_share_n,evasion_share_e,evasion_share_n,conceal_frac_e,conceal_frac_n,evasion_frac_e,evasion_frac_n,shelter_pct_e,shelter_pct_n,detection_rate,detection_revenue,wtax_evasion_elast
65.48635879,2.85238064,2.85238064,0.00000000,29.58945758,258.16019280,50.84723284,1.28364487,0.15426909,0.04144181,0.03510370,38.40252578,0.25000000,0.18640070,1.84515937,6.93429174,0.00000000,0.00000000,9.18235041,0.01164387,1.01512040,0.65704020,0.00000000,0.00000000,0.00000000,0.00000000,0.75015478,0.38334163,0.71261004,0.85002616,0.93670476,0.75015478,0.38334163,0.71261004,0.85002616,0.93670476,-23.24320155,-46.21925390,0.84537376,0.48080687,-nan,-nan,-nan,-nan,0.00000000,0.00000000,0.00000000,0.00000000,0.00000000,0.00000000,-nan,0.00000000,13.21617520
