Y,A,A_rep,A_hid,L,Q,K,W,P,r,taua,abar,tauk,taul,WtaxRev,KtaxRev,WtaxRev_lost,KtaxRev_lost,G,lump_sum,ylbar,WtaxPct,ShelterPct,ShelterPctP99,TaxEvasionP99,ConcealPctP99,gini,p90,p99,p999,p9999,gini_total,p90_total,p99_total,p999_total,p9999_total,welfare,welfare0,approval,approval0,conceal_share_e,conceal_share_n,evasion_share_e,evasion_share_n,conceal_frac_e,conceal_frac_n,evasion_frac_e,evasion_frac_n,shelter_pct_e,shelter_pct_n,detection_rate,detection_revenue,wtax_evasion_elast
65.53414307,2.85439031,2.85439031,0.00000000,29.59652086,258.51564926,50.91541846,1.28425471,0.15418819,0.04138456,0.03377139,36.87780030,0.25000000,0.18639713,1.82170431,6.93223804,0.00000000,0.00000000,9.18235041,0.01155878,1.01512040,0.64751957,0.00000000,0.00000000,0.00000000,0.00000000,0.75063255,0.38263712,0.71096209,0.84837349,0.93601714,0.75063255,0.38263712,0.71096209,0.84837349,0.93601714,-23.24521727,-46.21395575,0.85035072,0.50167828,-nan,-nan,-nan,-nan,0.00000000,0.00000000,0.00000000,0.00000000,0.00000000,0.00000000,-nan,0.00000000,13.30704921
