Y,A,A_rep,A_hid,L,Q,K,W,P,r,taua,abar,tauk,taul,WtaxRev,KtaxRev,WtaxRev_lost,KtaxRev_lost,G,lump_sum,ylbar,WtaxPct,ShelterPct,ShelterPctP99,TaxEvasionP99,ConcealPctP99,gini,p90,p99,p999,p9999,gini_total,p90_total,p99_total,p999_total,p9999_total,welfare,welfare0,approval,approval0,conceal_share_e,conceal_share_n,evasion_share_e,evasion_share_n,conceal_frac_e,conceal_frac_n,evasion_frac_e,evasion_frac_n,shelter_pct_e,shelter_pct_n,detection_rate,detection_revenue,wtax_evasion_elast
65.57347094,2.85587333,2.85587333,0.00000000,29.60298270,258.81065940,50.97773990,1.28475959,0.15412422,0.04132867,0.03275017,35.60845036,0.25000000,0.18639121,1.80309214,6.93009197,0.00000000,0.00000000,9.18235041,0.01147500,1.01512040,0.64008503,0.00000000,0.00000000,0.00000000,0.00000000,0.75102407,0.38217937,0.70971183,0.84699952,0.93544408,0.75102407,0.38217937,0.70971183,0.84699952,0.93544408,-23.24864272,-46.21258107,0.85340633,0.50667907,-nan,-nan,-nan,-nan,0.00000000,0.00000000,0.00000000,0.00000000,0.00000000,0.00000000,-nan,0.00000000,13.38233118
