Y,A,A_rep,A_hid,L,Q,K,W,P,r,taua,abar,tauk,taul,WtaxRev,KtaxRev,WtaxRev_lost,KtaxRev_lost,G,lump_sum,ylbar,WtaxPct,ShelterPct,ShelterPctP99,TaxEvasionP99,ConcealPctP99,gini,p90,p99,p999,p9999,gini_total,p90_total,p99_total,p999_total,p9999_total,welfare,welfare0,approval,approval0,conceal_share_e,conceal_share_n,evasion_share_e,evasion_share_n,conceal_frac_e,conceal_frac_n,evasion_frac_e,evasion_frac_n,shelter_pct_e,shelter_pct_n,detection_rate,detection_revenue,wtax_evasion_elast
73.59469218,3.11478390,2.91861367,0.19617023,30.13765118,332.15947056,65.58799990,1.41627502,0.13817882,0.02966397,0.00718933,840.75198466,0.25000000,0.18605541,0.12208104,5.91935322,0.08614700,0.54106154,9.29156816,0.00039832,1.08952447,0.01809179,0.10399841,36.23352029,8.40378439,55.38306099,0.77075542,0.35211119,0.66011612,0.82684753,0.93551651,0.78514983,0.32993509,0.61858839,0.77925597,0.90759886,-23.72297055,-47.59431027,0.57395763,0.24640876,0.25992233,0.74007767,0.83453835,0.16546165,0.05011147,0.06922384,0.06182832,0.00724178,0.39179343,0.03451258,0.67161997,0.04513410,44.17961013
