Y,A,A_rep,A_hid,L,Q,K,W,P,r,taua,abar,tauk,taul,WtaxRev,KtaxRev,WtaxRev_lost,KtaxRev_lost,G,lump_sum,ylbar,WtaxPct,ShelterPct,ShelterPctP99,TaxEvasionP99,ConcealPctP99,gini,p90,p99,p999,p9999,gini_total,p90_total,p99_total,p999_total,p9999_total,welfare,welfare0,approval,approval0,conceal_share_e,conceal_share_n,evasion_share_e,evasion_share_n,conceal_frac_e,conceal_frac_n,evasion_frac_e,evasion_frac_n,shelter_pct_e,shelter_pct_n,detection_rate,detection_revenue,wtax_evasion_elast
65.62618471,2.85802764,2.85802764,0.00000000,29.61078585,259.21103679,51.05659352,1.28545172,0.15403345,0.04126079,0.03176914,35.04869775,0.25000000,0.18638421,1.77558804,6.92743246,0.00000000,0.00000000,9.18235041,0.01134273,1.01512040,0.86206187,0.00000000,0.00000000,0.00000000,0.00000000,0.75157619,0.38121570,0.70814282,0.84575862,0.93495799,0.75157619,0.38121570,0.70814282,0.84575862,0.93495799,-23.25431505,-46.21338457,0.85797406,0.50993917,-nan,-nan,-nan,-nan,0.00000000,0.00000000,0.00000000,0.00000000,0.00000000,0.00000000,-nan,0.00000000,13.44284396
