Y,A,A_rep,A_hid,L,Q,K,W,P,r,taua,abar,tauk,taul,WtaxRev,KtaxRev,WtaxRev_lost,KtaxRev_lost,G,lump_sum,ylbar,WtaxPct,ShelterPct,ShelterPctP99,TaxEvasionP99,ConcealPctP99,gini,p90,p99,p999,p9999,gini_total,p90_total,p99_total,p999_total,p9999_total,welfare,welfare0,approval,approval0,conceal_share_e,conceal_share_n,evasion_share_e,evasion_share_n,conceal_frac_e,conceal_frac_n,evasion_frac_e,evasion_frac_n,shelter_pct_e,shelter_pct_n,detection_rate,detection_revenue,wtax_evasion_elast
65.55705703,2.85511603,2.85511603,0.00000000,29.60092481,258.68958920,50.95070924,1.28453796,0.15415194,0.04135508,0.03279630,35.09509894,0.25000000,0.18639346,1.81168008,6.93092606,0.00000000,0.00000000,9.18235041,0.01151998,1.01512040,0.63580602,0.00000000,0.00000000,0.00000000,0.00000000,0.75089646,0.38238882,0.70991454,0.84698024,0.93541808,0.75089646,0.38238882,0.70991454,0.84698024,0.93541808,-23.24727953,-46.21280502,0.85245993,0.50618258,-nan,-nan,-nan,-nan,0.00000000,0.00000000,0.00000000,0.00000000,0.00000000,0.00000000,-nan,0.00000000,13.38469978
