Y,A,A_rep,A_hid,L,Q,K,W,P,r,taua,abar,tauk,taul,WtaxRev,KtaxRev,WtaxRev_lost,KtaxRev_lost,G,lump_sum,ylbar,WtaxPct,ShelterPct,ShelterPctP99,TaxEvasionP99,ConcealPctP99,gini,p90,p99,p999,p9999,gini_total,p90_total,p99_total,p999_total,p9999_total,welfare,welfare0,approval,approval0,conceal_share_e,conceal_share_n,evasion_share_e,evasion_share_n,conceal_frac_e,conceal_frac_n,evasion_frac_e,evasion_frac_n,shelter_pct_e,shelter_pct_n,detection_rate,detection_revenue,wtax_evasion_elast
65.58666367,2.85650603,2.85650603,0.00000000,29.60458206,258.91161775,50.99794768,1.28494148,0.15410027,0.04131034,0.03258794,35.73619605,0.25000000,0.18639027,1.79567428,6.92945156,0.00000000,0.00000000,9.18235041,0.01144537,1.01512040,0.64160795,0.00000000,0.00000000,0.00000000,0.00000000,0.75115556,0.38183689,0.70942562,0.84683550,0.93538282,0.75115556,0.38183689,0.70942562,0.84683550,0.93538282,-23.24922609,-46.21103000,0.85523468,0.50995691,-nan,-nan,-nan,-nan,0.00000000,0.00000000,0.00000000,0.00000000,0.00000000,0.00000000,-nan,0.00000000,13.38985107
