Y,A,A_rep,A_hid,L,Q,K,W,P,r,taua,abar,tauk,taul,WtaxRev,KtaxRev,WtaxRev_lost,KtaxRev_lost,G,lump_sum,ylbar,WtaxPct,ShelterPct,ShelterPctP99,TaxEvasionP99,ConcealPctP99,gini,p90,p99,p999,p9999,gini_total,p90_total,p99_total,p999_total,p9999_total,welfare,welfare0,approval,approval0,conceal_share_e,conceal_share_n,evasion_share_e,evasion_share_n,conceal_frac_e,conceal_frac_n,evasion_frac_e,evasion_frac_n,shelter_pct_e,shelter_pct_n,detection_rate,detection_revenue,wtax_evasion_elast
73.50545293,3.11104294,2.92306637,0.18797658,30.12434956,331.44894888,65.43548835,1.41524204,0.13828367,0.02975638,0.01248247,1095.57373426,0.25000000,0.18606861,0.16629371,5.92868456,0.12623437,0.54124846,9.29156816,0.00080469,1.08952447,0.01254240,0.10368104,37.05412367,8.61801457,54.33493899,0.77094389,0.35187484,0.65993524,0.82703438,0.93818734,0.78474157,0.33061373,0.62010762,0.78154685,0.90995226,-23.70208278,-47.56476133,0.71957506,0.36732853,0.26271018,0.73728982,0.79595645,0.20404355,0.04859688,0.06615873,0.06242153,0.00947071,0.39015447,0.03451431,0.67270154,0.04650484,31.69622917
