Y,A,A_rep,A_hid,L,Q,K,W,P,r,taua,abar,tauk,taul,WtaxRev,KtaxRev,WtaxRev_lost,KtaxRev_lost,G,lump_sum,ylbar,WtaxPct,ShelterPct,ShelterPctP99,TaxEvasionP99,ConcealPctP99,gini,p90,p99,p999,p9999,gini_total,p90_total,p99_total,p999_total,p9999_total,welfare,welfare0,approval,approval0,conceal_share_e,conceal_share_n,evasion_share_e,evasion_share_n,conceal_frac_e,conceal_frac_n,evasion_frac_e,evasion_frac_n,shelter_pct_e,shelter_pct_n,detection_rate,detection_revenue,wtax_evasion_elast
65.52001052,2.85297127,2.85297127,0.00000000,29.59653783,258.40470925,50.87643004,1.28399196,0.15421633,0.04143595,0.03267031,33.85139104,0.25000000,0.18639844,1.83085500,6.93371810,0.00000000,0.00000000,9.18235041,0.01161996,1.01512040,0.83194254,0.00000000,0.00000000,0.00000000,0.00000000,0.75046782,0.38293542,0.71020900,0.84655259,0.93521602,0.75046782,0.38293542,0.71020900,0.84655259,0.93521602,-23.24371244,-46.21520760,0.84878693,0.49940019,-nan,-nan,-nan,-nan,0.00000000,0.00000000,0.00000000,0.00000000,0.00000000,0.00000000,-nan,0.00000000,13.36191762
