Y,A,A_rep,A_hid,L,Q,K,W,P,r,taua,abar,tauk,taul,WtaxRev,KtaxRev,WtaxRev_lost,KtaxRev_lost,G,lump_sum,ylbar,WtaxPct,ShelterPct,ShelterPctP99,TaxEvasionP99,ConcealPctP99,gini,p90,p99,p999,p9999,gini_total,p90_total,p99_total,p999_total,p9999_total,welfare,welfare0,approval,approval0,conceal_share_e,conceal_share_n,evasion_share_e,evasion_share_n,conceal_frac_e,conceal_frac_n,evasion_frac_e,evasion_frac_n,shelter_pct_e,shelter_pct_n,detection_rate,detection_revenue,wtax_evasion_elast
64.93814967,2.82814308,2.82814308,0.00000000,29.51417964,253.95943324,49.98903219,1.27613866,0.15525237,0.04223257,0.04193855,34.23738597,0.25000000,0.18647601,2.12850197,6.96480890,0.00000000,0.00000000,9.18235041,0.01296988,1.01512040,0.81232276,0.00000000,0.00000000,0.00000000,0.00000000,0.74490128,0.39153541,0.72485736,0.85667642,0.93887701,0.74490128,0.39153541,0.72485736,0.85667642,0.93887701,-23.20140953,-46.25113619,0.80430201,0.43544889,-nan,-nan,-nan,-nan,0.00000000,0.00000000,0.00000000,0.00000000,0.00000000,0.00000000,-nan,0.00000000,12.79903952
