Y,A,A_rep,A_hid,L,Q,K,W,P,r,taua,abar,tauk,taul,WtaxRev,KtaxRev,WtaxRev_lost,KtaxRev_lost,G,lump_sum,ylbar,WtaxPct,ShelterPct,ShelterPctP99,TaxEvasionP99,ConcealPctP99,gini,p90,p99,p999,p9999,gini_total,p90_total,p99_total,p999_total,p9999_total,welfare,welfare0,approval,approval0,conceal_share_e,conceal_share_n,evasion_share_e,evasion_share_n,conceal_frac_e,conceal_frac_n,evasion_frac_e,evasion_frac_n,shelter_pct_e,shelter_pct_n,detection_rate,detection_revenue,wtax_evasion_elast
65.58640558,2.85646636,2.85646636,0.00000000,29.60467149,258.90868923,50.99785945,1.28493479,0.15410148,0.04131029,0.03253749,35.58166306,0.25000000,0.18639020,1.79594731,6.92943185,0.00000000,0.00000000,9.18235041,0.01144716,1.01512040,0.64060169,0.00000000,0.00000000,0.00000000,0.00000000,0.75116115,0.38184340,0.70931529,0.84674749,0.93534778,0.75116115,0.38184340,0.70931529,0.84674749,0.93534778,-23.24936241,-46.21117720,0.85522187,0.50995681,-nan,-nan,-nan,-nan,0.00000000,0.00000000,0.00000000,0.00000000,0.00000000,0.00000000,-nan,0.00000000,13.39440402
