Y,A,A_rep,A_hid,L,Q,K,W,P,r,taua,abar,tauk,taul,WtaxRev,KtaxRev,WtaxRev_lost,KtaxRev_lost,G,lump_sum,ylbar,WtaxPct,ShelterPct,ShelterPctP99,TaxEvasionP99,ConcealPctP99,gini,p90,p99,p999,p9999,gini_total,p90_total,p99_total,p999_total,p9999_total,welfare,welfare0,approval,approval0,conceal_share_e,conceal_share_n,evasion_share_e,evasion_share_n,conceal_frac_e,conceal_frac_n,evasion_frac_e,evasion_frac_n,shelter_pct_e,shelter_pct_n,detection_rate,detection_revenue,wtax_evasion_elast
73.48970590,3.11048226,2.91231454,0.19816772,30.12418338,331.25806445,65.44024520,1.41496607,0.13832785,0.02973470,0.01218043,922.37013736,0.25000000,0.18606753,0.17881504,5.91822758,0.14141362,0.54475497,9.29156816,0.00077794,1.08952447,0.01530447,0.10503223,39.21816213,8.80707392,56.09629045,0.77014319,0.35305775,0.66236547,0.83032503,0.93898047,0.78474324,0.33056457,0.62021411,0.78195381,0.91023823,-23.70873609,-47.57974145,0.66766534,0.32715176,0.25997654,0.74002346,0.78504223,0.21495777,0.05069306,0.07002648,0.06320337,0.01025049,0.39333146,0.03542467,0.66947001,0.04798234,33.48164318
