Y,A,A_rep,A_hid,L,Q,K,W,P,r,taua,abar,tauk,taul,WtaxRev,KtaxRev,WtaxRev_lost,KtaxRev_lost,G,lump_sum,ylbar,WtaxPct,ShelterPct,ShelterPctP99,TaxEvasionP99,ConcealPctP99,gini,p90,p99,p999,p9999,gini_total,p90_total,p99_total,p999_total,p9999_total,welfare,welfare0,approval,approval0,conceal_share_e,conceal_share_n,evasion_share_e,evasion_share_n,conceal_frac_e,conceal_frac_n,evasion_frac_e,evasion_frac_n,shelter_pct_e,shelter_pct_n,detection_rate,detection_revenue,wtax_evasion_elast
65.58336472,2.85629324,2.85629324,0.00000000,29.60441027,258.88139747,50.99214896,1.28488200,0.15410842,0.04131596,0.03242630,35.13490787,0.25000000,0.18639110,1.79790476,6.92975640,0.00000000,0.00000000,9.18235041,0.01146135,1.01512040,0.63723828,0.00000000,0.00000000,0.00000000,0.00000000,0.75113943,0.38188806,0.70927562,0.84655075,0.93525328,0.75113943,0.38188806,0.70927562,0.84655075,0.93525328,-23.24884037,-46.21097284,0.85494500,0.50991911,-nan,-nan,-nan,-nan,0.00000000,0.00000000,0.00000000,0.00000000,0.00000000,0.00000000,-nan,0.00000000,13.40623559
