Y,A,A_rep,A_hid,L,Q,K,W,P,r,taua,abar,tauk,taul,WtaxRev,KtaxRev,WtaxRev_lost,KtaxRev_lost,G,lump_sum,ylbar,WtaxPct,ShelterPct,ShelterPctP99,TaxEvasionP99,ConcealPctP99,gini,p90,p99,p999,p9999,gini_total,p90_total,p99_total,p999_total,p9999_total,welfare,welfare0,approval,approval0,conceal_share_e,conceal_share_n,evasion_share_e,evasion_share_n,conceal_frac_e,conceal_frac_n,evasion_frac_e,evasion_frac_n,shelter_pct_e,shelter_pct_n,detection_rate,detection_revenue,wtax_evasion_elast
65.93525486,2.87332814,2.87332814,0.00000000,29.65244605,261.52393578,51.62392141,1.28969328,0.15352680,0.04068311,0.03571167,63.34135499,0.25000000,0.18631783,1.58132906,6.90827755,0.00000000,0.00000000,9.18235041,0.01007408,1.01512040,0.40549785,0.00000000,0.00000000,0.00000000,0.00000000,0.75436301,0.37655957,0.70426403,0.85290087,0.93853001,0.75436301,0.37655957,0.70426403,0.85290087,0.93853001,-23.31698849,-46.27476572,0.85980434,0.51202716,-nan,-nan,-nan,-nan,0.00000000,0.00000000,0.00000000,0.00000000,0.00000000,0.00000000,-nan,0.00000000,13.30363602
