Y,A,A_rep,A_hid,L,Q,K,W,P,r,taua,abar,tauk,taul,WtaxRev,KtaxRev,WtaxRev_lost,KtaxRev_lost,G,lump_sum,ylbar,WtaxPct,ShelterPct,ShelterPctP99,TaxEvasionP99,ConcealPctP99,gini,p90,p99,p999,p9999,gini_total,p90_total,p99_total,p999_total,p9999_total,welfare,welfare0,approval,approval0,conceal_share_e,conceal_share_n,evasion_share_e,evasion_share_n,conceal_frac_e,conceal_frac_n,evasion_frac_e,evasion_frac_n,shelter_pct_e,shelter_pct_n,detection_rate,detection_revenue,wtax_evasion_elast
73.45095863,3.11040369,2.90241129,0.20799240,30.12558230,330.57827140,65.58838554,1.41415169,0.13851047,0.02951250,0.01733904,1165.31041175,0.25000000,0.18606405,0.17328976,5.91859174,0.20087186,0.53805893,9.29156816,0.00073242,1.08952447,0.01109963,0.10507426,52.26657348,10.40987230,52.42587830,0.77022127,0.35307727,0.66390708,0.83428270,0.94642498,0.78554349,0.32946702,0.61957153,0.78294717,0.91253505,-23.73650997,-47.63259305,0.49574753,0.09680581,0.29820089,0.70179911,0.76512773,0.23487227,0.06088845,0.06978274,0.06604281,0.01205307,0.39491609,0.03509424,0.66750325,0.06102345,37.06134719
