Y,A,A_rep,A_hid,L,Q,K,W,P,r,taua,abar,tauk,taul,WtaxRev,KtaxRev,WtaxRev_lost,KtaxRev_lost,G,lump_sum,ylbar,WtaxPct,ShelterPct,ShelterPctP99,TaxEvasionP99,ConcealPctP99,gini,p90,p99,p999,p9999,gini_total,p90_total,p99_total,p999_total,p9999_total,welfare,welfare0,approval,approval0,conceal_share_e,conceal_share_n,evasion_share_e,evasion_share_n,conceal_frac_e,conceal_frac_n,evasion_frac_e,evasion_frac_n,shelter_pct_e,shelter_pct_n,detection_rate,detection_revenue,wtax_evasion_elast
65.54385823,2.85402182,2.85402182,0.00000000,29.60006091,258.58663696,50.91530770,1.28431214,0.15417554,0.04139984,0.03234168,33.88159434,0.25000000,0.18639504,1.81825980,6.93236421,0.00000000,0.00000000,9.18235041,0.01155704,1.01512040,0.83353033,0.00000000,0.00000000,0.00000000,0.00000000,0.75068890,0.38254891,0.70962150,0.84617439,0.93507226,0.75068890,0.38254891,0.70962150,0.84617439,0.93507226,-23.24594560,-46.21512214,0.85072920,0.50100177,-nan,-nan,-nan,-nan,0.00000000,0.00000000,0.00000000,0.00000000,0.00000000,0.00000000,-nan,0.00000000,13.38304624
