Y,A,A_rep,A_hid,L,Q,K,W,P,r,taua,abar,tauk,taul,WtaxRev,KtaxRev,WtaxRev_lost,KtaxRev_lost,G,lump_sum,ylbar,WtaxPct,ShelterPct,ShelterPctP99,TaxEvasionP99,ConcealPctP99,gini,p90,p99,p999,p9999,gini_total,p90_total,p99_total,p999_total,p9999_total,welfare,welfare0,approval,approval0,conceal_share_e,conceal_share_n,evasion_share_e,evasion_share_n,conceal_frac_e,conceal_frac_n,evasion_frac_e,evasion_frac_n,shelter_pct_e,shelter_pct_n,detection_rate,detection_revenue,wtax_evasion_elast
73.53189828,3.11199511,2.90913699,0.20285812,30.12969320,331.62012157,65.50743843,1.41550194,0.13826935,0.02969755,0.00982004,821.75027502,0.25000000,0.18606193,0.15980452,5.91477318,0.12239797,0.54314397,9.29156816,0.00062723,1.08952447,0.01800181,0.10467735,39.00752944,8.71290475,55.91020662,0.76998194,0.35327060,0.66270459,0.83060288,0.93768847,0.78493132,0.33024235,0.61955339,0.78095075,0.90914456,-23.71469287,-47.58565276,0.64665068,0.31057712,0.25684377,0.74315623,0.80126900,0.19873100,0.05123949,0.07195456,0.06272143,0.00920662,0.39172842,0.03537115,0.67044732,0.04724002,38.12728727
