Y,A,A_rep,A_hid,L,Q,K,W,P,r,taua,abar,tauk,taul,WtaxRev,KtaxRev,WtaxRev_lost,KtaxRev_lost,G,lump_sum,ylbar,WtaxPct,ShelterPct,ShelterPctP99,TaxEvasionP99,ConcealPctP99,gini,p90,p99,p999,p9999,gini_total,p90_total,p99_total,p999_total,p9999_total,welfare,welfare0,approval,approval0,conceal_share_e,conceal_share_n,evasion_share_e,evasion_share_n,conceal_frac_e,conceal_frac_n,evasion_frac_e,evasion_frac_n,shelter_pct_e,shelter_pct_n,detection_rate,detection_revenue,wtax_evasion_elast
64.06444891,2.76327198,2.76327198,0.00000000,29.47057997,247.05250181,47.87323263,1.26082496,0.15701120,0.04501257,0.03214708,12.77656264,0.25000000,0.18655531,2.51177114,7.04600563,0.00000000,0.00000000,9.18235041,0.01461052,1.01512040,3.45199654,0.00000000,0.00000000,0.00000000,0.00000000,0.73314046,0.40971991,0.70558514,0.83408458,0.92968347,0.73314046,0.40971991,0.70558514,0.83408458,0.92968347,-23.20705100,-46.53062266,0.73093087,0.37583469,-nan,-nan,-nan,-nan,0.00000000,0.00000000,0.00000000,0.00000000,0.00000000,0.00000000,-nan,0.00000000,14.38139434
