Y,A,A_rep,A_hid,L,Q,K,W,P,r,taua,abar,tauk,taul,WtaxRev,KtaxRev,WtaxRev_lost,KtaxRev_lost,G,lump_sum,ylbar,WtaxPct,ShelterPct,ShelterPctP99,TaxEvasionP99,ConcealPctP99,gini,p90,p99,p999,p9999,gini_total,p90_total,p99_total,p999_total,p9999_total,welfare,welfare0,approval,approval0,conceal_share_e,conceal_share_n,evasion_share_e,evasion_share_n,conceal_frac_e,conceal_frac_n,evasion_frac_e,evasion_frac_n,shelter_pct_e,shelter_pct_n,detection_rate,detection_revenue,wtax_evasion_elast
65.58002160,2.85608937,2.85608937,0.00000000,29.60418822,258.85706780,50.98738995,1.28483533,0.15411471,0.04132049,0.03246294,35.07770059,0.25000000,0.18639034,1.79993802,6.92982258,0.00000000,0.00000000,9.18235041,0.01146222,1.01512040,0.86109906,0.00000000,0.00000000,0.00000000,0.00000000,0.75110458,0.38193839,0.70937907,0.84659551,0.93527649,0.75110458,0.38193839,0.70937907,0.84659551,0.93527649,-23.24946184,-46.21284187,0.85378470,0.50697314,-nan,-nan,-nan,-nan,0.00000000,0.00000000,0.00000000,0.00000000,0.00000000,0.00000000,-nan,0.00000000,13.40603991
