Y,A,A_rep,A_hid,L,Q,K,W,P,r,taua,abar,tauk,taul,WtaxRev,KtaxRev,WtaxRev_lost,KtaxRev_lost,G,lump_sum,ylbar,WtaxPct,ShelterPct,ShelterPctP99,TaxEvasionP99,ConcealPctP99,gini,p90,p99,p999,p9999,gini_total,p90_total,p99_total,p999_total,p9999_total,welfare,welfare0,approval,approval0,conceal_share_e,conceal_share_n,evasion_share_e,evasion_share_n,conceal_frac_e,conceal_frac_n,evasion_frac_e,evasion_frac_n,shelter_pct_e,shelter_pct_n,detection_rate,detection_revenue,wtax_evasion_elast
65.58908918,2.85653515,2.85653515,0.00000000,29.60534026,258.92535057,51.00191348,1.28495884,0.15409891,0.04130679,0.03240831,35.27705573,0.25000000,0.18638928,1.79533965,6.92932919,0.00000000,0.00000000,9.18235041,0.01143955,1.01512040,0.63879372,0.00000000,0.00000000,0.00000000,0.00000000,0.75119034,0.38182038,0.70924534,0.84656019,0.93526443,0.75119034,0.38182038,0.70924534,0.84656019,0.93526443,-23.25021891,-46.21253315,0.85490666,0.50995652,-nan,-nan,-nan,-nan,0.00000000,0.00000000,0.00000000,0.00000000,0.00000000,0.00000000,-nan,0.00000000,13.40564986
