Y,A,A_rep,A_hid,L,Q,K,W,P,r,taua,abar,tauk,taul,WtaxRev,KtaxRev,WtaxRev_lost,KtaxRev_lost,G,lump_sum,ylbar,WtaxPct,ShelterPct,ShelterPctP99,TaxEvasionP99,ConcealPctP99,gini,p90,p99,p999,p9999,gini_total,p90_total,p99_total,p999_total,p9999_total,welfare,welfare0,approval,approval0,conceal_share_e,conceal_share_n,evasion_share_e,evasion_share_n,conceal_frac_e,conceal_frac_n,evasion_frac_e,evasion_frac_n,shelter_pct_e,shelter_pct_n,detection_rate,detection_revenue,wtax_evasion_elast
73.64887109,3.11693668,2.92460695,0.19232973,30.14576829,332.68203851,65.67446062,1.41701870,0.13809366,0.02962263,0.00454671,716.35590768,0.25000000,0.18604757,0.08995555,5.92044185,0.05724000,0.53928722,9.29156816,0.00018806,1.08952447,0.02193391,0.10285422,34.05208543,8.33772928,56.52646814,0.77126926,0.35131070,0.65835107,0.82424673,0.93301620,0.78534023,0.32963317,0.61777264,0.77782148,0.90616341,-23.73032869,-47.60075456,0.46389256,0.07304462,0.26236530,0.73763470,0.86574216,0.13425784,0.04956445,0.06759356,0.06122959,0.00560014,0.38915599,0.03372893,0.67751736,0.04439407,56.51525768
