Y,A,A_rep,A_hid,L,Q,K,W,P,r,taua,abar,tauk,taul,WtaxRev,KtaxRev,WtaxRev_lost,KtaxRev_lost,G,lump_sum,ylbar,WtaxPct,ShelterPct,ShelterPctP99,TaxEvasionP99,ConcealPctP99,gini,p90,p99,p999,p9999,gini_total,p90_total,p99_total,p999_total,p9999_total,welfare,welfare0,approval,approval0,conceal_share_e,conceal_share_n,evasion_share_e,evasion_share_n,conceal_frac_e,conceal_frac_n,evasion_frac_e,evasion_frac_n,shelter_pct_e,shelter_pct_n,detection_rate,detection_revenue,wtax_evasion_elast
65.57863973,2.85607629,2.85607629,0.00000000,29.60375131,258.84924223,50.98543535,1.28482638,0.15411554,0.04132199,0.03262070,35.43603135,0.25000000,0.18639065,1.80069365,6.92983404,0.00000000,0.00000000,9.18235041,0.01146453,1.01512040,0.63919552,0.00000000,0.00000000,0.00000000,0.00000000,0.75107166,0.38212130,0.70955263,0.84683215,0.93536658,0.75107166,0.38212130,0.70955263,0.84683215,0.93536658,-23.24900235,-46.21233303,0.85381670,0.50707538,-nan,-nan,-nan,-nan,0.00000000,0.00000000,0.00000000,0.00000000,0.00000000,0.00000000,-nan,0.00000000,13.39330480
