Y,A,A_rep,A_hid,L,Q,K,W,P,r,taua,abar,tauk,taul,WtaxRev,KtaxRev,WtaxRev_lost,KtaxRev_lost,G,lump_sum,ylbar,WtaxPct,ShelterPct,ShelterPctP99,TaxEvasionP99,ConcealPctP99,gini,p90,p99,p999,p9999,gini_total,p90_total,p99_total,p999_total,p9999_total,welfare,welfare0,approval,approval0,conceal_share_e,conceal_share_n,evasion_share_e,evasion_share_n,conceal_frac_e,conceal_frac_n,evasion_frac_e,evasion_frac_n,shelter_pct_e,shelter_pct_n,detection_rate,detection_revenue,wtax_evasion_elast
65.09413718,2.83347539,2.83347539,0.00000000,29.53866656,255.15669052,50.18586267,1.27814673,0.15496829,0.04209172,0.03677446,29.49701076,0.25000000,0.18645862,2.05446936,6.95805017,0.00000000,0.00000000,9.18235041,0.01271598,1.01512040,1.12425725,0.00000000,0.00000000,0.00000000,0.00000000,0.74632274,0.38953530,0.71864786,0.85009968,0.93630251,0.74632274,0.38953530,0.71864786,0.85009968,0.93630251,-23.20530860,-46.23067145,0.81828154,0.44893940,-nan,-nan,-nan,-nan,0.00000000,0.00000000,0.00000000,0.00000000,0.00000000,0.00000000,-nan,0.00000000,13.14321615
