Y,A,A_rep,A_hid,L,Q,K,W,P,r,taua,abar,tauk,taul,WtaxRev,KtaxRev,WtaxRev_lost,KtaxRev_lost,G,lump_sum,ylbar,WtaxPct,ShelterPct,ShelterPctP99,TaxEvasionP99,ConcealPctP99,gini,p90,p99,p999,p9999,gini_total,p90_total,p99_total,p999_total,p9999_total,welfare,welfare0,approval,approval0,conceal_share_e,conceal_share_n,evasion_share_e,evasion_share_n,conceal_frac_e,conceal_frac_n,evasion_frac_e,evasion_frac_n,shelter_pct_e,shelter_pct_n,detection_rate,detection_revenue,wtax_evasion_elast
65.54173151,2.85450175,2.85450175,0.00000000,29.59843610,258.57196326,50.92596299,1.28433615,0.15417774,0.04137736,0.03321579,35.64586761,0.25000000,0.18639558,1.81902018,6.93177409,0.00000000,0.00000000,9.18235041,0.01154654,1.01512040,0.63873404,0.00000000,0.00000000,0.00000000,0.00000000,0.75072989,0.38252198,0.71052072,0.84754263,0.93565310,0.75072989,0.38252198,0.71052072,0.84754263,0.93565310,-23.24642788,-46.21500360,0.85069870,0.50166210,-nan,-nan,-nan,-nan,0.00000000,0.00000000,0.00000000,0.00000000,0.00000000,0.00000000,-nan,0.00000000,13.35522763
