Y,A,A_rep,A_hid,L,Q,K,W,P,r,taua,abar,tauk,taul,WtaxRev,KtaxRev,WtaxRev_lost,KtaxRev_lost,G,lump_sum,ylbar,WtaxPct,ShelterPct,ShelterPctP99,TaxEvasionP99,ConcealPctP99,gini,p90,p99,p999,p9999,gini_total,p90_total,p99_total,p999_total,p9999_total,welfare,welfare0,approval,approval0,conceal_share_e,conceal_share_n,evasion_share_e,evasion_share_n,conceal_frac_e,conceal_frac_n,evasion_frac_e,evasion_frac_n,shelter_pct_e,shelter_pct_n,detection_rate,detection_revenue,wtax_evasion_elast
65.60440194,2.85712081,2.85712081,0.00000000,29.60746458,259.04256946,51.02429705,1.28516399,0.15407169,0.04128780,0.03212262,35.14285103,0.25000000,0.18638874,1.78666875,6.92852253,0.00000000,0.00000000,9.18235041,0.01140376,1.01512040,0.63851613,0.00000000,0.00000000,0.00000000,0.00000000,0.75134481,0.38153732,0.70878007,0.84619597,0.93511485,0.75134481,0.38153732,0.70878007,0.84619597,0.93511485,-23.25117180,-46.21173906,0.85592553,0.50999923,-nan,-nan,-nan,-nan,0.00000000,0.00000000,0.00000000,0.00000000,0.00000000,0.00000000,-nan,0.00000000,13.42728258
