Y,A,A_rep,A_hid,L,Q,K,W,P,r,taua,abar,tauk,taul,WtaxRev,KtaxRev,WtaxRev_lost,KtaxRev_lost,G,lump_sum,ylbar,WtaxPct,ShelterPct,ShelterPctP99,TaxEvasionP99,ConcealPctP99,gini,p90,p99,p999,p9999,gini_total,p90_total,p99_total,p999_total,p9999_total,welfare,welfare0,approval,approval0,conceal_share_e,conceal_share_n,evasion_share_e,evasion_share_n,conceal_frac_e,conceal_frac_n,evasion_frac_e,evasion_frac_n,shelter_pct_e,shelter_pct_n,detection_rate,detection_revenue,wtax_evasion_elast
73.56407665,3.11365342,2.93787609,0.17577733,30.13202237,331.98675287,65.50136543,1.41599401,0.13819048,0.02973873,0.01047997,1376.74741399,0.25000000,0.18606160,0.12470774,5.93671301,0.08616391,0.53928973,9.29156816,0.00057134,1.08952447,0.00990336,0.10248663,33.27779783,8.37788154,52.80021401,0.77205332,0.35014206,0.65628464,0.82192445,0.93573029,0.78488087,0.33037524,0.61928149,0.77997451,0.90854015,-23.70958278,-47.57301574,0.70158256,0.35623144,0.26814944,0.73185056,0.83205350,0.16794650,0.04636259,0.06134602,0.06142893,0.00732270,0.38862523,0.03340074,0.67695785,0.04473398,33.47510782
