Y,A,A_rep,A_hid,L,Q,K,W,P,r,taua,abar,tauk,taul,WtaxRev,KtaxRev,WtaxRev_lost,KtaxRev_lost,G,lump_sum,ylbar,WtaxPct,ShelterPct,ShelterPctP99,TaxEvasionP99,ConcealPctP99,gini,p90,p99,p999,p9999,gini_total,p90_total,p99_total,p999_total,p9999_total,welfare,welfare0,approval,approval0,conceal_share_e,conceal_share_n,evasion_share_e,evasion_share_n,conceal_frac_e,conceal_frac_n,evasion_frac_e,evasion_frac_n,shelter_pct_e,shelter_pct_n,detection_rate,detection_revenue,wtax_evasion_elast
65.63178088,2.85719006,2.85719006,0.00000000,29.61493274,259.23530019,51.04100423,1.28538989,0.15403468,0.04129708,0.03000000,31.45648010,0.25000000,0.18638039,1.76882533,6.92833181,0.00000000,0.00000000,9.18235041,0.01129922,1.01512040,0.79835745,0.00000000,0.00000000,0.00000000,0.00000000,0.75155465,0.38132603,0.70641575,0.84291126,0.93382722,0.75155465,0.38132603,0.70641575,0.84291126,0.93382722,-23.25946121,-46.22524222,0.85364111,0.50640476,-nan,-nan,-nan,-nan,0.00000000,0.00000000,0.00000000,0.00000000,0.00000000,0.00000000,-nan,0.00000000,13.55109836
