Y,A,A_rep,A_hid,L,Q,K,W,P,r,taua,abar,tauk,taul,WtaxRev,KtaxRev,WtaxRev_lost,KtaxRev_lost,G,lump_sum,ylbar,WtaxPct,ShelterPct,ShelterPctP99,TaxEvasionP99,ConcealPctP99,gini,p90,p99,p999,p9999,gini_total,p90_total,p99_total,p999_total,p9999_total,welfare,welfare0,approval,approval0,conceal_share_e,conceal_share_n,evasion_share_e,evasion_share_n,conceal_frac_e,conceal_frac_n,evasion_frac_e,evasion_frac_n,shelter_pct_e,shelter_pct_n,detection_rate,detection_revenue,wtax_evasion_elast
66.05227789,2.87849182,2.87849182,0.00000000,29.66975964,262.39746007,51.81516218,1.29121771,0.15333712,0.04050800,0.03473827,68.00543682,0.25000000,0.18630051,1.51606122,6.90202203,0.00000000,0.00000000,9.18235041,0.00972103,1.01512040,0.33415774,0.00000000,0.00000000,0.00000000,0.00000000,0.75548170,0.37483171,0.70143880,0.85196639,0.93828151,0.75548170,0.37483171,0.70143880,0.85196639,0.93828151,-23.33308157,-46.28298576,0.86983951,0.52460029,-nan,-nan,-nan,-nan,0.00000000,0.00000000,0.00000000,0.00000000,0.00000000,0.00000000,-nan,0.00000000,13.38614262
