Y,A,A_rep,A_hid,L,Q,K,W,P,r,taua,abar,tauk,taul,WtaxRev,KtaxRev,WtaxRev_lost,KtaxRev_lost,G,lump_sum,ylbar,WtaxPct,ShelterPct,ShelterPctP99,TaxEvasionP99,ConcealPctP99,gini,p90,p99,p999,p9999,gini_total,p90_total,p99_total,p999_total,p9999_total,welfare,welfare0,approval,approval0,conceal_share_e,conceal_share_n,evasion_share_e,evasion_share_n,conceal_frac_e,conceal_frac_n,evasion_frac_e,evasion_frac_n,shelter_pct_e,shelter_pct_n,detection_rate,detection_revenue,wtax_evasion_elast
65.59256700,2.85675392,2.85675392,0.00000000,29.60524751,258.94534304,51.00496597,1.28500278,0.15409273,0.04130401,0.03246239,35.59761005,0.25000000,0.18638956,1.79322796,6.92940332,0.00000000,0.00000000,9.18235041,0.01143732,1.01512040,0.64101203,0.00000000,0.00000000,0.00000000,0.00000000,0.75122457,0.38175742,0.70917546,0.84665123,0.93530830,0.75122457,0.38175742,0.70917546,0.84665123,0.93530830,-23.24969531,-46.21096346,0.85543684,0.50995691,-nan,-nan,-nan,-nan,0.00000000,0.00000000,0.00000000,0.00000000,0.00000000,0.00000000,-nan,0.00000000,13.39536504
