Y,A,A_rep,A_hid,L,Q,K,W,P,r,taua,abar,tauk,taul,WtaxRev,KtaxRev,WtaxRev_lost,KtaxRev_lost,G,lump_sum,ylbar,WtaxPct,ShelterPct,ShelterPctP99,TaxEvasionP99,ConcealPctP99,gini,p90,p99,p999,p9999,gini_total,p90_total,p99_total,p999_total,p9999_total,welfare,welfare0,approval,approval0,conceal_share_e,conceal_share_n,evasion_share_e,evasion_share_n,conceal_frac_e,conceal_frac_n,evasion_frac_e,evasion_frac_n,shelter_pct_e,shelter_pct_n,detection_rate,detection_revenue,wtax_evasion_elast
65.55855599,2.85526347,2.85526347,0.00000000,29.60079539,258.69416936,50.95147820,1.28455039,0.15415021,0.04135413,0.03281704,35.22673744,0.25000000,0.18639429,1.81080074,6.93114066,0.00000000,0.00000000,9.18235041,0.01152106,1.01512040,0.63688540,0.00000000,0.00000000,0.00000000,0.00000000,0.75091042,0.38235755,0.70991446,0.84701628,0.93544218,0.75091042,0.38235755,0.70991446,0.84701628,0.93544218,-23.24691513,-46.21205329,0.85291761,0.50628414,-nan,-nan,-nan,-nan,0.00000000,0.00000000,0.00000000,0.00000000,0.00000000,0.00000000,-nan,0.00000000,13.37966212
