Y,A,A_rep,A_hid,L,Q,K,W,P,r,taua,abar,tauk,taul,WtaxRev,KtaxRev,WtaxRev_lost,KtaxRev_lost,G,lump_sum,ylbar,WtaxPct,ShelterPct,ShelterPctP99,TaxEvasionP99,ConcealPctP99,gini,p90,p99,p999,p9999,gini_total,p90_total,p99_total,p999_total,p9999_total,welfare,welfare0,approval,approval0,conceal_share_e,conceal_share_n,evasion_share_e,evasion_share_n,conceal_frac_e,conceal_frac_n,evasion_frac_e,evasion_frac_n,shelter_pct_e,shelter_pct_n,detection_rate,detection_revenue,wtax_evasion_elast
66.00411541,2.87636444,2.87636444,0.00000000,29.66314097,262.03034042,51.74198263,1.29057815,0.15342020,0.04057092,0.03591673,68.98748014,0.25000000,0.18630531,1.54031511,6.90440288,0.00000000,0.00000000,9.18235041,0.00982565,1.01512040,0.33473219,0.00000000,0.00000000,0.00000000,0.00000000,0.75502077,0.37547425,0.70275306,0.85333332,0.93885204,0.75502077,0.37547425,0.70275306,0.85333332,0.93885204,-23.33026270,-46.28651692,0.86089741,0.51232551,-nan,-nan,-nan,-nan,0.00000000,0.00000000,0.00000000,0.00000000,0.00000000,0.00000000,-nan,0.00000000,13.31190260
