Y,A,A_rep,A_hid,L,Q,K,W,P,r,taua,abar,tauk,taul,WtaxRev,KtaxRev,WtaxRev_lost,KtaxRev_lost,G,lump_sum,ylbar,WtaxPct,ShelterPct,ShelterPctP99,TaxEvasionP99,ConcealPctP99,gini,p90,p99,p999,p9999,gini_total,p90_total,p99_total,p999_total,p9999_total,welfare,welfare0,approval,approval0,conceal_share_e,conceal_share_n,evasion_share_e,evasion_share_n,conceal_frac_e,conceal_frac_n,evasion_frac_e,evasion_frac_n,shelter_pct_e,shelter_pct_n,detection_rate,detection_revenue,wtax_evasion_elast
65.65155847,2.85921689,2.85921689,0.00000000,29.61413978,259.40340528,51.09776967,1.28579714,0.15398943,0.04122208,0.03150308,35.38103172,0.25000000,0.18638144,1.76101140,6.92604734,0.00000000,0.00000000,9.18235041,0.01127158,1.01512040,0.64269863,0.00000000,0.00000000,0.00000000,0.00000000,0.75181916,0.38077977,0.70761602,0.84550314,0.93488137,0.75181916,0.38077977,0.70761602,0.84550314,0.93488137,-23.25658534,-46.21330158,0.86040237,0.51666373,-nan,-nan,-nan,-nan,0.00000000,0.00000000,0.00000000,0.00000000,0.00000000,0.00000000,-nan,0.00000000,13.46151707
