Y,A,A_rep,A_hid,L,Q,K,W,P,r,taua,abar,tauk,taul,WtaxRev,KtaxRev,WtaxRev_lost,KtaxRev_lost,G,lump_sum,ylbar,WtaxPct,ShelterPct,ShelterPctP99,TaxEvasionP99,ConcealPctP99,gini,p90,p99,p999,p9999,gini_total,p90_total,p99_total,p999_total,p9999_total,welfare,welfare0,approval,approval0,conceal_share_e,conceal_share_n,evasion_share_e,evasion_share_n,conceal_frac_e,conceal_frac_n,evasion_frac_e,evasion_frac_n,shelter_pct_e,shelter_pct_n,detection_rate,detection_revenue,wtax_evasion_elast
73.46557882,3.10997610,2.91360369,0.19637241,30.12210161,330.93159937,65.48030224,1.41458346,0.13840349,0.02965878,0.01540197,1141.00470473,0.25000000,0.18606930,0.17799295,5.92725319,0.16403945,0.53805485,9.29156816,0.00088122,1.08952447,0.01145643,0.10356506,43.36601541,9.34192741,53.38947394,0.77060830,0.35246774,0.66173456,0.83056951,0.94241157,0.78505029,0.33021196,0.62000605,0.78258240,0.91160370,-23.71140069,-47.58401513,0.64543321,0.31301199,0.27930655,0.72069345,0.77660042,0.22339958,0.05393304,0.06761762,0.06384080,0.01089499,0.38855941,0.03475543,0.67337204,0.05367034,33.20832141
