Y,A,A_rep,A_hid,L,Q,K,W,P,r,taua,abar,tauk,taul,WtaxRev,KtaxRev,WtaxRev_lost,KtaxRev_lost,G,lump_sum,ylbar,WtaxPct,ShelterPct,ShelterPctP99,TaxEvasionP99,ConcealPctP99,gini,p90,p99,p999,p9999,gini_total,p90_total,p99_total,p999_total,p9999_total,welfare,welfare0,approval,approval0,conceal_share_e,conceal_share_n,evasion_share_e,evasion_share_n,conceal_frac_e,conceal_frac_n,evasion_frac_e,evasion_frac_n,shelter_pct_e,shelter_pct_n,detection_rate,detection_revenue,wtax_evasion_elast
73.53044794,3.11213374,2.93409134,0.17804241,30.12880931,331.66676962,65.46235812,1.41551939,0.13824953,0.02975109,0.01231845,1327.46591499,0.25000000,0.18606261,0.14543522,5.92886338,0.10524682,0.54700977,9.29156816,0.00062836,1.08952447,0.00987816,0.10312617,34.43788420,8.81052326,52.93036532,0.77170298,0.35068503,0.65744489,0.82365497,0.93707798,0.78472223,0.33062265,0.61988041,0.78102055,0.90955535,-23.71092246,-47.58075176,0.67146510,0.32896174,0.26851645,0.73148355,0.81636781,0.18363219,0.04704093,0.06213975,0.06270081,0.00833886,0.39028486,0.03379398,0.68320518,0.04707011,31.27358499
