Y,A,A_rep,A_hid,L,Q,K,W,P,r,taua,abar,tauk,taul,WtaxRev,KtaxRev,WtaxRev_lost,KtaxRev_lost,G,lump_sum,ylbar,WtaxPct,ShelterPct,ShelterPctP99,TaxEvasionP99,ConcealPctP99,gini,p90,p99,p999,p9999,gini_total,p90_total,p99_total,p999_total,p9999_total,welfare,welfare0,approval,approval0,conceal_share_e,conceal_share_n,evasion_share_e,evasion_share_n,conceal_frac_e,conceal_frac_n,evasion_frac_e,evasion_frac_n,shelter_pct_e,shelter_pct_n,detection_rate,detection_revenue,wtax_evasion_elast
64.21499508,2.76927306,2.76927306,0.00000000,29.49539737,248.14632084,48.09186278,1.26273249,0.15675666,0.04480349,0.03000000,12.17997832,0.25000000,0.18654384,2.44078560,7.03832638,0.00000000,0.00000000,9.18235041,0.01437295,1.01512040,3.39615592,0.00000000,0.00000000,0.00000000,0.00000000,0.73507161,0.40674615,0.70062869,0.83139807,0.92876093,0.73507161,0.40674615,0.70062869,0.83139807,0.92876093,-23.21579933,-46.51589025,0.73396397,0.37689571,-nan,-nan,-nan,-nan,0.00000000,0.00000000,0.00000000,0.00000000,0.00000000,0.00000000,-nan,0.00000000,14.59535486
