Y,A,A_rep,A_hid,L,Q,K,W,P,r,taua,abar,tauk,taul,WtaxRev,KtaxRev,WtaxRev_lost,KtaxRev_lost,G,lump_sum,ylbar,WtaxPct,ShelterPct,ShelterPctP99,TaxEvasionP99,ConcealPctP99,gini,p90,p99,p999,p9999,gini_total,p90_total,p99_total,p999_total,p9999_total,welfare,welfare0,approval,approval0,conceal_share_e,conceal_share_n,evasion_share_e,evasion_share_n,conceal_frac_e,conceal_frac_n,evasion_frac_e,evasion_frac_n,shelter_pct_e,shelter_pct_n,detection_rate,detection_revenue,wtax_evasion_elast
63.45919229,2.73747170,2.73747170,0.00000000,29.38226059,242.55846089,46.98108758,1.25267839,0.15812028,0.04590300,0.04022404,13.71116921,0.25000000,0.18660498,2.79900949,7.07804702,0.00000000,0.00000000,9.18235041,0.01551558,1.01512040,3.56910387,0.00000000,0.00000000,0.00000000,0.00000000,0.72575430,0.42085153,0.72199239,0.84310134,0.93265009,0.72575430,0.42085153,0.72199239,0.84310134,0.93265009,-23.18942335,-46.63228072,0.71070309,0.36358523,-nan,-nan,-nan,-nan,0.00000000,0.00000000,0.00000000,0.00000000,0.00000000,0.00000000,-nan,0.00000000,13.81802936
