Y,A,A_rep,A_hid,L,Q,K,W,P,r,taua,abar,tauk,taul,WtaxRev,KtaxRev,WtaxRev_lost,KtaxRev_lost,G,lump_sum,ylbar,WtaxPct,ShelterPct,ShelterPctP99,TaxEvasionP99,ConcealPctP99,gini,p90,p99,p999,p9999,gini_total,p90_total,p99_total,p999_total,p9999_total,welfare,welfare0,approval,approval0,conceal_share_e,conceal_share_n,evasion_share_e,evasion_share_n,conceal_frac_e,conceal_frac_n,evasion_frac_e,evasion_frac_n,shelter_pct_e,shelter_pct_n,detection_rate,detection_revenue,wtax_evasion_elast
65.46626694,2.85001154,2.85001154,0.00000000,29.59031001,257.99016454,50.77555992,1.28320620,0.15431223,0.04154220,0.03257087,32.10616675,0.25000000,0.18640536,1.85772512,6.93735568,0.00000000,0.00000000,9.18235041,0.01175119,1.01512040,0.79797370,0.00000000,0.00000000,0.00000000,0.00000000,0.74996733,0.38377480,0.71077002,0.84599557,0.93493551,0.74996733,0.38377480,0.71077002,0.84599557,0.93493551,-23.24065573,-46.22184864,0.84356765,0.47995071,-nan,-nan,-nan,-nan,0.00000000,0.00000000,0.00000000,0.00000000,0.00000000,0.00000000,-nan,0.00000000,13.36918631
