Y,A,A_rep,A_hid,L,Q,K,W,P,r,taua,abar,tauk,taul,WtaxRev,KtaxRev,WtaxRev_lost,KtaxRev_lost,G,lump_sum,ylbar,WtaxPct,ShelterPct,ShelterPctP99,TaxEvasionP99,ConcealPctP99,gini,p90,p99,p999,p9999,gini_total,p90_total,p99_total,p999_total,p9999_total,welfare,welfare0,approval,approval0,conceal_share_e,conceal_share_n,evasion_share_e,evasion_share_n,conceal_frac_e,conceal_frac_n,evasion_frac_e,evasion_frac_n,shelter_pct_e,shelter_pct_n,detection_rate,detection_revenue,wtax_evasion_elast
73.70492453,3.12040858,2.98147607,0.13893250,30.15038091,333.29710647,65.70374185,1.41788626,0.13796980,0.02964806,0.00215896,1325.47218269,0.25000000,0.18604640,0.03290843,5.95884328,0.01533466,0.53603945,9.29156816,0.00011772,1.08952447,0.01193015,0.10007326,31.17032154,7.84016720,40.57036768,0.77547833,0.34484449,0.64572425,0.80763140,0.92311988,0.78543730,0.32949069,0.61701777,0.77601115,0.90411438,-23.72183777,-47.57710956,0.69919033,0.34021167,0.29113701,0.70886299,0.90262716,0.09737284,0.03972370,0.04684889,0.05932279,0.00375856,0.38302445,0.03175694,0.68170983,0.03923541,59.92493663
