Y,A,A_rep,A_hid,L,Q,K,W,P,r,taua,abar,tauk,taul,WtaxRev,KtaxRev,WtaxRev_lost,KtaxRev_lost,G,lump_sum,ylbar,WtaxPct,ShelterPct,ShelterPctP99,TaxEvasionP99,ConcealPctP99,gini,p90,p99,p999,p9999,gini_total,p90_total,p99_total,p999_total,p9999_total,welfare,welfare0,approval,approval0,conceal_share_e,conceal_share_n,evasion_share_e,evasion_share_n,conceal_frac_e,conceal_frac_n,evasion_frac_e,evasion_frac_n,shelter_pct_e,shelter_pct_n,detection_rate,detection_revenue,wtax_evasion_elast
65.59625451,2.85727043,2.85727043,0.00000000,29.60502154,258.98832896,51.02198249,1.28510962,0.15408160,0.04128060,0.03353232,38.76319951,0.25000000,0.18638591,1.78647100,6.92847772,0.00000000,0.00000000,9.18235041,0.01135889,1.01512040,0.66575164,0.00000000,0.00000000,0.00000000,0.00000000,0.75120297,0.38175145,0.70987959,0.84836802,0.93606513,0.75120297,0.38175145,0.70987959,0.84836802,0.93606513,-23.25356544,-46.21781344,0.85354911,0.50633957,-nan,-nan,-nan,-nan,0.00000000,0.00000000,0.00000000,0.00000000,0.00000000,0.00000000,-nan,0.00000000,13.32208677
