Y,A,A_rep,A_hid,L,Q,K,W,P,r,taua,abar,tauk,taul,WtaxRev,KtaxRev,WtaxRev_lost,KtaxRev_lost,G,lump_sum,ylbar,WtaxPct,ShelterPct,ShelterPctP99,TaxEvasionP99,ConcealPctP99,gini,p90,p99,p999,p9999,gini_total,p90_total,p99_total,p999_total,p9999_total,welfare,welfare0,approval,approval0,conceal_share_e,conceal_share_n,evasion_share_e,evasion_share_n,conceal_frac_e,conceal_frac_n,evasion_frac_e,evasion_frac_n,shelter_pct_e,shelter_pct_n,detection_rate,detection_revenue,wtax_evasion_elast
65.49421579,2.85203521,2.85203521,0.00000000,29.59241081,258.20861440,50.84103567,1.28366365,0.15426075,0.04146345,0.03333051,34.42745302,0.25000000,0.18640238,1.84365565,6.93491901,0.00000000,0.00000000,9.18235041,0.01167375,1.01512040,0.84268891,0.00000000,0.00000000,0.00000000,0.00000000,0.75026101,0.38332687,0.71111530,0.84741972,0.93557027,0.75026101,0.38332687,0.71111530,0.84741972,0.93557027,-23.24224751,-46.21703484,0.84726231,0.49832288,-nan,-nan,-nan,-nan,0.00000000,0.00000000,0.00000000,0.00000000,0.00000000,0.00000000,-nan,0.00000000,13.33493511
