Y,A,A_rep,A_hid,L,Q,K,W,P,r,taua,abar,tauk,taul,WtaxRev,KtaxRev,WtaxRev_lost,KtaxRev_lost,G,lump_sum,ylbar,WtaxPct,ShelterPct,ShelterPctP99,TaxEvasionP99,ConcealPctP99,gini,p90,p99,p999,p9999,gini_total,p90_total,p99_total,p999_total,p9999_total,welfare,welfare0,approval,approval0,conceal_share_e,conceal_share_n,evasion_share_e,evasion_share_n,conceal_frac_e,conceal_frac_n,evasion_frac_e,evasion_frac_n,shelter_pct_e,shelter_pct_n,detection_rate,detection_revenue,wtax_evasion_elast
65.59114865,2.85662144,2.85662144,0.00000000,29.60558913,258.94126867,51.00458740,1.28498655,0.15409501,0.04130475,0.03232227,35.17130845,0.25000000,0.18638991,1.79363704,6.92926311,0.00000000,0.00000000,9.18235041,0.01143870,1.01512040,0.63805240,0.00000000,0.00000000,0.00000000,0.00000000,0.75122462,0.38179246,0.70913265,0.84642708,0.93520344,0.75122462,0.38179246,0.70913265,0.84642708,0.93520344,-23.24993147,-46.21139930,0.85530447,0.50995652,-nan,-nan,-nan,-nan,0.00000000,0.00000000,0.00000000,0.00000000,0.00000000,0.00000000,-nan,0.00000000,13.41280866
