Y,A,A_rep,A_hid,L,Q,K,W,P,r,taua,abar,tauk,taul,WtaxRev,KtaxRev,WtaxRev_lost,KtaxRev_lost,G,lump_sum,ylbar,WtaxPct,ShelterPct,ShelterPctP99,TaxEvasionP99,ConcealPctP99,gini,p90,p99,p999,p9999,gini_total,p90_total,p99_total,p999_total,p9999_total,welfare,welfare0,approval,approval0,conceal_share_e,conceal_share_n,evasion_share_e,evasion_share_n,conceal_frac_e,conceal_frac_n,evasion_frac_e,evasion_frac_n,shelter_pct_e,shelter_pct_n,detection_rate,detection_revenue,wtax_evasion_elast
65.59058881,2.85665394,2.85665394,0.00000000,29.60546777,258.94953436,51.00605518,1.28500385,0.15409225,0.04130311,0.03258176,35.89620190,0.25000000,0.18638836,1.79326436,6.92895177,0.00000000,0.00000000,9.18235041,0.01142075,1.01512040,0.64272389,0.00000000,0.00000000,0.00000000,0.00000000,0.75118711,0.38178888,0.70930259,0.84685515,0.93539779,0.75118711,0.38178888,0.70930259,0.84685515,0.93539779,-23.25076705,-46.21317371,0.85487503,0.50711971,-nan,-nan,-nan,-nan,0.00000000,0.00000000,0.00000000,0.00000000,0.00000000,0.00000000,-nan,0.00000000,13.38945990
