Y,A,A_rep,A_hid,L,Q,K,W,P,r,taua,abar,tauk,taul,WtaxRev,KtaxRev,WtaxRev_lost,KtaxRev_lost,G,lump_sum,ylbar,WtaxPct,ShelterPct,ShelterPctP99,TaxEvasionP99,ConcealPctP99,gini,p90,p99,p999,p9999,gini_total,p90_total,p99_total,p999_total,p9999_total,welfare,welfare0,approval,approval0,conceal_share_e,conceal_share_n,evasion_share_e,evasion_share_n,conceal_frac_e,conceal_frac_n,evasion_frac_e,evasion_frac_n,shelter_pct_e,shelter_pct_n,detection_rate,detection_revenue,wtax_evasion_elast
65.53856936,2.85445952,2.85445952,0.00000000,29.59753002,258.54350597,50.91970406,1.28429265,0.15418301,0.04138266,0.03332950,35.85832512,0.25000000,0.18639731,1.82026596,6.93222140,0.00000000,0.00000000,9.18235041,0.01156158,1.01512040,0.63996035,0.00000000,0.00000000,0.00000000,0.00000000,0.75069715,0.38255476,0.71061463,0.84769728,0.93573501,0.75069715,0.38255476,0.71061463,0.84769728,0.93573501,-23.24518247,-46.21327638,0.85105202,0.50166836,-nan,-nan,-nan,-nan,0.00000000,0.00000000,0.00000000,0.00000000,0.00000000,0.00000000,-nan,0.00000000,13.34426581
