Y,A,A_rep,A_hid,L,Q,K,W,P,r,taua,abar,tauk,taul,WtaxRev,KtaxRev,WtaxRev_lost,KtaxRev_lost,G,lump_sum,ylbar,WtaxPct,ShelterPct,ShelterPctP99,TaxEvasionP99,ConcealPctP99,gini,p90,p99,p999,p9999,gini_total,p90_total,p99_total,p999_total,p9999_total,welfare,welfare0,approval,approval0,conceal_share_e,conceal_share_n,evasion_share_e,evasion_share_n,conceal_frac_e,conceal_frac_n,evasion_frac_e,evasion_frac_n,shelter_pct_e,shelter_pct_n,detection_rate,detection_revenue,wtax_evasion_elast
65.60764716,2.85778691,2.85778691,0.00000000,29.60657576,259.07821144,51.04183095,1.28527214,0.15406109,0.04126146,0.03354375,39.19937621,0.25000000,0.18638286,1.78047911,6.92771766,0.00000000,0.00000000,9.18235041,0.01131704,1.01512040,0.67041720,0.00000000,0.00000000,0.00000000,0.00000000,0.75131495,0.38155911,0.70971649,0.84845904,0.93611334,0.75131495,0.38155911,0.70971649,0.84845904,0.93611334,-23.25581167,-46.21973255,0.85371684,0.50634266,-nan,-nan,-nan,-nan,0.00000000,0.00000000,0.00000000,0.00000000,0.00000000,0.00000000,-nan,0.00000000,13.32330561
