Y,A,A_rep,A_hid,L,Q,K,W,P,r,taua,abar,tauk,taul,WtaxRev,KtaxRev,WtaxRev_lost,KtaxRev_lost,G,lump_sum,ylbar,WtaxPct,ShelterPct,ShelterPctP99,TaxEvasionP99,ConcealPctP99,gini,p90,p99,p999,p9999,gini_total,p90_total,p99_total,p999_total,p9999_total,welfare,welfare0,approval,approval0,conceal_share_e,conceal_share_n,evasion_share_e,evasion_share_n,conceal_frac_e,conceal_frac_n,evasion_frac_e,evasion_frac_n,shelter_pct_e,shelter_pct_n,detection_rate,detection_revenue,wtax_evasion_elast
65.56204475,2.85437201,2.85437201,0.00000000,29.60389007,258.71618114,50.93334054,1.28449950,0.15414844,0.04139261,0.03145685,32.62659392,0.25000000,0.18639144,1.80700526,6.93194990,0.00000000,0.00000000,9.18235041,0.01149975,1.01512040,0.81138279,0.00000000,0.00000000,0.00000000,0.00000000,0.75087328,0.38230104,0.70855162,0.84480051,0.93452280,0.75087328,0.38230104,0.70855162,0.84480051,0.93452280,-23.24983515,-46.21987612,0.85065567,0.50140412,-nan,-nan,-nan,-nan,0.00000000,0.00000000,0.00000000,0.00000000,0.00000000,0.00000000,-nan,0.00000000,13.43673174
