Y,A,A_rep,A_hid,L,Q,K,W,P,r,taua,abar,tauk,taul,WtaxRev,KtaxRev,WtaxRev_lost,KtaxRev_lost,G,lump_sum,ylbar,WtaxPct,ShelterPct,ShelterPctP99,TaxEvasionP99,ConcealPctP99,gini,p90,p99,p999,p9999,gini_total,p90_total,p99_total,p999_total,p9999_total,welfare,welfare0,approval,approval0,conceal_share_e,conceal_share_n,evasion_share_e,evasion_share_n,conceal_frac_e,conceal_frac_n,evasion_frac_e,evasion_frac_n,shelter_pct_e,shelter_pct_n,detection_rate,detection_revenue,wtax_evasion_elast
65.53452244,2.85372080,2.85372080,0.00000000,29.59848612,258.51237044,50.90337655,1.28419149,0.15419262,0.04140776,0.03262536,34.20137725,0.25000000,0.18639622,1.82253553,6.93277978,0.00000000,0.00000000,9.18235041,0.01157064,1.01512040,0.83882376,0.00000000,0.00000000,0.00000000,0.00000000,0.75060865,0.38268570,0.71007072,0.84656983,0.93523645,0.75060865,0.38268570,0.71007072,0.84656983,0.93523645,-23.24592205,-46.21648111,0.84974493,0.49955992,-nan,-nan,-nan,-nan,0.00000000,0.00000000,0.00000000,0.00000000,0.00000000,0.00000000,-nan,0.00000000,13.37415133
