Y,A,A_rep,A_hid,L,Q,K,W,P,r,taua,abar,tauk,taul,WtaxRev,KtaxRev,WtaxRev_lost,KtaxRev_lost,G,lump_sum,ylbar,WtaxPct,ShelterPct,ShelterPctP99,TaxEvasionP99,ConcealPctP99,gini,p90,p99,p999,p9999,gini_total,p90_total,p99_total,p999_total,p9999_total,welfare,welfare0,approval,approval0,conceal_share_e,conceal_share_n,evasion_share_e,evasion_share_n,conceal_frac_e,conceal_frac_n,evasion_frac_e,evasion_frac_n,shelter_pct_e,shelter_pct_n,detection_rate,detection_revenue,wtax_evasion_elast
65.56755557,2.85553091,2.85553091,0.00000000,29.60288341,258.79030973,50.97368935,1.28471441,0.15412973,0.04133273,0.03272015,35.33207290,0.25000000,0.18639187,1.80538006,6.92959594,0.00000000,0.00000000,9.18235041,0.01148442,1.01512040,0.63804999,0.00000000,0.00000000,0.00000000,0.00000000,0.75098406,0.38209595,0.70978333,0.84694715,0.93541518,0.75098406,0.38209595,0.70978333,0.84694715,0.93541518,-23.24819713,-46.21188887,0.85354381,0.50667878,-nan,-nan,-nan,-nan,0.00000000,0.00000000,0.00000000,0.00000000,0.00000000,0.00000000,-nan,0.00000000,13.39356976
