Y,A,A_rep,A_hid,L,Q,K,W,P,r,taua,abar,tauk,taul,WtaxRev,KtaxRev,WtaxRev_lost,KtaxRev_lost,G,lump_sum,ylbar,WtaxPct,ShelterPct,ShelterPctP99,TaxEvasionP99,ConcealPctP99,gini,p90,p99,p999,p9999,gini_total,p90_total,p99_total,p999_total,p9999_total,welfare,welfare0,approval,approval0,conceal_share_e,conceal_share_n,evasion_share_e,evasion_share_n,conceal_frac_e,conceal_frac_n,evasion_frac_e,evasion_frac_n,shelter_pct_e,shelter_pct_n,detection_rate,detection_revenue,wtax_evasion_elast
65.57864965,2.85599781,2.85599781,0.00000000,29.60440830,258.86411205,50.98872261,1.28484257,0.15411335,0.04131953,0.03243794,35.03760467,0.25000000,0.18639082,1.79962327,6.92937359,0.00000000,0.00000000,9.18235041,0.01146150,1.01512040,0.86018322,0.00000000,0.00000000,0.00000000,0.00000000,0.75110007,0.38195968,0.70934576,0.84655945,0.93525612,0.75110007,0.38195968,0.70934576,0.84655945,0.93525612,-23.24915215,-46.21191075,0.85458630,0.50685327,-nan,-nan,-nan,-nan,0.00000000,0.00000000,0.00000000,0.00000000,0.00000000,0.00000000,-nan,0.00000000,13.41023965
