Y,A,A_rep,A_hid,L,Q,K,W,P,r,taua,abar,tauk,taul,WtaxRev,KtaxRev,WtaxRev_lost,KtaxRev_lost,G,lump_sum,ylbar,WtaxPct,ShelterPct,ShelterPctP99,TaxEvasionP99,ConcealPctP99,gini,p90,p99,p999,p9999,gini_total,p90_total,p99_total,p999_total,p9999_total,welfare,welfare0,approval,approval0,conceal_share_e,conceal_share_n,evasion_share_e,evasion_share_n,conceal_frac_e,conceal_frac_n,evasion_frac_e,evasion_frac_n,shelter_pct_e,shelter_pct_n,detection_rate,detection_revenue,wtax_evasion_elast
65.55665272,2.85517749,2.85517749,0.00000000,29.60050352,258.68231282,50.94920531,1.28453104,0.15415274,0.04135594,0.03286332,35.28501817,0.25000000,0.18639446,1.81169768,6.93113867,0.00000000,0.00000000,9.18235041,0.01152619,1.01512040,0.63733126,0.00000000,0.00000000,0.00000000,0.00000000,0.75091150,0.38233241,0.70996910,0.84707944,0.93545716,0.75091150,0.38233241,0.70996910,0.84707944,0.93545716,-23.24680321,-46.21199298,0.85291952,0.50628482,-nan,-nan,-nan,-nan,0.00000000,0.00000000,0.00000000,0.00000000,0.00000000,0.00000000,-nan,0.00000000,13.37578894
