Y,A,A_rep,A_hid,L,Q,K,W,P,r,taua,abar,tauk,taul,WtaxRev,KtaxRev,WtaxRev_lost,KtaxRev_lost,G,lump_sum,ylbar,WtaxPct,ShelterPct,ShelterPctP99,TaxEvasionP99,ConcealPctP99,gini,p90,p99,p999,p9999,gini_total,p90_total,p99_total,p999_total,p9999_total,welfare,welfare0,approval,approval0,conceal_share_e,conceal_share_n,evasion_share_e,evasion_share_n,conceal_frac_e,conceal_frac_n,evasion_frac_e,evasion_frac_n,shelter_pct_e,shelter_pct_n,detection_rate,detection_revenue,wtax_evasion_elast
65.56652375,2.85562588,2.85562588,0.00000000,29.60183668,258.76166810,50.96758344,1.28467726,0.15413466,0.04133749,0.03307013,36.25956152,0.25000000,0.18639117,1.80582559,6.93033218,0.00000000,0.00000000,9.18235041,0.01147891,1.01512040,0.64424531,0.00000000,0.00000000,0.00000000,0.00000000,0.75093720,0.38225285,0.71008282,0.84746513,0.93564210,0.75093720,0.38225285,0.71008282,0.84746513,0.93564210,-23.24860848,-46.21392809,0.85256128,0.50629903,-nan,-nan,-nan,-nan,0.00000000,0.00000000,0.00000000,0.00000000,0.00000000,0.00000000,-nan,0.00000000,13.35352441
