Y,A,A_rep,A_hid,L,Q,K,W,P,r,taua,abar,tauk,taul,WtaxRev,KtaxRev,WtaxRev_lost,KtaxRev_lost,G,lump_sum,ylbar,WtaxPct,ShelterPct,ShelterPctP99,TaxEvasionP99,ConcealPctP99,gini,p90,p99,p999,p9999,gini_total,p90_total,p99_total,p999_total,p9999_total,welfare,welfare0,approval,approval0,conceal_share_e,conceal_share_n,evasion_share_e,evasion_share_n,conceal_frac_e,conceal_frac_n,evasion_frac_e,evasion_frac_n,shelter_pct_e,shelter_pct_n,detection_rate,detection_revenue,wtax_evasion_elast
65.57908332,2.85619207,2.85619207,0.00000000,29.60339858,258.85151958,50.98529388,1.28483660,0.15411370,0.04132188,0.03265514,35.58865899,0.25000000,0.18639175,1.80010967,6.92998128,0.00000000,0.00000000,9.18235041,0.01147146,1.01512040,0.64028903,0.00000000,0.00000000,0.00000000,0.00000000,0.75108242,0.38210284,0.70953595,0.84688955,0.93540569,0.75108242,0.38210284,0.70953595,0.84688955,0.93540569,-23.24804727,-46.21031648,0.85480654,0.50711340,-nan,-nan,-nan,-nan,0.00000000,0.00000000,0.00000000,0.00000000,0.00000000,0.00000000,-nan,0.00000000,13.38612315
