Y,A,A_rep,A_hid,L,Q,K,W,P,r,taua,abar,tauk,taul,WtaxRev,KtaxRev,WtaxRev_lost,KtaxRev_lost,G,lump_sum,ylbar,WtaxPct,ShelterPct,ShelterPctP99,TaxEvasionP99,ConcealPctP99,gini,p90,p99,p999,p9999,gini_total,p90_total,p99_total,p999_total,p9999_total,welfare,welfare0,approval,approval0,conceal_share_e,conceal_share_n,evasion_share_e,evasion_share_n,conceal_frac_e,conceal_frac_n,evasion_frac_e,evasion_frac_n,shelter_pct_e,shelter_pct_n,detection_rate,detection_revenue,wtax_evasion_elast
65.53197905,2.85357796,2.85357796,0.00000000,29.59788488,258.49464744,50.89570440,1.28415834,0.15419498,0.04141730,0.03253600,33.93674610,0.25000000,0.18639813,1.82439307,6.93311726,0.00000000,0.00000000,9.18235041,0.01159764,1.01512040,0.83418735,0.00000000,0.00000000,0.00000000,0.00000000,0.75059199,0.38274428,0.70994586,0.84641237,0.93516787,0.75059199,0.38274428,0.70994586,0.84641237,0.93516787,-23.24388053,-46.21294043,0.85066246,0.50100177,-nan,-nan,-nan,-nan,0.00000000,0.00000000,0.00000000,0.00000000,0.00000000,0.00000000,-nan,0.00000000,13.37147525
