Y,A,A_rep,A_hid,L,Q,K,W,P,r,taua,abar,tauk,taul,WtaxRev,KtaxRev,WtaxRev_lost,KtaxRev_lost,G,lump_sum,ylbar,WtaxPct,ShelterPct,ShelterPctP99,TaxEvasionP99,ConcealPctP99,gini,p90,p99,p999,p9999,gini_total,p90_total,p99_total,p999_total,p9999_total,welfare,welfare0,approval,approval0,conceal_share_e,conceal_share_n,evasion_share_e,evasion_share_n,conceal_frac_e,conceal_frac_n,evasion_frac_e,evasion_frac_n,shelter_pct_e,shelter_pct_n,detection_rate,detection_revenue,wtax_evasion_elast
73.59975150,3.11499352,2.93556644,0.17942708,30.13786969,332.29241837,65.56669720,1.41643192,0.13814575,0.02969948,0.00793431,1204.04896727,0.25000000,0.18605380,0.10698082,5.93248520,0.07326498,0.53900135,9.29156816,0.00039426,1.08952447,0.01130599,0.10238232,33.91759776,8.34355012,53.54060754,0.77195188,0.35023436,0.65645834,0.82203196,0.93515974,0.78504678,0.33006047,0.61869135,0.77911067,0.90761481,-23.71900396,-47.58660788,0.64315453,0.31124846,0.26637555,0.73362445,0.84533092,0.15466908,0.04698698,0.06274777,0.06121763,0.00661001,0.38800801,0.03342026,0.67750324,0.04429896,40.34343114
