Y,A,A_rep,A_hid,L,Q,K,W,P,r,taua,abar,tauk,taul,WtaxRev,KtaxRev,WtaxRev_lost,KtaxRev_lost,G,lump_sum,ylbar,WtaxPct,ShelterPct,ShelterPctP99,TaxEvasionP99,ConcealPctP99,gini,p90,p99,p999,p9999,gini_total,p90_total,p99_total,p999_total,p9999_total,welfare,welfare0,approval,approval0,conceal_share_e,conceal_share_n,evasion_share_e,evasion_share_n,conceal_frac_e,conceal_frac_n,evasion_frac_e,evasion_frac_n,shelter_pct_e,shelter_pct_n,detection_rate,detection_revenue,wtax_evasion_elast
65.57983969,2.85621866,2.85621866,0.00000000,29.60355312,258.86223767,50.98816866,1.28485725,0.15411126,0.04131869,0.03282295,36.07217353,0.25000000,0.18639011,1.79964751,6.92970592,0.00000000,0.00000000,9.18235041,0.01145563,1.01512040,0.64342596,0.00000000,0.00000000,0.00000000,0.00000000,0.75106895,0.38208196,0.70976624,0.84715129,0.93552236,0.75106895,0.38208196,0.70976624,0.84715129,0.93552236,-23.24905790,-46.21214310,0.85387483,0.50708960,-nan,-nan,-nan,-nan,0.00000000,0.00000000,0.00000000,0.00000000,0.00000000,0.00000000,-nan,0.00000000,13.36953217
