Y,A,A_rep,A_hid,L,Q,K,W,P,r,taua,abar,tauk,taul,WtaxRev,KtaxRev,WtaxRev_lost,KtaxRev_lost,G,lump_sum,ylbar,WtaxPct,ShelterPct,ShelterPctP99,TaxEvasionP99,ConcealPctP99,gini,p90,p99,p999,p9999,gini_total,p90_total,p99_total,p999_total,p9999_total,welfare,welfare0,approval,approval0,conceal_share_e,conceal_share_n,evasion_share_e,evasion_share_n,conceal_frac_e,conceal_frac_n,evasion_frac_e,evasion_frac_n,shelter_pct_e,shelter_pct_n,detection_rate,detection_revenue,wtax_evasion_elast
65.58537455,2.85646601,2.85646601,0.00000000,29.60446527,258.88714214,50.99400353,1.28489520,0.15410710,0.04131368,0.03243177,35.20653286,0.25000000,0.18639139,1.79722012,6.92992777,0.00000000,0.00000000,9.18235041,0.01145806,1.01512040,0.63817694,0.00000000,0.00000000,0.00000000,0.00000000,0.75115619,0.38185014,0.70928793,0.84657334,0.93526846,0.75115619,0.38185014,0.70928793,0.84657334,0.93526846,-23.24904647,-46.21136178,0.85479984,0.50711311,-nan,-nan,-nan,-nan,0.00000000,0.00000000,0.00000000,0.00000000,0.00000000,0.00000000,-nan,0.00000000,13.40357025
