Y,A,A_rep,A_hid,L,Q,K,W,P,r,taua,abar,tauk,taul,WtaxRev,KtaxRev,WtaxRev_lost,KtaxRev_lost,G,lump_sum,ylbar,WtaxPct,ShelterPct,ShelterPctP99,TaxEvasionP99,ConcealPctP99,gini,p90,p99,p999,p9999,gini_total,p90_total,p99_total,p999_total,p9999_total,welfare,welfare0,approval,approval0,conceal_share_e,conceal_share_n,evasion_share_e,evasion_share_n,conceal_frac_e,conceal_frac_n,evasion_frac_e,evasion_frac_n,shelter_pct_e,shelter_pct_n,detection_rate,detection_revenue,wtax_evasion_elast
65.52356799,2.85116864,2.85116864,0.00000000,29.60253557,258.40375732,50.83224236,1.28380188,0.15422525,0.04152043,0.03000000,28.51518920,0.25000000,0.18639237,1.82291492,6.93595882,0.00000000,0.00000000,9.18235041,0.01157116,1.01512040,1.10164905,0.00000000,0.00000000,0.00000000,0.00000000,0.75042197,0.38306382,0.70683573,0.84218553,0.93346985,0.75042197,0.38306382,0.70683573,0.84218553,0.93346985,-23.25134586,-46.23526309,0.84306247,0.47893521,-nan,-nan,-nan,-nan,0.00000000,0.00000000,0.00000000,0.00000000,0.00000000,0.00000000,-nan,0.00000000,13.56403126
