Y,A,A_rep,A_hid,L,Q,K,W,P,r,taua,abar,tauk,taul,WtaxRev,KtaxRev,WtaxRev_lost,KtaxRev_lost,G,lump_sum,ylbar,WtaxPct,ShelterPct,ShelterPctP99,TaxEvasionP99,ConcealPctP99,gini,p90,p99,p999,p9999,gini_total,p90_total,p99_total,p999_total,p9999_total,welfare,welfare0,approval,approval0,conceal_share_e,conceal_share_n,evasion_share_e,evasion_share_n,conceal_frac_e,conceal_frac_n,evasion_frac_e,evasion_frac_n,shelter_pct_e,shelter_pct_n,detection_rate,detection_revenue,wtax_evasion_elast
65.58609959,2.85644891,2.85644891,0.00000000,29.60466611,258.89887285,50.99649083,1.28491622,0.15410439,0.04131135,0.03243114,35.24021155,0.25000000,0.18639079,1.79666311,6.92962659,0.00000000,0.00000000,9.18235041,0.01145559,1.01512040,0.63848923,0.00000000,0.00000000,0.00000000,0.00000000,0.75116567,0.38185291,0.70925957,0.84658013,0.93527375,0.75116567,0.38185291,0.70925957,0.84658013,0.93527375,-23.24902546,-46.21083119,0.85520101,0.50995652,-nan,-nan,-nan,-nan,0.00000000,0.00000000,0.00000000,0.00000000,0.00000000,0.00000000,-nan,0.00000000,13.40473606
