Y,A,A_rep,A_hid,L,Q,K,W,P,r,taua,abar,tauk,taul,WtaxRev,KtaxRev,WtaxRev_lost,KtaxRev_lost,G,lump_sum,ylbar,WtaxPct,ShelterPct,ShelterPctP99,TaxEvasionP99,ConcealPctP99,gini,p90,p99,p999,p9999,gini_total,p90_total,p99_total,p999_total,p9999_total,welfare,welfare0,approval,approval0,conceal_share_e,conceal_share_n,evasion_share_e,evasion_share_n,conceal_frac_e,conceal_frac_n,evasion_frac_e,evasion_frac_n,shelter_pct_e,shelter_pct_n,detection_rate,detection_revenue,wtax_evasion_elast
65.56308815,2.85514614,2.85514614,0.00000000,29.60207928,258.72298942,50.94947359,1.28457418,0.15414420,0.04136332,0.03233135,34.42305726,0.25000000,0.18639299,1.80807163,6.93138790,0.00000000,0.00000000,9.18235041,0.01151306,1.01512040,0.84557804,0.00000000,0.00000000,0.00000000,0.00000000,0.75091945,0.38226155,0.70937977,0.84627209,0.93513270,0.75091945,0.38226155,0.70937977,0.84627209,0.93513270,-23.24736742,-46.21333248,0.85281039,0.50623020,-nan,-nan,-nan,-nan,0.00000000,0.00000000,0.00000000,0.00000000,0.00000000,0.00000000,-nan,0.00000000,13.39027398
