Y,A,A_rep,A_hid,L,Q,K,W,P,r,taua,abar,tauk,taul,WtaxRev,KtaxRev,WtaxRev_lost,KtaxRev_lost,G,lump_sum,ylbar,WtaxPct,ShelterPct,ShelterPctP99,TaxEvasionP99,ConcealPctP99,gini,p90,p99,p999,p9999,gini_total,p90_total,p99_total,p999_total,p9999_total,welfare,welfare0,approval,approval0,conceal_share_e,conceal_share_n,evasion_share_e,evasion_share_n,conceal_frac_e,conceal_frac_n,evasion_frac_e,evasion_frac_n,shelter_pct_e,shelter_pct_n,detection_rate,detection_revenue,wtax_evasion_elast
65.58798749,2.85656742,2.85656742,0.00000000,29.60481278,258.91794082,50.99989484,1.28495206,0.15409931,0.04130829,0.03251594,35.58611966,0.25000000,0.18639022,1.79512713,6.92945219,0.00000000,0.00000000,9.18235041,0.01144359,1.01512040,0.64071588,0.00000000,0.00000000,0.00000000,0.00000000,0.75117536,0.38181960,0.70927998,0.84672195,0.93533775,0.75117536,0.38181960,0.70927998,0.84672195,0.93533775,-23.24949655,-46.21124275,0.85522489,0.50995681,-nan,-nan,-nan,-nan,0.00000000,0.00000000,0.00000000,0.00000000,0.00000000,0.00000000,-nan,0.00000000,13.39547651
