Y,A,A_rep,A_hid,L,Q,K,W,P,r,taua,abar,tauk,taul,WtaxRev,KtaxRev,WtaxRev_lost,KtaxRev_lost,G,lump_sum,ylbar,WtaxPct,ShelterPct,ShelterPctP99,TaxEvasionP99,ConcealPctP99,gini,p90,p99,p999,p9999,gini_total,p90_total,p99_total,p999_total,p9999_total,welfare,welfare0,approval,approval0,conceal_share_e,conceal_share_n,evasion_share_e,evasion_share_n,conceal_frac_e,conceal_frac_n,evasion_frac_e,evasion_frac_n,shelter_pct_e,shelter_pct_n,detection_rate,detection_revenue,wtax_evasion_elast
65.59449133,2.85686239,2.85686239,0.00000000,29.60582022,258.96686026,51.01113735,1.28503818,0.15408873,0.04129742,0.03241344,35.57078512,0.25000000,0.18638940,1.79163745,6.92906591,0.00000000,0.00000000,9.18235041,0.01142557,1.01512040,0.64094309,0.00000000,0.00000000,0.00000000,0.00000000,0.75124218,0.38173331,0.70912607,0.84660146,0.93529193,0.75124218,0.38173331,0.70912607,0.84660146,0.93529193,-23.25020973,-46.21147830,0.85543140,0.50995681,-nan,-nan,-nan,-nan,0.00000000,0.00000000,0.00000000,0.00000000,0.00000000,0.00000000,-nan,0.00000000,13.40223061
