Y,A,A_rep,A_hid,L,Q,K,W,P,r,taua,abar,tauk,taul,WtaxRev,KtaxRev,WtaxRev_lost,KtaxRev_lost,G,lump_sum,ylbar,WtaxPct,ShelterPct,ShelterPctP99,TaxEvasionP99,ConcealPctP99,gini,p90,p99,p999,p9999,gini_total,p90_total,p99_total,p999_total,p9999_total,welfare,welfare0,approval,approval0,conceal_share_e,conceal_share_n,evasion_share_e,evasion_share_n,conceal_frac_e,conceal_frac_n,evasion_frac_e,evasion_frac_n,shelter_pct_e,shelter_pct_n,detection_rate,detection_revenue,wtax_evasion_elast
65.57751671,2.85452020,2.85452020,0.00000000,29.60786319,258.81926051,50.94636565,1.28462925,0.15412940,0.04139072,0.03021858,30.06623664,0.25000000,0.18638884,1.79875592,6.93175180,0.00000000,0.00000000,9.18235041,0.01146649,1.01512040,0.77744493,0.00000000,0.00000000,0.00000000,0.00000000,0.75105776,0.38206113,0.70720216,0.84289544,0.93377408,0.75105776,0.38206113,0.70720216,0.84289544,0.93377408,-23.25299743,-46.22395606,0.85042837,0.50140895,-nan,-nan,-nan,-nan,0.00000000,0.00000000,0.00000000,0.00000000,0.00000000,0.00000000,-nan,0.00000000,13.56700375
