Y,A,A_rep,A_hid,L,Q,K,W,P,r,taua,abar,tauk,taul,WtaxRev,KtaxRev,WtaxRev_lost,KtaxRev_lost,G,lump_sum,ylbar,WtaxPct,ShelterPct,ShelterPctP99,TaxEvasionP99,ConcealPctP99,gini,p90,p99,p999,p9999,gini_total,p90_total,p99_total,p999_total,p9999_total,welfare,welfare0,approval,approval0,conceal_share_e,conceal_share_n,evasion_share_e,evasion_share_n,conceal_frac_e,conceal_frac_n,evasion_frac_e,evasion_frac_n,shelter_pct_e,shelter_pct_n,detection_rate,detection_revenue,wtax_evasion_elast
65.89043669,2.87028318,2.87028318,0.00000000,29.64748319,261.21178373,51.49741461,1.28902253,0.15358619,0.04084334,0.03000000,41.17391711,0.25000000,0.18634106,1.62597625,6.91221370,0.00000000,0.00000000,9.18235041,0.01050187,1.01512040,0.70025795,0.00000000,0.00000000,0.00000000,0.00000000,0.75402108,0.37726611,0.70303224,0.84466886,0.93478006,0.75402108,0.37726611,0.70303224,0.84466886,0.93478006,-23.29002130,-46.23216901,0.87861678,0.60354302,-nan,-nan,-nan,-nan,0.00000000,0.00000000,0.00000000,0.00000000,0.00000000,0.00000000,-nan,0.00000000,13.59840590
