Y,A,A_rep,A_hid,L,Q,K,W,P,r,taua,abar,tauk,taul,WtaxRev,KtaxRev,WtaxRev_lost,KtaxRev_lost,G,lump_sum,ylbar,WtaxPct,ShelterPct,ShelterPctP99,TaxEvasionP99,ConcealPctP99,gini,p90,p99,p999,p9999,gini_total,p90_total,p99_total,p999_total,p9999_total,welfare,welfare0,approval,approval0,conceal_share_e,conceal_share_n,evasion_share_e,evasion_share_n,conceal_frac_e,conceal_frac_n,evasion_frac_e,evasion_frac_n,shelter_pct_e,shelter_pct_n,detection_rate,detection_revenue,wtax_evasion_elast
73.43749903,3.10919361,2.88921470,0.21997890,30.12346209,330.48431764,65.54385444,1.41398619,0.13851983,0.02955155,0.01461609,832.75503577,0.25000000,0.18606611,0.19726533,5.90281135,0.20273356,0.54620669,9.29156816,0.00076828,1.08952447,0.01683151,0.10599600,50.14383024,10.25141790,55.98383604,0.76898720,0.35504526,0.66725530,0.83838753,0.94511558,0.78528608,0.32992541,0.62010625,0.78354243,0.91244985,-23.73337861,-47.62988656,0.50917139,0.11154304,0.27933108,0.72066892,0.75619845,0.24380155,0.06036605,0.07580590,0.06611093,0.01267098,0.39430094,0.03638706,0.67106805,0.06103194,37.92746022
