Y,A,A_rep,A_hid,L,Q,K,W,P,r,taua,abar,tauk,taul,WtaxRev,KtaxRev,WtaxRev_lost,KtaxRev_lost,G,lump_sum,ylbar,WtaxPct,ShelterPct,ShelterPctP99,TaxEvasionP99,ConcealPctP99,gini,p90,p99,p999,p9999,gini_total,p90_total,p99_total,p999_total,p9999_total,welfare,welfare0,approval,approval0,conceal_share_e,conceal_share_n,evasion_share_e,evasion_share_n,conceal_frac_e,conceal_frac_n,evasion_frac_e,evasion_frac_n,shelter_pct_e,shelter_pct_n,detection_rate,detection_revenue,wtax_evasion_elast
60.02344472,2.46978883,2.46978883,0.00000000,29.43940502,214.49404441,38.63903654,1.18255296,0.16706035,0.06029446,0.03000000,1.91193215,0.25000000,0.18678152,4.60808001,7.41269654,0.00000000,0.00000000,9.18235041,0.02347713,1.01512040,32.48380796,0.00000000,0.00000000,0.00000000,0.00000000,0.73351835,0.36736167,0.63144937,0.78588548,0.91221578,0.73351835,0.36736167,0.63144937,0.78588548,0.91221578,-23.92971477,-48.84716074,0.46708325,0.11649168,-nan,-nan,-nan,-nan,0.00000000,0.00000000,0.00000000,0.00000000,0.00000000,0.00000000,-nan,0.00000000,16.21205463
