Y,A,A_rep,A_hid,L,Q,K,W,P,r,taua,abar,tauk,taul,WtaxRev,KtaxRev,WtaxRev_lost,KtaxRev_lost,G,lump_sum,ylbar,WtaxPct,ShelterPct,ShelterPctP99,TaxEvasionP99,ConcealPctP99,gini,p90,p99,p999,p9999,gini_total,p90_total,p99_total,p999_total,p9999_total,welfare,welfare0,approval,approval0,conceal_share_e,conceal_share_n,evasion_share_e,evasion_share_n,conceal_frac_e,conceal_frac_n,evasion_frac_e,evasion_frac_n,shelter_pct_e,shelter_pct_n,detection_rate,detection_revenue,wtax_evasion_elast
64.09798437,2.76602325,2.76602325,0.00000000,29.47090666,247.33735315,47.95234601,1.26147223,0.15693094,0.04490571,0.03233135,13.13205413,0.25000000,0.18654687,2.49590782,7.04281673,0.00000000,0.00000000,9.18235041,0.01452339,1.01512040,3.54780238,0.00000000,0.00000000,0.00000000,0.00000000,0.73351608,0.40912433,0.70647855,0.83480122,0.92997385,0.73351608,0.40912433,0.70647855,0.83480122,0.92997385,-23.20642417,-46.51996281,0.73235231,0.37653654,-nan,-nan,-nan,-nan,0.00000000,0.00000000,0.00000000,0.00000000,0.00000000,0.00000000,-nan,0.00000000,14.32795739
