Y,A,A_rep,A_hid,L,Q,K,W,P,r,taua,abar,tauk,taul,WtaxRev,KtaxRev,WtaxRev_lost,KtaxRev_lost,G,lump_sum,ylbar,WtaxPct,ShelterPct,ShelterPctP99,TaxEvasionP99,ConcealPctP99,gini,p90,p99,p999,p9999,gini_total,p90_total,p99_total,p999_total,p9999_total,welfare,welfare0,approval,approval0,conceal_share_e,conceal_share_n,evasion_share_e,evasion_share_n,conceal_frac_e,conceal_frac_n,evasion_frac_e,evasion_frac_n,shelter_pct_e,shelter_pct_n,detection_rate,detection_revenue,wtax_evasion_elast
65.83570599,2.86756189,2.86756189,0.00000000,29.64029089,260.79789933,51.39956898,1.28826618,0.15367806,0.04094084,0.03000000,39.02676708,0.25000000,0.18634990,1.65624765,6.91563825,0.00000000,0.00000000,9.18235041,0.01067584,1.01512040,0.67870974,0.00000000,0.00000000,0.00000000,0.00000000,0.75355460,0.37806333,0.70383027,0.84433199,0.93459246,0.75355460,0.37806333,0.70383027,0.84433199,0.93459246,-23.28333313,-46.22966501,0.87414313,0.60291252,-nan,-nan,-nan,-nan,0.00000000,0.00000000,0.00000000,0.00000000,0.00000000,0.00000000,-nan,0.00000000,13.56253151
