Y,A,A_rep,A_hid,L,Q,K,W,P,r,taua,abar,tauk,taul,WtaxRev,KtaxRev,WtaxRev_lost,KtaxRev_lost,G,lump_sum,ylbar,WtaxPct,ShelterPct,ShelterPctP99,TaxEvasionP99,ConcealPctP99,gini,p90,p99,p999,p9999,gini_total,p90_total,p99_total,p999_total,p9999_total,welfare,welfare0,approval,approval0,conceal_share_e,conceal_share_n,evasion_share_e,evasion_share_n,conceal_frac_e,conceal_frac_n,evasion_frac_e,evasion_frac_n,shelter_pct_e,shelter_pct_n,detection_rate,detection_revenue,wtax_evasion_elast
65.57507447,2.85589299,2.85589299,0.00000000,29.60369711,258.83589311,50.98326437,1.28479746,0.15411929,0.04132387,0.03260214,35.25767414,0.25000000,0.18639179,1.80229994,6.92956738,0.00000000,0.00000000,9.18235041,0.01147099,1.01512040,0.63799763,0.00000000,0.00000000,0.00000000,0.00000000,0.75104987,0.38199578,0.70960556,0.84679329,0.93535097,0.75104987,0.38199578,0.70960556,0.84679329,0.93535097,-23.24876067,-46.21198822,0.85380732,0.50707538,-nan,-nan,-nan,-nan,0.00000000,0.00000000,0.00000000,0.00000000,0.00000000,0.00000000,-nan,0.00000000,13.39857268
