Y,A,A_rep,A_hid,L,Q,K,W,P,r,taua,abar,tauk,taul,WtaxRev,KtaxRev,WtaxRev_lost,KtaxRev_lost,G,lump_sum,ylbar,WtaxPct,ShelterPct,ShelterPctP99,TaxEvasionP99,ConcealPctP99,gini,p90,p99,p999,p9999,gini_total,p90_total,p99_total,p999_total,p9999_total,welfare,welfare0,approval,approval0,conceal_share_e,conceal_share_n,evasion_share_e,evasion_share_n,conceal_frac_e,conceal_frac_n,evasion_frac_e,evasion_frac_n,shelter_pct_e,shelter_pct_n,detection_rate,detection_revenue,wtax_evasion_elast
65.61263820,2.85624122,2.85624122,0.00000000,29.61228173,259.08581307,51.00615221,1.28511759,0.15406817,0.04133190,0.03000000,30.79301640,0.25000000,0.18638435,1.77911766,6.92973392,0.00000000,0.00000000,9.18235041,0.01136763,1.01512040,0.78832054,0.00000000,0.00000000,0.00000000,0.00000000,0.75139548,0.38154363,0.70652594,0.84276577,0.93374920,0.75139548,0.38154363,0.70652594,0.84276577,0.93374920,-23.25638291,-46.22331679,0.85291756,0.50600816,-nan,-nan,-nan,-nan,0.00000000,0.00000000,0.00000000,0.00000000,0.00000000,0.00000000,-nan,0.00000000,13.56250185
