Y,A,A_rep,A_hid,L,Q,K,W,P,r,taua,abar,tauk,taul,WtaxRev,KtaxRev,WtaxRev_lost,KtaxRev_lost,G,lump_sum,ylbar,WtaxPct,ShelterPct,ShelterPctP99,TaxEvasionP99,ConcealPctP99,gini,p90,p99,p999,p9999,gini_total,p90_total,p99_total,p999_total,p9999_total,welfare,welfare0,approval,approval0,conceal_share_e,conceal_share_n,evasion_share_e,evasion_share_n,conceal_frac_e,conceal_frac_n,evasion_frac_e,evasion_frac_n,shelter_pct_e,shelter_pct_n,detection_rate,detection_revenue,wtax_evasion_elast
65.58524181,2.85646363,2.85646363,0.00000000,29.60384867,258.87831257,50.99050489,1.28488809,0.15410738,0.04131731,0.03253395,35.43180393,0.25000000,0.18639184,1.79818104,6.93025609,0.00000000,0.00000000,9.18235041,0.01146971,1.01512040,0.63964819,0.00000000,0.00000000,0.00000000,0.00000000,0.75114750,0.38184401,0.70935023,0.84671486,0.93532983,0.75114750,0.38184401,0.70935023,0.84671486,0.93532983,-23.24812021,-46.20976596,0.85521147,0.50995681,-nan,-nan,-nan,-nan,0.00000000,0.00000000,0.00000000,0.00000000,0.00000000,0.00000000,-nan,0.00000000,13.38923040
