Y,A,A_rep,A_hid,L,Q,K,W,P,r,taua,abar,tauk,taul,WtaxRev,KtaxRev,WtaxRev_lost,KtaxRev_lost,G,lump_sum,ylbar,WtaxPct,ShelterPct,ShelterPctP99,TaxEvasionP99,ConcealPctP99,gini,p90,p99,p999,p9999,gini_total,p90_total,p99_total,p999_total,p9999_total,welfare,welfare0,approval,approval0,conceal_share_e,conceal_share_n,evasion_share_e,evasion_share_n,conceal_frac_e,conceal_frac_n,evasion_frac_e,evasion_frac_n,shelter_pct_e,shelter_pct_n,detection_rate,detection_revenue,wtax_evasion_elast
65.56647341,2.85546864,2.85546864,0.00000000,29.60242211,258.76020178,50.96601012,1.28466072,0.15413657,0.04134098,0.03265514,35.07935330,0.25000000,0.18639169,1.80671503,6.93037366,0.00000000,0.00000000,9.18235041,0.01149275,1.01512040,0.86059557,0.00000000,0.00000000,0.00000000,0.00000000,0.75096629,0.38229486,0.70970949,0.84681683,0.93535103,0.75096629,0.38229486,0.70970949,0.84681683,0.93535103,-23.24826891,-46.21323511,0.85304286,0.50618258,-nan,-nan,-nan,-nan,0.00000000,0.00000000,0.00000000,0.00000000,0.00000000,0.00000000,-nan,0.00000000,13.39619765
