Y,A,A_rep,A_hid,L,Q,K,W,P,r,taua,abar,tauk,taul,WtaxRev,KtaxRev,WtaxRev_lost,KtaxRev_lost,G,lump_sum,ylbar,WtaxPct,ShelterPct,ShelterPctP99,TaxEvasionP99,ConcealPctP99,gini,p90,p99,p999,p9999,gini_total,p90_total,p99_total,p999_total,p9999_total,welfare,welfare0,approval,approval0,conceal_share_e,conceal_share_n,evasion_share_e,evasion_share_n,conceal_frac_e,conceal_frac_n,evasion_frac_e,evasion_frac_n,shelter_pct_e,shelter_pct_n,detection_rate,detection_revenue,wtax_evasion_elast
65.59336984,2.85680834,2.85680834,0.00000000,29.60558097,258.95892976,51.00859738,1.28502448,0.15409006,0.04130024,0.03245356,35.63724414,0.25000000,0.18638954,1.79228115,6.92915808,0.00000000,0.00000000,9.18235041,0.01142974,1.01512040,0.64126231,0.00000000,0.00000000,0.00000000,0.00000000,0.75123161,0.38174564,0.70916575,0.84665327,0.93530962,0.75123161,0.38174564,0.70916575,0.84665327,0.93530962,-23.24997188,-46.21118182,0.85544641,0.50995691,-nan,-nan,-nan,-nan,0.00000000,0.00000000,0.00000000,0.00000000,0.00000000,0.00000000,-nan,0.00000000,13.39752500
