Y,A,A_rep,A_hid,L,Q,K,W,P,r,taua,abar,tauk,taul,WtaxRev,KtaxRev,WtaxRev_lost,KtaxRev_lost,G,lump_sum,ylbar,WtaxPct,ShelterPct,ShelterPctP99,TaxEvasionP99,ConcealPctP99,gini,p90,p99,p999,p9999,gini_total,p90_total,p99_total,p999_total,p9999_total,welfare,welfare0,approval,approval0,conceal_share_e,conceal_share_n,evasion_share_e,evasion_share_n,conceal_frac_e,conceal_frac_n,evasion_frac_e,evasion_frac_n,shelter_pct_e,shelter_pct_n,detection_rate,detection_revenue,wtax_evasion_elast
59.69329651,2.45018725,2.45018725,0.00000000,29.41751085,212.05441406,38.05213382,1.17692895,0.16786160,0.06138015,0.03153757,1.90405546,0.25000000,0.18680925,4.76609206,7.43721757,0.00000000,0.00000000,9.18235041,0.02380586,1.01512040,32.27842194,0.00000000,0.00000000,0.00000000,0.00000000,0.73007823,0.36956114,0.63191158,0.78553465,0.91201121,0.73007823,0.36956114,0.63191158,0.78553465,0.91201121,-23.96241895,-49.01352136,0.45796925,0.10238372,-nan,-nan,-nan,-nan,0.00000000,0.00000000,0.00000000,0.00000000,0.00000000,0.00000000,-nan,0.00000000,16.12074750
