Y,A,A_rep,A_hid,L,Q,K,W,P,r,taua,abar,tauk,taul,WtaxRev,KtaxRev,WtaxRev_lost,KtaxRev_lost,G,lump_sum,ylbar,WtaxPct,ShelterPct,ShelterPctP99,TaxEvasionP99,ConcealPctP99,gini,p90,p99,p999,p9999,gini_total,p90_total,p99_total,p999_total,p9999_total,welfare,welfare0,approval,approval0,conceal_share_e,conceal_share_n,evasion_share_e,evasion_share_n,conceal_frac_e,conceal_frac_n,evasion_frac_e,evasion_frac_n,shelter_pct_e,shelter_pct_n,detection_rate,detection_revenue,wtax_evasion_elast
65.55918800,2.85515391,2.85515391,0.00000000,29.60124199,258.70166768,50.95126955,1.28455479,0.15414906,0.04135620,0.03271628,34.98687404,0.25000000,0.18639333,1.81094418,6.93104240,0.00000000,0.00000000,9.18235041,0.01151897,1.01512040,0.85793296,0.00000000,0.00000000,0.00000000,0.00000000,0.75088939,0.38238630,0.70983138,0.84686331,0.93537348,0.75088939,0.38238630,0.70983138,0.84686331,0.93537348,-23.24707722,-46.21231519,0.85276875,0.50605373,-nan,-nan,-nan,-nan,0.00000000,0.00000000,0.00000000,0.00000000,0.00000000,0.00000000,-nan,0.00000000,13.38544994
