Y,A,A_rep,A_hid,L,Q,K,W,P,r,taua,abar,tauk,taul,WtaxRev,KtaxRev,WtaxRev_lost,KtaxRev_lost,G,lump_sum,ylbar,WtaxPct,ShelterPct,ShelterPctP99,TaxEvasionP99,ConcealPctP99,gini,p90,p99,p999,p9999,gini_total,p90_total,p99_total,p999_total,p9999_total,welfare,welfare0,approval,approval0,conceal_share_e,conceal_share_n,evasion_share_e,evasion_share_n,conceal_frac_e,conceal_frac_n,evasion_frac_e,evasion_frac_n,shelter_pct_e,shelter_pct_n,detection_rate,detection_revenue,wtax_evasion_elast
64.89417945,2.82802546,2.82802546,0.00000000,29.50636755,253.58334963,49.99023118,1.27562180,0.15535561,0.04216867,0.04731654,42.01138967,0.25000000,0.18646766,2.13459936,6.96488864,0.00000000,0.00000000,9.18235041,0.01281381,1.01512040,0.50158521,0.00000000,0.00000000,0.00000000,0.00000000,0.74460312,0.39189008,0.72846795,0.86341220,0.94184414,0.74460312,0.39189008,0.72846795,0.86341220,0.94184414,-23.21780080,-46.29089542,0.79463869,0.42067679,-nan,-nan,-nan,-nan,0.00000000,0.00000000,0.00000000,0.00000000,0.00000000,0.00000000,-nan,0.00000000,12.52783602
