Y,A,A_rep,A_hid,L,Q,K,W,P,r,taua,abar,tauk,taul,WtaxRev,KtaxRev,WtaxRev_lost,KtaxRev_lost,G,lump_sum,ylbar,WtaxPct,ShelterPct,ShelterPctP99,TaxEvasionP99,ConcealPctP99,gini,p90,p99,p999,p9999,gini_total,p90_total,p99_total,p999_total,p9999_total,welfare,welfare0,approval,approval0,conceal_share_e,conceal_share_n,evasion_share_e,evasion_share_n,conceal_frac_e,conceal_frac_n,evasion_frac_e,evasion_frac_n,shelter_pct_e,shelter_pct_n,detection_rate,detection_revenue,wtax_evasion_elast
65.79302929,2.86615418,2.86615418,0.00000000,29.63244333,260.48314346,51.34375254,1.28776790,0.15374488,0.04098035,0.03209219,43.24336341,0.25000000,0.18635373,1.67674650,6.91740089,0.00000000,0.00000000,9.18235041,0.01075149,1.01512040,0.54877132,0.00000000,0.00000000,0.00000000,0.00000000,0.75307615,0.37877784,0.70578722,0.84730676,0.93580937,0.75307615,0.37877784,0.70578722,0.84730676,0.93580937,-23.27961707,-46.23035882,0.86779651,0.52292424,-nan,-nan,-nan,-nan,0.00000000,0.00000000,0.00000000,0.00000000,0.00000000,0.00000000,-nan,0.00000000,13.44657949
