Y,A,A_rep,A_hid,L,Q,K,W,P,r,taua,abar,tauk,taul,WtaxRev,KtaxRev,WtaxRev_lost,KtaxRev_lost,G,lump_sum,ylbar,WtaxPct,ShelterPct,ShelterPctP99,TaxEvasionP99,ConcealPctP99,gini,p90,p99,p999,p9999,gini_total,p90_total,p99_total,p999_total,p9999_total,welfare,welfare0,approval,approval0,conceal_share_e,conceal_share_n,evasion_share_e,evasion_share_n,conceal_frac_e,conceal_frac_n,evasion_frac_e,evasion_frac_n,shelter_pct_e,shelter_pct_n,detection_rate,detection_revenue,wtax_evasion_elast
64.86925330,2.82696553,2.82696553,0.00000000,29.50288148,253.38891409,49.95272859,1.27527685,0.15540235,0.04220195,0.04779850,42.05850113,0.25000000,0.18647078,2.14569078,6.96617683,0.00000000,0.00000000,9.18235041,0.01285613,1.01512040,0.50076982,0.00000000,0.00000000,0.00000000,0.00000000,0.74438378,0.39207874,0.72906542,0.86388185,0.94202208,0.74438378,0.39207874,0.72906542,0.86388185,0.94202208,-23.21746594,-46.29525147,0.79291359,0.41947099,-nan,-nan,-nan,-nan,0.00000000,0.00000000,0.00000000,0.00000000,0.00000000,0.00000000,-nan,0.00000000,12.50107147
