Y,A,A_rep,A_hid,L,Q,K,W,P,r,taua,abar,tauk,taul,WtaxRev,KtaxRev,WtaxRev_lost,KtaxRev_lost,G,lump_sum,ylbar,WtaxPct,ShelterPct,ShelterPctP99,TaxEvasionP99,ConcealPctP99,gini,p90,p99,p999,p9999,gini_total,p90_total,p99_total,p999_total,p9999_total,welfare,welfare0,approval,approval0,conceal_share_e,conceal_share_n,evasion_share_e,evasion_share_n,conceal_frac_e,conceal_frac_n,evasion_frac_e,evasion_frac_n,shelter_pct_e,shelter_pct_n,detection_rate,detection_revenue,wtax_evasion_elast
73.61338141,3.11574266,2.93480021,0.18094245,30.13973294,332.39076080,65.59092966,1.41657797,0.13813180,0.02968321,0.00696446,1113.48146270,0.25000000,0.18605312,0.10062420,5.93043137,0.06796464,0.53969284,9.29156816,0.00033750,1.08952447,0.01263699,0.10235582,34.19789880,8.38202473,54.65994228,0.77190393,0.35040197,0.65658401,0.82212052,0.93490629,0.78510929,0.33005286,0.61849954,0.77880224,0.90725801,-23.72180376,-47.59024800,0.58347064,0.21507164,0.26611584,0.73388416,0.85165450,0.14834550,0.04732656,0.06328468,0.06125841,0.00629507,0.38808413,0.03336899,0.67905187,0.04435666,43.57879123
