Y,A,A_rep,A_hid,L,Q,K,W,P,r,taua,abar,tauk,taul,WtaxRev,KtaxRev,WtaxRev_lost,KtaxRev_lost,G,lump_sum,ylbar,WtaxPct,ShelterPct,ShelterPctP99,TaxEvasionP99,ConcealPctP99,gini,p90,p99,p999,p9999,gini_total,p90_total,p99_total,p999_total,p9999_total,welfare,welfare0,approval,approval0,conceal_share_e,conceal_share_n,evasion_share_e,evasion_share_n,conceal_frac_e,conceal_frac_n,evasion_frac_e,evasion_frac_n,shelter_pct_e,shelter_pct_n,detection_rate,detection_revenue,wtax_evasion_elast
65.27898060,2.84503419,2.84503419,0.00000000,29.55853856,256.52992201,50.59496850,1.28091998,0.15466006,0.04160685,0.04424377,51.03229947,0.25000000,0.18641376,1.93213733,6.94347265,0.00000000,0.00000000,9.18235041,0.01185555,1.01512040,0.44251739,0.00000000,0.00000000,0.00000000,0.00000000,0.74814446,0.38614100,0.72028298,0.86137281,0.94143871,0.74814446,0.38614100,0.72028298,0.86137281,0.94143871,-23.24719421,-46.26805435,0.81518103,0.44682263,-nan,-nan,-nan,-nan,0.00000000,0.00000000,0.00000000,0.00000000,0.00000000,0.00000000,-nan,0.00000000,12.72732516
