Y,A,A_rep,A_hid,L,Q,K,W,P,r,taua,abar,tauk,taul,WtaxRev,KtaxRev,WtaxRev_lost,KtaxRev_lost,G,lump_sum,ylbar,WtaxPct,ShelterPct,ShelterPctP99,TaxEvasionP99,ConcealPctP99,gini,p90,p99,p999,p9999,gini_total,p90_total,p99_total,p999_total,p9999_total,welfare,welfare0,approval,approval0,conceal_share_e,conceal_share_n,evasion_share_e,evasion_share_n,conceal_frac_e,conceal_frac_n,evasion_frac_e,evasion_frac_n,shelter_pct_e,shelter_pct_n,detection_rate,detection_revenue,wtax_evasion_elast
65.46779877,2.85123143,2.85123143,0.00000000,29.58768507,258.01234636,50.80607305,1.28334649,0.15430356,0.04148916,0.03410085,35.07187059,0.25000000,0.18640750,1.85829602,6.93600678,0.00000000,0.00000000,9.18235041,0.01175632,1.01512040,0.85676708,0.00000000,0.00000000,0.00000000,0.00000000,0.75006834,0.38354291,0.71212414,0.84842207,0.93595722,0.75006834,0.38354291,0.71212414,0.84842207,0.93595722,-23.23806786,-46.21292878,0.84606441,0.49508736,-nan,-nan,-nan,-nan,0.00000000,0.00000000,0.00000000,0.00000000,0.00000000,0.00000000,-nan,0.00000000,13.30135155
