Y,A,A_rep,A_hid,L,Q,K,W,P,r,taua,abar,tauk,taul,WtaxRev,KtaxRev,WtaxRev_lost,KtaxRev_lost,G,lump_sum,ylbar,WtaxPct,ShelterPct,ShelterPctP99,TaxEvasionP99,ConcealPctP99,gini,p90,p99,p999,p9999,gini_total,p90_total,p99_total,p999_total,p9999_total,welfare,welfare0,approval,approval0,conceal_share_e,conceal_share_n,evasion_share_e,evasion_share_n,conceal_frac_e,conceal_frac_n,evasion_frac_e,evasion_frac_n,shelter_pct_e,shelter_pct_n,detection_rate,detection_revenue,wtax_evasion_elast
65.60350316,2.85686758,2.85686758,0.00000000,29.60792429,259.04037980,51.01722814,1.28513762,0.15407228,0.04130010,0.03180519,34.50969958,0.25000000,0.18638653,1.78722332,6.92881008,0.00000000,0.00000000,9.18235041,0.01140147,1.01512040,0.84922350,0.00000000,0.00000000,0.00000000,0.00000000,0.75132457,0.38164382,0.70842268,0.84567419,0.93491396,0.75132457,0.38164382,0.70842268,0.84567419,0.93491396,-23.25203374,-46.21383385,0.85552827,0.50954240,-nan,-nan,-nan,-nan,0.00000000,0.00000000,0.00000000,0.00000000,0.00000000,0.00000000,-nan,0.00000000,13.42319689
