Y,A,A_rep,A_hid,L,Q,K,W,P,r,taua,abar,tauk,taul,WtaxRev,KtaxRev,WtaxRev_lost,KtaxRev_lost,G,lump_sum,ylbar,WtaxPct,ShelterPct,ShelterPctP99,TaxEvasionP99,ConcealPctP99,gini,p90,p99,p999,p9999,gini_total,p90_total,p99_total,p999_total,p9999_total,welfare,welfare0,approval,approval0,conceal_share_e,conceal_share_n,evasion_share_e,evasion_share_n,conceal_frac_e,conceal_frac_n,evasion_frac_e,evasion_frac_n,shelter_pct_e,shelter_pct_n,detection_rate,detection_revenue,wtax_evasion_elast
65.57445312,2.85606341,2.85606341,0.00000000,29.60254153,258.81237059,50.97709469,1.28477000,0.15412219,0.04132917,0.03286371,36.00629735,0.25000000,0.18639173,1.80212841,6.93044811,0.00000000,0.00000000,9.18235041,0.01147512,1.01512040,0.64272008,0.00000000,0.00000000,0.00000000,0.00000000,0.75103291,0.38214695,0.70975720,0.84718584,0.93553133,0.75103291,0.38214695,0.70975720,0.84718584,0.93553133,-23.24821333,-46.21180169,0.85362621,0.50669299,-nan,-nan,-nan,-nan,0.00000000,0.00000000,0.00000000,0.00000000,0.00000000,0.00000000,-nan,0.00000000,13.36575117
