Y,A,A_rep,A_hid,L,Q,K,W,P,r,taua,abar,tauk,taul,WtaxRev,KtaxRev,WtaxRev_lost,KtaxRev_lost,G,lump_sum,ylbar,WtaxPct,ShelterPct,ShelterPctP99,TaxEvasionP99,ConcealPctP99,gini,p90,p99,p999,p9999,gini_total,p90_total,p99_total,p999_total,p9999_total,welfare,welfare0,approval,approval0,conceal_share_e,conceal_share_n,evasion_share_e,evasion_share_n,conceal_frac_e,conceal_frac_n,evasion_frac_e,evasion_frac_n,shelter_pct_e,shelter_pct_n,detection_rate,detection_revenue,wtax_evasion_elast
73.47328333,3.11085821,2.91502564,0.19583257,30.12519117,330.88939150,65.54467823,1.41455859,0.13843110,0.02958728,0.01694638,1303.75051341,0.25000000,0.18606703,0.16521139,5.92426675,0.17109247,0.54102795,9.29156816,0.00076492,1.08952447,0.01003929,0.10331498,45.89775032,10.14985165,52.43215740,0.77088237,0.35209844,0.66128904,0.83039906,0.94414893,0.78526386,0.32993339,0.61971790,0.78254804,0.91198647,-23.72345350,-47.60639665,0.59548520,0.26756866,0.29315377,0.70684623,0.78067303,0.21932697,0.05640198,0.06613632,0.06508303,0.01085472,0.38905379,0.03432560,0.68037339,0.05876436,34.79266371
