Y,A,A_rep,A_hid,L,Q,K,W,P,r,taua,abar,tauk,taul,WtaxRev,KtaxRev,WtaxRev_lost,KtaxRev_lost,G,lump_sum,ylbar,WtaxPct,ShelterPct,ShelterPctP99,TaxEvasionP99,ConcealPctP99,gini,p90,p99,p999,p9999,gini_total,p90_total,p99_total,p999_total,p9999_total,welfare,welfare0,approval,approval0,conceal_share_e,conceal_share_n,evasion_share_e,evasion_share_n,conceal_frac_e,conceal_frac_n,evasion_frac_e,evasion_frac_n,shelter_pct_e,shelter_pct_n,detection_rate,detection_revenue,wtax_evasion_elast
65.59241275,2.85670787,2.85670787,0.00000000,29.60569616,258.95023308,51.00664619,1.28500379,0.15409284,0.04130262,0.03232073,35.21100940,0.25000000,0.18638991,1.79306881,6.92922241,0.00000000,0.00000000,9.18235041,0.01143673,1.01512040,0.63859362,0.00000000,0.00000000,0.00000000,0.00000000,0.75123464,0.38177226,0.70907983,0.84644049,0.93521025,0.75123464,0.38177226,0.70907983,0.84644049,0.93521025,-23.24986473,-46.21110912,0.85543494,0.50995652,-nan,-nan,-nan,-nan,0.00000000,0.00000000,0.00000000,0.00000000,0.00000000,0.00000000,-nan,0.00000000,13.41210651
