Y,A,A_rep,A_hid,L,Q,K,W,P,r,taua,abar,tauk,taul,WtaxRev,KtaxRev,WtaxRev_lost,KtaxRev_lost,G,lump_sum,ylbar,WtaxPct,ShelterPct,ShelterPctP99,TaxEvasionP99,ConcealPctP99,gini,p90,p99,p999,p9999,gini_total,p90_total,p99_total,p999_total,p9999_total,welfare,welfare0,approval,approval0,conceal_share_e,conceal_share_n,evasion_share_e,evasion_share_n,conceal_frac_e,conceal_frac_n,evasion_frac_e,evasion_frac_n,shelter_pct_e,shelter_pct_n,detection_rate,detection_revenue,wtax_evasion_elast
65.59274505,2.85592261,2.85592261,0.00000000,29.60747663,258.95151648,50.98540711,1.28493549,0.15409324,0.04134130,0.03125881,33.12162451,0.25000000,0.18638820,1.79110809,6.93015853,0.00000000,0.00000000,9.18235041,0.01142855,1.01512040,0.82260091,0.00000000,0.00000000,0.00000000,0.00000000,0.75117591,0.38182965,0.70799587,0.84469954,0.93451617,0.75117591,0.38182965,0.70799587,0.84469954,0.93451617,-23.25142814,-46.21643260,0.85376609,0.50651825,-nan,-nan,-nan,-nan,0.00000000,0.00000000,0.00000000,0.00000000,0.00000000,0.00000000,-nan,0.00000000,13.44809189
