Y,A,A_rep,A_hid,L,Q,K,W,P,r,taua,abar,tauk,taul,WtaxRev,KtaxRev,WtaxRev_lost,KtaxRev_lost,G,lump_sum,ylbar,WtaxPct,ShelterPct,ShelterPctP99,TaxEvasionP99,ConcealPctP99,gini,p90,p99,p999,p9999,gini_total,p90_total,p99_total,p999_total,p9999_total,welfare,welfare0,approval,approval0,conceal_share_e,conceal_share_n,evasion_share_e,evasion_share_n,conceal_frac_e,conceal_frac_n,evasion_frac_e,evasion_frac_n,shelter_pct_e,shelter_pct_n,detection_rate,detection_revenue,wtax_evasion_elast
65.57392123,2.85578257,2.85578257,0.00000000,29.60338417,258.81300590,50.97697842,1.28475510,0.15412450,0.04133095,0.03252217,35.02174945,0.25000000,0.18639103,1.80326355,6.93010214,0.00000000,0.00000000,9.18235041,0.01147941,1.01512040,0.85964718,0.00000000,0.00000000,0.00000000,0.00000000,0.75104523,0.38203159,0.70949175,0.84664762,0.93528692,0.75104523,0.38203159,0.70949175,0.84664762,0.93528692,-23.24875060,-46.21268239,0.85348229,0.50645667,-nan,-nan,-nan,-nan,0.00000000,0.00000000,0.00000000,0.00000000,0.00000000,0.00000000,-nan,0.00000000,13.39881537
