Y,A,A_rep,A_hid,L,Q,K,W,P,r,taua,abar,tauk,taul,WtaxRev,KtaxRev,WtaxRev_lost,KtaxRev_lost,G,lump_sum,ylbar,WtaxPct,ShelterPct,ShelterPctP99,TaxEvasionP99,ConcealPctP99,gini,p90,p99,p999,p9999,gini_total,p90_total,p99_total,p999_total,p9999_total,welfare,welfare0,approval,approval0,conceal_share_e,conceal_share_n,evasion_share_e,evasion_share_n,conceal_frac_e,conceal_frac_n,evasion_frac_e,evasion_frac_n,shelter_pct_e,shelter_pct_n,detection_rate,detection_revenue,wtax_evasion_elast
65.59621459,2.85692148,2.85692148,0.00000000,29.60600458,258.97667998,51.01284493,1.28505577,0.15408643,0.04129612,0.03237329,35.52186452,0.25000000,0.18638976,1.79087131,6.92906848,0.00000000,0.00000000,9.18235041,0.01142367,1.01512040,0.64073472,0.00000000,0.00000000,0.00000000,0.00000000,0.75125785,0.38172053,0.70905606,0.84654788,0.93526594,0.75125785,0.38172053,0.70905606,0.84654788,0.93526594,-23.25026876,-46.21133811,0.85553367,0.50995681,-nan,-nan,-nan,-nan,0.00000000,0.00000000,0.00000000,0.00000000,0.00000000,0.00000000,-nan,0.00000000,13.40471745
