Y,A,A_rep,A_hid,L,Q,K,W,P,r,taua,abar,tauk,taul,WtaxRev,KtaxRev,WtaxRev_lost,KtaxRev_lost,G,lump_sum,ylbar,WtaxPct,ShelterPct,ShelterPctP99,TaxEvasionP99,ConcealPctP99,gini,p90,p99,p999,p9999,gini_total,p90_total,p99_total,p999_total,p9999_total,welfare,welfare0,approval,approval0,conceal_share_e,conceal_share_n,evasion_share_e,evasion_share_n,conceal_frac_e,conceal_frac_n,evasion_frac_e,evasion_frac_n,shelter_pct_e,shelter_pct_n,detection_rate,detection_revenue,wtax_evasion_elast
62.18977020,2.66114212,2.66114212,0.00000000,29.28808141,232.61567342,44.57143365,1.23156614,0.16090560,0.04906552,0.04473174,9.16442965,0.25000000,0.18678039,3.41942943,7.17349728,0.00000000,0.00000000,9.18235041,0.01787597,1.01512040,6.17240789,0.00000000,0.00000000,0.00000000,0.00000000,0.71018329,0.44315613,0.72091136,0.83874127,0.93031981,0.71018329,0.44315613,0.72091136,0.83874127,0.93031981,-23.20245868,-47.00754616,0.64419493,0.33921603,-nan,-nan,-nan,-nan,0.00000000,0.00000000,0.00000000,0.00000000,0.00000000,0.00000000,-nan,0.00000000,14.03528236
