Y,A,A_rep,A_hid,L,Q,K,W,P,r,taua,abar,tauk,taul,WtaxRev,KtaxRev,WtaxRev_lost,KtaxRev_lost,G,lump_sum,ylbar,WtaxPct,ShelterPct,ShelterPctP99,TaxEvasionP99,ConcealPctP99,gini,p90,p99,p999,p9999,gini_total,p90_total,p99_total,p999_total,p9999_total,welfare,welfare0,approval,approval0,conceal_share_e,conceal_share_n,evasion_share_e,evasion_share_n,conceal_frac_e,conceal_frac_n,evasion_frac_e,evasion_frac_n,shelter_pct_e,shelter_pct_n,detection_rate,detection_revenue,wtax_evasion_elast
65.61434556,2.85768401,2.85768401,0.00000000,29.60850188,259.12076602,51.04052155,1.28530896,0.15405268,0.04127231,0.03226874,36.04693060,0.25000000,0.18638556,1.78007295,6.92799826,0.00000000,0.00000000,9.18235041,0.01135830,1.01512040,0.64514079,0.00000000,0.00000000,0.00000000,0.00000000,0.75143275,0.38145017,0.70872866,0.84651257,0.93527750,0.75143275,0.38145017,0.70872866,0.84651257,0.93527750,-23.25327869,-46.21407357,0.85598401,0.51003254,-nan,-nan,-nan,-nan,0.00000000,0.00000000,0.00000000,0.00000000,0.00000000,0.00000000,-nan,0.00000000,13.40698939
