Y,A,A_rep,A_hid,L,Q,K,W,P,r,taua,abar,tauk,taul,WtaxRev,KtaxRev,WtaxRev_lost,KtaxRev_lost,G,lump_sum,ylbar,WtaxPct,ShelterPct,ShelterPctP99,TaxEvasionP99,ConcealPctP99,gini,p90,p99,p999,p9999,gini_total,p90_total,p99_total,p999_total,p9999_total,welfare,welfare0,approval,approval0,conceal_share_e,conceal_share_n,evasion_share_e,evasion_share_n,conceal_frac_e,conceal_frac_n,evasion_frac_e,evasion_frac_n,shelter_pct_e,shelter_pct_n,detection_rate,detection_revenue,wtax_evasion_elast
65.58919347,2.85640426,2.85640426,0.00000000,29.60577796,258.92904342,50.99896571,1.28495102,0.15409839,0.04131293,0.03220198,34.89262417,0.25000000,0.18638826,1.79400729,6.92941373,0.00000000,0.00000000,9.18235041,0.01142753,1.01512040,0.85599825,0.00000000,0.00000000,0.00000000,0.00000000,0.75117500,0.38187045,0.70906074,0.84623713,0.93512975,0.75117500,0.38187045,0.70906074,0.84623713,0.93512975,-23.25113080,-46.21478061,0.85404732,0.50670959,-nan,-nan,-nan,-nan,0.00000000,0.00000000,0.00000000,0.00000000,0.00000000,0.00000000,-nan,0.00000000,13.41814818
