Y,A,A_rep,A_hid,L,Q,K,W,P,r,taua,abar,tauk,taul,WtaxRev,KtaxRev,WtaxRev_lost,KtaxRev_lost,G,lump_sum,ylbar,WtaxPct,ShelterPct,ShelterPctP99,TaxEvasionP99,ConcealPctP99,gini,p90,p99,p999,p9999,gini_total,p90_total,p99_total,p999_total,p9999_total,welfare,welfare0,approval,approval0,conceal_share_e,conceal_share_n,evasion_share_e,evasion_share_n,conceal_frac_e,conceal_frac_n,evasion_frac_e,evasion_frac_n,shelter_pct_e,shelter_pct_n,detection_rate,detection_revenue,wtax_evasion_elast
65.69457327,2.86166074,2.86166074,0.00000000,29.61891039,259.72937830,51.18115909,1.28642370,0.15391511,0.04113244,0.03263629,40.35427667,0.25000000,0.18637087,1.73187592,6.92304078,0.00000000,0.00000000,9.18235041,0.01105971,1.01512040,0.68505248,0.00000000,0.00000000,0.00000000,0.00000000,0.75218560,0.38013194,0.70774083,0.84758767,0.93582598,0.75218560,0.38013194,0.70774083,0.84758767,0.93582598,-23.26737222,-46.22442758,0.85907621,0.51008516,-nan,-nan,-nan,-nan,0.00000000,0.00000000,0.00000000,0.00000000,0.00000000,0.00000000,-nan,0.00000000,13.40066612
