Y,A,A_rep,A_hid,L,Q,K,W,P,r,taua,abar,tauk,taul,WtaxRev,KtaxRev,WtaxRev_lost,KtaxRev_lost,G,lump_sum,ylbar,WtaxPct,ShelterPct,ShelterPctP99,TaxEvasionP99,ConcealPctP99,gini,p90,p99,p999,p9999,gini_total,p90_total,p99_total,p999_total,p9999_total,welfare,welfare0,approval,approval0,conceal_share_e,conceal_share_n,evasion_share_e,evasion_share_n,conceal_frac_e,conceal_frac_n,evasion_frac_e,evasion_frac_n,shelter_pct_e,shelter_pct_n,detection_rate,detection_revenue,wtax_evasion_elast
65.79350570,2.86614080,2.86614080,0.00000000,29.63262848,260.49009445,51.34380729,1.28777597,0.15374319,0.04098143,0.03189911,42.62808337,0.25000000,0.18635400,1.67699664,6.91735029,0.00000000,0.00000000,9.18235041,0.01075969,1.01512040,0.54612452,0.00000000,0.00000000,0.00000000,0.00000000,0.75309239,0.37868625,0.70573230,0.84703927,0.93568191,0.75309239,0.37868625,0.70573230,0.84703927,0.93568191,-23.27895648,-46.22890416,0.86850292,0.52721185,-nan,-nan,-nan,-nan,0.00000000,0.00000000,0.00000000,0.00000000,0.00000000,0.00000000,-nan,0.00000000,13.46292612
