Y,A,A_rep,A_hid,L,Q,K,W,P,r,taua,abar,tauk,taul,WtaxRev,KtaxRev,WtaxRev_lost,KtaxRev_lost,G,lump_sum,ylbar,WtaxPct,ShelterPct,ShelterPctP99,TaxEvasionP99,ConcealPctP99,gini,p90,p99,p999,p9999,gini_total,p90_total,p99_total,p999_total,p9999_total,welfare,welfare0,approval,approval0,conceal_share_e,conceal_share_n,evasion_share_e,evasion_share_n,conceal_frac_e,conceal_frac_n,evasion_frac_e,evasion_frac_n,shelter_pct_e,shelter_pct_n,detection_rate,detection_revenue,wtax_evasion_elast
65.58733071,2.85653359,2.85653359,0.00000000,29.60462414,258.91812060,50.99847346,1.28495299,0.15409838,0.04131034,0.03259898,35.78973189,0.25000000,0.18639007,1.79533997,6.92940390,0.00000000,0.00000000,9.18235041,0.01144362,1.01512040,0.64195606,0.00000000,0.00000000,0.00000000,0.00000000,0.75115525,0.38182886,0.70940611,0.84687047,0.93540308,0.75115525,0.38182886,0.70940611,0.84687047,0.93540308,-23.24919898,-46.21078858,0.85526652,0.50995691,-nan,-nan,-nan,-nan,0.00000000,0.00000000,0.00000000,0.00000000,0.00000000,0.00000000,-nan,0.00000000,13.38874241
