Y,A,A_rep,A_hid,L,Q,K,W,P,r,taua,abar,tauk,taul,WtaxRev,KtaxRev,WtaxRev_lost,KtaxRev_lost,G,lump_sum,ylbar,WtaxPct,ShelterPct,ShelterPctP99,TaxEvasionP99,ConcealPctP99,gini,p90,p99,p999,p9999,gini_total,p90_total,p99_total,p999_total,p9999_total,welfare,welfare0,approval,approval0,conceal_share_e,conceal_share_n,evasion_share_e,evasion_share_n,conceal_frac_e,conceal_frac_n,evasion_frac_e,evasion_frac_n,shelter_pct_e,shelter_pct_n,detection_rate,detection_revenue,wtax_evasion_elast
65.61600643,2.85769832,2.85769832,0.00000000,29.60899212,259.13401010,51.04259354,1.28532604,0.15405027,0.04127137,0.03203073,35.40093716,0.25000000,0.18638608,1.78019978,6.92793443,0.00000000,0.00000000,9.18235041,0.01136950,1.01512040,0.64086287,0.00000000,0.00000000,0.00000000,0.00000000,0.75147214,0.38134309,0.70847178,0.84612382,0.93510425,0.75147214,0.38134309,0.70847178,0.84612382,0.93510425,-23.25259888,-46.21220732,0.85741999,0.51001861,-nan,-nan,-nan,-nan,0.00000000,0.00000000,0.00000000,0.00000000,0.00000000,0.00000000,-nan,0.00000000,13.42560729
