Y,A,A_rep,A_hid,L,Q,K,W,P,r,taua,abar,tauk,taul,WtaxRev,KtaxRev,WtaxRev_lost,KtaxRev_lost,G,lump_sum,ylbar,WtaxPct,ShelterPct,ShelterPctP99,TaxEvasionP99,ConcealPctP99,gini,p90,p99,p999,p9999,gini_total,p90_total,p99_total,p999_total,p9999_total,welfare,welfare0,approval,approval0,conceal_share_e,conceal_share_n,evasion_share_e,evasion_share_n,conceal_frac_e,conceal_frac_n,evasion_frac_e,evasion_frac_n,shelter_pct_e,shelter_pct_n,detection_rate,detection_revenue,wtax_evasion_elast
65.58132022,2.85618785,2.85618785,0.00000000,29.60418753,258.87262063,50.99041307,1.28486737,0.15411025,0.04131737,0.03256891,35.42941532,0.25000000,0.18638929,1.79897454,6.92960304,0.00000000,0.00000000,9.18235041,0.01145822,1.01512040,0.63932190,0.00000000,0.00000000,0.00000000,0.00000000,0.75110740,0.38190855,0.70944950,0.84676750,0.93534873,0.75110740,0.38190855,0.70944950,0.84676750,0.93534873,-23.24911515,-46.21178994,0.85462576,0.50707538,-nan,-nan,-nan,-nan,0.00000000,0.00000000,0.00000000,0.00000000,0.00000000,0.00000000,-nan,0.00000000,13.39606741
