Y,A,A_rep,A_hid,L,Q,K,W,P,r,taua,abar,tauk,taul,WtaxRev,KtaxRev,WtaxRev_lost,KtaxRev_lost,G,lump_sum,ylbar,WtaxPct,ShelterPct,ShelterPctP99,TaxEvasionP99,ConcealPctP99,gini,p90,p99,p999,p9999,gini_total,p90_total,p99_total,p999_total,p9999_total,welfare,welfare0,approval,approval0,conceal_share_e,conceal_share_n,evasion_share_e,evasion_share_n,conceal_frac_e,conceal_frac_n,evasion_frac_e,evasion_frac_n,shelter_pct_e,shelter_pct_n,detection_rate,detection_revenue,wtax_evasion_elast
65.75768261,2.86383016,2.86383016,0.00000000,29.62989689,260.20211025,51.26656141,1.28719077,0.15381225,0.04106874,0.03000000,35.48377555,0.25000000,0.18636469,1.70316269,6.92035534,0.00000000,0.00000000,9.18235041,0.01096670,1.01512040,0.64903393,0.00000000,0.00000000,0.00000000,0.00000000,0.75285672,0.37918309,0.70489485,0.84378915,0.93428880,0.75285672,0.37918309,0.70489485,0.84378915,0.93428880,-23.27017888,-46.21877315,0.87035864,0.58753438,-nan,-nan,-nan,-nan,0.00000000,0.00000000,0.00000000,0.00000000,0.00000000,0.00000000,-nan,0.00000000,13.56036481
