Y,A,A_rep,A_hid,L,Q,K,W,P,r,taua,abar,tauk,taul,WtaxRev,KtaxRev,WtaxRev_lost,KtaxRev_lost,G,lump_sum,ylbar,WtaxPct,ShelterPct,ShelterPctP99,TaxEvasionP99,ConcealPctP99,gini,p90,p99,p999,p9999,gini_total,p90_total,p99_total,p999_total,p9999_total,welfare,welfare0,approval,approval0,conceal_share_e,conceal_share_n,evasion_share_e,evasion_share_n,conceal_frac_e,conceal_frac_n,evasion_frac_e,evasion_frac_n,shelter_pct_e,shelter_pct_n,detection_rate,detection_revenue,wtax_evasion_elast
60.34153008,2.49272953,2.49272953,0.00000000,29.43469939,217.03595148,39.33564686,1.18901197,0.16617471,0.05891558,0.03000000,2.21115517,0.25000000,0.18677165,4.41201339,7.38402923,0.00000000,0.00000000,9.18235041,0.02257659,1.01512040,23.35516876,0.00000000,0.00000000,0.00000000,0.00000000,0.72795145,0.37756218,0.63840326,0.78997015,0.91356043,0.72795145,0.37756218,0.63840326,0.78997015,0.91356043,-23.80807728,-48.59388672,0.48849909,0.13814934,-nan,-nan,-nan,-nan,0.00000000,0.00000000,0.00000000,0.00000000,0.00000000,0.00000000,-nan,0.00000000,16.29794485
