Y,A,A_rep,A_hid,L,Q,K,W,P,r,taua,abar,tauk,taul,WtaxRev,KtaxRev,WtaxRev_lost,KtaxRev_lost,G,lump_sum,ylbar,WtaxPct,ShelterPct,ShelterPctP99,TaxEvasionP99,ConcealPctP99,gini,p90,p99,p999,p9999,gini_total,p90_total,p99_total,p999_total,p9999_total,welfare,welfare0,approval,approval0,conceal_share_e,conceal_share_n,evasion_share_e,evasion_share_n,conceal_frac_e,conceal_frac_n,evasion_frac_e,evasion_frac_n,shelter_pct_e,shelter_pct_n,detection_rate,detection_revenue,wtax_evasion_elast
65.49542518,2.85149995,2.85149995,0.00000000,29.59431020,258.21798774,50.83113084,1.28362666,0.15426127,0.04148457,0.03253773,32.97346642,0.25000000,0.18640028,1.84142464,6.93523110,0.00000000,0.00000000,9.18235041,0.01166090,1.01512040,0.81402614,0.00000000,0.00000000,0.00000000,0.00000000,0.75023903,0.38329821,0.71031890,0.84614890,0.93502575,0.75023903,0.38329821,0.71031890,0.84614890,0.93502575,-23.24398024,-46.22134645,0.84585263,0.49468079,-nan,-nan,-nan,-nan,0.00000000,0.00000000,0.00000000,0.00000000,0.00000000,0.00000000,-nan,0.00000000,13.37081850
