Y,A,A_rep,A_hid,L,Q,K,W,P,r,taua,abar,tauk,taul,WtaxRev,KtaxRev,WtaxRev_lost,KtaxRev_lost,G,lump_sum,ylbar,WtaxPct,ShelterPct,ShelterPctP99,TaxEvasionP99,ConcealPctP99,gini,p90,p99,p999,p9999,gini_total,p90_total,p99_total,p999_total,p9999_total,welfare,welfare0,approval,approval0,conceal_share_e,conceal_share_n,evasion_share_e,evasion_share_n,conceal_frac_e,conceal_frac_n,evasion_frac_e,evasion_frac_n,shelter_pct_e,shelter_pct_n,detection_rate,detection_revenue,wtax_evasion_elast
65.58229048,2.85623364,2.85623364,0.00000000,29.60439017,258.87579554,50.99109768,1.28487062,0.15410997,0.04131698,0.03249754,35.25132772,0.25000000,0.18639027,1.79885486,6.92966321,0.00000000,0.00000000,9.18235041,0.01145770,1.01512040,0.63830659,0.00000000,0.00000000,0.00000000,0.00000000,0.75112143,0.38189952,0.70939012,0.84665730,0.93529908,0.75112143,0.38189952,0.70939012,0.84665730,0.93529908,-23.24934943,-46.21216545,0.85414541,0.50707538,-nan,-nan,-nan,-nan,0.00000000,0.00000000,0.00000000,0.00000000,0.00000000,0.00000000,-nan,0.00000000,13.40116049
