Y,A,A_rep,A_hid,L,Q,K,W,P,r,taua,abar,tauk,taul,WtaxRev,KtaxRev,WtaxRev_lost,KtaxRev_lost,G,lump_sum,ylbar,WtaxPct,ShelterPct,ShelterPctP99,TaxEvasionP99,ConcealPctP99,gini,p90,p99,p999,p9999,gini_total,p90_total,p99_total,p999_total,p9999_total,welfare,welfare0,approval,approval0,conceal_share_e,conceal_share_n,evasion_share_e,evasion_share_n,conceal_frac_e,conceal_frac_n,evasion_frac_e,evasion_frac_n,shelter_pct_e,shelter_pct_n,detection_rate,detection_revenue,wtax_evasion_elast
65.54638937,2.85430152,2.85430152,0.00000000,29.60024378,258.61129889,50.92482181,1.28436734,0.15417004,0.04138735,0.03248741,34.26877953,0.25000000,0.18639401,1.81631718,6.93188682,0.00000000,0.00000000,9.18235041,0.01154251,1.01512040,0.84127325,0.00000000,0.00000000,0.00000000,0.00000000,0.75072900,0.38252759,0.70980047,0.84642669,0.93518172,0.75072900,0.38252759,0.70980047,0.84642669,0.93518172,-23.24651896,-46.21512356,0.85088626,0.50103476,-nan,-nan,-nan,-nan,0.00000000,0.00000000,0.00000000,0.00000000,0.00000000,0.00000000,-nan,0.00000000,13.38307054
