Y,A,A_rep,A_hid,L,Q,K,W,P,r,taua,abar,tauk,taul,WtaxRev,KtaxRev,WtaxRev_lost,KtaxRev_lost,G,lump_sum,ylbar,WtaxPct,ShelterPct,ShelterPctP99,TaxEvasionP99,ConcealPctP99,gini,p90,p99,p999,p9999,gini_total,p90_total,p99_total,p999_total,p9999_total,welfare,welfare0,approval,approval0,conceal_share_e,conceal_share_n,evasion_share_e,evasion_share_n,conceal_frac_e,conceal_frac_n,evasion_frac_e,evasion_frac_n,shelter_pct_e,shelter_pct_n,detection_rate,detection_revenue,wtax_evasion_elast
65.43263488,2.85171617,2.85171617,0.00000000,29.57994957,257.70421537,50.83057319,1.28299615,0.15438706,0.04139620,0.04217465,53.51555508,0.25000000,0.18639338,1.85065274,6.93534289,0.00000000,0.00000000,9.18235041,0.01146460,1.01512040,0.45941977,0.00000000,0.00000000,0.00000000,0.00000000,0.74958540,0.38396008,0.71659804,0.85940436,0.94077452,0.74958540,0.38396008,0.71659804,0.85940436,0.94077452,-23.26056823,-46.26271781,0.82444009,0.45972782,-nan,-nan,-nan,-nan,0.00000000,0.00000000,0.00000000,0.00000000,0.00000000,0.00000000,-nan,0.00000000,12.86060506
