Y,A,A_rep,A_hid,L,Q,K,W,P,r,taua,abar,tauk,taul,WtaxRev,KtaxRev,WtaxRev_lost,KtaxRev_lost,G,lump_sum,ylbar,WtaxPct,ShelterPct,ShelterPctP99,TaxEvasionP99,ConcealPctP99,gini,p90,p99,p999,p9999,gini_total,p90_total,p99_total,p999_total,p9999_total,welfare,welfare0,approval,approval0,conceal_share_e,conceal_share_n,evasion_share_e,evasion_share_n,conceal_frac_e,conceal_frac_n,evasion_frac_e,evasion_frac_n,shelter_pct_e,shelter_pct_n,detection_rate,detection_revenue,wtax_evasion_elast
65.60588616,2.85721931,2.85721931,0.00000000,29.60784629,259.05506817,51.02701175,1.28518242,0.15406933,0.04128551,0.03212323,35.20136807,0.25000000,0.18638694,1.78590972,6.92842755,0.00000000,0.00000000,9.18235041,0.01139044,1.01512040,0.63917251,0.00000000,0.00000000,0.00000000,0.00000000,0.75135578,0.38151455,0.70877536,0.84621880,0.93512878,0.75135578,0.38151455,0.70877536,0.84621880,0.93512878,-23.25224337,-46.21368255,0.85573709,0.50995652,-nan,-nan,-nan,-nan,0.00000000,0.00000000,0.00000000,0.00000000,0.00000000,0.00000000,-nan,0.00000000,13.42663955
