Y,A,A_rep,A_hid,L,Q,K,W,P,r,taua,abar,tauk,taul,WtaxRev,KtaxRev,WtaxRev_lost,KtaxRev_lost,G,lump_sum,ylbar,WtaxPct,ShelterPct,ShelterPctP99,TaxEvasionP99,ConcealPctP99,gini,p90,p99,p999,p9999,gini_total,p90_total,p99_total,p999_total,p9999_total,welfare,welfare0,approval,approval0,conceal_share_e,conceal_share_n,evasion_share_e,evasion_share_n,conceal_frac_e,conceal_frac_n,evasion_frac_e,evasion_frac_n,shelter_pct_e,shelter_pct_n,detection_rate,detection_revenue,wtax_evasion_elast
65.58388154,2.85628758,2.85628758,0.00000000,29.60470332,258.88645896,50.99388449,1.28488849,0.15410802,0.04131422,0.03245108,35.19801626,0.25000000,0.18639017,1.79779305,6.92957004,0.00000000,0.00000000,9.18235041,0.01145100,1.01512040,0.63797787,0.00000000,0.00000000,0.00000000,0.00000000,0.75113832,0.38189013,0.70934500,0.84660279,0.93528190,0.75113832,0.38189013,0.70934500,0.84660279,0.93528190,-23.24982997,-46.21280587,0.85413092,0.50707538,-nan,-nan,-nan,-nan,0.00000000,0.00000000,0.00000000,0.00000000,0.00000000,0.00000000,-nan,0.00000000,13.40644523
