Y,A,A_rep,A_hid,L,Q,K,W,P,r,taua,abar,tauk,taul,WtaxRev,KtaxRev,WtaxRev_lost,KtaxRev_lost,G,lump_sum,ylbar,WtaxPct,ShelterPct,ShelterPctP99,TaxEvasionP99,ConcealPctP99,gini,p90,p99,p999,p9999,gini_total,p90_total,p99_total,p999_total,p9999_total,welfare,welfare0,approval,approval0,conceal_share_e,conceal_share_n,evasion_share_e,evasion_share_n,conceal_frac_e,conceal_frac_n,evasion_frac_e,evasion_frac_n,shelter_pct_e,shelter_pct_n,detection_rate,detection_revenue,wtax_evasion_elast
73.47078188,3.11064797,2.91449333,0.19615464,30.12495230,330.88273877,65.54050298,1.41454665,0.13843138,0.02959107,0.01681433,1279.33151660,0.25000000,0.18606633,0.16712096,5.92493448,0.17214894,0.53995561,9.29156816,0.00077937,1.08952447,0.00994543,0.10346758,46.60964971,10.03588688,52.56684841,0.77084331,0.35206496,0.66140564,0.83051967,0.94416795,0.78525193,0.32986406,0.61975574,0.78257475,0.91196332,-23.72256757,-47.60463656,0.59862190,0.27235611,0.29263348,0.70736652,0.77911368,0.22088632,0.05639834,0.06629830,0.06494455,0.01093020,0.38959808,0.03438363,0.67795871,0.05806951,34.71917131
