Y,A,A_rep,A_hid,L,Q,K,W,P,r,taua,abar,tauk,taul,WtaxRev,KtaxRev,WtaxRev_lost,KtaxRev_lost,G,lump_sum,ylbar,WtaxPct,ShelterPct,ShelterPctP99,TaxEvasionP99,ConcealPctP99,gini,p90,p99,p999,p9999,gini_total,p90_total,p99_total,p999_total,p9999_total,welfare,welfare0,approval,approval0,conceal_share_e,conceal_share_n,evasion_share_e,evasion_share_n,conceal_frac_e,conceal_frac_n,evasion_frac_e,evasion_frac_n,shelter_pct_e,shelter_pct_n,detection_rate,detection_revenue,wtax_evasion_elast
65.58163369,2.85621853,2.85621853,0.00000000,29.60404952,258.86540110,50.98851571,1.28485552,0.15411180,0.04131939,0.03255433,35.37690062,0.25000000,0.18639023,1.79931901,6.92989676,0.00000000,0.00000000,9.18235041,0.01146198,1.01512040,0.63896292,0.00000000,0.00000000,0.00000000,0.00000000,0.75111198,0.38190416,0.70944640,0.84673394,0.93533581,0.75111198,0.38190416,0.70944640,0.84673394,0.93533581,-23.24908803,-46.21199018,0.85404369,0.50707538,-nan,-nan,-nan,-nan,0.00000000,0.00000000,0.00000000,0.00000000,0.00000000,0.00000000,-nan,0.00000000,13.39449298
