Y,A,A_rep,A_hid,L,Q,K,W,P,r,taua,abar,tauk,taul,WtaxRev,KtaxRev,WtaxRev_lost,KtaxRev_lost,G,lump_sum,ylbar,WtaxPct,ShelterPct,ShelterPctP99,TaxEvasionP99,ConcealPctP99,gini,p90,p99,p999,p9999,gini_total,p90_total,p99_total,p999_total,p9999_total,welfare,welfare0,approval,approval0,conceal_share_e,conceal_share_n,evasion_share_e,evasion_share_n,conceal_frac_e,conceal_frac_n,evasion_frac_e,evasion_frac_n,shelter_pct_e,shelter_pct_n,detection_rate,detection_revenue,wtax_evasion_elast
65.56567768,2.85550168,2.85550168,0.00000000,29.60204428,258.75163620,50.96423020,1.28465013,0.15413786,0.04134221,0.03275048,35.27977582,0.25000000,0.18639224,1.80751579,6.93051577,0.00000000,0.00000000,9.18235041,0.01149897,1.01512040,0.63767843,0.00000000,0.00000000,0.00000000,0.00000000,0.75095651,0.38228896,0.70978546,0.84695881,0.93541665,0.75095651,0.38228896,0.70978546,0.84695881,0.93541665,-23.24776702,-46.21245407,0.85322437,0.50628482,-nan,-nan,-nan,-nan,0.00000000,0.00000000,0.00000000,0.00000000,0.00000000,0.00000000,-nan,0.00000000,13.38579319
