Y,A,A_rep,A_hid,L,Q,K,W,P,r,taua,abar,tauk,taul,WtaxRev,KtaxRev,WtaxRev_lost,KtaxRev_lost,G,lump_sum,ylbar,WtaxPct,ShelterPct,ShelterPctP99,TaxEvasionP99,ConcealPctP99,gini,p90,p99,p999,p9999,gini_total,p90_total,p99_total,p999_total,p9999_total,welfare,welfare0,approval,approval0,conceal_share_e,conceal_share_n,evasion_share_e,evasion_share_n,conceal_frac_e,conceal_frac_n,evasion_frac_e,evasion_frac_n,shelter_pct_e,shelter_pct_n,detection_rate,detection_revenue,wtax_evasion_elast
65.55711438,2.85505297,2.85505297,0.00000000,29.60089121,258.68985630,50.95047191,1.28454012,0.15415170,0.04135545,0.03284093,35.22386656,0.25000000,0.18639326,1.81168565,6.93082969,0.00000000,0.00000000,9.18235041,0.01151824,1.01512040,0.63672495,0.00000000,0.00000000,0.00000000,0.00000000,0.75091125,0.38236604,0.70993953,0.84703701,0.93544776,0.75091125,0.38236604,0.70993953,0.84703701,0.93544776,-23.24761313,-46.21340095,0.85247689,0.50628033,-nan,-nan,-nan,-nan,0.00000000,0.00000000,0.00000000,0.00000000,0.00000000,0.00000000,-nan,0.00000000,13.37822432
