Y,A,A_rep,A_hid,L,Q,K,W,P,r,taua,abar,tauk,taul,WtaxRev,KtaxRev,WtaxRev_lost,KtaxRev_lost,G,lump_sum,ylbar,WtaxPct,ShelterPct,ShelterPctP99,TaxEvasionP99,ConcealPctP99,gini,p90,p99,p999,p9999,gini_total,p90_total,p99_total,p999_total,p9999_total,welfare,welfare0,approval,approval0,conceal_share_e,conceal_share_n,evasion_share_e,evasion_share_n,conceal_frac_e,conceal_frac_n,evasion_frac_e,evasion_frac_n,shelter_pct_e,shelter_pct_n,detection_rate,detection_revenue,wtax_evasion_elast
65.85066349,2.86827007,2.86827007,0.00000000,29.64229579,260.91058685,51.42435082,1.28846839,0.15365277,0.04091740,0.03000000,39.62071828,0.25000000,0.18634773,1.64821133,6.91476426,0.00000000,0.00000000,9.18235041,0.01063054,1.01512040,0.68407863,0.00000000,0.00000000,0.00000000,0.00000000,0.75368992,0.37784187,0.70356224,0.84438951,0.93463865,0.75368992,0.37784187,0.70356224,0.84438951,0.93463865,-23.28519693,-46.23032801,0.87455972,0.60303555,-nan,-nan,-nan,-nan,0.00000000,0.00000000,0.00000000,0.00000000,0.00000000,0.00000000,-nan,0.00000000,13.56560140
