Y,A,A_rep,A_hid,L,Q,K,W,P,r,taua,abar,tauk,taul,WtaxRev,KtaxRev,WtaxRev_lost,KtaxRev_lost,G,lump_sum,ylbar,WtaxPct,ShelterPct,ShelterPctP99,TaxEvasionP99,ConcealPctP99,gini,p90,p99,p999,p9999,gini_total,p90_total,p99_total,p999_total,p9999_total,welfare,welfare0,approval,approval0,conceal_share_e,conceal_share_n,evasion_share_e,evasion_share_n,conceal_frac_e,conceal_frac_n,evasion_frac_e,evasion_frac_n,shelter_pct_e,shelter_pct_n,detection_rate,detection_revenue,wtax_evasion_elast
65.54836839,2.85413456,2.85413456,0.00000000,29.60087468,258.61405789,50.91907939,1.28435236,0.15416980,0.04139839,0.03206104,33.48698600,0.25000000,0.18639483,1.81501092,6.93240071,0.00000000,0.00000000,9.18235041,0.01154809,1.01512040,0.82698169,0.00000000,0.00000000,0.00000000,0.00000000,0.75074798,0.38252231,0.70936722,0.84572539,0.93489004,0.75074798,0.38252231,0.70936722,0.84572539,0.93489004,-23.24646148,-46.21552969,0.85074665,0.50101710,-nan,-nan,-nan,-nan,0.00000000,0.00000000,0.00000000,0.00000000,0.00000000,0.00000000,-nan,0.00000000,13.39684670
