Y,A,A_rep,A_hid,L,Q,K,W,P,r,taua,abar,tauk,taul,WtaxRev,KtaxRev,WtaxRev_lost,KtaxRev_lost,G,lump_sum,ylbar,WtaxPct,ShelterPct,ShelterPctP99,TaxEvasionP99,ConcealPctP99,gini,p90,p99,p999,p9999,gini_total,p90_total,p99_total,p999_total,p9999_total,welfare,welfare0,approval,approval0,conceal_share_e,conceal_share_n,evasion_share_e,evasion_share_n,conceal_frac_e,conceal_frac_n,evasion_frac_e,evasion_frac_n,shelter_pct_e,shelter_pct_n,detection_rate,detection_revenue,wtax_evasion_elast
65.55839648,2.85405834,2.85405834,0.00000000,29.60383916,258.68516962,50.92249707,1.28442764,0.15415614,0.04140677,0.03122178,31.96614306,0.25000000,0.18639157,1.80877051,6.93235147,0.00000000,0.00000000,9.18235041,0.01150788,1.01512040,0.80108889,0.00000000,0.00000000,0.00000000,0.00000000,0.75084362,0.38237618,0.70835391,0.84441016,0.93436584,0.75084362,0.38237618,0.70835391,0.84441016,0.93436584,-23.25009740,-46.22172197,0.84971835,0.49954000,-nan,-nan,-nan,-nan,0.00000000,0.00000000,0.00000000,0.00000000,0.00000000,0.00000000,-nan,0.00000000,13.45977602
