Y,A,A_rep,A_hid,L,Q,K,W,P,r,taua,abar,tauk,taul,WtaxRev,KtaxRev,WtaxRev_lost,KtaxRev_lost,G,lump_sum,ylbar,WtaxPct,ShelterPct,ShelterPctP99,TaxEvasionP99,ConcealPctP99,gini,p90,p99,p999,p9999,gini_total,p90_total,p99_total,p999_total,p9999_total,welfare,welfare0,approval,approval0,conceal_share_e,conceal_share_n,evasion_share_e,evasion_share_n,conceal_frac_e,conceal_frac_n,evasion_frac_e,evasion_frac_n,shelter_pct_e,shelter_pct_n,detection_rate,detection_revenue,wtax_evasion_elast
65.58148893,2.85623760,2.85623760,0.00000000,29.60367845,258.87173634,50.98896312,1.28487423,0.15410870,0.04131876,0.03274678,35.95478793,0.25000000,0.18639152,1.79849032,6.92971014,0.00000000,0.00000000,9.18235041,0.01145847,1.01512040,0.64262985,0.00000000,0.00000000,0.00000000,0.00000000,0.75109634,0.38206448,0.70955137,0.84704511,0.93547285,0.75109634,0.38206448,0.70955137,0.84704511,0.93547285,-23.24862320,-46.21090835,0.85482010,0.50711971,-nan,-nan,-nan,-nan,0.00000000,0.00000000,0.00000000,0.00000000,0.00000000,0.00000000,-nan,0.00000000,13.37623929
