Y,A,A_rep,A_hid,L,Q,K,W,P,r,taua,abar,tauk,taul,WtaxRev,KtaxRev,WtaxRev_lost,KtaxRev_lost,G,lump_sum,ylbar,WtaxPct,ShelterPct,ShelterPctP99,TaxEvasionP99,ConcealPctP99,gini,p90,p99,p999,p9999,gini_total,p90_total,p99_total,p999_total,p9999_total,welfare,welfare0,approval,approval0,conceal_share_e,conceal_share_n,evasion_share_e,evasion_share_n,conceal_frac_e,conceal_frac_n,evasion_frac_e,evasion_frac_n,shelter_pct_e,shelter_pct_n,detection_rate,detection_revenue,wtax_evasion_elast
65.58489014,2.85634648,2.85634648,0.00000000,29.60480437,258.89428441,50.99566426,1.28490336,0.15410614,0.04131240,0.03245737,35.25740114,0.25000000,0.18638983,1.79725580,6.92951604,0.00000000,0.00000000,9.18235041,0.01144809,1.01512040,0.63849436,0.00000000,0.00000000,0.00000000,0.00000000,0.75114593,0.38187544,0.70930807,0.84661760,0.93529073,0.75114593,0.38187544,0.70930807,0.84661760,0.93529073,-23.24990120,-46.21274717,0.85414598,0.50707538,-nan,-nan,-nan,-nan,0.00000000,0.00000000,0.00000000,0.00000000,0.00000000,0.00000000,-nan,0.00000000,13.40492226
