Y,A,A_rep,A_hid,L,Q,K,W,P,r,taua,abar,tauk,taul,WtaxRev,KtaxRev,WtaxRev_lost,KtaxRev_lost,G,lump_sum,ylbar,WtaxPct,ShelterPct,ShelterPctP99,TaxEvasionP99,ConcealPctP99,gini,p90,p99,p999,p9999,gini_total,p90_total,p99_total,p999_total,p9999_total,welfare,welfare0,approval,approval0,conceal_share_e,conceal_share_n,evasion_share_e,evasion_share_n,conceal_frac_e,conceal_frac_n,evasion_frac_e,evasion_frac_n,shelter_pct_e,shelter_pct_n,detection_rate,detection_revenue,wtax_evasion_elast
65.55322230,2.85443583,2.85443583,0.00000000,29.60150500,258.66107275,50.93006831,1.28444032,0.15415863,0.04138700,0.03217983,33.85678896,0.25000000,0.18639326,1.81268377,6.93181913,0.00000000,0.00000000,9.18235041,0.01152848,1.01512040,0.83326969,0.00000000,0.00000000,0.00000000,0.00000000,0.75077127,0.38244063,0.70937443,0.84597674,0.93499694,0.75077127,0.38244063,0.70937443,0.84597674,0.93499694,-23.24701384,-46.21521815,0.85096903,0.50104543,-nan,-nan,-nan,-nan,0.00000000,0.00000000,0.00000000,0.00000000,0.00000000,0.00000000,-nan,0.00000000,13.39449149
