Y,A,A_rep,A_hid,L,Q,K,W,P,r,taua,abar,tauk,taul,WtaxRev,KtaxRev,WtaxRev_lost,KtaxRev_lost,G,lump_sum,ylbar,WtaxPct,ShelterPct,ShelterPctP99,TaxEvasionP99,ConcealPctP99,gini,p90,p99,p999,p9999,gini_total,p90_total,p99_total,p999_total,p9999_total,welfare,welfare0,approval,approval0,conceal_share_e,conceal_share_n,evasion_share_e,evasion_share_n,conceal_frac_e,conceal_frac_n,evasion_frac_e,evasion_frac_n,shelter_pct_e,shelter_pct_n,detection_rate,detection_revenue,wtax_evasion_elast
65.72128733,2.86192630,2.86192630,0.00000000,29.62542236,259.91930844,51.20007494,1.28666518,0.15387678,0.04113602,0.03000000,34.29488786,0.25000000,0.18636966,1.72266256,6.92292583,0.00000000,0.00000000,9.18235041,0.01107199,1.01512040,0.85030765,0.00000000,0.00000000,0.00000000,0.00000000,0.75247263,0.37981625,0.70529562,0.84353816,0.93416070,0.75247263,0.37981625,0.70529562,0.84353816,0.93416070,-23.26635120,-46.21922771,0.86617801,0.52186932,-nan,-nan,-nan,-nan,0.00000000,0.00000000,0.00000000,0.00000000,0.00000000,0.00000000,-nan,0.00000000,13.53887216
