Y,A,A_rep,A_hid,L,Q,K,W,P,r,taua,abar,tauk,taul,WtaxRev,KtaxRev,WtaxRev_lost,KtaxRev_lost,G,lump_sum,ylbar,WtaxPct,ShelterPct,ShelterPctP99,TaxEvasionP99,ConcealPctP99,gini,p90,p99,p999,p9999,gini_total,p90_total,p99_total,p999_total,p9999_total,welfare,welfare0,approval,approval0,conceal_share_e,conceal_share_n,evasion_share_e,evasion_share_n,conceal_frac_e,conceal_frac_n,evasion_frac_e,evasion_frac_n,shelter_pct_e,shelter_pct_n,detection_rate,detection_revenue,wtax_evasion_elast
65.54532828,2.85478513,2.85478513,0.00000000,29.59850899,258.59849889,50.93274561,1.28439304,0.15417070,0.04136946,0.03340962,36.40052923,0.25000000,0.18639525,1.81581245,6.93164097,0.00000000,0.00000000,9.18235041,0.01153101,1.01512040,0.64446206,0.00000000,0.00000000,0.00000000,0.00000000,0.75078113,0.38242578,0.71056183,0.84787589,0.93580913,0.75078113,0.38242578,0.71056183,0.84787589,0.93580913,-23.24698368,-46.21485824,0.85110222,0.50167714,-nan,-nan,-nan,-nan,0.00000000,0.00000000,0.00000000,0.00000000,0.00000000,0.00000000,-nan,0.00000000,13.33228630
