Y,A,A_rep,A_hid,L,Q,K,W,P,r,taua,abar,tauk,taul,WtaxRev,KtaxRev,WtaxRev_lost,KtaxRev_lost,G,lump_sum,ylbar,WtaxPct,ShelterPct,ShelterPctP99,TaxEvasionP99,ConcealPctP99,gini,p90,p99,p999,p9999,gini_total,p90_total,p99_total,p999_total,p9999_total,welfare,welfare0,approval,approval0,conceal_share_e,conceal_share_n,evasion_share_e,evasion_share_n,conceal_frac_e,conceal_frac_n,evasion_frac_e,evasion_frac_n,shelter_pct_e,shelter_pct_n,detection_rate,detection_revenue,wtax_evasion_elast
73.51282788,3.11128206,2.91212075,0.19916131,30.12652021,331.48230390,65.46654701,1.41529597,0.13828645,0.02972736,0.01102162,901.45560181,0.25000000,0.18606636,0.16743368,5.91875728,0.12925426,0.54238794,9.29156816,0.00072405,1.08952447,0.01603856,0.10438890,37.88173433,8.74040495,55.97370310,0.77016665,0.35301478,0.66223987,0.83002926,0.93819169,0.78483481,0.33041738,0.61989596,0.78138831,0.90964518,-23.70881456,-47.57669406,0.67805687,0.33615365,0.25816980,0.74183020,0.79466023,0.20533977,0.05058268,0.07052957,0.06271635,0.00959303,0.39079151,0.03523926,0.67079854,0.04760430,35.18214874
