Y,A,A_rep,A_hid,L,Q,K,W,P,r,taua,abar,tauk,taul,WtaxRev,KtaxRev,WtaxRev_lost,KtaxRev_lost,G,lump_sum,ylbar,WtaxPct,ShelterPct,ShelterPctP99,TaxEvasionP99,ConcealPctP99,gini,p90,p99,p999,p9999,gini_total,p90_total,p99_total,p999_total,p9999_total,welfare,welfare0,approval,approval0,conceal_share_e,conceal_share_n,evasion_share_e,evasion_share_n,conceal_frac_e,conceal_frac_n,evasion_frac_e,evasion_frac_n,shelter_pct_e,shelter_pct_n,detection_rate,detection_revenue,wtax_evasion_elast
66.35549998,2.89190119,2.89190119,0.00000000,29.71746849,264.61690458,52.34398974,1.29507841,0.15287962,0.04000600,0.03457126,94.65335770,0.25000000,0.18624690,1.33762742,6.88495012,0.00000000,0.00000000,9.18235041,0.00862235,1.01512040,0.25183134,0.00000000,0.00000000,0.00000000,0.00000000,0.75835566,0.37029864,0.69442155,0.85206508,0.93897716,0.75835566,0.37029864,0.69442155,0.85206508,0.93897716,-23.39274603,-46.34027027,0.87732978,0.60009211,-nan,-nan,-nan,-nan,0.00000000,0.00000000,0.00000000,0.00000000,0.00000000,0.00000000,-nan,0.00000000,13.51474393
