Y,A,A_rep,A_hid,L,Q,K,W,P,r,taua,abar,tauk,taul,WtaxRev,KtaxRev,WtaxRev_lost,KtaxRev_lost,G,lump_sum,ylbar,WtaxPct,ShelterPct,ShelterPctP99,TaxEvasionP99,ConcealPctP99,gini,p90,p99,p999,p9999,gini_total,p90_total,p99_total,p999_total,p9999_total,welfare,welfare0,approval,approval0,conceal_share_e,conceal_share_n,evasion_share_e,evasion_share_n,conceal_frac_e,conceal_frac_n,evasion_frac_e,evasion_frac_n,shelter_pct_e,shelter_pct_n,detection_rate,detection_revenue,wtax_evasion_elast
65.57777638,2.85602662,2.85602662,0.00000000,29.60353299,258.83937578,50.98318300,1.28481011,0.15411763,0.04132414,0.03255649,35.24021155,0.25000000,0.18639274,1.80116456,6.92996715,0.00000000,0.00000000,9.18235041,0.01147857,1.01512040,0.63799513,0.00000000,0.00000000,0.00000000,0.00000000,0.75108803,0.38195476,0.70950217,0.84671993,0.93532381,0.75108803,0.38195476,0.70950217,0.84671993,0.93532381,-23.24805796,-46.21046587,0.85476715,0.50707538,-nan,-nan,-nan,-nan,0.00000000,0.00000000,0.00000000,0.00000000,0.00000000,0.00000000,-nan,0.00000000,13.39704568
