Y,A,A_rep,A_hid,L,Q,K,W,P,r,taua,abar,tauk,taul,WtaxRev,KtaxRev,WtaxRev_lost,KtaxRev_lost,G,lump_sum,ylbar,WtaxPct,ShelterPct,ShelterPctP99,TaxEvasionP99,ConcealPctP99,gini,p90,p99,p999,p9999,gini_total,p90_total,p99_total,p999_total,p9999_total,welfare,welfare0,approval,approval0,conceal_share_e,conceal_share_n,evasion_share_e,evasion_share_n,conceal_frac_e,conceal_frac_n,evasion_frac_e,evasion_frac_n,shelter_pct_e,shelter_pct_n,detection_rate,detection_revenue,wtax_evasion_elast
73.39484288,3.10854903,2.87904373,0.22950530,30.12410221,329.82595122,65.63294130,1.41312673,0.13868720,0.02939693,0.01918718,914.43763831,0.25000000,0.18606480,0.20365445,5.89722802,0.27943694,0.54643946,9.29156816,0.00070171,1.08952447,0.01423934,0.10821556,65.63427667,11.83038568,53.51269766,0.76883923,0.35531316,0.66906911,0.84206566,0.95031716,0.78586023,0.32908026,0.61973027,0.78446944,0.91425071,-23.76073695,-47.68454726,0.41558793,0.03585345,0.30487046,0.69512954,0.72801374,0.27198626,0.06862121,0.07637308,0.06979280,0.01555665,0.40456961,0.03666322,0.66184034,0.06951574,38.44561896
