Y,A,A_rep,A_hid,L,Q,K,W,P,r,taua,abar,tauk,taul,WtaxRev,KtaxRev,WtaxRev_lost,KtaxRev_lost,G,lump_sum,ylbar,WtaxPct,ShelterPct,ShelterPctP99,TaxEvasionP99,ConcealPctP99,gini,p90,p99,p999,p9999,gini_total,p90_total,p99_total,p999_total,p9999_total,welfare,welfare0,approval,approval0,conceal_share_e,conceal_share_n,evasion_share_e,evasion_share_n,conceal_frac_e,conceal_frac_n,evasion_frac_e,evasion_frac_n,shelter_pct_e,shelter_pct_n,detection_rate,detection_revenue,wtax_evasion_elast
73.46146619,3.10928699,2.91014253,0.19914445,30.12152497,330.92614267,65.42838936,1.41451076,0.13839541,0.02971615,0.01407020,981.37732846,0.25000000,0.18607267,0.18947337,5.91821127,0.15992606,0.54408510,9.29156816,0.00085411,1.08952447,0.01390681,0.10397823,41.24466463,9.20345220,55.76780185,0.77008492,0.35316128,0.66291380,0.83163398,0.94076396,0.78476704,0.33054191,0.62050292,0.78285161,0.91132272,-23.71108436,-47.58747293,0.64606063,0.31023816,0.26586847,0.73413153,0.77403567,0.22596433,0.05210037,0.06984931,0.06381761,0.01104641,0.38848712,0.03528582,0.67658034,0.05137787,32.41233169
