Y,A,A_rep,A_hid,L,Q,K,W,P,r,taua,abar,tauk,taul,WtaxRev,KtaxRev,WtaxRev_lost,KtaxRev_lost,G,lump_sum,ylbar,WtaxPct,ShelterPct,ShelterPctP99,TaxEvasionP99,ConcealPctP99,gini,p90,p99,p999,p9999,gini_total,p90_total,p99_total,p999_total,p9999_total,welfare,welfare0,approval,approval0,conceal_share_e,conceal_share_n,evasion_share_e,evasion_share_n,conceal_frac_e,conceal_frac_n,evasion_frac_e,evasion_frac_n,shelter_pct_e,shelter_pct_n,detection_rate,detection_revenue,wtax_evasion_elast
65.68647352,2.86155996,2.86155996,0.00000000,29.61705456,259.68195069,51.17715162,1.28636731,0.15392415,0.04112995,0.03366510,42.86427283,0.25000000,0.18636717,1.73399120,6.92286181,0.00000000,0.00000000,9.18235041,0.01103663,1.01512040,0.54252273,0.00000000,0.00000000,0.00000000,0.00000000,0.75208026,0.38028883,0.70846357,0.84910887,0.93649022,0.75208026,0.38028883,0.70846357,0.84910887,0.93649022,-23.26888762,-46.22877796,0.85690759,0.51060846,-nan,-nan,-nan,-nan,0.00000000,0.00000000,0.00000000,0.00000000,0.00000000,0.00000000,-nan,0.00000000,13.34497168
