Y,A,A_rep,A_hid,L,Q,K,W,P,r,taua,abar,tauk,taul,WtaxRev,KtaxRev,WtaxRev_lost,KtaxRev_lost,G,lump_sum,ylbar,WtaxPct,ShelterPct,ShelterPctP99,TaxEvasionP99,ConcealPctP99,gini,p90,p99,p999,p9999,gini_total,p90_total,p99_total,p999_total,p9999_total,welfare,welfare0,approval,approval0,conceal_share_e,conceal_share_n,evasion_share_e,evasion_share_n,conceal_frac_e,conceal_frac_n,evasion_frac_e,evasion_frac_n,shelter_pct_e,shelter_pct_n,detection_rate,detection_revenue,wtax_evasion_elast
65.56867304,2.85546101,2.85546101,0.00000000,29.60286535,258.77304583,50.96470986,1.28467308,0.15413342,0.04134552,0.03249442,34.87237411,0.25000000,0.18639121,1.80528634,6.93057197,0.00000000,0.00000000,9.18235041,0.01148632,1.01512040,0.85500614,0.00000000,0.00000000,0.00000000,0.00000000,0.75098941,0.38213858,0.70950296,0.84657622,0.93526424,0.75098941,0.38213858,0.70950296,0.84657622,0.93526424,-23.24891031,-46.21428447,0.85297086,0.50588128,-nan,-nan,-nan,-nan,0.00000000,0.00000000,0.00000000,0.00000000,0.00000000,0.00000000,-nan,0.00000000,13.39440585
