Y,A,A_rep,A_hid,L,Q,K,W,P,r,taua,abar,tauk,taul,WtaxRev,KtaxRev,WtaxRev_lost,KtaxRev_lost,G,lump_sum,ylbar,WtaxPct,ShelterPct,ShelterPctP99,TaxEvasionP99,ConcealPctP99,gini,p90,p99,p999,p9999,gini_total,p90_total,p99_total,p999_total,p9999_total,welfare,welfare0,approval,approval0,conceal_share_e,conceal_share_n,evasion_share_e,evasion_share_n,conceal_frac_e,conceal_frac_n,evasion_frac_e,evasion_frac_n,shelter_pct_e,shelter_pct_n,detection_rate,detection_revenue,wtax_evasion_elast
65.59634010,2.85691567,2.85691567,0.00000000,29.60613558,258.98126692,51.01386404,1.28506235,0.15408554,0.04129522,0.03236471,35.51377214,0.25000000,0.18638913,1.79062127,6.92895792,0.00000000,0.00000000,9.18235041,0.01142100,1.01512040,0.64071438,0.00000000,0.00000000,0.00000000,0.00000000,0.75125897,0.38172036,0.70904243,0.84654305,0.93526627,0.75125897,0.38172036,0.70904243,0.84654305,0.93526627,-23.25040046,-46.21147376,0.85553367,0.50995681,-nan,-nan,-nan,-nan,0.00000000,0.00000000,0.00000000,0.00000000,0.00000000,0.00000000,-nan,0.00000000,13.40628639
