Y,A,A_rep,A_hid,L,Q,K,W,P,r,taua,abar,tauk,taul,WtaxRev,KtaxRev,WtaxRev_lost,KtaxRev_lost,G,lump_sum,ylbar,WtaxPct,ShelterPct,ShelterPctP99,TaxEvasionP99,ConcealPctP99,gini,p90,p99,p999,p9999,gini_total,p90_total,p99_total,p999_total,p9999_total,welfare,welfare0,approval,approval0,conceal_share_e,conceal_share_n,evasion_share_e,evasion_share_n,conceal_frac_e,conceal_frac_n,evasion_frac_e,evasion_frac_n,shelter_pct_e,shelter_pct_n,detection_rate,detection_revenue,wtax_evasion_elast
65.53889232,2.85209366,2.85209366,0.00000000,29.60426503,258.51942610,50.86408361,1.28402787,0.15419931,0.04148459,0.03000000,28.80304215,0.25000000,0.18639157,1.81639020,6.93480039,0.00000000,0.00000000,9.18235041,0.01154593,1.01512040,1.11644796,0.00000000,0.00000000,0.00000000,0.00000000,0.75061013,0.38275028,0.70689583,0.84227175,0.93350155,0.75061013,0.38275028,0.70689583,0.84227175,0.93350155,-23.25170348,-46.23165383,0.84575242,0.47974261,-nan,-nan,-nan,-nan,0.00000000,0.00000000,0.00000000,0.00000000,0.00000000,0.00000000,-nan,0.00000000,13.56569813
