Y,A,A_rep,A_hid,L,Q,K,W,P,r,taua,abar,tauk,taul,WtaxRev,KtaxRev,WtaxRev_lost,KtaxRev_lost,G,lump_sum,ylbar,WtaxPct,ShelterPct,ShelterPctP99,TaxEvasionP99,ConcealPctP99,gini,p90,p99,p999,p9999,gini_total,p90_total,p99_total,p999_total,p9999_total,welfare,welfare0,approval,approval0,conceal_share_e,conceal_share_n,evasion_share_e,evasion_share_n,conceal_frac_e,conceal_frac_n,evasion_frac_e,evasion_frac_n,shelter_pct_e,shelter_pct_n,detection_rate,detection_revenue,wtax_evasion_elast
64.93190672,2.82836018,2.82836018,0.00000000,29.51271149,253.90612324,49.99397804,1.27607927,0.15526694,0.04221468,0.04259969,34.97658554,0.25000000,0.18647532,2.13049714,6.96474907,0.00000000,0.00000000,9.18235041,0.01296105,1.01512040,0.83328197,0.00000000,0.00000000,0.00000000,0.00000000,0.74491711,0.39143321,0.72545937,0.85759853,0.93927713,0.74491711,0.39143321,0.72545937,0.85759853,0.93927713,-23.20299576,-46.25466603,0.80354879,0.43322752,-nan,-nan,-nan,-nan,0.00000000,0.00000000,0.00000000,0.00000000,0.00000000,0.00000000,-nan,0.00000000,12.78140143
