Y,A,A_rep,A_hid,L,Q,K,W,P,r,taua,abar,tauk,taul,WtaxRev,KtaxRev,WtaxRev_lost,KtaxRev_lost,G,lump_sum,ylbar,WtaxPct,ShelterPct,ShelterPctP99,TaxEvasionP99,ConcealPctP99,gini,p90,p99,p999,p9999,gini_total,p90_total,p99_total,p999_total,p9999_total,welfare,welfare0,approval,approval0,conceal_share_e,conceal_share_n,evasion_share_e,evasion_share_n,conceal_frac_e,conceal_frac_n,evasion_frac_e,evasion_frac_n,shelter_pct_e,shelter_pct_n,detection_rate,detection_revenue,wtax_evasion_elast
65.91178679,2.87141244,2.87141244,0.00000000,29.65005850,261.38286769,51.53592454,1.28933696,0.15354668,0.04080560,0.03029153,43.38736042,0.25000000,0.18633663,1.61239397,6.91081216,0.00000000,0.00000000,9.18235041,0.01041866,1.01512040,0.55476499,0.00000000,0.00000000,0.00000000,0.00000000,0.75422302,0.37694515,0.70274674,0.84522537,0.93505150,0.75422302,0.37694515,0.70274674,0.84522537,0.93505150,-23.29353082,-46.23400541,0.88018841,0.60825753,-nan,-nan,-nan,-nan,0.00000000,0.00000000,0.00000000,0.00000000,0.00000000,0.00000000,-nan,0.00000000,13.56465185
