Y,A,A_rep,A_hid,L,Q,K,W,P,r,taua,abar,tauk,taul,WtaxRev,KtaxRev,WtaxRev_lost,KtaxRev_lost,G,lump_sum,ylbar,WtaxPct,ShelterPct,ShelterPctP99,TaxEvasionP99,ConcealPctP99,gini,p90,p99,p999,p9999,gini_total,p90_total,p99_total,p999_total,p9999_total,welfare,welfare0,approval,approval0,conceal_share_e,conceal_share_n,evasion_share_e,evasion_share_n,conceal_frac_e,conceal_frac_n,evasion_frac_e,evasion_frac_n,shelter_pct_e,shelter_pct_n,detection_rate,detection_revenue,wtax_evasion_elast
65.44052206,2.85009004,2.85009004,0.00000000,29.58379919,257.80104221,50.76291023,1.28297326,0.15435216,0.04152828,0.03449936,35.06371776,0.25000000,0.18641132,1.87223302,6.93755221,0.00000000,0.00000000,9.18235041,0.01182122,1.01512040,0.85559875,0.00000000,0.00000000,0.00000000,0.00000000,0.74982825,0.38387190,0.71281282,0.84885611,0.93612304,0.74982825,0.38387190,0.71281282,0.84885611,0.93612304,-23.23608392,-46.21515604,0.84428378,0.47373894,-nan,-nan,-nan,-nan,0.00000000,0.00000000,0.00000000,0.00000000,0.00000000,0.00000000,-nan,0.00000000,13.27710529
