Y,A,A_rep,A_hid,L,Q,K,W,P,r,taua,abar,tauk,taul,WtaxRev,KtaxRev,WtaxRev_lost,KtaxRev_lost,G,lump_sum,ylbar,WtaxPct,ShelterPct,ShelterPctP99,TaxEvasionP99,ConcealPctP99,gini,p90,p99,p999,p9999,gini_total,p90_total,p99_total,p999_total,p9999_total,welfare,welfare0,approval,approval0,conceal_share_e,conceal_share_n,evasion_share_e,evasion_share_n,conceal_frac_e,conceal_frac_n,evasion_frac_e,evasion_frac_n,shelter_pct_e,shelter_pct_n,detection_rate,detection_revenue,wtax_evasion_elast
65.56839465,2.85567793,2.85567793,0.00000000,29.60216897,258.77581111,50.97040985,1.28470076,0.15413163,0.04133513,0.03298348,36.08194870,0.25000000,0.18639115,1.80516271,6.93023856,0.00000000,0.00000000,9.18235041,0.01147904,1.01512040,0.64291135,0.00000000,0.00000000,0.00000000,0.00000000,0.75096520,0.38223739,0.70994217,0.84733192,0.93558184,0.75096520,0.38223739,0.70994217,0.84733192,0.93558184,-23.24853820,-46.21338574,0.85298823,0.50629903,-nan,-nan,-nan,-nan,0.00000000,0.00000000,0.00000000,0.00000000,0.00000000,0.00000000,-nan,0.00000000,13.36062705
