Y,A,A_rep,A_hid,L,Q,K,W,P,r,taua,abar,tauk,taul,WtaxRev,KtaxRev,WtaxRev_lost,KtaxRev_lost,G,lump_sum,ylbar,WtaxPct,ShelterPct,ShelterPctP99,TaxEvasionP99,ConcealPctP99,gini,p90,p99,p999,p9999,gini_total,p90_total,p99_total,p999_total,p9999_total,welfare,welfare0,approval,approval0,conceal_share_e,conceal_share_n,evasion_share_e,evasion_share_n,conceal_frac_e,conceal_frac_n,evasion_frac_e,evasion_frac_n,shelter_pct_e,shelter_pct_n,detection_rate,detection_revenue,wtax_evasion_elast
65.81695795,2.86792205,2.86792205,0.00000000,29.63479910,260.65514267,51.41120475,1.28814103,0.15371038,0.04089458,0.03493965,53.49926109,0.25000000,0.18634232,1.65310037,6.91511181,0.00000000,0.00000000,9.18235041,0.01053188,1.01512040,0.47249713,0.00000000,0.00000000,0.00000000,0.00000000,0.75327301,0.37831404,0.70656260,0.85147673,0.93770045,0.75327301,0.37831404,0.70656260,0.85147673,0.93770045,-23.29293758,-46.25095271,0.85904221,0.51111156,-nan,-nan,-nan,-nan,0.00000000,0.00000000,0.00000000,0.00000000,0.00000000,0.00000000,-nan,0.00000000,13.30226288
