Y,A,A_rep,A_hid,L,Q,K,W,P,r,taua,abar,tauk,taul,WtaxRev,KtaxRev,WtaxRev_lost,KtaxRev_lost,G,lump_sum,ylbar,WtaxPct,ShelterPct,ShelterPctP99,TaxEvasionP99,ConcealPctP99,gini,p90,p99,p999,p9999,gini_total,p90_total,p99_total,p999_total,p9999_total,welfare,welfare0,approval,approval0,conceal_share_e,conceal_share_n,evasion_share_e,evasion_share_n,conceal_frac_e,conceal_frac_n,evasion_frac_e,evasion_frac_n,shelter_pct_e,shelter_pct_n,detection_rate,detection_revenue,wtax_evasion_elast
65.61238254,2.85760844,2.85760844,0.00000000,29.60830160,259.11012458,51.03931598,1.28529210,0.15405530,0.04127264,0.03254186,36.73885337,0.25000000,0.18638452,1.78046378,6.92780863,0.00000000,0.00000000,9.18235041,0.01134237,1.01512040,0.65003850,0.00000000,0.00000000,0.00000000,0.00000000,0.75138888,0.38146533,0.70895381,0.84693060,0.93545765,0.75138888,0.38146533,0.70895381,0.84693060,0.93545765,-23.25456878,-46.21697708,0.85533764,0.51003451,-nan,-nan,-nan,-nan,0.00000000,0.00000000,0.00000000,0.00000000,0.00000000,0.00000000,-nan,0.00000000,13.38515701
