Y,A,A_rep,A_hid,L,Q,K,W,P,r,taua,abar,tauk,taul,WtaxRev,KtaxRev,WtaxRev_lost,KtaxRev_lost,G,lump_sum,ylbar,WtaxPct,ShelterPct,ShelterPctP99,TaxEvasionP99,ConcealPctP99,gini,p90,p99,p999,p9999,gini_total,p90_total,p99_total,p999_total,p9999_total,welfare,welfare0,approval,approval0,conceal_share_e,conceal_share_n,evasion_share_e,evasion_share_n,conceal_frac_e,conceal_frac_n,evasion_frac_e,evasion_frac_n,shelter_pct_e,shelter_pct_n,detection_rate,detection_revenue,wtax_evasion_elast
65.52079851,2.85104144,2.85104144,0.00000000,29.60217018,258.38174026,50.82713372,1.28376121,0.15423029,0.04152560,0.03000000,28.44423196,0.25000000,0.18639276,1.82457543,6.93616542,0.00000000,0.00000000,9.18235041,0.01158088,1.01512040,1.09956462,0.00000000,0.00000000,0.00000000,0.00000000,0.75039459,0.38311092,0.70681390,0.84214236,0.93345063,0.75039459,0.38311092,0.70681390,0.84214236,0.93345063,-23.25091872,-46.23517425,0.84290094,0.47221595,-nan,-nan,-nan,-nan,0.00000000,0.00000000,0.00000000,0.00000000,0.00000000,0.00000000,-nan,0.00000000,13.56218735
