Y,A,A_rep,A_hid,L,Q,K,W,P,r,taua,abar,tauk,taul,WtaxRev,KtaxRev,WtaxRev_lost,KtaxRev_lost,G,lump_sum,ylbar,WtaxPct,ShelterPct,ShelterPctP99,TaxEvasionP99,ConcealPctP99,gini,p90,p99,p999,p9999,gini_total,p90_total,p99_total,p999_total,p9999_total,welfare,welfare0,approval,approval0,conceal_share_e,conceal_share_n,evasion_share_e,evasion_share_n,conceal_frac_e,conceal_frac_n,evasion_frac_e,evasion_frac_n,shelter_pct_e,shelter_pct_n,detection_rate,detection_revenue,wtax_evasion_elast
65.58834637,2.85649474,2.85649474,0.00000000,29.60502334,258.91659996,50.99944812,1.28494598,0.15410029,0.04130925,0.03237393,35.17590648,0.25000000,0.18639057,1.79558791,6.92950802,0.00000000,0.00000000,9.18235041,0.01145158,1.01512040,0.63798700,0.00000000,0.00000000,0.00000000,0.00000000,0.75118896,0.38183582,0.70915092,0.84648233,0.93522510,0.75118896,0.38183582,0.70915092,0.84648233,0.93522510,-23.24921210,-46.21063715,0.85529185,0.50995652,-nan,-nan,-nan,-nan,0.00000000,0.00000000,0.00000000,0.00000000,0.00000000,0.00000000,-nan,0.00000000,13.40680882
