Y,A,A_rep,A_hid,L,Q,K,W,P,r,taua,abar,tauk,taul,WtaxRev,KtaxRev,WtaxRev_lost,KtaxRev_lost,G,lump_sum,ylbar,WtaxPct,ShelterPct,ShelterPctP99,TaxEvasionP99,ConcealPctP99,gini,p90,p99,p999,p9999,gini_total,p90_total,p99_total,p999_total,p9999_total,welfare,welfare0,approval,approval0,conceal_share_e,conceal_share_n,evasion_share_e,evasion_share_n,conceal_frac_e,conceal_frac_n,evasion_frac_e,evasion_frac_n,shelter_pct_e,shelter_pct_n,detection_rate,detection_revenue,wtax_evasion_elast
65.51235423,2.85213518,2.85213518,0.00000000,29.59684723,258.34078348,50.85123334,1.28382997,0.15423286,0.04147070,0.03202354,32.34598297,0.25000000,0.18639848,1.83314134,6.93477657,0.00000000,0.00000000,9.18235041,0.01163019,1.01512040,0.80440650,0.00000000,0.00000000,0.00000000,0.00000000,0.75038017,0.38304708,0.70963675,0.84541861,0.93473360,0.75038017,0.38304708,0.70963675,0.84541861,0.93473360,-23.24474014,-46.22004381,0.84735926,0.49816759,-nan,-nan,-nan,-nan,0.00000000,0.00000000,0.00000000,0.00000000,0.00000000,0.00000000,-nan,0.00000000,13.40280958
