Y,A,A_rep,A_hid,L,Q,K,W,P,r,taua,abar,tauk,taul,WtaxRev,KtaxRev,WtaxRev_lost,KtaxRev_lost,G,lump_sum,ylbar,WtaxPct,ShelterPct,ShelterPctP99,TaxEvasionP99,ConcealPctP99,gini,p90,p99,p999,p9999,gini_total,p90_total,p99_total,p999_total,p9999_total,welfare,welfare0,approval,approval0,conceal_share_e,conceal_share_n,evasion_share_e,evasion_share_n,conceal_frac_e,conceal_frac_n,evasion_frac_e,evasion_frac_n,shelter_pct_e,shelter_pct_n,detection_rate,detection_revenue,wtax_evasion_elast
73.53236678,3.11208914,2.90626478,0.20582437,30.12988064,331.60607246,65.51663534,1.41549178,0.13827446,0.02968627,0.00964912,773.94001869,0.25000000,0.18606261,0.16223925,5.91159181,0.12517768,0.54421838,9.29156816,0.00062351,1.08952447,0.01923941,0.10508310,38.87931035,8.71161968,56.25583657,0.76980180,0.35356029,0.66330570,0.83139234,0.93773343,0.78498134,0.33017686,0.61948426,0.78091084,0.90913391,-23.71572038,-47.58706177,0.64075265,0.30692223,0.25601240,0.74398760,0.79960859,0.20039141,0.05181557,0.07308842,0.06293956,0.00933677,0.39302642,0.03556147,0.66980697,0.04743750,39.00263545
