Y,A,A_rep,A_hid,L,Q,K,W,P,r,taua,abar,tauk,taul,WtaxRev,KtaxRev,WtaxRev_lost,KtaxRev_lost,G,lump_sum,ylbar,WtaxPct,ShelterPct,ShelterPctP99,TaxEvasionP99,ConcealPctP99,gini,p90,p99,p999,p9999,gini_total,p90_total,p99_total,p999_total,p9999_total,welfare,welfare0,approval,approval0,conceal_share_e,conceal_share_n,evasion_share_e,evasion_share_n,conceal_frac_e,conceal_frac_n,evasion_frac_e,evasion_frac_n,shelter_pct_e,shelter_pct_n,detection_rate,detection_revenue,wtax_evasion_elast
65.59509689,2.85657872,2.85657872,0.00000000,29.60679394,258.98522252,51.01292250,1.28505479,0.15408603,0.04129845,0.03218720,35.00576693,0.25000000,0.18638774,1.79112953,6.92845179,0.00000000,0.00000000,9.18235041,0.01141745,1.01512040,0.85975815,0.00000000,0.00000000,0.00000000,0.00000000,0.75125027,0.38169203,0.70893332,0.84625939,0.93513945,0.75125027,0.38169203,0.70893332,0.84625939,0.93513945,-23.25110782,-46.21264111,0.85537959,0.50973441,-nan,-nan,-nan,-nan,0.00000000,0.00000000,0.00000000,0.00000000,0.00000000,0.00000000,-nan,0.00000000,13.42510072
