Y,A,A_rep,A_hid,L,Q,K,W,P,r,taua,abar,tauk,taul,WtaxRev,KtaxRev,WtaxRev_lost,KtaxRev_lost,G,lump_sum,ylbar,WtaxPct,ShelterPct,ShelterPctP99,TaxEvasionP99,ConcealPctP99,gini,p90,p99,p999,p9999,gini_total,p90_total,p99_total,p999_total,p9999_total,welfare,welfare0,approval,approval0,conceal_share_e,conceal_share_n,evasion_share_e,evasion_share_n,conceal_frac_e,conceal_frac_n,evasion_frac_e,evasion_frac_n,shelter_pct_e,shelter_pct_n,detection_rate,detection_revenue,wtax_evasion_elast
73.55474549,3.11332178,2.93752325,0.17579853,30.13059687,331.90200039,65.48497755,1.41587074,0.13820367,0.02974798,0.01097114,1376.74741399,0.25000000,0.18606272,0.12971102,5.93723328,0.09004921,0.53934665,9.29156816,0.00061078,1.08952447,0.00986911,0.10256977,33.14378133,8.36181621,52.96262019,0.77200917,0.35020444,0.65647830,0.82224625,0.93602329,0.78484207,0.33042960,0.61945585,0.78027234,0.90878410,-23.70783312,-47.57112140,0.70822835,0.35735029,0.26807685,0.73192315,0.82800539,0.17199461,0.04636056,0.06136605,0.06148130,0.00754397,0.38879573,0.03346278,0.67640917,0.04490990,32.56919376
