Y,A,A_rep,A_hid,L,Q,K,W,P,r,taua,abar,tauk,taul,WtaxRev,KtaxRev,WtaxRev_lost,KtaxRev_lost,G,lump_sum,ylbar,WtaxPct,ShelterPct,ShelterPctP99,TaxEvasionP99,ConcealPctP99,gini,p90,p99,p999,p9999,gini_total,p90_total,p99_total,p999_total,p9999_total,welfare,welfare0,approval,approval0,conceal_share_e,conceal_share_n,evasion_share_e,evasion_share_n,conceal_frac_e,conceal_frac_n,evasion_frac_e,evasion_frac_n,shelter_pct_e,shelter_pct_n,detection_rate,detection_revenue,wtax_evasion_elast
65.58023560,2.85626561,2.85626561,0.00000000,29.60362228,258.86243440,50.98754663,1.28485456,0.15411127,0.04131987,0.03262645,35.56669800,0.25000000,0.18639078,1.79931145,6.92989672,0.00000000,0.00000000,9.18235041,0.01146632,1.01512040,0.64026056,0.00000000,0.00000000,0.00000000,0.00000000,0.75109379,0.38208319,0.70950270,0.84686279,0.93539071,0.75109379,0.38208319,0.70950270,0.84686279,0.93539071,-23.24824611,-46.21048318,0.85484658,0.50711340,-nan,-nan,-nan,-nan,0.00000000,0.00000000,0.00000000,0.00000000,0.00000000,0.00000000,-nan,0.00000000,13.38935735
