Y,A,A_rep,A_hid,L,Q,K,W,P,r,taua,abar,tauk,taul,WtaxRev,KtaxRev,WtaxRev_lost,KtaxRev_lost,G,lump_sum,ylbar,WtaxPct,ShelterPct,ShelterPctP99,TaxEvasionP99,ConcealPctP99,gini,p90,p99,p999,p9999,gini_total,p90_total,p99_total,p999_total,p9999_total,welfare,welfare0,approval,approval0,conceal_share_e,conceal_share_n,evasion_share_e,evasion_share_n,conceal_frac_e,conceal_frac_n,evasion_frac_e,evasion_frac_n,shelter_pct_e,shelter_pct_n,detection_rate,detection_revenue,wtax_evasion_elast
73.50981708,3.11121916,2.91814263,0.19307653,30.12525363,331.46338711,65.44998594,1.41527003,0.13828494,0.02974257,0.01179450,1011.58219595,0.25000000,0.18606817,0.16595474,5.92419193,0.12705455,0.54179938,9.29156816,0.00076842,1.08952447,0.01404780,0.10403446,37.22585948,8.66694858,55.14705594,0.77059865,0.35237563,0.66093884,0.82836759,0.93818830,0.78479168,0.33050785,0.61997002,0.78144827,0.90983934,-23.70491886,-47.56987703,0.69994950,0.35621462,0.26071817,0.73928183,0.79579132,0.20420868,0.04952897,0.06813680,0.06254443,0.00949975,0.39034082,0.03490806,0.67157786,0.04720936,33.27524297
