Y,A,A_rep,A_hid,L,Q,K,W,P,r,taua,abar,tauk,taul,WtaxRev,KtaxRev,WtaxRev_lost,KtaxRev_lost,G,lump_sum,ylbar,WtaxPct,ShelterPct,ShelterPctP99,TaxEvasionP99,ConcealPctP99,gini,p90,p99,p999,p9999,gini_total,p90_total,p99_total,p999_total,p9999_total,welfare,welfare0,approval,approval0,conceal_share_e,conceal_share_n,evasion_share_e,evasion_share_n,conceal_frac_e,conceal_frac_n,evasion_frac_e,evasion_frac_n,shelter_pct_e,shelter_pct_n,detection_rate,detection_revenue,wtax_evasion_elast
65.64724005,2.85906430,2.85906430,0.00000000,29.61337570,259.37098895,51.09114339,1.28574303,0.15399631,0.04122772,0.03161053,35.50818187,0.25000000,0.18638190,1.76342285,6.92632009,0.00000000,0.00000000,9.18235041,0.01128470,1.01512040,0.64317826,0.00000000,0.00000000,0.00000000,0.00000000,0.75176635,0.38093497,0.70772565,0.84564184,0.93493391,0.75176635,0.38093497,0.70772565,0.84564184,0.93493391,-23.25583512,-46.21269575,0.86021356,0.51665438,-nan,-nan,-nan,-nan,0.00000000,0.00000000,0.00000000,0.00000000,0.00000000,0.00000000,-nan,0.00000000,13.45106454
