Y,A,A_rep,A_hid,L,Q,K,W,P,r,taua,abar,tauk,taul,WtaxRev,KtaxRev,WtaxRev_lost,KtaxRev_lost,G,lump_sum,ylbar,WtaxPct,ShelterPct,ShelterPctP99,TaxEvasionP99,ConcealPctP99,gini,p90,p99,p999,p9999,gini_total,p90_total,p99_total,p999_total,p9999_total,welfare,welfare0,approval,approval0,conceal_share_e,conceal_share_n,evasion_share_e,evasion_share_n,conceal_frac_e,conceal_frac_n,evasion_frac_e,evasion_frac_n,shelter_pct_e,shelter_pct_n,detection_rate,detection_revenue,wtax_evasion_elast
65.59336358,2.85681067,2.85681067,0.00000000,29.60572069,258.95505498,51.00844095,1.28501484,0.15409172,0.04130027,0.03239645,35.48582802,0.25000000,0.18638968,1.79211590,6.92922614,0.00000000,0.00000000,9.18235041,0.01142615,1.01512040,0.64044879,0.00000000,0.00000000,0.00000000,0.00000000,0.75123541,0.38174958,0.70912031,0.84657089,0.93527474,0.75123541,0.38174958,0.70912031,0.84657089,0.93527474,-23.25051059,-46.21236437,0.85521072,0.50995681,-nan,-nan,-nan,-nan,0.00000000,0.00000000,0.00000000,0.00000000,0.00000000,0.00000000,-nan,0.00000000,13.40504313
