Y,A,A_rep,A_hid,L,Q,K,W,P,r,taua,abar,tauk,taul,WtaxRev,KtaxRev,WtaxRev_lost,KtaxRev_lost,G,lump_sum,ylbar,WtaxPct,ShelterPct,ShelterPctP99,TaxEvasionP99,ConcealPctP99,gini,p90,p99,p999,p9999,gini_total,p90_total,p99_total,p999_total,p9999_total,welfare,welfare0,approval,approval0,conceal_share_e,conceal_share_n,evasion_share_e,evasion_share_n,conceal_frac_e,conceal_frac_n,evasion_frac_e,evasion_frac_n,shelter_pct_e,shelter_pct_n,detection_rate,detection_revenue,wtax_evasion_elast
65.65895931,2.85964021,2.85964021,0.00000000,29.61509591,259.46203084,51.11231212,1.28590679,0.15397625,0.04120686,0.03178470,36.54189328,0.25000000,0.18637784,1.75594766,6.92543369,0.00000000,0.00000000,9.18235041,0.01122236,1.01512040,0.65109097,0.00000000,0.00000000,0.00000000,0.00000000,0.75184700,0.38076631,0.70770594,0.84603513,0.93511912,0.75184700,0.38076631,0.70770594,0.84603513,0.93511912,-23.25915230,-46.21706505,0.85946910,0.51656867,-nan,-nan,-nan,-nan,0.00000000,0.00000000,0.00000000,0.00000000,0.00000000,0.00000000,-nan,0.00000000,13.43348971
