Y,A,A_rep,A_hid,L,Q,K,W,P,r,taua,abar,tauk,taul,WtaxRev,KtaxRev,WtaxRev_lost,KtaxRev_lost,G,lump_sum,ylbar,WtaxPct,ShelterPct,ShelterPctP99,TaxEvasionP99,ConcealPctP99,gini,p90,p99,p999,p9999,gini_total,p90_total,p99_total,p999_total,p9999_total,welfare,welfare0,approval,approval0,conceal_share_e,conceal_share_n,evasion_share_e,evasion_share_n,conceal_frac_e,conceal_frac_n,evasion_frac_e,evasion_frac_n,shelter_pct_e,shelter_pct_n,detection_rate,detection_revenue,wtax_evasion_elast
65.58660517,2.85637019,2.85637019,0.00000000,29.60509916,258.90753095,50.99664039,1.28492270,0.15410289,0.04131294,0.03234969,35.04448612,0.25000000,0.18638974,1.79664047,6.92951516,0.00000000,0.00000000,9.18235041,0.01144846,1.01512040,0.86057781,0.00000000,0.00000000,0.00000000,0.00000000,0.75116727,0.38187297,0.70917635,0.84643873,0.93520586,0.75116727,0.38187297,0.70917635,0.84643873,0.93520586,-23.24981330,-46.21228937,0.85480426,0.50689100,-nan,-nan,-nan,-nan,0.00000000,0.00000000,0.00000000,0.00000000,0.00000000,0.00000000,-nan,0.00000000,13.40943291
