Y,A,A_rep,A_hid,L,Q,K,W,P,r,taua,abar,tauk,taul,WtaxRev,KtaxRev,WtaxRev_lost,KtaxRev_lost,G,lump_sum,ylbar,WtaxPct,ShelterPct,ShelterPctP99,TaxEvasionP99,ConcealPctP99,gini,p90,p99,p999,p9999,gini_total,p90_total,p99_total,p999_total,p9999_total,welfare,welfare0,approval,approval0,conceal_share_e,conceal_share_n,evasion_share_e,evasion_share_n,conceal_frac_e,conceal_frac_n,evasion_frac_e,evasion_frac_n,shelter_pct_e,shelter_pct_n,detection_rate,detection_revenue,wtax_evasion_elast
73.53247564,3.11218170,2.91979578,0.19238592,30.12860604,331.66955344,65.48504115,1.41556277,0.13825175,0.02972535,0.01065070,1004.22063370,0.25000000,0.18606363,0.15366237,5.92397535,0.11460039,0.54137365,9.29156816,0.00067343,1.08952447,0.01419408,0.10364490,36.14981514,8.60025451,55.46178174,0.77070714,0.35220844,0.66047831,0.82761541,0.93753830,0.78483836,0.33043595,0.61969689,0.78093996,0.90928903,-23.70858162,-47.57408569,0.68522882,0.33749268,0.26048981,0.73951019,0.80682725,0.19317275,0.04929683,0.06789071,0.06228448,0.00882103,0.38959369,0.03460483,0.67380593,0.04664348,34.93416206
