Y,A,A_rep,A_hid,L,Q,K,W,P,r,taua,abar,tauk,taul,WtaxRev,KtaxRev,WtaxRev_lost,KtaxRev_lost,G,lump_sum,ylbar,WtaxPct,ShelterPct,ShelterPctP99,TaxEvasionP99,ConcealPctP99,gini,p90,p99,p999,p9999,gini_total,p90_total,p99_total,p999_total,p9999_total,welfare,welfare0,approval,approval0,conceal_share_e,conceal_share_n,evasion_share_e,evasion_share_n,conceal_frac_e,conceal_frac_n,evasion_frac_e,evasion_frac_n,shelter_pct_e,shelter_pct_n,detection_rate,detection_revenue,wtax_evasion_elast
73.50182057,3.11087920,2.92342560,0.18745360,30.12386552,331.41661405,65.43122751,1.41519703,0.13828918,0.02975774,0.01281808,1113.62028856,0.25000000,0.18606880,0.16806821,5.92870221,0.12802769,0.54175848,9.29156816,0.00081742,1.08952447,0.01167364,0.10365250,37.29897727,8.65763354,54.24112359,0.77096872,0.35183625,0.65988547,0.82703837,0.93838902,0.78472717,0.33063550,0.62017021,0.78168766,0.91010063,-23.70159986,-47.56431975,0.71976732,0.36779211,0.26317791,0.73682209,0.79460836,0.20539164,0.04855045,0.06593632,0.06251451,0.00956491,0.39008253,0.03449624,0.67347466,0.04660256,31.26976824
