Y,A,A_rep,A_hid,L,Q,K,W,P,r,taua,abar,tauk,taul,WtaxRev,KtaxRev,WtaxRev_lost,KtaxRev_lost,G,lump_sum,ylbar,WtaxPct,ShelterPct,ShelterPctP99,TaxEvasionP99,ConcealPctP99,gini,p90,p99,p999,p9999,gini_total,p90_total,p99_total,p999_total,p9999_total,welfare,welfare0,approval,approval0,conceal_share_e,conceal_share_n,evasion_share_e,evasion_share_n,conceal_frac_e,conceal_frac_n,evasion_frac_e,evasion_frac_n,shelter_pct_e,shelter_pct_n,detection_rate,detection_revenue,wtax_evasion_elast
64.71830503,2.82097730,2.82097730,0.00000000,29.48287760,252.19412232,49.75245859,1.27317521,0.15570189,0.04235782,0.05213788,44.25581259,0.25000000,0.18648352,2.21254083,6.97350865,0.00000000,0.00000000,9.18235041,0.01304988,1.01512040,0.51020938,0.00000000,0.00000000,0.00000000,0.00000000,0.74290228,0.39427483,0.73339920,0.86825023,0.94388038,0.74290228,0.39427483,0.73339920,0.86825023,0.94388038,-23.21995401,-46.33051243,0.77987520,0.41190755,-nan,-nan,-nan,-nan,0.00000000,0.00000000,0.00000000,0.00000000,0.00000000,0.00000000,-nan,0.00000000,12.25832752
