Y,A,A_rep,A_hid,L,Q,K,W,P,r,taua,abar,tauk,taul,WtaxRev,KtaxRev,WtaxRev_lost,KtaxRev_lost,G,lump_sum,ylbar,WtaxPct,ShelterPct,ShelterPctP99,TaxEvasionP99,ConcealPctP99,gini,p90,p99,p999,p9999,gini_total,p90_total,p99_total,p999_total,p9999_total,welfare,welfare0,approval,approval0,conceal_share_e,conceal_share_n,evasion_share_e,evasion_share_n,conceal_frac_e,conceal_frac_n,evasion_frac_e,evasion_frac_n,shelter_pct_e,shelter_pct_n,detection_rate,detection_revenue,wtax_evasion_elast
65.67661158,2.86046008,2.86046008,0.00000000,29.61739221,259.59823860,51.14291885,1.28615510,0.15394520,0.04117695,0.03191799,37.75896800,0.25000000,0.18637364,1.74416809,6.92436023,0.00000000,0.00000000,9.18235041,0.01114326,1.01512040,0.66053309,0.00000000,0.00000000,0.00000000,0.00000000,0.75199059,0.38046692,0.70757558,0.84633907,0.93526556,0.75199059,0.38046692,0.70757558,0.84633907,0.93526556,-23.26317725,-46.22113807,0.85867978,0.51039367,-nan,-nan,-nan,-nan,0.00000000,0.00000000,0.00000000,0.00000000,0.00000000,0.00000000,-nan,0.00000000,13.42238986
