Y,A,A_rep,A_hid,L,Q,K,W,P,r,taua,abar,tauk,taul,WtaxRev,KtaxRev,WtaxRev_lost,KtaxRev_lost,G,lump_sum,ylbar,WtaxPct,ShelterPct,ShelterPctP99,TaxEvasionP99,ConcealPctP99,gini,p90,p99,p999,p9999,gini_total,p90_total,p99_total,p999_total,p9999_total,welfare,welfare0,approval,approval0,conceal_share_e,conceal_share_n,evasion_share_e,evasion_share_n,conceal_frac_e,conceal_frac_n,evasion_frac_e,evasion_frac_n,shelter_pct_e,shelter_pct_n,detection_rate,detection_revenue,wtax_evasion_elast
65.58434720,2.85620929,2.85620929,0.00000000,29.60456010,258.88419523,50.99256312,1.28488808,0.15410804,0.04131588,0.03255617,35.42412876,0.25000000,0.18639017,1.79884480,6.92957832,0.00000000,0.00000000,9.18235041,0.01145067,1.01512040,0.63940248,0.00000000,0.00000000,0.00000000,0.00000000,0.75112437,0.38189372,0.70939303,0.84674124,0.93534272,0.75112437,0.38189372,0.70939303,0.84674124,0.93534272,-23.25009857,-46.21350384,0.85378453,0.50707538,-nan,-nan,-nan,-nan,0.00000000,0.00000000,0.00000000,0.00000000,0.00000000,0.00000000,-nan,0.00000000,13.39155036
