Y,A,A_rep,A_hid,L,Q,K,W,P,r,taua,abar,tauk,taul,WtaxRev,KtaxRev,WtaxRev_lost,KtaxRev_lost,G,lump_sum,ylbar,WtaxPct,ShelterPct,ShelterPctP99,TaxEvasionP99,ConcealPctP99,gini,p90,p99,p999,p9999,gini_total,p90_total,p99_total,p999_total,p9999_total,welfare,welfare0,approval,approval0,conceal_share_e,conceal_share_n,evasion_share_e,evasion_share_n,conceal_frac_e,conceal_frac_n,evasion_frac_e,evasion_frac_n,shelter_pct_e,shelter_pct_n,detection_rate,detection_revenue,wtax_evasion_elast
65.59042737,2.85641274,2.85641274,0.00000000,29.60599535,258.93621708,50.99975583,1.28496147,0.15409686,0.04131289,0.03214442,34.81504615,0.25000000,0.18638831,1.79339744,6.92941732,0.00000000,0.00000000,9.18235041,0.01142472,1.01512040,0.85484419,0.00000000,0.00000000,0.00000000,0.00000000,0.75118738,0.38186681,0.70896454,0.84614599,0.93508904,0.75118738,0.38186681,0.70896454,0.84614599,0.93508904,-23.25138327,-46.21512338,0.85403643,0.50670958,-nan,-nan,-nan,-nan,0.00000000,0.00000000,0.00000000,0.00000000,0.00000000,0.00000000,-nan,0.00000000,13.41932095
