Y,A,A_rep,A_hid,L,Q,K,W,P,r,taua,abar,tauk,taul,WtaxRev,KtaxRev,WtaxRev_lost,KtaxRev_lost,G,lump_sum,ylbar,WtaxPct,ShelterPct,ShelterPctP99,TaxEvasionP99,ConcealPctP99,gini,p90,p99,p999,p9999,gini_total,p90_total,p99_total,p999_total,p9999_total,welfare,welfare0,approval,approval0,conceal_share_e,conceal_share_n,evasion_share_e,evasion_share_n,conceal_frac_e,conceal_frac_n,evasion_frac_e,evasion_frac_n,shelter_pct_e,shelter_pct_n,detection_rate,detection_revenue,wtax_evasion_elast
65.57839542,2.85599869,2.85599869,0.00000000,29.60456876,258.87927204,50.99257078,1.28487026,0.15410969,0.04131528,0.03255649,35.33160367,0.25000000,0.18638929,1.79949847,6.92882817,0.00000000,0.00000000,9.18235041,0.01145398,1.01512040,0.63847683,0.00000000,0.00000000,0.00000000,0.00000000,0.75108694,0.38195184,0.70948065,0.84675843,0.93534413,0.75108694,0.38195184,0.70948065,0.84675843,0.93534413,-23.24925568,-46.21162677,0.85479981,0.50711311,-nan,-nan,-nan,-nan,0.00000000,0.00000000,0.00000000,0.00000000,0.00000000,0.00000000,-nan,0.00000000,13.40423215
