Y,A,A_rep,A_hid,L,Q,K,W,P,r,taua,abar,tauk,taul,WtaxRev,KtaxRev,WtaxRev_lost,KtaxRev_lost,G,lump_sum,ylbar,WtaxPct,ShelterPct,ShelterPctP99,TaxEvasionP99,ConcealPctP99,gini,p90,p99,p999,p9999,gini_total,p90_total,p99_total,p999_total,p9999_total,welfare,welfare0,approval,approval0,conceal_share_e,conceal_share_n,evasion_share_e,evasion_share_n,conceal_frac_e,conceal_frac_n,evasion_frac_e,evasion_frac_n,shelter_pct_e,shelter_pct_n,detection_rate,detection_revenue,wtax_evasion_elast
65.60734423,2.85727374,2.85727374,0.00000000,29.60803627,259.06653702,51.02932879,1.28520296,0.15406664,0.04128341,0.03209163,35.16489542,0.25000000,0.18638668,1.78528524,6.92835633,0.00000000,0.00000000,9.18235041,0.01138780,1.01512040,0.63889406,0.00000000,0.00000000,0.00000000,0.00000000,0.75137203,0.38149426,0.70869495,0.84616741,0.93511346,0.75137203,0.38149426,0.70869495,0.84616741,0.93511346,-23.25231517,-46.21355266,0.85582204,0.50999923,-nan,-nan,-nan,-nan,0.00000000,0.00000000,0.00000000,0.00000000,0.00000000,0.00000000,-nan,0.00000000,13.42823375
