Y,A,A_rep,A_hid,L,Q,K,W,P,r,taua,abar,tauk,taul,WtaxRev,KtaxRev,WtaxRev_lost,KtaxRev_lost,G,lump_sum,ylbar,WtaxPct,ShelterPct,ShelterPctP99,TaxEvasionP99,ConcealPctP99,gini,p90,p99,p999,p9999,gini_total,p90_total,p99_total,p999_total,p9999_total,welfare,welfare0,approval,approval0,conceal_share_e,conceal_share_n,evasion_share_e,evasion_share_n,conceal_frac_e,conceal_frac_n,evasion_frac_e,evasion_frac_n,shelter_pct_e,shelter_pct_n,detection_rate,detection_revenue,wtax_evasion_elast
65.76857251,2.86431807,2.86431807,0.00000000,29.63154980,260.28157589,51.28474939,1.28733047,0.15379522,0.04105139,0.03000000,36.04438480,0.25000000,0.18636254,1.69581585,6.91974023,0.00000000,0.00000000,9.18235041,0.01091615,1.01512040,0.65335185,0.00000000,0.00000000,0.00000000,0.00000000,0.75294417,0.37902602,0.70475664,0.84386285,0.93433054,0.75294417,0.37902602,0.70475664,0.84386285,0.93433054,-23.27283518,-46.22210189,0.86907966,0.52946211,-nan,-nan,-nan,-nan,0.00000000,0.00000000,0.00000000,0.00000000,0.00000000,0.00000000,-nan,0.00000000,13.55980117
