Y,A,A_rep,A_hid,L,Q,K,W,P,r,taua,abar,tauk,taul,WtaxRev,KtaxRev,WtaxRev_lost,KtaxRev_lost,G,lump_sum,ylbar,WtaxPct,ShelterPct,ShelterPctP99,TaxEvasionP99,ConcealPctP99,gini,p90,p99,p999,p9999,gini_total,p90_total,p99_total,p999_total,p9999_total,welfare,welfare0,approval,approval0,conceal_share_e,conceal_share_n,evasion_share_e,evasion_share_n,conceal_frac_e,conceal_frac_n,evasion_frac_e,evasion_frac_n,shelter_pct_e,shelter_pct_n,detection_rate,detection_revenue,wtax_evasion_elast
65.54534956,2.85386798,2.85386798,0.00000000,29.60076912,258.59094565,50.91167707,1.28430107,0.15417548,0.04140770,0.03197601,33.17769012,0.25000000,0.18639482,1.81736710,6.93266027,0.00000000,0.00000000,9.18235041,0.01155716,1.01512040,0.82092071,0.00000000,0.00000000,0.00000000,0.00000000,0.75069755,0.38261142,0.70924192,0.84553711,0.93480627,0.75069755,0.38261142,0.70924192,0.84553711,0.93480627,-23.24642186,-46.21600057,0.85046579,0.50101192,-nan,-nan,-nan,-nan,0.00000000,0.00000000,0.00000000,0.00000000,0.00000000,0.00000000,-nan,0.00000000,13.39853103
