Y,A,A_rep,A_hid,L,Q,K,W,P,r,taua,abar,tauk,taul,WtaxRev,KtaxRev,WtaxRev_lost,KtaxRev_lost,G,lump_sum,ylbar,WtaxPct,ShelterPct,ShelterPctP99,TaxEvasionP99,ConcealPctP99,gini,p90,p99,p999,p9999,gini_total,p90_total,p99_total,p999_total,p9999_total,welfare,welfare0,approval,approval0,conceal_share_e,conceal_share_n,evasion_share_e,evasion_share_n,conceal_frac_e,conceal_frac_n,evasion_frac_e,evasion_frac_n,shelter_pct_e,shelter_pct_n,detection_rate,detection_revenue,wtax_evasion_elast
73.48132019,3.11043553,2.92335760,0.18707793,30.12246828,331.12500844,65.44550200,1.41481582,0.13835469,0.02971494,0.01516399,1244.03986646,0.25000000,0.18606956,0.17129684,5.92949671,0.14535356,0.54238998,9.29156816,0.00084363,1.08952447,0.01052850,0.10312806,40.95423548,9.12433349,53.20258934,0.77114165,0.35152687,0.65978983,0.82766809,0.94064764,0.78486473,0.33038419,0.62015430,0.78235736,0.91115843,-23.70751624,-47.57782131,0.66890176,0.33469356,0.27639974,0.72360026,0.78785191,0.21214809,0.05086482,0.06465098,0.06353731,0.01013942,0.38833241,0.03426774,0.68003470,0.05103041,31.33981800
