Y,A,A_rep,A_hid,L,Q,K,W,P,r,taua,abar,tauk,taul,WtaxRev,KtaxRev,WtaxRev_lost,KtaxRev_lost,G,lump_sum,ylbar,WtaxPct,ShelterPct,ShelterPctP99,TaxEvasionP99,ConcealPctP99,gini,p90,p99,p999,p9999,gini_total,p90_total,p99_total,p999_total,p9999_total,welfare,welfare0,approval,approval0,conceal_share_e,conceal_share_n,evasion_share_e,evasion_share_n,conceal_frac_e,conceal_frac_n,evasion_frac_e,evasion_frac_n,shelter_pct_e,shelter_pct_n,detection_rate,detection_revenue,wtax_evasion_elast
65.54790484,2.85453985,2.85453985,0.00000000,29.59988101,258.61909747,50.93088618,1.28439984,0.15416768,0.04137755,0.03274071,34.75533955,0.25000000,0.18639462,1.81622839,6.93167349,0.00000000,0.00000000,9.18235041,0.01154165,1.01512040,0.85184944,0.00000000,0.00000000,0.00000000,0.00000000,0.75077018,0.38257827,0.71005530,0.84683227,0.93535423,0.75077018,0.38257827,0.71005530,0.84683227,0.93535423,-23.24640441,-46.21420642,0.85116893,0.50115429,-nan,-nan,-nan,-nan,0.00000000,0.00000000,0.00000000,0.00000000,0.00000000,0.00000000,-nan,0.00000000,13.37886783
