Y,A,A_rep,A_hid,L,Q,K,W,P,r,taua,abar,tauk,taul,WtaxRev,KtaxRev,WtaxRev_lost,KtaxRev_lost,G,lump_sum,ylbar,WtaxPct,ShelterPct,ShelterPctP99,TaxEvasionP99,ConcealPctP99,gini,p90,p99,p999,p9999,gini_total,p90_total,p99_total,p999_total,p9999_total,welfare,welfare0,approval,approval0,conceal_share_e,conceal_share_n,evasion_share_e,evasion_share_n,conceal_frac_e,conceal_frac_n,evasion_frac_e,evasion_frac_n,shelter_pct_e,shelter_pct_n,detection_rate,detection_revenue,wtax_evasion_elast
65.74548878,2.86373066,2.86373066,0.00000000,29.62671020,260.11929048,51.26118641,1.28709719,0.15382849,0.04106182,0.03176914,40.11893416,0.25000000,0.18636155,1.70531250,6.92022729,0.00000000,0.00000000,9.18235041,0.01092033,1.01512040,0.68432495,0.00000000,0.00000000,0.00000000,0.00000000,0.75266548,0.37940786,0.70636053,0.84652450,0.93540218,0.75266548,0.37940786,0.70636053,0.84652450,0.93540218,-23.27309570,-46.22646572,0.86489325,0.52018342,-nan,-nan,-nan,-nan,0.00000000,0.00000000,0.00000000,0.00000000,0.00000000,0.00000000,-nan,0.00000000,13.44936993
