Y,A,A_rep,A_hid,L,Q,K,W,P,r,taua,abar,tauk,taul,WtaxRev,KtaxRev,WtaxRev_lost,KtaxRev_lost,G,lump_sum,ylbar,WtaxPct,ShelterPct,ShelterPctP99,TaxEvasionP99,ConcealPctP99,gini,p90,p99,p999,p9999,gini_total,p90_total,p99_total,p999_total,p9999_total,welfare,welfare0,approval,approval0,conceal_share_e,conceal_share_n,evasion_share_e,evasion_share_n,conceal_frac_e,conceal_frac_n,evasion_frac_e,evasion_frac_n,shelter_pct_e,shelter_pct_n,detection_rate,detection_revenue,wtax_evasion_elast
65.58214965,2.85620622,2.85620622,0.00000000,29.60407023,258.88198759,50.99123324,1.28488820,0.15410700,0.04131695,0.03273328,35.91512106,0.25000000,0.18639012,1.79848210,6.92945192,0.00000000,0.00000000,9.18235041,0.01144961,1.01512040,0.64242366,0.00000000,0.00000000,0.00000000,0.00000000,0.75109693,0.38206507,0.70956239,0.84703237,0.93547024,0.75109693,0.38206507,0.70956239,0.84703237,0.93547024,-23.24943881,-46.21227908,0.85408929,0.50708198,-nan,-nan,-nan,-nan,0.00000000,0.00000000,0.00000000,0.00000000,0.00000000,0.00000000,-nan,0.00000000,13.37818014
