Y,A,A_rep,A_hid,L,Q,K,W,P,r,taua,abar,tauk,taul,WtaxRev,KtaxRev,WtaxRev_lost,KtaxRev_lost,G,lump_sum,ylbar,WtaxPct,ShelterPct,ShelterPctP99,TaxEvasionP99,ConcealPctP99,gini,p90,p99,p999,p9999,gini_total,p90_total,p99_total,p999_total,p9999_total,welfare,welfare0,approval,approval0,conceal_share_e,conceal_share_n,evasion_share_e,evasion_share_n,conceal_frac_e,conceal_frac_n,evasion_frac_e,evasion_frac_n,shelter_pct_e,shelter_pct_n,detection_rate,detection_revenue,wtax_evasion_elast
65.58035032,2.85625325,2.85625325,0.00000000,29.60378036,258.85598392,50.98685560,1.28483958,0.15411372,0.04132051,0.03248815,35.16673050,0.25000000,0.18639133,1.79966043,6.93010394,0.00000000,0.00000000,9.18235041,0.01147130,1.01512040,0.63744329,0.00000000,0.00000000,0.00000000,0.00000000,0.75110628,0.38191733,0.70941413,0.84663914,0.93529871,0.75110628,0.38191733,0.70941413,0.84663914,0.93529871,-23.24831499,-46.21072406,0.85476446,0.50711244,-nan,-nan,-nan,-nan,0.00000000,0.00000000,0.00000000,0.00000000,0.00000000,0.00000000,-nan,0.00000000,13.40268190
