Y,A,A_rep,A_hid,L,Q,K,W,P,r,taua,abar,tauk,taul,WtaxRev,KtaxRev,WtaxRev_lost,KtaxRev_lost,G,lump_sum,ylbar,WtaxPct,ShelterPct,ShelterPctP99,TaxEvasionP99,ConcealPctP99,gini,p90,p99,p999,p9999,gini_total,p90_total,p99_total,p999_total,p9999_total,welfare,welfare0,approval,approval0,conceal_share_e,conceal_share_n,evasion_share_e,evasion_share_n,conceal_frac_e,conceal_frac_n,evasion_frac_e,evasion_frac_n,shelter_pct_e,shelter_pct_n,detection_rate,detection_revenue,wtax_evasion_elast
65.59543184,2.85682352,2.85682352,0.00000000,29.60624019,258.97789302,51.01335083,1.28505354,0.15408685,0.04129585,0.03240255,35.55258667,0.25000000,0.18638792,1.79136252,6.92879918,0.00000000,0.00000000,9.18235041,0.01141427,1.01512040,0.64080279,0.00000000,0.00000000,0.00000000,0.00000000,0.75124336,0.38173744,0.70912116,0.84659573,0.93528639,0.75124336,0.38173744,0.70912116,0.84659573,0.93528639,-23.25123678,-46.21322654,0.85521253,0.50995681,-nan,-nan,-nan,-nan,0.00000000,0.00000000,0.00000000,0.00000000,0.00000000,0.00000000,-nan,0.00000000,13.40494109
