Y,A,A_rep,A_hid,L,Q,K,W,P,r,taua,abar,tauk,taul,WtaxRev,KtaxRev,WtaxRev_lost,KtaxRev_lost,G,lump_sum,ylbar,WtaxPct,ShelterPct,ShelterPctP99,TaxEvasionP99,ConcealPctP99,gini,p90,p99,p999,p9999,gini_total,p90_total,p99_total,p999_total,p9999_total,welfare,welfare0,approval,approval0,conceal_share_e,conceal_share_n,evasion_share_e,evasion_share_n,conceal_frac_e,conceal_frac_n,evasion_frac_e,evasion_frac_n,shelter_pct_e,shelter_pct_n,detection_rate,detection_revenue,wtax_evasion_elast
73.54645554,3.11268974,2.91549176,0.19719797,30.13176923,331.76000859,65.52147373,1.41569038,0.13824485,0.02969660,0.00943601,890.13138782,0.25000000,0.18605972,0.14825617,5.91632045,0.11065619,0.54485193,9.29156816,0.00055373,1.08952447,0.01641249,0.10407659,37.41802855,8.80266035,55.79863373,0.77042122,0.35260304,0.66130070,0.82864858,0.93726577,0.78492202,0.33026461,0.61945256,0.78063563,0.90890872,-23.71723770,-47.58930100,0.63563023,0.29778874,0.25966079,0.74033921,0.81251266,0.18748734,0.05035303,0.06966071,0.06272335,0.00856014,0.39067639,0.03487934,0.67636071,0.04747649,38.34070754
