Y,A,A_rep,A_hid,L,Q,K,W,P,r,taua,abar,tauk,taul,WtaxRev,KtaxRev,WtaxRev_lost,KtaxRev_lost,G,lump_sum,ylbar,WtaxPct,ShelterPct,ShelterPctP99,TaxEvasionP99,ConcealPctP99,gini,p90,p99,p999,p9999,gini_total,p90_total,p99_total,p999_total,p9999_total,welfare,welfare0,approval,approval0,conceal_share_e,conceal_share_n,evasion_share_e,evasion_share_n,conceal_frac_e,conceal_frac_n,evasion_frac_e,evasion_frac_n,shelter_pct_e,shelter_pct_n,detection_rate,detection_revenue,wtax_evasion_elast
65.91510807,2.87140397,2.87140397,0.00000000,29.65100348,261.40429381,51.53879128,1.28936263,0.15354319,0.04080518,0.03000000,42.47285535,0.25000000,0.18633511,1.61174634,6.91066495,0.00000000,0.00000000,9.18235041,0.01040839,1.01512040,0.55078140,0.00000000,0.00000000,0.00000000,0.00000000,0.75426387,0.37688724,0.70255656,0.84476929,0.93486310,0.75426387,0.37688724,0.70255656,0.84476929,0.93486310,-23.29488453,-46.23632087,0.87953720,0.60750392,-nan,-nan,-nan,-nan,0.00000000,0.00000000,0.00000000,0.00000000,0.00000000,0.00000000,-nan,0.00000000,13.58963499
