Y,A,A_rep,A_hid,L,Q,K,W,P,r,taua,abar,tauk,taul,WtaxRev,KtaxRev,WtaxRev_lost,KtaxRev_lost,G,lump_sum,ylbar,WtaxPct,ShelterPct,ShelterPctP99,TaxEvasionP99,ConcealPctP99,gini,p90,p99,p999,p9999,gini_total,p90_total,p99_total,p999_total,p9999_total,welfare,welfare0,approval,approval0,conceal_share_e,conceal_share_n,evasion_share_e,evasion_share_n,conceal_frac_e,conceal_frac_n,evasion_frac_e,evasion_frac_n,shelter_pct_e,shelter_pct_n,detection_rate,detection_revenue,wtax_evasion_elast
65.57552537,2.85586574,2.85586574,0.00000000,29.60368646,258.84099542,50.98417773,1.28480906,0.15411778,0.04132295,0.03268112,35.55456652,0.25000000,0.18639042,1.80108428,6.92940453,0.00000000,0.00000000,9.18235041,0.01146435,1.01512040,0.63990006,0.00000000,0.00000000,0.00000000,0.00000000,0.75105416,0.38198671,0.70960801,0.84691796,0.93541587,0.75105416,0.38198671,0.70960801,0.84691796,0.93541587,-23.24897813,-46.21215720,0.85382256,0.50707567,-nan,-nan,-nan,-nan,0.00000000,0.00000000,0.00000000,0.00000000,0.00000000,0.00000000,-nan,0.00000000,13.39220925
