Y,A,A_rep,A_hid,L,Q,K,W,P,r,taua,abar,tauk,taul,WtaxRev,KtaxRev,WtaxRev_lost,KtaxRev_lost,G,lump_sum,ylbar,WtaxPct,ShelterPct,ShelterPctP99,TaxEvasionP99,ConcealPctP99,gini,p90,p99,p999,p9999,gini_total,p90_total,p99_total,p999_total,p9999_total,welfare,welfare0,approval,approval0,conceal_share_e,conceal_share_n,evasion_share_e,evasion_share_n,conceal_frac_e,conceal_frac_n,evasion_frac_e,evasion_frac_n,shelter_pct_e,shelter_pct_n,detection_rate,detection_revenue,wtax_evasion_elast
65.58392416,2.85637144,2.85637144,0.00000000,29.60413936,258.88903581,50.99297473,1.28490228,0.15410527,0.04131504,0.03263039,35.73203384,0.25000000,0.18639054,1.79723771,6.92964349,0.00000000,0.00000000,9.18235041,0.01145304,1.01512040,0.64144718,0.00000000,0.00000000,0.00000000,0.00000000,0.75112499,0.38186218,0.70943430,0.84689091,0.93540659,0.75112499,0.38186218,0.70943430,0.84689091,0.93540659,-23.24892396,-46.21107500,0.85488741,0.50711351,-nan,-nan,-nan,-nan,0.00000000,0.00000000,0.00000000,0.00000000,0.00000000,0.00000000,-nan,0.00000000,13.38734201
