Y,A,A_rep,A_hid,L,Q,K,W,P,r,taua,abar,tauk,taul,WtaxRev,KtaxRev,WtaxRev_lost,KtaxRev_lost,G,lump_sum,ylbar,WtaxPct,ShelterPct,ShelterPctP99,TaxEvasionP99,ConcealPctP99,gini,p90,p99,p999,p9999,gini_total,p90_total,p99_total,p999_total,p9999_total,welfare,welfare0,approval,approval0,conceal_share_e,conceal_share_n,evasion_share_e,evasion_share_n,conceal_frac_e,conceal_frac_n,evasion_frac_e,evasion_frac_n,shelter_pct_e,shelter_pct_n,detection_rate,detection_revenue,wtax_evasion_elast
65.58475614,2.85630849,2.85630849,0.00000000,29.60495230,258.91234082,50.99890591,1.28493554,0.15410136,0.04130950,0.03259371,35.68486173,0.25000000,0.18638855,1.79638149,6.92893033,0.00000000,0.00000000,9.18235041,0.01143809,1.01512040,0.64112277,0.00000000,0.00000000,0.00000000,0.00000000,0.75113668,0.38187517,0.70941289,0.84683917,0.93537997,0.75113668,0.38187517,0.70941289,0.84683917,0.93537997,-23.25004529,-46.21235688,0.85480555,0.50711340,-nan,-nan,-nan,-nan,0.00000000,0.00000000,0.00000000,0.00000000,0.00000000,0.00000000,-nan,0.00000000,13.39331177
