Y,A,A_rep,A_hid,L,Q,K,W,P,r,taua,abar,tauk,taul,WtaxRev,KtaxRev,WtaxRev_lost,KtaxRev_lost,G,lump_sum,ylbar,WtaxPct,ShelterPct,ShelterPctP99,TaxEvasionP99,ConcealPctP99,gini,p90,p99,p999,p9999,gini_total,p90_total,p99_total,p999_total,p9999_total,welfare,welfare0,approval,approval0,conceal_share_e,conceal_share_n,evasion_share_e,evasion_share_n,conceal_frac_e,conceal_frac_n,evasion_frac_e,evasion_frac_n,shelter_pct_e,shelter_pct_n,detection_rate,detection_revenue,wtax_evasion_elast
65.54753704,2.85400371,2.85400371,0.00000000,29.60106976,258.61280177,50.91665767,1.28434155,0.15417028,0.04140263,0.03200580,33.31947116,0.25000000,0.18639423,1.81594817,6.93236116,0.00000000,0.00000000,9.18235041,0.01154831,1.01512040,0.82382453,0.00000000,0.00000000,0.00000000,0.00000000,0.75073409,0.38255446,0.70923409,0.84563292,0.93484967,0.75073409,0.38255446,0.70923409,0.84563292,0.93484967,-23.24673267,-46.21622762,0.85064730,0.50101621,-nan,-nan,-nan,-nan,0.00000000,0.00000000,0.00000000,0.00000000,0.00000000,0.00000000,-nan,0.00000000,13.39825055
