Y,A,A_rep,A_hid,L,Q,K,W,P,r,taua,abar,tauk,taul,WtaxRev,KtaxRev,WtaxRev_lost,KtaxRev_lost,G,lump_sum,ylbar,WtaxPct,ShelterPct,ShelterPctP99,TaxEvasionP99,ConcealPctP99,gini,p90,p99,p999,p9999,gini_total,p90_total,p99_total,p999_total,p9999_total,welfare,welfare0,approval,approval0,conceal_share_e,conceal_share_n,evasion_share_e,evasion_share_n,conceal_frac_e,conceal_frac_n,evasion_frac_e,evasion_frac_n,shelter_pct_e,shelter_pct_n,detection_rate,detection_revenue,wtax_evasion_elast
65.66467650,2.86005920,2.86005920,0.00000000,29.61512941,259.51001572,51.12581126,1.28601330,0.15396355,0.04119044,0.03227880,38.25952937,0.25000000,0.18637611,1.75013762,6.92498632,0.00000000,0.00000000,9.18235041,0.01117990,1.01512040,0.66405847,0.00000000,0.00000000,0.00000000,0.00000000,0.75188679,0.38067907,0.70792804,0.84683550,0.93546929,0.75188679,0.38067907,0.70792804,0.84683550,0.93546929,-23.26087276,-46.21889633,0.85862815,0.51005040,-nan,-nan,-nan,-nan,0.00000000,0.00000000,0.00000000,0.00000000,0.00000000,0.00000000,-nan,0.00000000,13.39836425
