Y,A,A_rep,A_hid,L,Q,K,W,P,r,taua,abar,tauk,taul,WtaxRev,KtaxRev,WtaxRev_lost,KtaxRev_lost,G,lump_sum,ylbar,WtaxPct,ShelterPct,ShelterPctP99,TaxEvasionP99,ConcealPctP99,gini,p90,p99,p999,p9999,gini_total,p90_total,p99_total,p999_total,p9999_total,welfare,welfare0,approval,approval0,conceal_share_e,conceal_share_n,evasion_share_e,evasion_share_n,conceal_frac_e,conceal_frac_n,evasion_frac_e,evasion_frac_n,shelter_pct_e,shelter_pct_n,detection_rate,detection_revenue,wtax_evasion_elast
73.43799792,3.11013059,2.90460979,0.20552080,30.12436586,330.39990425,65.59536208,1.41392439,0.13854947,0.02948781,0.02000000,1278.35523276,0.25000000,0.18606646,0.17338664,5.92307525,0.22322097,0.53606570,9.29156816,0.00078188,1.08952447,0.00957904,0.10484452,54.79989941,10.93830856,51.16587906,0.77055629,0.35258194,0.66327026,0.83382265,0.94779636,0.78567580,0.32928294,0.61950061,0.78318175,0.91308344,-23.73793850,-47.63564526,0.49551954,0.10057486,0.30893860,0.69106140,0.75767117,0.24232883,0.06231180,0.06791774,0.06708271,0.01276950,0.39525892,0.03472626,0.66764576,0.06378109,36.03236766
