Y,A,A_rep,A_hid,L,Q,K,W,P,r,taua,abar,tauk,taul,WtaxRev,KtaxRev,WtaxRev_lost,KtaxRev_lost,G,lump_sum,ylbar,WtaxPct,ShelterPct,ShelterPctP99,TaxEvasionP99,ConcealPctP99,gini,p90,p99,p999,p9999,gini_total,p90_total,p99_total,p999_total,p9999_total,welfare,welfare0,approval,approval0,conceal_share_e,conceal_share_n,evasion_share_e,evasion_share_n,conceal_frac_e,conceal_frac_n,evasion_frac_e,evasion_frac_n,shelter_pct_e,shelter_pct_n,detection_rate,detection_revenue,wtax_evasion_elast
65.67693718,2.86041783,2.86041783,0.00000000,29.61761500,259.59612572,51.13932105,1.28614067,0.15394579,0.04118305,0.03144903,36.40100496,0.25000000,0.18637607,1.74560350,6.92469090,0.00000000,0.00000000,9.18235041,0.01117650,1.01512040,0.65097489,0.00000000,0.00000000,0.00000000,0.00000000,0.75202219,0.38043493,0.70715344,0.84559011,0.93494719,0.75202219,0.38043493,0.70715344,0.84559011,0.93494719,-23.26081991,-46.21668083,0.86104412,0.51998445,-nan,-nan,-nan,-nan,0.00000000,0.00000000,0.00000000,0.00000000,0.00000000,0.00000000,-nan,0.00000000,13.45629585
