Y,A,A_rep,A_hid,L,Q,K,W,P,r,taua,abar,tauk,taul,WtaxRev,KtaxRev,WtaxRev_lost,KtaxRev_lost,G,lump_sum,ylbar,WtaxPct,ShelterPct,ShelterPctP99,TaxEvasionP99,ConcealPctP99,gini,p90,p99,p999,p9999,gini_total,p90_total,p99_total,p999_total,p9999_total,welfare,welfare0,approval,approval0,conceal_share_e,conceal_share_n,evasion_share_e,evasion_share_n,conceal_frac_e,conceal_frac_n,evasion_frac_e,evasion_frac_n,shelter_pct_e,shelter_pct_n,detection_rate,detection_revenue,wtax_evasion_elast
65.48870220,2.85320584,2.85320584,0.00000000,29.58837374,258.17450242,50.87292424,1.28373529,0.15426664,0.04139874,0.03713945,43.33307378,0.25000000,0.18639627,1.83852986,6.93334276,0.00000000,0.00000000,9.18235041,0.01155426,1.01512040,0.53625275,0.00000000,0.00000000,0.00000000,0.00000000,0.75015171,0.38324285,0.71377224,0.85301003,0.93797381,0.75015171,0.38324285,0.71377224,0.85301003,0.93797381,-23.24828425,-46.22770682,0.84000649,0.47345101,-nan,-nan,-nan,-nan,0.00000000,0.00000000,0.00000000,0.00000000,0.00000000,0.00000000,-nan,0.00000000,13.12158085
