Y,A,A_rep,A_hid,L,Q,K,W,P,r,taua,abar,tauk,taul,WtaxRev,KtaxRev,WtaxRev_lost,KtaxRev_lost,G,lump_sum,ylbar,WtaxPct,ShelterPct,ShelterPctP99,TaxEvasionP99,ConcealPctP99,gini,p90,p99,p999,p9999,gini_total,p90_total,p99_total,p999_total,p9999_total,welfare,welfare0,approval,approval0,conceal_share_e,conceal_share_n,evasion_share_e,evasion_share_n,conceal_frac_e,conceal_frac_n,evasion_frac_e,evasion_frac_n,shelter_pct_e,shelter_pct_n,detection_rate,detection_revenue,wtax_evasion_elast
58.25756021,2.40823072,2.40823072,0.00000000,29.10077865,202.57469498,36.94067530,1.16112920,0.17070827,0.06197196,0.05779184,4.07893327,0.25000000,0.18700875,5.15307299,7.48886305,0.00000000,0.00000000,9.18235041,0.02089090,1.01512040,12.40823105,0.00000000,0.00000000,0.00000000,0.00000000,0.66230826,0.48176895,0.70421400,0.82066497,0.92223332,0.66230826,0.48176895,0.70421400,0.82066497,0.92223332,-23.69031775,-49.27702134,0.45999578,0.11529339,-nan,-nan,-nan,-nan,0.00000000,0.00000000,0.00000000,0.00000000,0.00000000,0.00000000,-nan,0.00000000,14.21786392
