Y,A,A_rep,A_hid,L,Q,K,W,P,r,taua,abar,tauk,taul,WtaxRev,KtaxRev,WtaxRev_lost,KtaxRev_lost,G,lump_sum,ylbar,WtaxPct,ShelterPct,ShelterPctP99,TaxEvasionP99,ConcealPctP99,gini,p90,p99,p999,p9999,gini_total,p90_total,p99_total,p999_total,p9999_total,welfare,welfare0,approval,approval0,conceal_share_e,conceal_share_n,evasion_share_e,evasion_share_n,conceal_frac_e,conceal_frac_n,evasion_frac_e,evasion_frac_n,shelter_pct_e,shelter_pct_n,detection_rate,detection_revenue,wtax_evasion_elast
73.59652939,3.11493756,2.93303834,0.18189922,30.13776714,332.23768564,65.56969662,1.41635736,0.13815846,0.02969135,0.00769505,1107.93340764,0.25000000,0.18605456,0.10998682,5.92916803,0.07580276,0.54088584,9.29156816,0.00038578,1.08952447,0.01248804,0.10273834,34.95026959,8.42249437,54.20077963,0.77174587,0.35055408,0.65705358,0.82279247,0.93537618,0.78503368,0.33008320,0.61873097,0.77918731,0.90760979,-23.72057094,-47.59030696,0.59810477,0.29831466,0.26579622,0.73420378,0.84365186,0.15634814,0.04752838,0.06366579,0.06152034,0.00672935,0.38929716,0.03355099,0.67808406,0.04466438,41.27101191
