Y,A,A_rep,A_hid,L,Q,K,W,P,r,taua,abar,tauk,taul,WtaxRev,KtaxRev,WtaxRev_lost,KtaxRev_lost,G,lump_sum,ylbar,WtaxPct,ShelterPct,ShelterPctP99,TaxEvasionP99,ConcealPctP99,gini,p90,p99,p999,p9999,gini_total,p90_total,p99_total,p999_total,p9999_total,welfare,welfare0,approval,approval0,conceal_share_e,conceal_share_n,evasion_share_e,evasion_share_n,conceal_frac_e,conceal_frac_n,evasion_frac_e,evasion_frac_n,shelter_pct_e,shelter_pct_n,detection_rate,detection_revenue,wtax_evasion_elast
65.47786410,2.85190335,2.85190335,0.00000000,29.58866529,258.09111568,50.82997602,1.28350816,0.15428573,0.04146069,0.03488500,37.57068031,0.25000000,0.18640244,1.84993636,6.93502866,0.00000000,0.00000000,9.18235041,0.01167296,1.01512040,0.64972291,0.00000000,0.00000000,0.00000000,0.00000000,0.75009337,0.38348791,0.71255390,0.84966431,0.93653370,0.75009337,0.38348791,0.71255390,0.84966431,0.93653370,-23.24245718,-46.21968237,0.84468442,0.48054446,-nan,-nan,-nan,-nan,0.00000000,0.00000000,0.00000000,0.00000000,0.00000000,0.00000000,-nan,0.00000000,13.23274239
