Y,A,A_rep,A_hid,L,Q,K,W,P,r,taua,abar,tauk,taul,WtaxRev,KtaxRev,WtaxRev_lost,KtaxRev_lost,G,lump_sum,ylbar,WtaxPct,ShelterPct,ShelterPctP99,TaxEvasionP99,ConcealPctP99,gini,p90,p99,p999,p9999,gini_total,p90_total,p99_total,p999_total,p9999_total,welfare,welfare0,approval,approval0,conceal_share_e,conceal_share_n,evasion_share_e,evasion_share_n,conceal_frac_e,conceal_frac_n,evasion_frac_e,evasion_frac_n,shelter_pct_e,shelter_pct_n,detection_rate,detection_revenue,wtax_evasion_elast
65.76849186,2.86431419,2.86431419,0.00000000,29.63150945,260.28019637,51.28434662,1.28732826,0.15379547,0.04105181,0.03000000,36.04032935,0.25000000,0.18636266,1.69588329,6.91977801,0.00000000,0.00000000,9.18235041,0.01091706,1.01512040,0.65328798,0.00000000,0.00000000,0.00000000,0.00000000,0.75294358,0.37902721,0.70476361,0.84385995,0.93432854,0.75294358,0.37902721,0.70476361,0.84385995,0.93432854,-23.27278062,-46.22204174,0.86907963,0.52946211,-nan,-nan,-nan,-nan,0.00000000,0.00000000,0.00000000,0.00000000,0.00000000,0.00000000,-nan,0.00000000,13.55952927
