Y,A,A_rep,A_hid,L,Q,K,W,P,r,taua,abar,tauk,taul,WtaxRev,KtaxRev,WtaxRev_lost,KtaxRev_lost,G,lump_sum,ylbar,WtaxPct,ShelterPct,ShelterPctP99,TaxEvasionP99,ConcealPctP99,gini,p90,p99,p999,p9999,gini_total,p90_total,p99_total,p999_total,p9999_total,welfare,welfare0,approval,approval0,conceal_share_e,conceal_share_n,evasion_share_e,evasion_share_n,conceal_frac_e,conceal_frac_n,evasion_frac_e,evasion_frac_n,shelter_pct_e,shelter_pct_n,detection_rate,detection_revenue,wtax_evasion_elast
65.62412543,2.85818155,2.85818155,0.00000000,29.60976022,259.19598981,51.05688667,1.28544562,0.15403535,0.04125662,0.03237656,36.79161380,0.25000000,0.18638401,1.77404687,6.92736365,0.00000000,0.00000000,9.18235041,0.01132029,1.01512040,0.65117837,0.00000000,0.00000000,0.00000000,0.00000000,0.75152915,0.38127069,0.70862188,0.84674018,0.93539750,0.75152915,0.38127069,0.70862188,0.84674018,0.93539750,-23.25517459,-46.21551477,0.85608005,0.51003451,-nan,-nan,-nan,-nan,0.00000000,0.00000000,0.00000000,0.00000000,0.00000000,0.00000000,-nan,0.00000000,13.39214750
