Y,A,A_rep,A_hid,L,Q,K,W,P,r,taua,abar,tauk,taul,WtaxRev,KtaxRev,WtaxRev_lost,KtaxRev_lost,G,lump_sum,ylbar,WtaxPct,ShelterPct,ShelterPctP99,TaxEvasionP99,ConcealPctP99,gini,p90,p99,p999,p9999,gini_total,p90_total,p99_total,p999_total,p9999_total,welfare,welfare0,approval,approval0,conceal_share_e,conceal_share_n,evasion_share_e,evasion_share_n,conceal_frac_e,conceal_frac_n,evasion_frac_e,evasion_frac_n,shelter_pct_e,shelter_pct_n,detection_rate,detection_revenue,wtax_evasion_elast
73.47627891,3.10987065,2.91545757,0.19441308,30.12134683,331.14977011,65.40760164,1.41481417,0.13834031,0.02975821,0.01366192,1032.94079763,0.25000000,0.18607085,0.18424068,5.92359073,0.14608558,0.54295494,9.29156816,0.00087996,1.08952447,0.01269751,0.10468814,39.07138200,8.74718825,55.29555074,0.77040533,0.35267934,0.66170780,0.82955725,0.93926680,0.78471487,0.33063164,0.62038848,0.78222698,0.91065145,-23.70271606,-47.56888785,0.69900861,0.35484519,0.26164838,0.73835162,0.78067165,0.21932835,0.05006499,0.06855616,0.06306232,0.01049769,0.39266094,0.03515939,0.66896967,0.04780726,30.87410506
