Y,A,A_rep,A_hid,L,Q,K,W,P,r,taua,abar,tauk,taul,WtaxRev,KtaxRev,WtaxRev_lost,KtaxRev_lost,G,lump_sum,ylbar,WtaxPct,ShelterPct,ShelterPctP99,TaxEvasionP99,ConcealPctP99,gini,p90,p99,p999,p9999,gini_total,p90_total,p99_total,p999_total,p9999_total,welfare,welfare0,approval,approval0,conceal_share_e,conceal_share_n,evasion_share_e,evasion_share_n,conceal_frac_e,conceal_frac_n,evasion_frac_e,evasion_frac_n,shelter_pct_e,shelter_pct_n,detection_rate,detection_revenue,wtax_evasion_elast
65.19140723,2.83165950,2.83165950,0.00000000,29.56867120,255.84434805,50.16278403,1.27876034,0.15482473,0.04227198,0.03000000,22.30220677,0.25000000,0.18641521,1.96987013,6.96031044,0.00000000,0.00000000,9.18235041,0.01215871,1.01512040,1.41402935,0.00000000,0.00000000,0.00000000,0.00000000,0.74642670,0.38942865,0.70751297,0.83973825,0.93231934,0.74642670,0.38942865,0.70751297,0.83973825,0.93231934,-23.24403102,-46.30655265,0.80218034,0.43474526,-nan,-nan,-nan,-nan,0.00000000,0.00000000,0.00000000,0.00000000,0.00000000,0.00000000,-nan,0.00000000,13.79773978
