Y,A,A_rep,A_hid,L,Q,K,W,P,r,taua,abar,tauk,taul,WtaxRev,KtaxRev,WtaxRev_lost,KtaxRev_lost,G,lump_sum,ylbar,WtaxPct,ShelterPct,ShelterPctP99,TaxEvasionP99,ConcealPctP99,gini,p90,p99,p999,p9999,gini_total,p90_total,p99_total,p999_total,p9999_total,welfare,welfare0,approval,approval0,conceal_share_e,conceal_share_n,evasion_share_e,evasion_share_n,conceal_frac_e,conceal_frac_n,evasion_frac_e,evasion_frac_n,shelter_pct_e,shelter_pct_n,detection_rate,detection_revenue,wtax_evasion_elast
65.00292758,2.83258347,2.83258347,0.00000000,29.52083612,254.42189329,50.14699311,1.27711516,0.15515185,0.04203309,0.04553455,42.71369309,0.25000000,0.18645946,2.08071719,6.95933829,0.00000000,0.00000000,9.18235041,0.01261374,1.01512040,0.51114774,0.00000000,0.00000000,0.00000000,0.00000000,0.74564474,0.39026353,0.72578148,0.86176264,0.94125030,0.74564474,0.39026353,0.72578148,0.86176264,0.94125030,-23.22033325,-46.27344390,0.80152685,0.43402937,-nan,-nan,-nan,-nan,0.00000000,0.00000000,0.00000000,0.00000000,0.00000000,0.00000000,-nan,0.00000000,12.62057348
