Y,A,A_rep,A_hid,L,Q,K,W,P,r,taua,abar,tauk,taul,WtaxRev,KtaxRev,WtaxRev_lost,KtaxRev_lost,G,lump_sum,ylbar,WtaxPct,ShelterPct,ShelterPctP99,TaxEvasionP99,ConcealPctP99,gini,p90,p99,p999,p9999,gini_total,p90_total,p99_total,p999_total,p9999_total,welfare,welfare0,approval,approval0,conceal_share_e,conceal_share_n,evasion_share_e,evasion_share_n,conceal_frac_e,conceal_frac_n,evasion_frac_e,evasion_frac_n,shelter_pct_e,shelter_pct_n,detection_rate,detection_revenue,wtax_evasion_elast
73.40079883,3.10874598,2.87762372,0.23112226,30.12431788,329.87345848,65.63060032,1.41319243,0.13867642,0.02940389,0.01843868,894.05214612,0.25000000,0.18606568,0.20263843,5.89505584,0.27016120,0.54766015,9.29156816,0.00068306,1.08952447,0.01474421,0.10788194,64.90329502,11.72932313,53.64365854,0.76870847,0.35549696,0.66937761,0.84239688,0.94974058,0.78585804,0.32906725,0.61967233,0.78433250,0.91404183,-23.76052259,-47.68422975,0.41493324,0.03660281,0.30128971,0.69871029,0.73170616,0.26829384,0.06829491,0.07729902,0.06950919,0.01520206,0.40249789,0.03674926,0.66533739,0.06883037,38.88327249
