Y,A,A_rep,A_hid,L,Q,K,W,P,r,taua,abar,tauk,taul,WtaxRev,KtaxRev,WtaxRev_lost,KtaxRev_lost,G,lump_sum,ylbar,WtaxPct,ShelterPct,ShelterPctP99,TaxEvasionP99,ConcealPctP99,gini,p90,p99,p999,p9999,gini_total,p90_total,p99_total,p999_total,p9999_total,welfare,welfare0,approval,approval0,conceal_share_e,conceal_share_n,evasion_share_e,evasion_share_n,conceal_frac_e,conceal_frac_n,evasion_frac_e,evasion_frac_n,shelter_pct_e,shelter_pct_n,detection_rate,detection_revenue,wtax_evasion_elast
73.54811801,3.11277601,2.92501062,0.18776539,30.13142521,331.80038397,65.50602949,1.41573441,0.13823235,0.02971692,0.00998165,1060.38441084,0.25000000,0.18605975,0.14081053,5.92509122,0.10301716,0.54292489,9.29156816,0.00056473,1.08952447,0.01340038,0.10369601,36.29663261,8.56717714,54.81819312,0.77113516,0.35151582,0.65918953,0.82581131,0.93694855,0.78489810,0.33031207,0.61947398,0.78048766,0.90885950,-23.71511633,-47.58549339,0.65251770,0.31273578,0.26319094,0.73680906,0.81769721,0.18230279,0.04860490,0.06600397,0.06224168,0.00820331,0.39109661,0.03430542,0.67493056,0.04605658,36.05746567
