Y,A,A_rep,A_hid,L,Q,K,W,P,r,taua,abar,tauk,taul,WtaxRev,KtaxRev,WtaxRev_lost,KtaxRev_lost,G,lump_sum,ylbar,WtaxPct,ShelterPct,ShelterPctP99,TaxEvasionP99,ConcealPctP99,gini,p90,p99,p999,p9999,gini_total,p90_total,p99_total,p999_total,p9999_total,welfare,welfare0,approval,approval0,conceal_share_e,conceal_share_n,evasion_share_e,evasion_share_n,conceal_frac_e,conceal_frac_n,evasion_frac_e,evasion_frac_n,shelter_pct_e,shelter_pct_n,detection_rate,detection_revenue,wtax_evasion_elast
65.70369013,2.86259959,2.86259959,0.00000000,29.61890131,259.80727113,51.21280376,1.28661387,0.15389641,0.04108964,0.03432714,45.54317837,0.25000000,0.18636417,1.72336966,6.92179559,0.00000000,0.00000000,9.18235041,0.01096631,1.01512040,0.55765003,0.00000000,0.00000000,0.00000000,0.00000000,0.75217147,0.38008580,0.70855590,0.85010812,0.93694717,0.75217147,0.38008580,0.70855590,0.85010812,0.93694717,-23.27142221,-46.23037110,0.85714891,0.51064179,-nan,-nan,-nan,-nan,0.00000000,0.00000000,0.00000000,0.00000000,0.00000000,0.00000000,-nan,0.00000000,13.30139498
