Y,A,A_rep,A_hid,L,Q,K,W,P,r,taua,abar,tauk,taul,WtaxRev,KtaxRev,WtaxRev_lost,KtaxRev_lost,G,lump_sum,ylbar,WtaxPct,ShelterPct,ShelterPctP99,TaxEvasionP99,ConcealPctP99,gini,p90,p99,p999,p9999,gini_total,p90_total,p99_total,p999_total,p9999_total,welfare,welfare0,approval,approval0,conceal_share_e,conceal_share_n,evasion_share_e,evasion_share_n,conceal_frac_e,conceal_frac_n,evasion_frac_e,evasion_frac_n,shelter_pct_e,shelter_pct_n,detection_rate,detection_revenue,wtax_evasion_elast
73.46164349,3.10917861,2.88446015,0.22471846,30.12339669,330.86915752,65.47020964,1.41444920,0.13841981,0.02966693,0.01162833,609.81878025,0.25000000,0.18606636,0.20782102,5.89398982,0.17909889,0.55124489,9.29156816,0.00076069,1.08952447,0.02364185,0.10630686,43.81074625,9.30829982,58.02606506,0.76815576,0.35616085,0.66864712,0.83916553,0.94037773,0.78486471,0.33041903,0.62037620,0.78301364,0.91091439,-23.72093498,-47.60619049,0.58954625,0.28154627,0.25370325,0.74629675,0.75983500,0.24016500,0.05607752,0.08014586,0.06489572,0.01217411,0.39189934,0.03735283,0.67212000,0.05235202,38.59174855
