Y,A,A_rep,A_hid,L,Q,K,W,P,r,taua,abar,tauk,taul,WtaxRev,KtaxRev,WtaxRev_lost,KtaxRev_lost,G,lump_sum,ylbar,WtaxPct,ShelterPct,ShelterPctP99,TaxEvasionP99,ConcealPctP99,gini,p90,p99,p999,p9999,gini_total,p90_total,p99_total,p999_total,p9999_total,welfare,welfare0,approval,approval0,conceal_share_e,conceal_share_n,evasion_share_e,evasion_share_n,conceal_frac_e,conceal_frac_n,evasion_frac_e,evasion_frac_n,shelter_pct_e,shelter_pct_n,detection_rate,detection_revenue,wtax_evasion_elast
65.61685936,2.85772900,2.85772900,0.00000000,29.60911759,259.13958190,51.04357322,1.28533524,0.15404903,0.04127065,0.03195398,35.18829262,0.25000000,0.18638643,1.78020150,6.92792941,0.00000000,0.00000000,9.18235041,0.01137382,1.01512040,0.63979066,0.00000000,0.00000000,0.00000000,0.00000000,0.75148801,0.38133307,0.70841857,0.84601551,0.93505990,0.75148801,0.38133307,0.70841857,0.84601551,0.93505990,-23.25227400,-46.21135686,0.85791396,0.51001832,-nan,-nan,-nan,-nan,0.00000000,0.00000000,0.00000000,0.00000000,0.00000000,0.00000000,-nan,0.00000000,13.43267372
