Y,A,A_rep,A_hid,L,Q,K,W,P,r,taua,abar,tauk,taul,WtaxRev,KtaxRev,WtaxRev_lost,KtaxRev_lost,G,lump_sum,ylbar,WtaxPct,ShelterPct,ShelterPctP99,TaxEvasionP99,ConcealPctP99,gini,p90,p99,p999,p9999,gini_total,p90_total,p99_total,p999_total,p9999_total,welfare,welfare0,approval,approval0,conceal_share_e,conceal_share_n,evasion_share_e,evasion_share_n,conceal_frac_e,conceal_frac_n,evasion_frac_e,evasion_frac_n,shelter_pct_e,shelter_pct_n,detection_rate,detection_revenue,wtax_evasion_elast
73.54971090,3.11293960,2.93254813,0.18039147,30.13159129,331.82261513,65.49444842,1.41574650,0.13822596,0.02973213,0.01050636,1222.70705466,0.25000000,0.18606023,0.13458195,5.92787410,0.09623062,0.54551349,9.29156816,0.00054079,1.08952447,0.01104174,0.10332230,34.44540164,8.63469019,53.64225471,0.77165584,0.35071408,0.65757397,0.82370819,0.93653343,0.78484652,0.33039058,0.61951495,0.78046576,0.90890174,-23.71551472,-47.58712429,0.65128368,0.31259446,0.26691455,0.73308545,0.82447289,0.17552711,0.04736262,0.06308268,0.06238574,0.00784852,0.39105639,0.03385118,0.68015306,0.04647636,34.40128229
