Y,A,A_rep,A_hid,L,Q,K,W,P,r,taua,abar,tauk,taul,WtaxRev,KtaxRev,WtaxRev_lost,KtaxRev_lost,G,lump_sum,ylbar,WtaxPct,ShelterPct,ShelterPctP99,TaxEvasionP99,ConcealPctP99,gini,p90,p99,p999,p9999,gini_total,p90_total,p99_total,p999_total,p9999_total,welfare,welfare0,approval,approval0,conceal_share_e,conceal_share_n,evasion_share_e,evasion_share_n,conceal_frac_e,conceal_frac_n,evasion_frac_e,evasion_frac_n,shelter_pct_e,shelter_pct_n,detection_rate,detection_revenue,wtax_evasion_elast
65.72405420,2.86197821,2.86197821,0.00000000,29.62594199,259.94052538,51.20540623,1.28670264,0.15387256,0.04113073,0.03000000,34.41087258,0.25000000,0.18636926,1.72054722,6.92263076,0.00000000,0.00000000,9.18235041,0.01105804,1.01512040,0.85226471,0.00000000,0.00000000,0.00000000,0.00000000,0.75251808,0.37974107,0.70528734,0.84354806,0.93417205,0.75251808,0.37974107,0.70528734,0.84354806,0.93417205,-23.26743009,-46.22021185,0.86606884,0.52003776,-nan,-nan,-nan,-nan,0.00000000,0.00000000,0.00000000,0.00000000,0.00000000,0.00000000,-nan,0.00000000,13.54322457
