Y,A,A_rep,A_hid,L,Q,K,W,P,r,taua,abar,tauk,taul,WtaxRev,KtaxRev,WtaxRev_lost,KtaxRev_lost,G,lump_sum,ylbar,WtaxPct,ShelterPct,ShelterPctP99,TaxEvasionP99,ConcealPctP99,gini,p90,p99,p999,p9999,gini_total,p90_total,p99_total,p999_total,p9999_total,welfare,welfare0,approval,approval0,conceal_share_e,conceal_share_n,evasion_share_e,evasion_share_n,conceal_frac_e,conceal_frac_n,evasion_frac_e,evasion_frac_n,shelter_pct_e,shelter_pct_n,detection_rate,detection_revenue,wtax_evasion_elast
65.57991969,2.85609171,2.85609171,0.00000000,29.60405825,258.85873313,50.98759405,1.28484139,0.15411381,0.04132012,0.03255717,35.31250393,0.25000000,0.18639108,1.80015844,6.92969865,0.00000000,0.00000000,9.18235041,0.01146326,1.01512040,0.63854001,0.00000000,0.00000000,0.00000000,0.00000000,0.75109683,0.38193181,0.70945076,0.84673716,0.93533075,0.75109683,0.38193181,0.70945076,0.84673716,0.93533075,-23.24915680,-46.21219605,0.85382235,0.50707538,-nan,-nan,-nan,-nan,0.00000000,0.00000000,0.00000000,0.00000000,0.00000000,0.00000000,-nan,0.00000000,13.39708229
