Y,A,A_rep,A_hid,L,Q,K,W,P,r,taua,abar,tauk,taul,WtaxRev,KtaxRev,WtaxRev_lost,KtaxRev_lost,G,lump_sum,ylbar,WtaxPct,ShelterPct,ShelterPctP99,TaxEvasionP99,ConcealPctP99,gini,p90,p99,p999,p9999,gini_total,p90_total,p99_total,p999_total,p9999_total,welfare,welfare0,approval,approval0,conceal_share_e,conceal_share_n,evasion_share_e,evasion_share_n,conceal_frac_e,conceal_frac_n,evasion_frac_e,evasion_frac_n,shelter_pct_e,shelter_pct_n,detection_rate,detection_revenue,wtax_evasion_elast
65.58641216,2.85641573,2.85641573,0.00000000,29.60492164,258.90833499,50.99774341,1.28492938,0.15410233,0.04131089,0.03250190,35.44729102,0.25000000,0.18638936,1.79644170,6.92938675,0.00000000,0.00000000,9.18235041,0.01144255,1.01512040,0.63966760,0.00000000,0.00000000,0.00000000,0.00000000,0.75115413,0.38186222,0.70931744,0.84668466,0.93531208,0.75115413,0.38186222,0.70931744,0.84668466,0.93531208,-23.25001108,-46.21267316,0.85463823,0.50711311,-nan,-nan,-nan,-nan,0.00000000,0.00000000,0.00000000,0.00000000,0.00000000,0.00000000,-nan,0.00000000,13.39809013
