Y,A,A_rep,A_hid,L,Q,K,W,P,r,taua,abar,tauk,taul,WtaxRev,KtaxRev,WtaxRev_lost,KtaxRev_lost,G,lump_sum,ylbar,WtaxPct,ShelterPct,ShelterPctP99,TaxEvasionP99,ConcealPctP99,gini,p90,p99,p999,p9999,gini_total,p90_total,p99_total,p999_total,p9999_total,welfare,welfare0,approval,approval0,conceal_share_e,conceal_share_n,evasion_share_e,evasion_share_n,conceal_frac_e,conceal_frac_n,evasion_frac_e,evasion_frac_n,shelter_pct_e,shelter_pct_n,detection_rate,detection_revenue,wtax_evasion_elast
65.57999870,2.85605298,2.85605298,0.00000000,29.60416961,258.85743627,50.98771837,1.28483759,0.15411460,0.04131995,0.03245835,35.06503161,0.25000000,0.18639033,1.80003421,6.92970212,0.00000000,0.00000000,9.18235041,0.01146579,1.01512040,0.86079574,0.00000000,0.00000000,0.00000000,0.00000000,0.75110853,0.38193829,0.70935337,0.84658302,0.93526478,0.75110853,0.38193829,0.70935337,0.84658302,0.93526478,-23.24920776,-46.21213093,0.85410908,0.50689343,-nan,-nan,-nan,-nan,0.00000000,0.00000000,0.00000000,0.00000000,0.00000000,0.00000000,-nan,0.00000000,13.40558599
