Y,A,A_rep,A_hid,L,Q,K,W,P,r,taua,abar,tauk,taul,WtaxRev,KtaxRev,WtaxRev_lost,KtaxRev_lost,G,lump_sum,ylbar,WtaxPct,ShelterPct,ShelterPctP99,TaxEvasionP99,ConcealPctP99,gini,p90,p99,p999,p9999,gini_total,p90_total,p99_total,p999_total,p9999_total,welfare,welfare0,approval,approval0,conceal_share_e,conceal_share_n,evasion_share_e,evasion_share_n,conceal_frac_e,conceal_frac_n,evasion_frac_e,evasion_frac_n,shelter_pct_e,shelter_pct_n,detection_rate,detection_revenue,wtax_evasion_elast
73.50626182,3.11103813,2.89463713,0.21640100,30.12700161,331.35168713,65.49406185,1.41513466,0.13832189,0.02968602,0.01019760,664.44873481,0.25000000,0.18606396,0.18230306,5.90478750,0.14640243,0.54432087,9.29156816,0.00069816,1.08952447,0.02192021,0.10555639,40.07275551,8.71557967,57.22765939,0.76890771,0.35495164,0.66616033,0.83532997,0.93869795,0.78493559,0.33026153,0.61986997,0.78175311,0.90963907,-23.71522871,-47.58930161,0.63706145,0.30182188,0.25241298,0.74758702,0.78153220,0.21846780,0.05371561,0.07725239,0.06334146,0.01049160,0.39231779,0.03632012,0.66741720,0.04846613,39.36085894
