Y,A,A_rep,A_hid,L,Q,K,W,P,r,taua,abar,tauk,taul,WtaxRev,KtaxRev,WtaxRev_lost,KtaxRev_lost,G,lump_sum,ylbar,WtaxPct,ShelterPct,ShelterPctP99,TaxEvasionP99,ConcealPctP99,gini,p90,p99,p999,p9999,gini_total,p90_total,p99_total,p999_total,p9999_total,welfare,welfare0,approval,approval0,conceal_share_e,conceal_share_n,evasion_share_e,evasion_share_n,conceal_frac_e,conceal_frac_n,evasion_frac_e,evasion_frac_n,shelter_pct_e,shelter_pct_n,detection_rate,detection_revenue,wtax_evasion_elast
73.45113201,3.11077937,2.91194406,0.19883531,30.12546207,330.55323319,65.60244883,1.41413999,0.13851804,0.02949438,0.01989948,1376.74741399,0.25000000,0.18606605,0.16421673,5.92669648,0.20852943,0.53648397,9.29156816,0.00075744,1.08952447,0.00898569,0.10449410,53.79015976,10.90336108,49.80529277,0.77106667,0.35181096,0.66161922,0.83151814,0.94660396,0.78565798,0.32932385,0.61938947,0.78281390,0.91271006,-23.73583783,-47.63022819,0.50431145,0.13873106,0.31224669,0.68775331,0.76762022,0.23237978,0.06093012,0.06537370,0.06677392,0.01202184,0.39499799,0.03435423,0.67016040,0.06289711,36.02481416
