Y,A,A_rep,A_hid,L,Q,K,W,P,r,taua,abar,tauk,taul,WtaxRev,KtaxRev,WtaxRev_lost,KtaxRev_lost,G,lump_sum,ylbar,WtaxPct,ShelterPct,ShelterPctP99,TaxEvasionP99,ConcealPctP99,gini,p90,p99,p999,p9999,gini_total,p90_total,p99_total,p999_total,p9999_total,welfare,welfare0,approval,approval0,conceal_share_e,conceal_share_n,evasion_share_e,evasion_share_n,conceal_frac_e,conceal_frac_n,evasion_frac_e,evasion_frac_n,shelter_pct_e,shelter_pct_n,detection_rate,detection_revenue,wtax_evasion_elast
65.60181919,2.85714434,2.85714434,0.00000000,29.60685482,259.02294369,51.02162696,1.28513564,0.15407571,0.04128873,0.03231120,35.58833260,0.25000000,0.18638843,1.78773903,6.92868582,0.00000000,0.00000000,9.18235041,0.01140627,1.01512040,0.64147948,0.00000000,0.00000000,0.00000000,0.00000000,0.75130981,0.38165264,0.70893124,0.84648771,0.93524434,0.75130981,0.38165264,0.70893124,0.84648771,0.93524434,-23.25092999,-46.21171674,0.85584990,0.51001872,-nan,-nan,-nan,-nan,0.00000000,0.00000000,0.00000000,0.00000000,0.00000000,0.00000000,-nan,0.00000000,13.40810132
