Y,A,A_rep,A_hid,L,Q,K,W,P,r,taua,abar,tauk,taul,WtaxRev,KtaxRev,WtaxRev_lost,KtaxRev_lost,G,lump_sum,ylbar,WtaxPct,ShelterPct,ShelterPctP99,TaxEvasionP99,ConcealPctP99,gini,p90,p99,p999,p9999,gini_total,p90_total,p99_total,p999_total,p9999_total,welfare,welfare0,approval,approval0,conceal_share_e,conceal_share_n,evasion_share_e,evasion_share_n,conceal_frac_e,conceal_frac_n,evasion_frac_e,evasion_frac_n,shelter_pct_e,shelter_pct_n,detection_rate,detection_revenue,wtax_evasion_elast
56.18361366,2.20967090,2.20967090,0.00000000,29.53884881,184.55417303,31.01776386,1.10317494,0.17902919,0.07860496,0.03446283,0.00000000,0.25000000,0.18668684,7.61515036,7.73784234,0.00000000,0.00000000,9.18235041,0.03855087,1.01512040,84.14614507,0.00000000,0.00000000,0.00000000,0.00000000,0.85132659,0.24926741,0.55833394,0.74252203,0.89808408,0.85132659,0.24926741,0.55833394,0.74252203,0.89808408,-26.38188394,-52.61767869,0.37192516,0.02134020,-nan,-nan,-nan,-nan,0.00000000,0.00000000,0.00000000,0.00000000,0.00000000,0.00000000,-nan,0.00000000,14.43380834
