Y,A,A_rep,A_hid,L,Q,K,W,P,r,taua,abar,tauk,taul,WtaxRev,KtaxRev,WtaxRev_lost,KtaxRev_lost,G,lump_sum,ylbar,WtaxPct,ShelterPct,ShelterPctP99,TaxEvasionP99,ConcealPctP99,gini,p90,p99,p999,p9999,gini_total,p90_total,p99_total,p999_total,p9999_total,welfare,welfare0,approval,approval0,conceal_share_e,conceal_share_n,evasion_share_e,evasion_share_n,conceal_frac_e,conceal_frac_n,evasion_frac_e,evasion_frac_n,shelter_pct_e,shelter_pct_n,detection_rate,detection_revenue,wtax_evasion_elast
65.42815152,2.84949656,2.84949656,0.00000000,29.58249726,257.71287145,50.74474703,1.28280990,0.15437339,0.04154544,0.03470330,35.12916683,0.25000000,0.18641123,1.87792870,6.93795863,0.00000000,0.00000000,9.18235041,0.01183365,1.01512040,0.62915787,0.00000000,0.00000000,0.00000000,0.00000000,0.74970793,0.38414967,0.71314190,0.84910021,0.93621532,0.74970793,0.38414967,0.71314190,0.84910021,0.93621532,-23.23666335,-46.21855685,0.84022304,0.47334200,-nan,-nan,-nan,-nan,0.00000000,0.00000000,0.00000000,0.00000000,0.00000000,0.00000000,-nan,0.00000000,13.26872719
