Y,A,A_rep,A_hid,L,Q,K,W,P,r,taua,abar,tauk,taul,WtaxRev,KtaxRev,WtaxRev_lost,KtaxRev_lost,G,lump_sum,ylbar,WtaxPct,ShelterPct,ShelterPctP99,TaxEvasionP99,ConcealPctP99,gini,p90,p99,p999,p9999,gini_total,p90_total,p99_total,p999_total,p9999_total,welfare,welfare0,approval,approval0,conceal_share_e,conceal_share_n,evasion_share_e,evasion_share_n,conceal_frac_e,conceal_frac_n,evasion_frac_e,evasion_frac_n,shelter_pct_e,shelter_pct_n,detection_rate,detection_revenue,wtax_evasion_elast
65.57870841,2.85608433,2.85608433,0.00000000,29.60403779,258.85089887,50.98619436,1.28482371,0.15411602,0.04132145,0.03246346,35.05156690,0.25000000,0.18639044,1.80047067,6.92986342,0.00000000,0.00000000,9.18235041,0.01146651,1.01512040,0.86042640,0.00000000,0.00000000,0.00000000,0.00000000,0.75109163,0.38195455,0.70939872,0.84659589,0.93527672,0.75109163,0.38195455,0.70939872,0.84659589,0.93527672,-23.24908653,-46.21235267,0.85378451,0.50685327,-nan,-nan,-nan,-nan,0.00000000,0.00000000,0.00000000,0.00000000,0.00000000,0.00000000,-nan,0.00000000,13.40519335
