Y,A,A_rep,A_hid,L,Q,K,W,P,r,taua,abar,tauk,taul,WtaxRev,KtaxRev,WtaxRev_lost,KtaxRev_lost,G,lump_sum,ylbar,WtaxPct,ShelterPct,ShelterPctP99,TaxEvasionP99,ConcealPctP99,gini,p90,p99,p999,p9999,gini_total,p90_total,p99_total,p999_total,p9999_total,welfare,welfare0,approval,approval0,conceal_share_e,conceal_share_n,evasion_share_e,evasion_share_n,conceal_frac_e,conceal_frac_n,evasion_frac_e,evasion_frac_n,shelter_pct_e,shelter_pct_n,detection_rate,detection_revenue,wtax_evasion_elast
65.56579339,2.85556507,2.85556507,0.00000000,29.60174699,258.75087707,50.96367674,1.28465360,0.15413709,0.04134251,0.03280999,35.49853535,0.25000000,0.18639317,1.80679905,6.93064696,0.00000000,0.00000000,9.18235041,0.01150214,1.01512040,0.63893340,0.00000000,0.00000000,0.00000000,0.00000000,0.75095725,0.38227727,0.70985107,0.84703984,0.93546320,0.75095725,0.38227727,0.70985107,0.84703984,0.93546320,-23.24711651,-46.21120411,0.85339497,0.50667878,-nan,-nan,-nan,-nan,0.00000000,0.00000000,0.00000000,0.00000000,0.00000000,0.00000000,-nan,0.00000000,13.37866496
