Y,A,A_rep,A_hid,L,Q,K,W,P,r,taua,abar,tauk,taul,WtaxRev,KtaxRev,WtaxRev_lost,KtaxRev_lost,G,lump_sum,ylbar,WtaxPct,ShelterPct,ShelterPctP99,TaxEvasionP99,ConcealPctP99,gini,p90,p99,p999,p9999,gini_total,p90_total,p99_total,p999_total,p9999_total,welfare,welfare0,approval,approval0,conceal_share_e,conceal_share_n,evasion_share_e,evasion_share_n,conceal_frac_e,conceal_frac_n,evasion_frac_e,evasion_frac_n,shelter_pct_e,shelter_pct_n,detection_rate,detection_revenue,wtax_evasion_elast
65.58331324,2.85631673,2.85631673,0.00000000,29.60432849,258.88096513,50.99265868,1.28488396,0.15410843,0.04131491,0.03248750,35.29565581,0.25000000,0.18639126,1.79788027,6.92970051,0.00000000,0.00000000,9.18235041,0.01146043,1.01512040,0.63859089,0.00000000,0.00000000,0.00000000,0.00000000,0.75113452,0.38187938,0.70933882,0.84665158,0.93530474,0.75113452,0.38187938,0.70933882,0.84665158,0.93530474,-23.24878564,-46.21088178,0.85493947,0.50995652,-nan,-nan,-nan,-nan,0.00000000,0.00000000,0.00000000,0.00000000,0.00000000,0.00000000,-nan,0.00000000,13.40199164
