Y,A,A_rep,A_hid,L,Q,K,W,P,r,taua,abar,tauk,taul,WtaxRev,KtaxRev,WtaxRev_lost,KtaxRev_lost,G,lump_sum,ylbar,WtaxPct,ShelterPct,ShelterPctP99,TaxEvasionP99,ConcealPctP99,gini,p90,p99,p999,p9999,gini_total,p90_total,p99_total,p999_total,p9999_total,welfare,welfare0,approval,approval0,conceal_share_e,conceal_share_n,evasion_share_e,evasion_share_n,conceal_frac_e,conceal_frac_n,evasion_frac_e,evasion_frac_n,shelter_pct_e,shelter_pct_n,detection_rate,detection_revenue,wtax_evasion_elast
64.77336511,2.81502676,2.81502676,0.00000000,29.50425813,252.70609453,49.55917745,1.27333550,0.15555041,0.04279703,0.03688108,24.04374778,0.25000000,0.18648101,2.19523840,6.98112393,0.00000000,0.00000000,9.18235041,0.01323335,1.01512040,1.49409741,0.00000000,0.00000000,0.00000000,0.00000000,0.74241659,0.39545578,0.72029234,0.84808916,0.93527539,0.74241659,0.39545578,0.72029234,0.84808916,0.93527539,-23.20202523,-46.30416219,0.78968184,0.41641391,-nan,-nan,-nan,-nan,0.00000000,0.00000000,0.00000000,0.00000000,0.00000000,0.00000000,-nan,0.00000000,13.27264769
