Y,A,A_rep,A_hid,L,Q,K,W,P,r,taua,abar,tauk,taul,WtaxRev,KtaxRev,WtaxRev_lost,KtaxRev_lost,G,lump_sum,ylbar,WtaxPct,ShelterPct,ShelterPctP99,TaxEvasionP99,ConcealPctP99,gini,p90,p99,p999,p9999,gini_total,p90_total,p99_total,p999_total,p9999_total,welfare,welfare0,approval,approval0,conceal_share_e,conceal_share_n,evasion_share_e,evasion_share_n,conceal_frac_e,conceal_frac_n,evasion_frac_e,evasion_frac_n,shelter_pct_e,shelter_pct_n,detection_rate,detection_revenue,wtax_evasion_elast
64.88415714,2.82758858,2.82758858,0.00000000,29.50482118,253.50950863,49.97448816,1.27549233,0.15537234,0.04218347,0.04738374,41.79475923,0.25000000,0.18646967,2.13911221,6.96533193,0.00000000,0.00000000,9.18235041,0.01283862,1.01512040,0.49989336,0.00000000,0.00000000,0.00000000,0.00000000,0.74453400,0.39196206,0.72869774,0.86345573,0.94184460,0.74453400,0.39196206,0.72869774,0.86345573,0.94184460,-23.21690130,-46.29105643,0.79456236,0.42064686,-nan,-nan,-nan,-nan,0.00000000,0.00000000,0.00000000,0.00000000,0.00000000,0.00000000,-nan,0.00000000,12.52763948
