Y,A,A_rep,A_hid,L,Q,K,W,P,r,taua,abar,tauk,taul,WtaxRev,KtaxRev,WtaxRev_lost,KtaxRev_lost,G,lump_sum,ylbar,WtaxPct,ShelterPct,ShelterPctP99,TaxEvasionP99,ConcealPctP99,gini,p90,p99,p999,p9999,gini_total,p90_total,p99_total,p999_total,p9999_total,welfare,welfare0,approval,approval0,conceal_share_e,conceal_share_n,evasion_share_e,evasion_share_n,conceal_frac_e,conceal_frac_n,evasion_frac_e,evasion_frac_n,shelter_pct_e,shelter_pct_n,detection_rate,detection_revenue,wtax_evasion_elast
65.57466029,2.85572339,2.85572339,0.00000000,29.60342834,258.80405578,50.96810350,1.28472433,0.15412567,0.04134470,0.03224001,34.55561778,0.25000000,0.18639219,1.80224822,6.93094232,0.00000000,0.00000000,9.18235041,0.01148342,1.01512040,0.84918403,0.00000000,0.00000000,0.00000000,0.00000000,0.75104697,0.38207569,0.70917994,0.84619350,0.93510739,0.75104697,0.38207569,0.70917994,0.84619350,0.93510739,-23.24872648,-46.21341685,0.85313158,0.50626498,-nan,-nan,-nan,-nan,0.00000000,0.00000000,0.00000000,0.00000000,0.00000000,0.00000000,-nan,0.00000000,13.39875788
