Y,A,A_rep,A_hid,L,Q,K,W,P,r,taua,abar,tauk,taul,WtaxRev,KtaxRev,WtaxRev_lost,KtaxRev_lost,G,lump_sum,ylbar,WtaxPct,ShelterPct,ShelterPctP99,TaxEvasionP99,ConcealPctP99,gini,p90,p99,p999,p9999,gini_total,p90_total,p99_total,p999_total,p9999_total,welfare,welfare0,approval,approval0,conceal_share_e,conceal_share_n,evasion_share_e,evasion_share_n,conceal_frac_e,conceal_frac_n,evasion_frac_e,evasion_frac_n,shelter_pct_e,shelter_pct_n,detection_rate,detection_revenue,wtax_evasion_elast
65.55419917,2.85508411,2.85508411,0.00000000,29.60024284,258.66566876,50.94671826,1.28450195,0.15415688,0.04135756,0.03300362,35.57352569,0.25000000,0.18639329,1.81271402,6.93118177,0.00000000,0.00000000,9.18235041,0.01151868,1.01512040,0.63898010,0.00000000,0.00000000,0.00000000,0.00000000,0.75086694,0.38235617,0.71015005,0.84727496,0.93553597,0.75086694,0.38235617,0.71015005,0.84727496,0.93553597,-23.24755317,-46.21416013,0.85143308,0.50624116,-nan,-nan,-nan,-nan,0.00000000,0.00000000,0.00000000,0.00000000,0.00000000,0.00000000,-nan,0.00000000,13.36545480
