Y,A,A_rep,A_hid,L,Q,K,W,P,r,taua,abar,tauk,taul,WtaxRev,KtaxRev,WtaxRev_lost,KtaxRev_lost,G,lump_sum,ylbar,WtaxPct,ShelterPct,ShelterPctP99,TaxEvasionP99,ConcealPctP99,gini,p90,p99,p999,p9999,gini_total,p90_total,p99_total,p999_total,p9999_total,welfare,welfare0,approval,approval0,conceal_share_e,conceal_share_n,evasion_share_e,evasion_share_n,conceal_frac_e,conceal_frac_n,evasion_frac_e,evasion_frac_n,shelter_pct_e,shelter_pct_n,detection_rate,detection_revenue,wtax_evasion_elast
65.60235989,2.85705091,2.85705091,0.00000000,29.60739058,259.02891119,51.02190357,1.28513611,0.15407543,0.04128996,0.03214255,35.10335967,0.25000000,0.18638751,1.78790105,6.92859666,0.00000000,0.00000000,9.18235041,0.01140168,1.01512040,0.63818077,0.00000000,0.00000000,0.00000000,0.00000000,0.75131782,0.38158060,0.70879508,0.84621496,0.93512653,0.75131782,0.38158060,0.70879508,0.84621496,0.93512653,-23.25173844,-46.21320009,0.85566252,0.50991684,-nan,-nan,-nan,-nan,0.00000000,0.00000000,0.00000000,0.00000000,0.00000000,0.00000000,-nan,0.00000000,13.42660847
