Y,A,A_rep,A_hid,L,Q,K,W,P,r,taua,abar,tauk,taul,WtaxRev,KtaxRev,WtaxRev_lost,KtaxRev_lost,G,lump_sum,ylbar,WtaxPct,ShelterPct,ShelterPctP99,TaxEvasionP99,ConcealPctP99,gini,p90,p99,p999,p9999,gini_total,p90_total,p99_total,p999_total,p9999_total,welfare,welfare0,approval,approval0,conceal_share_e,conceal_share_n,evasion_share_e,evasion_share_n,conceal_frac_e,conceal_frac_n,evasion_frac_e,evasion_frac_n,shelter_pct_e,shelter_pct_n,detection_rate,detection_revenue,wtax_evasion_elast
73.41497250,3.10871641,2.86656491,0.24215149,30.12666671,330.03613994,65.62413232,1.41337756,0.13864405,0.02942841,0.01447774,654.51807013,0.25000000,0.18606196,0.21053017,5.87478333,0.24336432,0.55935896,9.29156816,0.00056246,1.08952447,0.02040205,0.10800526,58.98521618,11.44067024,55.88410439,0.76755773,0.35720766,0.67228782,0.84568442,0.94772257,0.78561538,0.32938320,0.61998085,0.78433923,0.91328215,-23.76391886,-47.69251696,0.39568095,0.02966519,0.28406830,0.71593170,0.74095710,0.25904290,0.06749895,0.08296411,0.06922841,0.01441830,0.39976404,0.03756241,0.67882244,0.06962179,42.63759733
