Y,A,A_rep,A_hid,L,Q,K,W,P,r,taua,abar,tauk,taul,WtaxRev,KtaxRev,WtaxRev_lost,KtaxRev_lost,G,lump_sum,ylbar,WtaxPct,ShelterPct,ShelterPctP99,TaxEvasionP99,ConcealPctP99,gini,p90,p99,p999,p9999,gini_total,p90_total,p99_total,p999_total,p9999_total,welfare,welfare0,approval,approval0,conceal_share_e,conceal_share_n,evasion_share_e,evasion_share_n,conceal_frac_e,conceal_frac_n,evasion_frac_e,evasion_frac_n,shelter_pct_e,shelter_pct_n,detection_rate,detection_revenue,wtax_evasion_elast
65.53903488,2.85433683,2.85433683,0.00000000,29.59826807,258.55397044,50.92148320,1.28429910,0.15418218,0.04138231,0.03306443,35.08844511,0.25000000,0.18639660,1.82119836,6.93190351,0.00000000,0.00000000,9.18235041,0.01156556,1.01512040,0.85984869,0.00000000,0.00000000,0.00000000,0.00000000,0.75072277,0.38256972,0.71041794,0.84729577,0.93553787,0.75072277,0.38256972,0.71041794,0.84729577,0.93553787,-23.24546658,-46.21345770,0.85101097,0.50138269,-nan,-nan,-nan,-nan,0.00000000,0.00000000,0.00000000,0.00000000,0.00000000,0.00000000,-nan,0.00000000,13.37054915
