Y,A,A_rep,A_hid,L,Q,K,W,P,r,taua,abar,tauk,taul,WtaxRev,KtaxRev,WtaxRev_lost,KtaxRev_lost,G,lump_sum,ylbar,WtaxPct,ShelterPct,ShelterPctP99,TaxEvasionP99,ConcealPctP99,gini,p90,p99,p999,p9999,gini_total,p90_total,p99_total,p999_total,p9999_total,welfare,welfare0,approval,approval0,conceal_share_e,conceal_share_n,evasion_share_e,evasion_share_n,conceal_frac_e,conceal_frac_n,evasion_frac_e,evasion_frac_n,shelter_pct_e,shelter_pct_n,detection_rate,detection_revenue,wtax_evasion_elast
73.44924638,3.11048554,2.90598160,0.20450393,30.12452966,330.55301524,65.58410671,1.41413122,0.13851286,0.02951359,0.01844818,1238.40901015,0.25000000,0.18606724,0.17243063,5.92333534,0.20657087,0.53614617,9.29156816,0.00079054,1.08952447,0.01017110,0.10472859,52.53915478,10.52010097,51.47299235,0.77055519,0.35259802,0.66302613,0.83321913,0.94681655,0.78559799,0.32941589,0.61949419,0.78288497,0.91255795,-23.73277813,-47.62482571,0.52833553,0.20946598,0.30333217,0.69666783,0.76380420,0.23619580,0.06088916,0.06811249,0.06623564,0.01217995,0.39479043,0.03469546,0.66789950,0.06156020,36.20182565
