Y,A,A_rep,A_hid,L,Q,K,W,P,r,taua,abar,tauk,taul,WtaxRev,KtaxRev,WtaxRev_lost,KtaxRev_lost,G,lump_sum,ylbar,WtaxPct,ShelterPct,ShelterPctP99,TaxEvasionP99,ConcealPctP99,gini,p90,p99,p999,p9999,gini_total,p90_total,p99_total,p999_total,p9999_total,welfare,welfare0,approval,approval0,conceal_share_e,conceal_share_n,evasion_share_e,evasion_share_n,conceal_frac_e,conceal_frac_n,evasion_frac_e,evasion_frac_n,shelter_pct_e,shelter_pct_n,detection_rate,detection_revenue,wtax_evasion_elast
65.57326036,2.85580958,2.85580958,0.00000000,29.60320571,258.81017100,50.97717916,1.28475306,0.15412494,0.04132995,0.03255462,35.06766497,0.25000000,0.18639132,1.80355917,6.93008968,0.00000000,0.00000000,9.18235041,0.01148308,1.01512040,0.86059693,0.00000000,0.00000000,0.00000000,0.00000000,0.75104185,0.38202868,0.70952280,0.84669735,0.93530622,0.75104185,0.38202868,0.70952280,0.84669735,0.93530622,-23.24834689,-46.21190463,0.85369820,0.50689343,-nan,-nan,-nan,-nan,0.00000000,0.00000000,0.00000000,0.00000000,0.00000000,0.00000000,-nan,0.00000000,13.39803190
