Y,A,A_rep,A_hid,L,Q,K,W,P,r,taua,abar,tauk,taul,WtaxRev,KtaxRev,WtaxRev_lost,KtaxRev_lost,G,lump_sum,ylbar,WtaxPct,ShelterPct,ShelterPctP99,TaxEvasionP99,ConcealPctP99,gini,p90,p99,p999,p9999,gini_total,p90_total,p99_total,p999_total,p9999_total,welfare,welfare0,approval,approval0,conceal_share_e,conceal_share_n,evasion_share_e,evasion_share_n,conceal_frac_e,conceal_frac_n,evasion_frac_e,evasion_frac_n,shelter_pct_e,shelter_pct_n,detection_rate,detection_revenue,wtax_evasion_elast
73.50041967,3.11082258,2.91467477,0.19614781,30.12453690,331.37003830,65.44535772,1.41513602,0.13830380,0.02973886,0.01220738,980.17376458,0.25000000,0.18606770,0.17369693,5.92148315,0.13529506,0.54270832,9.29156816,0.00078848,1.08952447,0.01413284,0.10462795,39.06185304,8.69223248,55.52315866,0.77033672,0.35275173,0.66177270,0.82952126,0.93860262,0.78477411,0.33050954,0.62009339,0.78172391,0.91005230,-23.70556983,-47.57198115,0.69138001,0.34389975,0.25989413,0.74010587,0.78921441,0.21078559,0.05015847,0.06931048,0.06281900,0.00993546,0.39237123,0.03515462,0.66921232,0.04727497,32.88403917
