Y,A,A_rep,A_hid,L,Q,K,W,P,r,taua,abar,tauk,taul,WtaxRev,KtaxRev,WtaxRev_lost,KtaxRev_lost,G,lump_sum,ylbar,WtaxPct,ShelterPct,ShelterPctP99,TaxEvasionP99,ConcealPctP99,gini,p90,p99,p999,p9999,gini_total,p90_total,p99_total,p999_total,p9999_total,welfare,welfare0,approval,approval0,conceal_share_e,conceal_share_n,evasion_share_e,evasion_share_n,conceal_frac_e,conceal_frac_n,evasion_frac_e,evasion_frac_n,shelter_pct_e,shelter_pct_n,detection_rate,detection_revenue,wtax_evasion_elast
65.11668141,2.83779890,2.83779890,0.00000000,29.53676560,255.28255783,50.33768771,1.27867573,0.15495363,0.04184603,0.04563290,47.21257642,0.25000000,0.18643676,2.01602100,6.95251984,0.00000000,0.00000000,9.18235041,0.01224861,1.01512040,0.54911334,0.00000000,0.00000000,0.00000000,0.00000000,0.74665455,0.38847830,0.72378876,0.86242571,0.94169941,0.74665455,0.38847830,0.72378876,0.86242571,0.94169941,-23.23555374,-46.27943346,0.80491392,0.43423381,-nan,-nan,-nan,-nan,0.00000000,0.00000000,0.00000000,0.00000000,0.00000000,0.00000000,-nan,0.00000000,12.63691032
