Y,A,A_rep,A_hid,L,Q,K,W,P,r,taua,abar,tauk,taul,WtaxRev,KtaxRev,WtaxRev_lost,KtaxRev_lost,G,lump_sum,ylbar,WtaxPct,ShelterPct,ShelterPctP99,TaxEvasionP99,ConcealPctP99,gini,p90,p99,p999,p9999,gini_total,p90_total,p99_total,p999_total,p9999_total,welfare,welfare0,approval,approval0,conceal_share_e,conceal_share_n,evasion_share_e,evasion_share_n,conceal_frac_e,conceal_frac_n,evasion_frac_e,evasion_frac_n,shelter_pct_e,shelter_pct_n,detection_rate,detection_revenue,wtax_evasion_elast
65.45256140,2.84873795,2.84873795,0.00000000,29.59040452,257.87532356,50.73817451,1.28293732,0.15434231,0.04159080,0.03155797,29.33990245,0.25000000,0.18640663,1.86581935,6.93895594,0.00000000,0.00000000,9.18235041,0.01181147,1.01512040,1.13428601,0.00000000,0.00000000,0.00000000,0.00000000,0.74980372,0.38399415,0.70975393,0.84423482,0.93419738,0.74980372,0.38399415,0.70975393,0.84423482,0.93419738,-23.23907472,-46.22255256,0.84264822,0.47286234,-nan,-nan,-nan,-nan,0.00000000,0.00000000,0.00000000,0.00000000,0.00000000,0.00000000,-nan,0.00000000,13.47544077
