Y,A,A_rep,A_hid,L,Q,K,W,P,r,taua,abar,tauk,taul,WtaxRev,KtaxRev,WtaxRev_lost,KtaxRev_lost,G,lump_sum,ylbar,WtaxPct,ShelterPct,ShelterPctP99,TaxEvasionP99,ConcealPctP99,gini,p90,p99,p999,p9999,gini_total,p90_total,p99_total,p999_total,p9999_total,welfare,welfare0,approval,approval0,conceal_share_e,conceal_share_n,evasion_share_e,evasion_share_n,conceal_frac_e,conceal_frac_n,evasion_frac_e,evasion_frac_n,shelter_pct_e,shelter_pct_n,detection_rate,detection_revenue,wtax_evasion_elast
65.48712305,2.85124945,2.85124945,0.00000000,29.59257537,258.15195149,50.81782397,1.28352092,0.15427490,0.04149555,0.03279758,33.24119566,0.25000000,0.18640221,1.84624255,6.93580505,0.00000000,0.00000000,9.18235041,0.01168645,1.01512040,0.81902855,0.00000000,0.00000000,0.00000000,0.00000000,0.75016857,0.38342784,0.71065365,0.84653259,0.93518655,0.75016857,0.38342784,0.71065365,0.84653259,0.93518655,-23.24278515,-46.22076702,0.84540779,0.48022188,-nan,-nan,-nan,-nan,0.00000000,0.00000000,0.00000000,0.00000000,0.00000000,0.00000000,-nan,0.00000000,13.35494372
