Y,A,A_rep,A_hid,L,Q,K,W,P,r,taua,abar,tauk,taul,WtaxRev,KtaxRev,WtaxRev_lost,KtaxRev_lost,G,lump_sum,ylbar,WtaxPct,ShelterPct,ShelterPctP99,TaxEvasionP99,ConcealPctP99,gini,p90,p99,p999,p9999,gini_total,p90_total,p99_total,p999_total,p9999_total,welfare,welfare0,approval,approval0,conceal_share_e,conceal_share_n,evasion_share_e,evasion_share_n,conceal_frac_e,conceal_frac_n,evasion_frac_e,evasion_frac_n,shelter_pct_e,shelter_pct_n,detection_rate,detection_revenue,wtax_evasion_elast
73.53617450,3.11236091,2.93545388,0.17690703,30.12948143,331.73280188,65.46446521,1.41560685,0.13823647,0.02975528,0.01212447,1376.74741399,0.25000000,0.18606218,0.14054173,5.93141137,0.09994207,0.54494279,9.29156816,0.00061555,1.08952447,0.00973499,0.10300437,33.75347465,8.68084117,52.80441902,0.77181941,0.35045944,0.65705057,0.82304543,0.93676466,0.78474792,0.33053927,0.61975048,0.78074914,0.90932255,-23.71070296,-47.57945384,0.67762690,0.33148834,0.26841277,0.73158723,0.82033791,0.17966209,0.04672329,0.06174530,0.06233104,0.00806879,0.39039478,0.03361624,0.68100975,0.04638781,31.11257900
