Y,A,A_rep,A_hid,L,Q,K,W,P,r,taua,abar,tauk,taul,WtaxRev,KtaxRev,WtaxRev_lost,KtaxRev_lost,G,lump_sum,ylbar,WtaxPct,ShelterPct,ShelterPctP99,TaxEvasionP99,ConcealPctP99,gini,p90,p99,p999,p9999,gini_total,p90_total,p99_total,p999_total,p9999_total,welfare,welfare0,approval,approval0,conceal_share_e,conceal_share_n,evasion_share_e,evasion_share_n,conceal_frac_e,conceal_frac_n,evasion_frac_e,evasion_frac_n,shelter_pct_e,shelter_pct_n,detection_rate,detection_revenue,wtax_evasion_elast
65.85002255,2.86828891,2.86828891,0.00000000,29.64216918,260.90663572,51.42379906,1.28846218,0.15365356,0.04091760,0.03000000,39.59192591,0.25000000,0.18634742,1.64858341,6.91482772,0.00000000,0.00000000,9.18235041,0.01063309,1.01512040,0.68383498,0.00000000,0.00000000,0.00000000,0.00000000,0.75367914,0.37785512,0.70359474,0.84438901,0.93463759,0.75367914,0.37785512,0.70359474,0.84438901,0.93463759,-23.28502587,-46.23013097,0.87456396,0.60303534,-nan,-nan,-nan,-nan,0.00000000,0.00000000,0.00000000,0.00000000,0.00000000,0.00000000,-nan,0.00000000,13.56575659
