Y,A,A_rep,A_hid,L,Q,K,W,P,r,taua,abar,tauk,taul,WtaxRev,KtaxRev,WtaxRev_lost,KtaxRev_lost,G,lump_sum,ylbar,WtaxPct,ShelterPct,ShelterPctP99,TaxEvasionP99,ConcealPctP99,gini,p90,p99,p999,p9999,gini_total,p90_total,p99_total,p999_total,p9999_total,welfare,welfare0,approval,approval0,conceal_share_e,conceal_share_n,evasion_share_e,evasion_share_n,conceal_frac_e,conceal_frac_n,evasion_frac_e,evasion_frac_n,shelter_pct_e,shelter_pct_n,detection_rate,detection_revenue,wtax_evasion_elast
66.12889645,2.88169503,2.88169503,0.00000000,29.68150525,262.98472530,51.93066378,1.29221332,0.15320773,0.04041223,0.03246989,64.50632451,0.25000000,0.18628872,1.47870320,6.89805775,0.00000000,0.00000000,9.18235041,0.00953745,1.01512040,0.41446503,0.00000000,0.00000000,0.00000000,0.00000000,0.75616890,0.37384470,0.69930182,0.84924141,0.93712400,0.75616890,0.37384470,0.69930182,0.84924141,0.93712400,-23.33989841,-46.28227370,0.88008059,0.60491052,-nan,-nan,-nan,-nan,0.00000000,0.00000000,0.00000000,0.00000000,0.00000000,0.00000000,-nan,0.00000000,13.52876866
