Y,A,A_rep,A_hid,L,Q,K,W,P,r,taua,abar,tauk,taul,WtaxRev,KtaxRev,WtaxRev_lost,KtaxRev_lost,G,lump_sum,ylbar,WtaxPct,ShelterPct,ShelterPctP99,TaxEvasionP99,ConcealPctP99,gini,p90,p99,p999,p9999,gini_total,p90_total,p99_total,p999_total,p9999_total,welfare,welfare0,approval,approval0,conceal_share_e,conceal_share_n,evasion_share_e,evasion_share_n,conceal_frac_e,conceal_frac_n,evasion_frac_e,evasion_frac_n,shelter_pct_e,shelter_pct_n,detection_rate,detection_revenue,wtax_evasion_elast
65.57676561,2.85590596,2.85590596,0.00000000,29.60369058,258.83364838,50.98231384,1.28479571,0.15411980,0.04132516,0.03254069,35.13445536,0.25000000,0.18639136,1.80196722,6.92986105,0.00000000,0.00000000,9.18235041,0.01147348,1.01512040,0.63696183,0.00000000,0.00000000,0.00000000,0.00000000,0.75107542,0.38198118,0.70947756,0.84668434,0.93530383,0.75107542,0.38198118,0.70947756,0.84668434,0.93530383,-23.24891914,-46.21228816,0.85373350,0.50702782,-nan,-nan,-nan,-nan,0.00000000,0.00000000,0.00000000,0.00000000,0.00000000,0.00000000,-nan,0.00000000,13.39968777
