Y,A,A_rep,A_hid,L,Q,K,W,P,r,taua,abar,tauk,taul,WtaxRev,KtaxRev,WtaxRev_lost,KtaxRev_lost,G,lump_sum,ylbar,WtaxPct,ShelterPct,ShelterPctP99,TaxEvasionP99,ConcealPctP99,gini,p90,p99,p999,p9999,gini_total,p90_total,p99_total,p999_total,p9999_total,welfare,welfare0,approval,approval0,conceal_share_e,conceal_share_n,evasion_share_e,evasion_share_n,conceal_frac_e,conceal_frac_n,evasion_frac_e,evasion_frac_n,shelter_pct_e,shelter_pct_n,detection_rate,detection_revenue,wtax_evasion_elast
65.50232893,2.85166351,2.85166351,0.00000000,29.59528195,258.26464158,50.83309827,1.28369458,0.15424928,0.04148879,0.03210995,32.24544268,0.25000000,0.18640059,1.83802174,6.93542699,0.00000000,0.00000000,9.18235041,0.01166071,1.01512040,0.80185345,0.00000000,0.00000000,0.00000000,0.00000000,0.75029278,0.38319790,0.70981980,0.84548838,0.93475059,0.75029278,0.38319790,0.70981980,0.84548838,0.93475059,-23.24334556,-46.21929663,0.84682171,0.49816759,-nan,-nan,-nan,-nan,0.00000000,0.00000000,0.00000000,0.00000000,0.00000000,0.00000000,-nan,0.00000000,13.39942127
