Y,A,A_rep,A_hid,L,Q,K,W,P,r,taua,abar,tauk,taul,WtaxRev,KtaxRev,WtaxRev_lost,KtaxRev_lost,G,lump_sum,ylbar,WtaxPct,ShelterPct,ShelterPctP99,TaxEvasionP99,ConcealPctP99,gini,p90,p99,p999,p9999,gini_total,p90_total,p99_total,p999_total,p9999_total,welfare,welfare0,approval,approval0,conceal_share_e,conceal_share_n,evasion_share_e,evasion_share_n,conceal_frac_e,conceal_frac_n,evasion_frac_e,evasion_frac_n,shelter_pct_e,shelter_pct_n,detection_rate,detection_revenue,wtax_evasion_elast
73.69560456,3.11957062,2.95581488,0.16375575,30.15071365,333.14729341,65.70590312,1.41766282,0.13800519,0.02963364,0.00271238,969.07676116,0.25000000,0.18604472,0.04864524,5.94176230,0.02619217,0.53608710,9.29156816,0.00007042,1.08952447,0.01695106,0.10104005,32.01446343,8.00234311,51.41900721,0.77356013,0.34777349,0.65133063,0.81489020,0.92864833,0.78540731,0.32951780,0.61718387,0.77647864,0.90471530,-23.72914869,-47.59354788,0.41924697,0.05372049,0.27446569,0.72553431,0.89457212,0.10542788,0.04413645,0.05654290,0.05987664,0.00415081,0.38566614,0.03231934,0.67985405,0.04122337,64.81089810
