Y,A,A_rep,A_hid,L,Q,K,W,P,r,taua,abar,tauk,taul,WtaxRev,KtaxRev,WtaxRev_lost,KtaxRev_lost,G,lump_sum,ylbar,WtaxPct,ShelterPct,ShelterPctP99,TaxEvasionP99,ConcealPctP99,gini,p90,p99,p999,p9999,gini_total,p90_total,p99_total,p999_total,p9999_total,welfare,welfare0,approval,approval0,conceal_share_e,conceal_share_n,evasion_share_e,evasion_share_n,conceal_frac_e,conceal_frac_n,evasion_frac_e,evasion_frac_n,shelter_pct_e,shelter_pct_n,detection_rate,detection_revenue,wtax_evasion_elast
65.55386176,2.85388729,2.85388729,0.00000000,29.60319039,258.65346084,50.91594614,1.28437203,0.15416318,0.04141263,0.03128068,31.95399686,0.25000000,0.18639236,1.81113170,6.93254720,0.00000000,0.00000000,9.18235041,0.01152031,1.01512040,0.80054881,0.00000000,0.00000000,0.00000000,0.00000000,0.75077660,0.38244679,0.70850124,0.84448300,0.93438591,0.75077660,0.38244679,0.70850124,0.84448300,0.93438591,-23.24931547,-46.22085748,0.84968304,0.49952566,-nan,-nan,-nan,-nan,0.00000000,0.00000000,0.00000000,0.00000000,0.00000000,0.00000000,-nan,0.00000000,13.45785826
