Y,A,A_rep,A_hid,L,Q,K,W,P,r,taua,abar,tauk,taul,WtaxRev,KtaxRev,WtaxRev_lost,KtaxRev_lost,G,lump_sum,ylbar,WtaxPct,ShelterPct,ShelterPctP99,TaxEvasionP99,ConcealPctP99,gini,p90,p99,p999,p9999,gini_total,p90_total,p99_total,p999_total,p9999_total,welfare,welfare0,approval,approval0,conceal_share_e,conceal_share_n,evasion_share_e,evasion_share_n,conceal_frac_e,conceal_frac_n,evasion_frac_e,evasion_frac_n,shelter_pct_e,shelter_pct_n,detection_rate,detection_revenue,wtax_evasion_elast
65.83751231,2.86765241,2.86765241,0.00000000,29.64047878,260.81309419,51.40224047,1.28829367,0.15367426,0.04093863,0.03000000,39.09308532,0.25000000,0.18634974,1.65536193,6.91552217,0.00000000,0.00000000,9.18235041,0.01067197,1.01512040,0.67932254,0.00000000,0.00000000,0.00000000,0.00000000,0.75356946,0.37803486,0.70376776,0.84433835,0.93459834,0.75356946,0.37803486,0.70376776,0.84433835,0.93459834,-23.28332978,-46.22928359,0.87426140,0.60291252,-nan,-nan,-nan,-nan,0.00000000,0.00000000,0.00000000,0.00000000,0.00000000,0.00000000,-nan,0.00000000,13.56257155
