Y,A,A_rep,A_hid,L,Q,K,W,P,r,taua,abar,tauk,taul,WtaxRev,KtaxRev,WtaxRev_lost,KtaxRev_lost,G,lump_sum,ylbar,WtaxPct,ShelterPct,ShelterPctP99,TaxEvasionP99,ConcealPctP99,gini,p90,p99,p999,p9999,gini_total,p90_total,p99_total,p999_total,p9999_total,welfare,welfare0,approval,approval0,conceal_share_e,conceal_share_n,evasion_share_e,evasion_share_n,conceal_frac_e,conceal_frac_n,evasion_frac_e,evasion_frac_n,shelter_pct_e,shelter_pct_n,detection_rate,detection_revenue,wtax_evasion_elast
65.58225298,2.85569120,2.85569120,0.00000000,29.60550047,258.87624494,50.97564027,1.28482340,0.15410986,0.04134475,0.03183472,34.00408048,0.25000000,0.18638912,1.79748706,6.93031557,0.00000000,0.00000000,9.18235041,0.01145090,1.01512040,0.83739414,0.00000000,0.00000000,0.00000000,0.00000000,0.75107623,0.38202884,0.70865497,0.84557765,0.93485808,0.75107623,0.38202884,0.70865497,0.84557765,0.93485808,-23.25042221,-46.21580699,0.85351633,0.50615364,-nan,-nan,-nan,-nan,0.00000000,0.00000000,0.00000000,0.00000000,0.00000000,0.00000000,-nan,0.00000000,13.41414550
