Y,A,A_rep,A_hid,L,Q,K,W,P,r,taua,abar,tauk,taul,WtaxRev,KtaxRev,WtaxRev_lost,KtaxRev_lost,G,lump_sum,ylbar,WtaxPct,ShelterPct,ShelterPctP99,TaxEvasionP99,ConcealPctP99,gini,p90,p99,p999,p9999,gini_total,p90_total,p99_total,p999_total,p9999_total,welfare,welfare0,approval,approval0,conceal_share_e,conceal_share_n,evasion_share_e,evasion_share_n,conceal_frac_e,conceal_frac_n,evasion_frac_e,evasion_frac_n,shelter_pct_e,shelter_pct_n,detection_rate,detection_revenue,wtax_evasion_elast
73.46481031,3.10939594,2.91242889,0.19696705,30.11982406,331.04318308,65.39641658,1.41466865,0.13835912,0.02975959,0.01374917,967.52935219,0.25000000,0.18607146,0.19173169,5.92274158,0.15482253,0.54239522,9.29156816,0.00092164,1.08952447,0.01407385,0.10458116,40.48860033,8.80710721,55.37383663,0.77019511,0.35298761,0.66243729,0.83074145,0.93962933,0.78470846,0.33062734,0.62052215,0.78263688,0.91090347,-23.70191219,-47.56846640,0.69938200,0.35372755,0.26115471,0.73884529,0.77381794,0.22618206,0.05062778,0.06951844,0.06319640,0.01094851,0.39129754,0.03535576,0.66922154,0.04795646,31.26173687
