Y,A,A_rep,A_hid,L,Q,K,W,P,r,taua,abar,tauk,taul,WtaxRev,KtaxRev,WtaxRev_lost,KtaxRev_lost,G,lump_sum,ylbar,WtaxPct,ShelterPct,ShelterPctP99,TaxEvasionP99,ConcealPctP99,gini,p90,p99,p999,p9999,gini_total,p90_total,p99_total,p999_total,p9999_total,welfare,welfare0,approval,approval0,conceal_share_e,conceal_share_n,evasion_share_e,evasion_share_n,conceal_frac_e,conceal_frac_n,evasion_frac_e,evasion_frac_n,shelter_pct_e,shelter_pct_n,detection_rate,detection_revenue,wtax_evasion_elast
65.47711109,2.85069786,2.85069786,0.00000000,29.59158228,258.07391699,50.79874196,1.28336901,0.15429348,0.04151604,0.03273359,32.83891039,0.25000000,0.18640349,1.85096715,6.93650601,0.00000000,0.00000000,9.18235041,0.01170818,1.01512040,0.81007591,0.00000000,0.00000000,0.00000000,0.00000000,0.75007353,0.38360850,0.71075181,0.84633803,0.93509084,0.75007353,0.38360850,0.71075181,0.84633803,0.93509084,-23.24243350,-46.22262458,0.84394714,0.47996198,-nan,-nan,-nan,-nan,0.00000000,0.00000000,0.00000000,0.00000000,0.00000000,0.00000000,-nan,0.00000000,13.35916084
