Y,A,A_rep,A_hid,L,Q,K,W,P,r,taua,abar,tauk,taul,WtaxRev,KtaxRev,WtaxRev_lost,KtaxRev_lost,G,lump_sum,ylbar,WtaxPct,ShelterPct,ShelterPctP99,TaxEvasionP99,ConcealPctP99,gini,p90,p99,p999,p9999,gini_total,p90_total,p99_total,p999_total,p9999_total,welfare,welfare0,approval,approval0,conceal_share_e,conceal_share_n,evasion_share_e,evasion_share_n,conceal_frac_e,conceal_frac_n,evasion_frac_e,evasion_frac_n,shelter_pct_e,shelter_pct_n,detection_rate,detection_revenue,wtax_evasion_elast
65.47887092,2.85041394,2.85041394,0.00000000,29.59264978,258.08056935,50.79167975,1.28334868,0.15429300,0.04153060,0.03193311,31.04591969,0.25000000,0.18640320,1.85113136,6.93705184,0.00000000,0.00000000,9.18235041,0.01173350,1.01512040,0.78327097,0.00000000,0.00000000,0.00000000,0.00000000,0.75010000,0.38352898,0.71000939,0.84502101,0.93454376,0.75010000,0.38352898,0.71000939,0.84502101,0.93454376,-23.24121204,-46.22063097,0.84490792,0.48020731,-nan,-nan,-nan,-nan,0.00000000,0.00000000,0.00000000,0.00000000,0.00000000,0.00000000,-nan,0.00000000,13.42455200
