Y,A,A_rep,A_hid,L,Q,K,W,P,r,taua,abar,tauk,taul,WtaxRev,KtaxRev,WtaxRev_lost,KtaxRev_lost,G,lump_sum,ylbar,WtaxPct,ShelterPct,ShelterPctP99,TaxEvasionP99,ConcealPctP99,gini,p90,p99,p999,p9999,gini_total,p90_total,p99_total,p999_total,p9999_total,welfare,welfare0,approval,approval0,conceal_share_e,conceal_share_n,evasion_share_e,evasion_share_n,conceal_frac_e,conceal_frac_n,evasion_frac_e,evasion_frac_n,shelter_pct_e,shelter_pct_n,detection_rate,detection_revenue,wtax_evasion_elast
65.57770418,2.85601932,2.85601932,0.00000000,29.60379119,258.84027824,50.98410508,1.28480734,0.15411831,0.04132317,0.03250062,35.07116554,0.25000000,0.18639099,1.80143108,6.92993589,0.00000000,0.00000000,9.18235041,0.01147118,1.01512040,0.86081772,0.00000000,0.00000000,0.00000000,0.00000000,0.75107833,0.38196717,0.70943882,0.84664163,0.93528780,0.75107833,0.38196717,0.70943882,0.84664163,0.93528780,-23.24891749,-46.21228637,0.85378423,0.50697314,-nan,-nan,-nan,-nan,0.00000000,0.00000000,0.00000000,0.00000000,0.00000000,0.00000000,-nan,0.00000000,13.40313081
