Y,A,A_rep,A_hid,L,Q,K,W,P,r,taua,abar,tauk,taul,WtaxRev,KtaxRev,WtaxRev_lost,KtaxRev_lost,G,lump_sum,ylbar,WtaxPct,ShelterPct,ShelterPctP99,TaxEvasionP99,ConcealPctP99,gini,p90,p99,p999,p9999,gini_total,p90_total,p99_total,p999_total,p9999_total,welfare,welfare0,approval,approval0,conceal_share_e,conceal_share_n,evasion_share_e,evasion_share_n,conceal_frac_e,conceal_frac_n,evasion_frac_e,evasion_frac_n,shelter_pct_e,shelter_pct_n,detection_rate,detection_revenue,wtax_evasion_elast
65.58954198,2.85655713,2.85655713,0.00000000,29.60541979,258.93152501,51.00328075,1.28497000,0.15409742,0.04130542,0.03243094,35.37627826,0.25000000,0.18638903,1.79479035,6.92923605,0.00000000,0.00000000,9.18235041,0.01143537,1.01512040,0.63936605,0.00000000,0.00000000,0.00000000,0.00000000,0.75119157,0.38181313,0.70921822,0.84659865,0.93528401,0.75119157,0.38181313,0.70921822,0.84659865,0.93528401,-23.25035077,-46.21266133,0.85491150,0.50995652,-nan,-nan,-nan,-nan,0.00000000,0.00000000,0.00000000,0.00000000,0.00000000,0.00000000,-nan,0.00000000,13.40404656
