Y,A,A_rep,A_hid,L,Q,K,W,P,r,taua,abar,tauk,taul,WtaxRev,KtaxRev,WtaxRev_lost,KtaxRev_lost,G,lump_sum,ylbar,WtaxPct,ShelterPct,ShelterPctP99,TaxEvasionP99,ConcealPctP99,gini,p90,p99,p999,p9999,gini_total,p90_total,p99_total,p999_total,p9999_total,welfare,welfare0,approval,approval0,conceal_share_e,conceal_share_n,evasion_share_e,evasion_share_n,conceal_frac_e,conceal_frac_n,evasion_frac_e,evasion_frac_n,shelter_pct_e,shelter_pct_n,detection_rate,detection_revenue,wtax_evasion_elast
65.15593237,2.83383349,2.83383349,0.00000000,29.55270580,255.61714369,50.21282397,1.27874520,0.15486299,0.04212911,0.03366031,26.54591280,0.25000000,0.18643963,2.01107012,6.95770623,0.00000000,0.00000000,9.18235041,0.01246483,1.01512040,0.99268852,0.00000000,0.00000000,0.00000000,0.00000000,0.74650880,0.38918254,0.71348393,0.84553662,0.93454309,0.74650880,0.38918254,0.71348393,0.84553662,0.93454309,-23.21872719,-46.25287242,0.81569254,0.44816793,-nan,-nan,-nan,-nan,0.00000000,0.00000000,0.00000000,0.00000000,0.00000000,0.00000000,-nan,0.00000000,13.37516740
