Y,A,A_rep,A_hid,L,Q,K,W,P,r,taua,abar,tauk,taul,WtaxRev,KtaxRev,WtaxRev_lost,KtaxRev_lost,G,lump_sum,ylbar,WtaxPct,ShelterPct,ShelterPctP99,TaxEvasionP99,ConcealPctP99,gini,p90,p99,p999,p9999,gini_total,p90_total,p99_total,p999_total,p9999_total,welfare,welfare0,approval,approval0,conceal_share_e,conceal_share_n,evasion_share_e,evasion_share_n,conceal_frac_e,conceal_frac_n,evasion_frac_e,evasion_frac_n,shelter_pct_e,shelter_pct_n,detection_rate,detection_revenue,wtax_evasion_elast
65.81577334,2.86715693,2.86715693,0.00000000,29.63588738,260.65797743,51.38038265,1.28807105,0.15370619,0.04094751,0.03164799,42.98396220,0.25000000,0.18635038,1.66446417,6.91607765,0.00000000,0.00000000,9.18235041,0.01068907,1.01512040,0.54869195,0.00000000,0.00000000,0.00000000,0.00000000,0.75333186,0.37838393,0.70514549,0.84678202,0.93559159,0.75333186,0.37838393,0.70514549,0.84678202,0.93559159,-23.28260281,-46.23131348,0.86979198,0.52881459,-nan,-nan,-nan,-nan,0.00000000,0.00000000,0.00000000,0.00000000,0.00000000,0.00000000,-nan,0.00000000,13.47589080
