Y,A,A_rep,A_hid,L,Q,K,W,P,r,taua,abar,tauk,taul,WtaxRev,KtaxRev,WtaxRev_lost,KtaxRev_lost,G,lump_sum,ylbar,WtaxPct,ShelterPct,ShelterPctP99,TaxEvasionP99,ConcealPctP99,gini,p90,p99,p999,p9999,gini_total,p90_total,p99_total,p999_total,p9999_total,welfare,welfare0,approval,approval0,conceal_share_e,conceal_share_n,evasion_share_e,evasion_share_n,conceal_frac_e,conceal_frac_n,evasion_frac_e,evasion_frac_n,shelter_pct_e,shelter_pct_n,detection_rate,detection_revenue,wtax_evasion_elast
63.84204326,2.43097511,1.09924812,1.33172699,30.78997797,229.93987153,45.36026355,1.20260731,0.16690810,0.04992809,0.04210526,0.00000000,0.25000000,0.18496950,4.62841321,4.93319360,5.60727162,0.85934373,9.26471875,0.00120806,1.08954006,74.76235321,0.84853189,96.63430114,20.69330651,72.09439482,0.84359127,0.26769780,0.76007399,0.83010533,0.89338123,0.92729003,0.12104867,0.34453811,0.63077229,0.85824945,-30.83367945,-62.03509626,0.06858978,0.00257329,0.31384304,0.68615696,0.39635844,0.60364156,0.46922911,0.59326252,0.21054552,0.19590112,1.46571481,0.69951797,0.11951894,0.00000000,26.78560722
