Y,A,A_rep,A_hid,L,Q,K,W,P,r,taua,abar,tauk,taul,WtaxRev,KtaxRev,WtaxRev_lost,KtaxRev_lost,G,lump_sum,ylbar,WtaxPct,ShelterPct,ShelterPctP99,TaxEvasionP99,ConcealPctP99,gini,p90,p99,p999,p9999,gini_total,p90_total,p99_total,p999_total,p9999_total,welfare,welfare0,approval,approval0,conceal_share_e,conceal_share_n,evasion_share_e,evasion_share_n,conceal_frac_e,conceal_frac_n,evasion_frac_e,evasion_frac_n,shelter_pct_e,shelter_pct_n,detection_rate,detection_revenue,wtax_evasion_elast
61.56598875,2.27568348,0.98880159,1.28688189,30.86663463,211.69069032,40.03618785,1.15687446,0.17339706,0.05918261,0.05333333,0.00000000,0.25000000,0.18468257,5.27360834,5.03673528,6.86336992,0.71077191,9.36881528,-0.00093588,1.08945147,71.27434940,1.07527298,97.69518456,15.41315038,63.65172410,0.86384616,0.23375797,0.71878269,0.75867817,0.85883504,0.93816868,0.10156960,0.32372350,0.62276324,0.86065548,-32.56840769,-65.99618391,0.00687736,0.00363438,0.29555587,0.70444413,0.35101921,0.64898079,0.45577627,0.62902239,0.20737290,0.23259903,1.80598375,0.89884866,0.07262877,0.18641524,23.86368530
