Y,A,A_rep,A_hid,L,Q,K,W,P,r,taua,abar,tauk,taul,WtaxRev,KtaxRev,WtaxRev_lost,KtaxRev_lost,G,lump_sum,ylbar,WtaxPct,ShelterPct,ShelterPctP99,TaxEvasionP99,ConcealPctP99,gini,p90,p99,p999,p9999,gini_total,p90_total,p99_total,p999_total,p9999_total,welfare,welfare0,approval,approval0,conceal_share_e,conceal_share_n,evasion_share_e,evasion_share_n,conceal_frac_e,conceal_frac_n,evasion_frac_e,evasion_frac_n,shelter_pct_e,shelter_pct_n,detection_rate,detection_revenue,wtax_evasion_elast
57.76640850,2.46643295,2.46643295,0.00000000,29.53838268,189.58843824,40.20423099,1.13429231,0.17967131,0.05201652,0.00000000,0.00000000,0.43947368,0.18636281,0.00000000,13.03740800,0.00000000,0.00000000,9.18363957,0.02174924,1.01507976,0.00000000,0.00000000,0.00000000,0.00000000,0.00000000,0.79419546,0.33024322,0.66007202,0.82131139,0.92823079,0.79419546,0.33024322,0.66007202,0.82131139,0.92823079,-26.31408804,-53.06353063,0.35371208,0.03666790,-nan,-nan,-nan,-nan,0.00000000,0.00000000,0.00000000,0.00000000,0.00000000,0.00000000,nan,0.00000000,-inf
