Y,A,A_rep,A_hid,L,Q,K,W,P,r,taua,abar,tauk,taul,WtaxRev,KtaxRev,WtaxRev_lost,KtaxRev_lost,G,lump_sum,ylbar,WtaxPct,ShelterPct,ShelterPctP99,TaxEvasionP99,ConcealPctP99,gini,p90,p99,p999,p9999,gini_total,p90_total,p99_total,p999_total,p9999_total,welfare,welfare0,approval,approval0,conceal_share_e,conceal_share_n,evasion_share_e,evasion_share_n,conceal_frac_e,conceal_frac_n,evasion_frac_e,evasion_frac_n,shelter_pct_e,shelter_pct_n,detection_rate,detection_revenue,wtax_evasion_elast
81.32862478,3.44919991,3.44919873,0.00000118,30.55905233,417.18288143,78.07121962,1.54358352,0.12438660,0.02396212,0.00000000,0.00000000,0.11666666,0.18567857,0.00000000,2.88798211,0.00000000,0.00001028,9.38401305,-0.01835307,1.08919905,0.00000000,0.00000079,0.00068414,0.00025388,4.52897336,0.77751795,0.33263903,0.60244559,0.76354480,0.89957350,0.77751803,0.33263891,0.60244539,0.76354454,0.89957319,-22.79266967,-45.03993493,0.59601025,0.95527391,0.02959736,0.97040264,0.00071459,0.99928541,0.00000003,0.00000049,0.00000000,0.00000077,0.00000012,0.00000095,0.26088899,0.00000020,inf
