Y,A,A_rep,A_hid,L,Q,K,W,P,r,taua,abar,tauk,taul,WtaxRev,KtaxRev,WtaxRev_lost,KtaxRev_lost,G,lump_sum,ylbar,WtaxPct,ShelterPct,ShelterPctP99,TaxEvasionP99,ConcealPctP99,gini,p90,p99,p999,p9999,gini_total,p90_total,p99_total,p999_total,p9999_total,welfare,welfare0,approval,approval0,conceal_share_e,conceal_share_n,evasion_share_e,evasion_share_n,conceal_frac_e,conceal_frac_n,evasion_frac_e,evasion_frac_n,shelter_pct_e,shelter_pct_n,detection_rate,detection_revenue,wtax_evasion_elast
64.71686062,2.80865089,2.80865089,0.00000000,29.86643506,246.09348863,50.47394362,1.25678982,0.15916715,0.04103517,0.00000000,0.00000000,0.32105263,0.18611655,0.00000000,8.97555508,0.00000000,0.00000000,9.18363957,0.01022792,1.01507976,0.00000000,0.00000000,0.00000000,0.00000000,0.00000000,0.78472210,0.33654154,0.64450393,0.80734881,0.92179018,0.78472210,0.33654154,0.64450393,0.80734881,0.92179018,-24.48214413,-48.45982448,0.39681255,0.05178867,-nan,-nan,-nan,-nan,0.00000000,0.00000000,0.00000000,0.00000000,0.00000000,0.00000000,nan,0.00000000,-inf
