Y,A,A_rep,A_hid,L,Q,K,W,P,r,taua,abar,tauk,taul,WtaxRev,KtaxRev,WtaxRev_lost,KtaxRev_lost,G,lump_sum,ylbar,WtaxPct,ShelterPct,ShelterPctP99,TaxEvasionP99,ConcealPctP99,gini,p90,p99,p999,p9999,gini_total,p90_total,p99_total,p999_total,p9999_total,welfare,welfare0,approval,approval0,conceal_share_e,conceal_share_n,evasion_share_e,evasion_share_n,conceal_frac_e,conceal_frac_n,evasion_frac_e,evasion_frac_n,shelter_pct_e,shelter_pct_n,detection_rate,detection_revenue,wtax_evasion_elast
64.34590776,1.76075047,1.76075047,0.00000000,30.26170117,234.44678139,53.06168707,1.23326824,0.16531363,0.03609944,0.03157895,0.00000000,0.25000000,0.18615097,5.56026473,6.21279771,0.00000000,0.00000000,9.18363957,0.03974055,1.01507976,71.47485773,0.00000000,0.00000000,0.00000000,0.00000000,0.91477773,0.14590901,0.42005003,0.63036822,0.82743528,0.91477773,0.14590901,0.42005003,0.63036822,0.82743528,-24.95036122,-47.71309488,0.54983943,0.61456164,-nan,-nan,-nan,-nan,0.00000000,0.00000000,0.00000000,0.00000000,0.00000000,0.00000000,nan,0.00000000,18.62945467
