Y,A,A_rep,A_hid,L,Q,K,W,P,r,taua,abar,tauk,taul,WtaxRev,KtaxRev,WtaxRev_lost,KtaxRev_lost,G,lump_sum,ylbar,WtaxPct,ShelterPct,ShelterPctP99,TaxEvasionP99,ConcealPctP99,gini,p90,p99,p999,p9999,gini_total,p90_total,p99_total,p999_total,p9999_total,welfare,welfare0,approval,approval0,conceal_share_e,conceal_share_n,evasion_share_e,evasion_share_n,conceal_frac_e,conceal_frac_n,evasion_frac_e,evasion_frac_n,shelter_pct_e,shelter_pct_n,detection_rate,detection_revenue,wtax_evasion_elast
61.81678566,2.29240412,0.96730269,1.32510143,30.88277860,213.11315523,40.83898089,1.16096268,0.17305456,0.05747074,0.05333333,0.00000000,0.25000000,0.18466612,5.15894754,4.97760227,7.06720749,0.74593936,9.38401305,-0.00101587,1.08919905,71.11732749,1.03441980,95.51959942,16.32823943,66.80634697,0.86505016,0.23113393,0.72294567,0.77041444,0.86298042,0.94050485,0.09752926,0.31357391,0.61549141,0.85472830,-32.50834917,-65.78816794,0.00668873,0.00344711,0.29296894,0.70703106,0.35099237,0.64900763,0.46174704,0.64539306,0.21289508,0.23996633,1.75130437,0.86133371,0.16045852,0.27382427,24.26301034
