Y,A,A_rep,A_hid,L,Q,K,W,P,r,taua,abar,tauk,taul,WtaxRev,KtaxRev,WtaxRev_lost,KtaxRev_lost,G,lump_sum,ylbar,WtaxPct,ShelterPct,ShelterPctP99,TaxEvasionP99,ConcealPctP99,gini,p90,p99,p999,p9999,gini_total,p90_total,p99_total,p999_total,p9999_total,welfare,welfare0,approval,approval0,conceal_share_e,conceal_share_n,evasion_share_e,evasion_share_n,conceal_frac_e,conceal_frac_n,evasion_frac_e,evasion_frac_n,shelter_pct_e,shelter_pct_n,detection_rate,detection_revenue,wtax_evasion_elast
59.18409334,2.53755100,2.53755100,0.00000000,29.59572065,200.54682245,42.23182249,1.15985999,0.17499989,0.04950045,0.00000000,0.00000000,0.41578947,0.18633962,0.00000000,12.18757432,0.00000000,0.00000000,9.18363957,0.02006859,1.01507976,0.00000000,0.00000000,0.00000000,0.00000000,0.00000000,0.79220665,0.33147408,0.65709634,0.81838459,0.92683042,0.79220665,0.33147408,0.65709634,0.81838459,0.92683042,-25.84435661,-51.89801111,0.36210593,0.03994667,-nan,-nan,-nan,-nan,0.00000000,0.00000000,0.00000000,0.00000000,0.00000000,0.00000000,nan,0.00000000,-inf
