Y,A,A_rep,A_hid,L,Q,K,W,P,r,taua,abar,tauk,taul,WtaxRev,KtaxRev,WtaxRev_lost,KtaxRev_lost,G,lump_sum,ylbar,WtaxPct,ShelterPct,ShelterPctP99,TaxEvasionP99,ConcealPctP99,gini,p90,p99,p999,p9999,gini_total,p90_total,p99_total,p999_total,p9999_total,welfare,welfare0,approval,approval0,conceal_share_e,conceal_share_n,evasion_share_e,evasion_share_n,conceal_frac_e,conceal_frac_n,evasion_frac_e,evasion_frac_n,shelter_pct_e,shelter_pct_n,detection_rate,detection_revenue,wtax_evasion_elast
66.31838563,2.61505610,1.69782666,0.91722944,30.30995800,259.00727766,49.15233115,1.26912796,0.15577929,0.04580303,0.02357143,0.00000000,0.25000000,0.18586321,4.00201990,5.55365236,2.16204077,0.62378437,9.36881528,0.01376182,1.08945147,83.45833295,0.51586463,97.71134516,11.04732947,60.18303598,0.81155889,0.31333966,0.71815464,0.85454838,0.91398660,0.87677654,0.20343595,0.46633554,0.69373827,0.87944708,-27.04181459,-54.24232106,0.22465518,0.00220159,0.26506877,0.73493123,0.40662323,0.59337677,0.26700773,0.39548580,0.10762893,0.09205441,0.92676388,0.41665627,0.13949489,0.13294036,29.01771439
