Y,A,A_rep,A_hid,L,Q,K,W,P,r,taua,abar,tauk,taul,WtaxRev,KtaxRev,WtaxRev_lost,KtaxRev_lost,G,lump_sum,ylbar,WtaxPct,ShelterPct,ShelterPctP99,TaxEvasionP99,ConcealPctP99,gini,p90,p99,p999,p9999,gini_total,p90_total,p99_total,p999_total,p9999_total,welfare,welfare0,approval,approval0,conceal_share_e,conceal_share_n,evasion_share_e,evasion_share_n,conceal_frac_e,conceal_frac_n,evasion_frac_e,evasion_frac_n,shelter_pct_e,shelter_pct_n,detection_rate,detection_revenue,wtax_evasion_elast
50.27052561,0.59329397,0.59329397,0.00000000,29.89814050,123.99055075,41.45451650,0.97520884,0.22913403,0.03609944,0.25000000,0.00000000,0.25000000,0.18498325,14.83234924,6.50778592,0.00000000,0.00000000,9.18363957,0.05432805,1.01507976,21.56202158,0.00000000,0.00000000,0.00000000,0.00000000,0.99498236,0.00151132,0.06131597,0.16926076,0.41317091,0.99498236,0.00151132,0.06131597,0.16926076,0.41317091,-30.51835814,-60.25633841,0.18593968,0.00995835,-nan,-nan,-nan,-nan,0.00000000,0.00000000,0.00000000,0.00000000,0.00000000,0.00000000,nan,0.00000000,6.71730286
