Y,A,A_rep,A_hid,L,Q,K,W,P,r,taua,abar,tauk,taul,WtaxRev,KtaxRev,WtaxRev_lost,KtaxRev_lost,G,lump_sum,ylbar,WtaxPct,ShelterPct,ShelterPctP99,TaxEvasionP99,ConcealPctP99,gini,p90,p99,p999,p9999,gini_total,p90_total,p99_total,p999_total,p9999_total,welfare,welfare0,approval,approval0,conceal_share_e,conceal_share_n,evasion_share_e,evasion_share_n,conceal_frac_e,conceal_frac_n,evasion_frac_e,evasion_frac_n,shelter_pct_e,shelter_pct_n,detection_rate,detection_revenue,wtax_evasion_elast
73.82334331,3.11992525,3.00165069,0.11827456,30.20320155,333.70172106,65.83595847,1.41843557,0.13790911,0.02961390,0.00000000,0.00000000,0.18684210,0.18598150,0.00000000,4.79180285,0.00000000,0.06720084,9.29156816,0.00000000,1.08952447,0.00000000,0.09973883,30.78440975,0.60308804,33.64388173,0.77732954,0.34203793,0.64029141,0.80055179,0.91648046,0.78573419,0.32907147,0.61606267,0.77452644,0.90255333,-inf,-inf,0.00000000,0.00000000,0.31202435,0.68797565,0.68385821,0.31614179,0.03625730,0.03870940,0.00646301,0.00152914,0.38376144,0.03116382,0.68049595,0.03431547,-nan
