Y,A,A_rep,A_hid,L,Q,K,W,P,r,taua,abar,tauk,taul,WtaxRev,KtaxRev,WtaxRev_lost,KtaxRev_lost,G,lump_sum,ylbar,WtaxPct,ShelterPct,ShelterPctP99,TaxEvasionP99,ConcealPctP99,gini,p90,p99,p999,p9999,gini_total,p90_total,p99_total,p999_total,p9999_total,welfare,welfare0,approval,approval0,conceal_share_e,conceal_share_n,evasion_share_e,evasion_share_n,conceal_frac_e,conceal_frac_n,evasion_frac_e,evasion_frac_n,shelter_pct_e,shelter_pct_n,detection_rate,detection_revenue,wtax_evasion_elast
73.44885810,3.21711213,3.21711213,0.00000000,30.41506164,326.63297307,64.30103545,1.40062331,0.14000815,0.03110026,0.00000000,0.00000000,0.16315789,0.18551957,0.00000000,4.22822282,0.00000000,0.00000000,9.18363957,-0.01511993,1.01507976,0.00000000,0.00000000,0.00000000,0.00000000,0.00000000,0.77306841,0.34160795,0.62709632,0.79207733,0.91502306,0.77306841,0.34160795,0.62709632,0.79207733,0.91502306,-23.50690125,-45.68350483,0.52002007,0.79647000,-nan,-nan,-nan,-nan,0.00000000,0.00000000,0.00000000,0.00000000,0.00000000,0.00000000,nan,0.00000000,inf
