Y,A,A_rep,A_hid,L,Q,K,W,P,r,taua,abar,tauk,taul,WtaxRev,KtaxRev,WtaxRev_lost,KtaxRev_lost,G,lump_sum,ylbar,WtaxPct,ShelterPct,ShelterPctP99,TaxEvasionP99,ConcealPctP99,gini,p90,p99,p999,p9999,gini_total,p90_total,p99_total,p999_total,p9999_total,welfare,welfare0,approval,approval0,conceal_share_e,conceal_share_n,evasion_share_e,evasion_share_n,conceal_frac_e,conceal_frac_n,evasion_frac_e,evasion_frac_n,shelter_pct_e,shelter_pct_n,detection_rate,detection_revenue,wtax_evasion_elast
67.29855101,2.68195243,1.84242832,0.83952411,30.25281475,268.68527450,51.19557601,1.29023251,0.15293672,0.04333224,0.01928571,0.00000000,0.25000000,0.18597062,3.55325454,5.60987236,1.61908217,0.62395589,9.38401305,0.01362310,1.08919905,85.40475106,0.43109778,93.05826410,8.78945345,60.93682972,0.80116880,0.32898592,0.71992516,0.86840120,0.92292248,0.86273455,0.22600438,0.49462384,0.70999188,0.88514464,-26.38454331,-52.88885227,0.24717702,0.01152572,0.25617582,0.74382418,0.43623317,0.56376683,0.23267088,0.35528678,0.09627192,0.07274794,0.80422777,0.34100850,0.34042934,0.15917539,30.73368007
