Y,A,A_rep,A_hid,L,Q,K,W,P,r,taua,abar,tauk,taul,WtaxRev,KtaxRev,WtaxRev_lost,KtaxRev_lost,G,lump_sum,ylbar,WtaxPct,ShelterPct,ShelterPctP99,TaxEvasionP99,ConcealPctP99,gini,p90,p99,p999,p9999,gini_total,p90_total,p99_total,p999_total,p9999_total,welfare,welfare0,approval,approval0,conceal_share_e,conceal_share_n,evasion_share_e,evasion_share_n,conceal_frac_e,conceal_frac_n,evasion_frac_e,evasion_frac_n,shelter_pct_e,shelter_pct_n,detection_rate,detection_revenue,wtax_evasion_elast
60.97103769,1.23956334,1.23956334,0.00000000,30.19011296,203.92290857,50.27837921,1.17134961,0.17759442,0.03609944,0.06578947,0.00000000,0.25000000,0.18575995,8.15502198,6.10795223,0.00000000,0.00000000,9.18363957,0.04949150,1.01507976,50.89288162,0.00000000,0.00000000,0.00000000,0.00000000,0.96379871,0.05387203,0.26358170,0.47483171,0.72470730,0.96379871,0.05387203,0.26358170,0.47483171,0.72470730,-25.96170951,-49.78446285,0.38353213,0.19406954,-nan,-nan,-nan,-nan,0.00000000,0.00000000,0.00000000,0.00000000,0.00000000,0.00000000,nan,0.00000000,14.73316846
