Y,A,A_rep,A_hid,L,Q,K,W,P,r,taua,abar,tauk,taul,WtaxRev,KtaxRev,WtaxRev_lost,KtaxRev_lost,G,lump_sum,ylbar,WtaxPct,ShelterPct,ShelterPctP99,TaxEvasionP99,ConcealPctP99,gini,p90,p99,p999,p9999,gini_total,p90_total,p99_total,p999_total,p9999_total,welfare,welfare0,approval,approval0,conceal_share_e,conceal_share_n,evasion_share_e,evasion_share_n,conceal_frac_e,conceal_frac_n,evasion_frac_e,evasion_frac_n,shelter_pct_e,shelter_pct_n,detection_rate,detection_revenue,wtax_evasion_elast
75.49358267,3.20093003,3.16680352,0.03412651,30.17512608,353.74373191,68.28647618,1.45112593,0.13394676,0.02849650,0.00000000,0.00000000,0.21666667,0.18689678,0.00000000,5.41301891,0.00000000,0.19709897,9.29156816,0.00000000,1.08952447,0.00000000,0.04100143,17.77801260,2.93895923,12.03477978,0.78233978,0.33315259,0.61814442,0.77776703,0.90556529,0.78465048,0.32960071,0.61155647,0.77068235,0.90068105,-23.12825646,-46.19066770,0.91620177,0.99830222,0.34756035,0.65243965,0.83342495,0.16657505,0.01136911,0.01031926,0.02140617,0.00232251,0.13809558,0.01755882,0.65648782,0.01213069,inf
