Y,A,A_rep,A_hid,L,Q,K,W,P,r,taua,abar,tauk,taul,WtaxRev,KtaxRev,WtaxRev_lost,KtaxRev_lost,G,lump_sum,ylbar,WtaxPct,ShelterPct,ShelterPctP99,TaxEvasionP99,ConcealPctP99,gini,p90,p99,p999,p9999,gini_total,p90_total,p99_total,p999_total,p9999_total,welfare,welfare0,approval,approval0,conceal_share_e,conceal_share_n,evasion_share_e,evasion_share_n,conceal_frac_e,conceal_frac_n,evasion_frac_e,evasion_frac_n,shelter_pct_e,shelter_pct_n,detection_rate,detection_revenue,wtax_evasion_elast
79.50569321,3.37383796,3.36762067,0.00621728,30.41007796,397.45484055,74.91565416,1.51637570,0.12701726,0.02534979,0.00000000,0.00000000,0.14736842,0.18585319,0.00000000,3.69328937,0.00000000,0.00792576,9.29156816,-0.01065594,1.08952447,0.00000000,0.00219794,0.63462580,0.07217472,8.49893705,0.78005135,0.33201359,0.60564366,0.76678707,0.90176508,0.78045636,0.33140176,0.60452759,0.76537404,0.90018124,-22.72706475,-45.04195076,0.64616254,0.96958501,0.13303480,0.86696520,0.04069658,0.95930342,0.00075062,0.00237250,0.00005158,0.00055967,0.00141065,0.00238802,0.06489454,0.00020788,inf
