Y,A,A_rep,A_hid,L,Q,K,W,P,r,taua,abar,tauk,taul,WtaxRev,KtaxRev,WtaxRev_lost,KtaxRev_lost,G,lump_sum,ylbar,WtaxPct,ShelterPct,ShelterPctP99,TaxEvasionP99,ConcealPctP99,gini,p90,p99,p999,p9999,gini_total,p90_total,p99_total,p999_total,p9999_total,welfare,welfare0,approval,approval0,conceal_share_e,conceal_share_n,evasion_share_e,evasion_share_n,conceal_frac_e,conceal_frac_n,evasion_frac_e,evasion_frac_n,shelter_pct_e,shelter_pct_n,detection_rate,detection_revenue,wtax_evasion_elast
61.82138429,2.33890987,2.33890987,0.00000000,29.91100526,214.86861399,50.97923228,1.19876073,0.17179285,0.03609944,0.00000000,0.00000000,0.41578947,0.18618554,0.00000000,11.24344081,0.00000000,0.00000000,9.18363957,0.02167180,1.01507976,0.00000000,0.00000000,0.00000000,0.00000000,0.00000000,0.81913966,0.29542867,0.61731986,0.78984990,0.91132876,0.81913966,0.29542867,0.61731986,0.78984990,0.91132876,-25.56193117,-50.42176889,0.35367691,0.01459266,-nan,-nan,-nan,-nan,0.00000000,0.00000000,0.00000000,0.00000000,0.00000000,0.00000000,nan,0.00000000,-inf
