Y,A,A_rep,A_hid,L,Q,K,W,P,r,taua,abar,tauk,taul,WtaxRev,KtaxRev,WtaxRev_lost,KtaxRev_lost,G,lump_sum,ylbar,WtaxPct,ShelterPct,ShelterPctP99,TaxEvasionP99,ConcealPctP99,gini,p90,p99,p999,p9999,gini_total,p90_total,p99_total,p999_total,p9999_total,welfare,welfare0,approval,approval0,conceal_share_e,conceal_share_n,evasion_share_e,evasion_share_n,conceal_frac_e,conceal_frac_n,evasion_frac_e,evasion_frac_n,shelter_pct_e,shelter_pct_n,detection_rate,detection_revenue,wtax_evasion_elast
71.00587305,2.90193083,2.63962108,0.26230975,30.23360956,300.36466334,63.32338915,1.36217423,0.14596080,0.02961390,0.00000000,0.00000000,0.32500000,0.18590843,0.00000000,6.83615956,0.00000000,1.58323842,9.29156816,0.00056596,1.08952447,0.00000000,0.21180630,58.65149220,23.70034757,50.69278192,0.77907365,0.34603292,0.66580105,0.83282835,0.92654932,0.79893120,0.31475450,0.60603537,0.76842923,0.90216345,-25.08109538,-50.46265821,0.13057083,0.00014434,0.33661602,0.66338398,0.95686118,0.04313882,0.09135961,0.08990800,0.15067275,0.00473679,0.83428602,0.06151350,0.72471877,0.14712744,-inf
