Y,A,A_rep,A_hid,L,Q,K,W,P,r,taua,abar,tauk,taul,WtaxRev,KtaxRev,WtaxRev_lost,KtaxRev_lost,G,lump_sum,ylbar,WtaxPct,ShelterPct,ShelterPctP99,TaxEvasionP99,ConcealPctP99,gini,p90,p99,p999,p9999,gini_total,p90_total,p99_total,p999_total,p9999_total,welfare,welfare0,approval,approval0,conceal_share_e,conceal_share_n,evasion_share_e,evasion_share_n,conceal_frac_e,conceal_frac_n,evasion_frac_e,evasion_frac_n,shelter_pct_e,shelter_pct_n,detection_rate,detection_revenue,wtax_evasion_elast
57.54273369,2.03126151,0.84219415,1.18906737,31.17713273,208.04322835,39.55351558,1.13967061,0.17593327,0.06039108,0.06000000,0.00000000,0.25000000,0.18466990,5.05316496,4.38063098,7.13440430,0.70111139,9.72119818,-0.01273680,1.09364538,68.27704421,0.87134880,97.04231236,26.45073130,74.77185158,0.86744950,0.22429098,0.75606045,0.83139454,0.89748500,0.94285572,0.09299470,0.31433677,0.61984572,0.86181997,-33.74049241,-68.16458152,0.00317512,0.00298930,0.31302362,0.68697638,0.36759611,0.63240389,0.49651215,0.63736619,0.23107194,0.22634753,1.42001068,0.73887874,0.08477821,0.19357886,25.19905111
