Y,A,A_rep,A_hid,L,Q,K,W,P,r,taua,abar,tauk,taul,WtaxRev,KtaxRev,WtaxRev_lost,KtaxRev_lost,G,lump_sum,ylbar,WtaxPct,ShelterPct,ShelterPctP99,TaxEvasionP99,ConcealPctP99,gini,p90,p99,p999,p9999,gini_total,p90_total,p99_total,p999_total,p9999_total,welfare,welfare0,approval,approval0,conceal_share_e,conceal_share_n,evasion_share_e,evasion_share_n,conceal_frac_e,conceal_frac_n,evasion_frac_e,evasion_frac_n,shelter_pct_e,shelter_pct_n,detection_rate,detection_revenue,wtax_evasion_elast
61.97464028,2.51216148,1.84828284,0.66387864,30.37794386,213.08666919,48.46362498,1.18327066,0.17351593,0.04079397,0.00000000,0.00000000,0.55789473,0.18547432,0.00000000,10.35046120,0.00000000,4.53187548,9.36881528,0.00383754,1.08945147,0.00000000,0.63454881,65.36827061,36.78726084,63.74909112,0.79386404,0.34071878,0.70758529,0.84739207,0.92109219,0.84760830,0.25068135,0.52463736,0.71751749,0.89083411,-29.69700863,-60.98508599,0.15797536,0.00162791,0.31121142,0.68878858,0.95184131,0.04815869,0.24746482,0.27262898,0.27996880,0.01411903,2.17155996,0.26344966,0.35690923,0.46317708,-inf
