Y,A,A_rep,A_hid,L,Q,K,W,P,r,taua,abar,tauk,taul,WtaxRev,KtaxRev,WtaxRev_lost,KtaxRev_lost,G,lump_sum,ylbar,WtaxPct,ShelterPct,ShelterPctP99,TaxEvasionP99,ConcealPctP99,gini,p90,p99,p999,p9999,gini_total,p90_total,p99_total,p999_total,p9999_total,welfare,welfare0,approval,approval0,conceal_share_e,conceal_share_n,evasion_share_e,evasion_share_n,conceal_frac_e,conceal_frac_n,evasion_frac_e,evasion_frac_n,shelter_pct_e,shelter_pct_n,detection_rate,detection_revenue,wtax_evasion_elast
56.30071930,0.85487660,0.85487660,0.00000000,29.99238251,166.75597424,46.42710053,1.08875611,0.19654670,0.03609944,0.13157895,0.00000000,0.25000000,0.18530178,11.24837628,6.20250127,0.00000000,0.00000000,9.18363957,0.05590452,1.01507976,29.85416939,0.00000000,0.00000000,0.00000000,0.00000000,0.98718310,0.01074083,0.13036024,0.29710572,0.56972578,0.98718310,0.01074083,0.13036024,0.29710572,0.56972578,-27.42422632,-53.14577683,0.32145768,0.17134916,-nan,-nan,-nan,-nan,0.00000000,0.00000000,0.00000000,0.00000000,0.00000000,0.00000000,nan,0.00000000,10.30554690
