Y,A,A_rep,A_hid,L,Q,K,W,P,r,taua,abar,tauk,taul,WtaxRev,KtaxRev,WtaxRev_lost,KtaxRev_lost,G,lump_sum,ylbar,WtaxPct,ShelterPct,ShelterPctP99,TaxEvasionP99,ConcealPctP99,gini,p90,p99,p999,p9999,gini_total,p90_total,p99_total,p999_total,p9999_total,welfare,welfare0,approval,approval0,conceal_share_e,conceal_share_n,evasion_share_e,evasion_share_n,conceal_frac_e,conceal_frac_n,evasion_frac_e,evasion_frac_n,shelter_pct_e,shelter_pct_n,detection_rate,detection_revenue,wtax_evasion_elast
67.25554435,2.78804194,2.32031623,0.46772571,30.30079750,262.38215155,56.31397748,1.28741096,0.15614561,0.03479834,0.00000000,0.00000000,0.41578947,0.18570031,0.00000000,8.12745620,0.00000000,2.84317231,9.26471875,-0.00115485,1.08954006,0.00000000,0.36960736,67.60140601,35.70027111,60.88038089,0.77282987,0.36059646,0.69988228,0.85780277,0.92837847,0.81063894,0.30010231,0.58428380,0.74801791,0.89723547,-26.97746777,-54.85589749,0.00329049,0.00073658,0.31253129,0.68746871,0.95323713,0.04676287,0.15890028,0.17212498,0.22499997,0.00889632,1.33153619,0.13735728,0.55961665,0.00000000,-inf
