Y,A,A_rep,A_hid,L,Q,K,W,P,r,taua,abar,tauk,taul,WtaxRev,KtaxRev,WtaxRev_lost,KtaxRev_lost,G,lump_sum,ylbar,WtaxPct,ShelterPct,ShelterPctP99,TaxEvasionP99,ConcealPctP99,gini,p90,p99,p999,p9999,gini_total,p90_total,p99_total,p999_total,p9999_total,welfare,welfare0,approval,approval0,conceal_share_e,conceal_share_n,evasion_share_e,evasion_share_n,conceal_frac_e,conceal_frac_n,evasion_frac_e,evasion_frac_n,shelter_pct_e,shelter_pct_n,detection_rate,detection_revenue,wtax_evasion_elast
57.56820436,2.07560921,0.50277215,1.57283706,30.84275824,179.55517727,35.16843518,1.08261576,0.18803909,0.06622676,0.08888889,0.00000000,0.25000000,0.23936187,4.46908570,4.39509107,13.98077357,0.89872673,9.29156816,0.00000000,1.08952447,50.04797601,1.27792518,96.87930576,24.19449328,72.68488715,0.93541262,0.08916192,0.55338663,0.60228995,0.76659727,0.98073005,0.02159758,0.16158035,0.52657936,0.83035849,-36.29783193,-74.72069147,0.00910961,0.00434499,0.30430822,0.69569178,0.34110362,0.65889638,0.60747295,0.84973287,0.31634656,0.36427219,2.14400931,1.06881604,0.07282125,0.27486375,21.91865615
