Y,A,A_rep,A_hid,L,Q,K,W,P,r,taua,abar,tauk,taul,WtaxRev,KtaxRev,WtaxRev_lost,KtaxRev_lost,G,lump_sum,ylbar,WtaxPct,ShelterPct,ShelterPctP99,TaxEvasionP99,ConcealPctP99,gini,p90,p99,p999,p9999,gini_total,p90_total,p99_total,p999_total,p9999_total,welfare,welfare0,approval,approval0,conceal_share_e,conceal_share_n,evasion_share_e,evasion_share_n,conceal_frac_e,conceal_frac_n,evasion_frac_e,evasion_frac_n,shelter_pct_e,shelter_pct_n,detection_rate,detection_revenue,wtax_evasion_elast
60.75083719,2.47731125,1.78216333,0.69514792,30.50470277,199.85121447,48.44277965,1.15503341,0.18018558,0.03903484,0.00000000,0.00000000,0.54999999,0.18510533,0.00000000,10.68733298,0.00000000,4.06709830,9.72119818,-0.00743249,1.09364538,0.00000000,0.52666406,73.61658181,39.13011151,69.64787975,0.77594839,0.36713146,0.75670674,0.89793546,0.93705460,0.83818639,0.26411698,0.54740101,0.73564383,0.90087653,-31.53832343,-65.51907712,0.00280451,0.00108091,0.37406585,0.62593415,0.96882093,0.03117907,0.31241394,0.26451151,0.25567944,0.00833252,1.76143378,0.22853871,0.38373566,0.42245631,-inf
