Y,A,A_rep,A_hid,L,Q,K,W,P,r,taua,abar,tauk,taul,WtaxRev,KtaxRev,WtaxRev_lost,KtaxRev_lost,G,lump_sum,ylbar,WtaxPct,ShelterPct,ShelterPctP99,TaxEvasionP99,ConcealPctP99,gini,p90,p99,p999,p9999,gini_total,p90_total,p99_total,p999_total,p9999_total,welfare,welfare0,approval,approval0,conceal_share_e,conceal_share_n,evasion_share_e,evasion_share_n,conceal_frac_e,conceal_frac_n,evasion_frac_e,evasion_frac_n,shelter_pct_e,shelter_pct_n,detection_rate,detection_revenue,wtax_evasion_elast
69.63660225,2.84222562,2.27437744,0.56784818,30.13783940,292.93829738,55.87046115,1.34015715,0.14640867,0.03849443,0.01071429,0.00000000,0.25000000,0.18614369,2.43683291,5.80740453,0.60840875,0.59163192,9.36881528,0.01214842,1.08945147,89.53204364,0.24376366,56.17425736,6.99084122,62.90607813,0.78658293,0.34254103,0.69269955,0.86224579,0.92319965,0.82894982,0.27410477,0.55438300,0.73747204,0.89397401,-24.97269162,-50.04370586,0.31388015,0.01365785,0.22147496,0.77852504,0.55957062,0.44042938,0.13192464,0.23404031,0.07148442,0.03262979,0.54236606,0.17166848,0.29176947,0.08490591,32.55320642
