Y,A,A_rep,A_hid,L,Q,K,W,P,r,taua,abar,tauk,taul,WtaxRev,KtaxRev,WtaxRev_lost,KtaxRev_lost,G,lump_sum,ylbar,WtaxPct,ShelterPct,ShelterPctP99,TaxEvasionP99,ConcealPctP99,gini,p90,p99,p999,p9999,gini_total,p90_total,p99_total,p999_total,p9999_total,welfare,welfare0,approval,approval0,conceal_share_e,conceal_share_n,evasion_share_e,evasion_share_n,conceal_frac_e,conceal_frac_n,evasion_frac_e,evasion_frac_n,shelter_pct_e,shelter_pct_n,detection_rate,detection_revenue,wtax_evasion_elast
50.86708847,1.58562632,1.58562632,0.00000000,29.85557118,128.24909343,41.94643282,0.98818810,0.22491252,0.03609944,0.00000000,0.00000000,0.62894736,0.18585777,0.00000000,17.86347487,0.00000000,0.00000000,9.18363957,0.02730585,1.01507976,0.00000000,0.00000000,0.00000000,0.00000000,0.00000000,0.85367125,0.25202994,0.60921809,0.79067416,0.91015518,0.85367125,0.25202994,0.60921809,0.79067416,0.91015518,-31.12767506,-63.32770085,0.25437181,0.00002594,-nan,-nan,-nan,-nan,0.00000000,0.00000000,0.00000000,0.00000000,0.00000000,0.00000000,nan,0.00000000,-inf
