Y,A,A_rep,A_hid,L,Q,K,W,P,r,taua,abar,tauk,taul,WtaxRev,KtaxRev,WtaxRev_lost,KtaxRev_lost,G,lump_sum,ylbar,WtaxPct,ShelterPct,ShelterPctP99,TaxEvasionP99,ConcealPctP99,gini,p90,p99,p999,p9999,gini_total,p90_total,p99_total,p999_total,p9999_total,welfare,welfare0,approval,approval0,conceal_share_e,conceal_share_n,evasion_share_e,evasion_share_n,conceal_frac_e,conceal_frac_n,evasion_frac_e,evasion_frac_n,shelter_pct_e,shelter_pct_n,detection_rate,detection_revenue,wtax_evasion_elast
60.21604077,2.27550991,2.27550991,0.00000000,31.20648116,200.68827268,34.80713192,1.11913930,0.17793291,0.07282612,0.04736842,0.00000000,0.25000000,0.03793132,10.77873133,7.65627682,0.00000000,0.00000000,9.18363957,0.00000000,1.01507976,85.54238695,0.00000000,0.00000000,0.00000000,0.00000000,0.82935469,0.29214561,0.62265288,0.78107088,0.90915265,0.82935469,0.29214561,0.62265288,0.78107088,0.90915265,-29.19826852,-56.87603424,0.02093290,0.00007765,-nan,-nan,-nan,-nan,0.00000000,0.00000000,0.00000000,0.00000000,0.00000000,0.00000000,nan,0.00000000,8.40064257
