Y,A,A_rep,A_hid,L,Q,K,W,P,r,taua,abar,tauk,taul,WtaxRev,KtaxRev,WtaxRev_lost,KtaxRev_lost,G,lump_sum,ylbar,WtaxPct,ShelterPct,ShelterPctP99,TaxEvasionP99,ConcealPctP99,gini,p90,p99,p999,p9999,gini_total,p90_total,p99_total,p999_total,p9999_total,welfare,welfare0,approval,approval0,conceal_share_e,conceal_share_n,evasion_share_e,evasion_share_n,conceal_frac_e,conceal_frac_n,evasion_frac_e,evasion_frac_n,shelter_pct_e,shelter_pct_n,detection_rate,detection_revenue,wtax_evasion_elast
66.81185867,2.64872801,1.77418822,0.87453979,30.27752561,263.91951710,50.14577917,1.27987422,0.15429830,0.04459844,0.02142857,0.00000000,0.25000000,0.18593079,3.80183182,5.59138227,1.87401380,0.62001966,9.36881528,0.01408119,1.08945147,84.24929612,0.46941134,97.64280369,10.26918271,60.02953319,0.80728642,0.32012940,0.71598388,0.85934474,0.91768568,0.87015481,0.21443116,0.47964615,0.70010674,0.88157279,-26.67605087,-53.48580175,0.23945232,0.01053108,0.26222749,0.73777251,0.42075791,0.57924209,0.24987644,0.37274754,0.10142576,0.08169429,0.86508803,0.37387834,0.15362201,0.12782509,29.57890469
