Y,A,A_rep,A_hid,L,Q,K,W,P,r,taua,abar,tauk,taul,WtaxRev,KtaxRev,WtaxRev_lost,KtaxRev_lost,G,lump_sum,ylbar,WtaxPct,ShelterPct,ShelterPctP99,TaxEvasionP99,ConcealPctP99,gini,p90,p99,p999,p9999,gini_total,p90_total,p99_total,p999_total,p9999_total,welfare,welfare0,approval,approval0,conceal_share_e,conceal_share_n,evasion_share_e,evasion_share_n,conceal_frac_e,conceal_frac_n,evasion_frac_e,evasion_frac_n,shelter_pct_e,shelter_pct_n,detection_rate,detection_revenue,wtax_evasion_elast
81.22247412,3.43525742,3.43525742,0.00000000,30.63187904,414.26574546,77.79145495,1.53787993,0.12500910,0.02412995,0.00000000,0.00000000,0.12500000,0.18553906,0.00000000,3.10307391,0.00000000,0.00000000,9.72119818,-0.02291227,1.09364538,0.00000000,0.00000000,0.00000000,0.00000000,0.00000000,0.77578615,0.33471775,0.60429049,0.76479201,0.89994591,0.77578615,0.33471775,0.60429049,0.76479201,0.89994591,-23.18959859,-45.91715562,0.47910603,0.76239337,-nan,-nan,-nan,-nan,0.00000000,0.00000000,0.00000000,0.00000000,0.00000000,0.00000000,-nan,0.00000000,inf
