Y,A,A_rep,A_hid,L,Q,K,W,P,r,taua,abar,tauk,taul,WtaxRev,KtaxRev,WtaxRev_lost,KtaxRev_lost,G,lump_sum,ylbar,WtaxPct,ShelterPct,ShelterPctP99,TaxEvasionP99,ConcealPctP99,gini,p90,p99,p999,p9999,gini_total,p90_total,p99_total,p999_total,p9999_total,welfare,welfare0,approval,approval0,conceal_share_e,conceal_share_n,evasion_share_e,evasion_share_n,conceal_frac_e,conceal_frac_n,evasion_frac_e,evasion_frac_n,shelter_pct_e,shelter_pct_n,detection_rate,detection_revenue,wtax_evasion_elast
149.22621796,2.44192230,1.53952023,0.90240206,30.74911152,2422.51373531,67.88992133,2.81640076,0.04689169,0.10615757,0.03333333,0.00000000,0.25000000,0.18432319,5.13173418,4.65260019,3.00800693,0.30318890,22.31094916,0.00580139,2.50702088,82.98041857,4.06825244,82.69056539,4.62909703,8.79111419,0.73032324,0.46399054,0.70790922,0.71044105,0.80185566,0.81839791,0.29252682,0.66367216,0.77763079,0.86490380,-7.86306742,-15.04035335,0.06764654,0.01015384,0.20713677,0.79286323,0.21014908,0.78985092,0.32470523,0.38337719,0.09925079,0.11870778,4.27138801,4.01920697,0.36999133,0.27930721,23.73791283
