Y,A,A_rep,A_hid,L,Q,K,W,P,r,taua,abar,tauk,taul,WtaxRev,KtaxRev,WtaxRev_lost,KtaxRev_lost,G,lump_sum,ylbar,WtaxPct,ShelterPct,ShelterPctP99,TaxEvasionP99,ConcealPctP99,gini,p90,p99,p999,p9999,gini_total,p90_total,p99_total,p999_total,p9999_total,welfare,welfare0,approval,approval0,conceal_share_e,conceal_share_n,evasion_share_e,evasion_share_n,conceal_frac_e,conceal_frac_n,evasion_frac_e,evasion_frac_n,shelter_pct_e,shelter_pct_n,detection_rate,detection_revenue,wtax_evasion_elast
67.63402748,2.81877839,2.12418187,0.69459652,30.58492136,260.14086125,58.87137266,1.28258438,0.15823517,0.03156793,0.00000000,0.00000000,0.43947368,0.18532811,0.00000000,7.42979122,0.00000000,3.86566455,9.38401305,-0.00998586,1.08919905,0.00000000,0.41555526,94.29657410,51.25582328,73.17259906,0.76697150,0.36956065,0.72719809,0.89881615,0.94452822,0.82401729,0.27849455,0.55022401,0.71689077,0.88604551,-28.24262856,-57.32091041,0.00308084,0.00037050,0.40837409,0.59162591,0.97505173,0.02494827,0.29717527,0.22042972,0.29899880,0.00658000,1.54682896,0.14241819,0.04631187,0.10045733,-inf
