Y,A,A_rep,A_hid,L,Q,K,W,P,r,taua,abar,tauk,taul,WtaxRev,KtaxRev,WtaxRev_lost,KtaxRev_lost,G,lump_sum,ylbar,WtaxPct,ShelterPct,ShelterPctP99,TaxEvasionP99,ConcealPctP99,gini,p90,p99,p999,p9999,gini_total,p90_total,p99_total,p999_total,p9999_total,welfare,welfare0,approval,approval0,conceal_share_e,conceal_share_n,evasion_share_e,evasion_share_n,conceal_frac_e,conceal_frac_n,evasion_frac_e,evasion_frac_n,shelter_pct_e,shelter_pct_n,detection_rate,detection_revenue,wtax_evasion_elast
59.33627484,2.11204695,0.56099082,1.55105613,31.43742580,187.82936561,36.91818623,1.09475420,0.18611231,0.06411816,0.08947369,0.00000000,0.25000000,0.18325798,5.01939161,4.46501488,13.87787087,0.90142641,9.29156816,-0.02010870,1.08952447,55.67763451,1.37926605,96.85800960,24.15978960,72.31158626,0.91711155,0.12745881,0.60906363,0.65317441,0.79707023,0.97416342,0.03385494,0.19952069,0.55331543,0.84005248,-38.42756439,-78.61457860,0.00507811,0.00390464,0.30882792,0.69117208,0.34598185,0.65401815,0.59893969,0.81693157,0.32799161,0.39211114,2.33894061,1.14756023,0.07036441,0.27041939,20.27022941
