Y,A,A_rep,A_hid,L,Q,K,W,P,r,taua,abar,tauk,taul,WtaxRev,KtaxRev,WtaxRev_lost,KtaxRev_lost,G,lump_sum,ylbar,WtaxPct,ShelterPct,ShelterPctP99,TaxEvasionP99,ConcealPctP99,gini,p90,p99,p999,p9999,gini_total,p90_total,p99_total,p999_total,p9999_total,welfare,welfare0,approval,approval0,conceal_share_e,conceal_share_n,evasion_share_e,evasion_share_n,conceal_frac_e,conceal_frac_n,evasion_frac_e,evasion_frac_n,shelter_pct_e,shelter_pct_n,detection_rate,detection_revenue,wtax_evasion_elast
78.05307843,3.30937403,3.29431692,0.01505711,30.33581212,381.11952714,72.45371631,1.49231788,0.12949689,0.02648682,0.00000000,0.00000000,0.17500000,0.18592293,0.00000000,4.41748454,0.00000000,0.02986408,9.38401305,-0.00708950,1.08919905,0.00000000,0.00901927,1.64996732,0.64099130,9.24807747,0.78056431,0.33320041,0.61026619,0.77101001,0.90322448,0.78156158,0.33168440,0.60748958,0.76752291,0.90073280,-22.89916978,-45.50582561,0.65922326,0.98128591,0.21736372,0.78263628,0.47653349,0.52346651,0.00303216,0.00528444,0.00209059,0.00113463,0.01336055,0.00797111,0.03324201,0.00048633,inf
