Y,A,A_rep,A_hid,L,Q,K,W,P,r,taua,abar,tauk,taul,WtaxRev,KtaxRev,WtaxRev_lost,KtaxRev_lost,G,lump_sum,ylbar,WtaxPct,ShelterPct,ShelterPctP99,TaxEvasionP99,ConcealPctP99,gini,p90,p99,p999,p9999,gini_total,p90_total,p99_total,p999_total,p9999_total,welfare,welfare0,approval,approval0,conceal_share_e,conceal_share_n,evasion_share_e,evasion_share_n,conceal_frac_e,conceal_frac_n,evasion_frac_e,evasion_frac_n,shelter_pct_e,shelter_pct_n,detection_rate,detection_revenue,wtax_evasion_elast
65.49033074,2.55450898,1.53622442,1.01828455,30.39649506,250.17362348,47.63326884,1.24957715,0.15869516,0.04761207,0.02785714,0.00000000,0.25000000,0.18570314,4.27948222,5.44108786,2.83664977,0.64851460,9.38401305,0.01213580,1.08919905,81.46367000,0.60791128,95.75072835,11.70774493,63.66460584,0.81873496,0.30564552,0.72978174,0.84912370,0.91096577,0.88984838,0.18380836,0.43898681,0.68099646,0.87577820,-27.84416776,-55.89844382,0.19643682,0.00230973,0.27385680,0.72614320,0.38987859,0.61012141,0.31005987,0.44674706,0.12476787,0.11529612,1.06546568,0.49743840,0.24550941,0.19803458,28.59914198
