Y,A,A_rep,A_hid,L,Q,K,W,P,r,taua,abar,tauk,taul,WtaxRev,KtaxRev,WtaxRev_lost,KtaxRev_lost,G,lump_sum,ylbar,WtaxPct,ShelterPct,ShelterPctP99,TaxEvasionP99,ConcealPctP99,gini,p90,p99,p999,p9999,gini_total,p90_total,p99_total,p999_total,p9999_total,welfare,welfare0,approval,approval0,conceal_share_e,conceal_share_n,evasion_share_e,evasion_share_n,conceal_frac_e,conceal_frac_n,evasion_frac_e,evasion_frac_n,shelter_pct_e,shelter_pct_n,detection_rate,detection_revenue,wtax_evasion_elast
74.59495416,3.16208668,3.10664092,0.05544576,30.16455644,343.31276424,67.02554047,1.43435766,0.13596640,0.02902147,0.00000000,0.00000000,0.23333333,0.18604837,0.00000000,5.72022861,0.00000000,0.35158537,9.29156816,0.00000000,1.08952447,0.00000000,0.06939202,24.77029198,4.99368728,18.77847820,0.78074857,0.33625445,0.62635564,0.78477864,0.91008059,0.78457208,0.33035839,0.61540101,0.77377049,0.90166582,-23.41909582,-46.86989665,0.89778433,0.99818304,0.37690642,0.62309358,0.89091439,0.10908561,0.02027479,0.01620936,0.03907286,0.00270138,0.26184831,0.02292497,0.67579276,0.02277990,inf
