Y,A,A_rep,A_hid,L,Q,K,W,P,r,taua,abar,tauk,taul,WtaxRev,KtaxRev,WtaxRev_lost,KtaxRev_lost,G,lump_sum,ylbar,WtaxPct,ShelterPct,ShelterPctP99,TaxEvasionP99,ConcealPctP99,gini,p90,p99,p999,p9999,gini_total,p90_total,p99_total,p999_total,p9999_total,welfare,welfare0,approval,approval0,conceal_share_e,conceal_share_n,evasion_share_e,evasion_share_n,conceal_frac_e,conceal_frac_n,evasion_frac_e,evasion_frac_n,shelter_pct_e,shelter_pct_n,detection_rate,detection_revenue,wtax_evasion_elast
70.65485635,2.97010738,2.48900462,0.48110276,30.45771569,292.95393197,62.88124220,1.34549621,0.14854516,0.02977920,0.00000000,0.00000000,0.34473684,0.18552158,0.00000000,6.33199513,0.00000000,2.53033030,9.38401305,-0.01105757,1.08919905,0.00000000,0.26876819,88.35183860,50.92092113,66.75555426,0.76293372,0.36944528,0.70526158,0.88232679,0.94512913,0.80115369,0.30960194,0.59178154,0.75451132,0.90021952,-26.44267436,-53.40462222,0.00294284,0.00015446,0.40602605,0.59397395,0.97669175,0.02330825,0.19693469,0.14445556,0.23638229,0.00409179,1.02478891,0.08623298,0.06102591,0.07494207,-inf
