Y,A,A_rep,A_hid,L,Q,K,W,P,r,taua,abar,tauk,taul,WtaxRev,KtaxRev,WtaxRev_lost,KtaxRev_lost,G,lump_sum,ylbar,WtaxPct,ShelterPct,ShelterPctP99,TaxEvasionP99,ConcealPctP99,gini,p90,p99,p999,p9999,gini_total,p90_total,p99_total,p999_total,p9999_total,welfare,welfare0,approval,approval0,conceal_share_e,conceal_share_n,evasion_share_e,evasion_share_n,conceal_frac_e,conceal_frac_n,evasion_frac_e,evasion_frac_n,shelter_pct_e,shelter_pct_n,detection_rate,detection_revenue,wtax_evasion_elast
72.82012327,3.05720859,2.82815689,0.22905171,30.13103201,324.79233511,63.24750104,1.40173700,0.13951886,0.03174621,0.00214286,0.00000000,0.25000000,0.18610922,0.60603361,6.03368959,0.04908251,0.46151413,9.38401305,0.00388140,1.08919905,92.87967528,0.10899736,28.21721278,4.41472792,49.69746817,0.77698762,0.34445016,0.65533566,0.82348683,0.91893159,0.79363741,0.31864332,0.60628834,0.76633613,0.90023562,-23.88323585,-47.87786637,0.47196470,0.21403460,0.22986224,0.77013776,0.83706426,0.16293574,0.05255366,0.08582467,0.04983292,0.00565532,0.37936995,0.04371805,1.04781182,0.05036312,42.06633897
