Y,A,A_rep,A_hid,L,Q,K,W,P,r,taua,abar,tauk,taul,WtaxRev,KtaxRev,WtaxRev_lost,KtaxRev_lost,G,lump_sum,ylbar,WtaxPct,ShelterPct,ShelterPctP99,TaxEvasionP99,ConcealPctP99,gini,p90,p99,p999,p9999,gini_total,p90_total,p99_total,p999_total,p9999_total,welfare,welfare0,approval,approval0,conceal_share_e,conceal_share_n,evasion_share_e,evasion_share_n,conceal_frac_e,conceal_frac_n,evasion_frac_e,evasion_frac_n,shelter_pct_e,shelter_pct_n,detection_rate,detection_revenue,wtax_evasion_elast
46.54007833,1.34828570,1.34828570,0.00000000,30.00391024,100.39341904,38.37836213,0.89966011,0.25651879,0.03609944,0.00000000,0.00000000,0.69999999,0.18541490,0.00000000,20.44415758,0.00000000,0.00000000,9.18363957,0.02156087,1.01507976,0.00000000,0.00000000,0.00000000,0.00000000,0.00000000,0.85830337,0.24588500,0.61707571,0.79856877,0.91391336,0.85830337,0.24588500,0.61707571,0.79856877,0.91391336,-35.17979416,-72.90486951,0.21976200,0.00000000,-nan,-nan,-nan,-nan,0.00000000,0.00000000,0.00000000,0.00000000,0.00000000,0.00000000,nan,0.00000000,-inf
