Y,A,A_rep,A_hid,L,Q,K,W,P,r,taua,abar,tauk,taul,WtaxRev,KtaxRev,WtaxRev_lost,KtaxRev_lost,G,lump_sum,ylbar,WtaxPct,ShelterPct,ShelterPctP99,TaxEvasionP99,ConcealPctP99,gini,p90,p99,p999,p9999,gini_total,p90_total,p99_total,p999_total,p9999_total,welfare,welfare0,approval,approval0,conceal_share_e,conceal_share_n,evasion_share_e,evasion_share_n,conceal_frac_e,conceal_frac_n,evasion_frac_e,evasion_frac_n,shelter_pct_e,shelter_pct_n,detection_rate,detection_revenue,wtax_evasion_elast
55.93249306,2.00236294,2.00236294,0.00000000,31.35166194,169.08267510,27.51771358,1.03470880,0.19283527,0.09430993,0.06842105,0.00000000,0.25000000,0.01590838,13.70037820,7.99783238,0.00000000,0.00000000,9.18363957,0.00000000,1.01507976,82.48417877,0.00000000,0.00000000,0.00000000,0.00000000,0.84853685,0.26394803,0.60123406,0.76301668,0.90285305,0.84853685,0.26394803,0.60123406,0.76301668,0.90285305,-31.91911111,-62.98551894,0.01996550,0.00000000,-nan,-nan,-nan,-nan,0.00000000,0.00000000,0.00000000,0.00000000,0.00000000,0.00000000,nan,0.00000000,8.59729813
