Y,A,A_rep,A_hid,L,Q,K,W,P,r,taua,abar,tauk,taul,WtaxRev,KtaxRev,WtaxRev_lost,KtaxRev_lost,G,lump_sum,ylbar,WtaxPct,ShelterPct,ShelterPctP99,TaxEvasionP99,ConcealPctP99,gini,p90,p99,p999,p9999,gini_total,p90_total,p99_total,p999_total,p9999_total,welfare,welfare0,approval,approval0,conceal_share_e,conceal_share_n,evasion_share_e,evasion_share_n,conceal_frac_e,conceal_frac_n,evasion_frac_e,evasion_frac_n,shelter_pct_e,shelter_pct_n,detection_rate,detection_revenue,wtax_evasion_elast
76.92368487,3.25175063,3.25127983,0.00047080,30.33916131,367.59424847,70.41083496,1.47055972,0.13184140,0.02756700,0.00000000,0.00000000,0.20000000,0.18586296,0.00000000,5.14594213,0.00000000,0.00211442,9.72119818,-0.00818079,1.09364538,0.00000000,0.00028598,0.23820285,0.01929202,5.35012245,0.78097688,0.33285237,0.61130356,0.77076587,0.90221734,0.78100840,0.33280418,0.61121505,0.77065428,0.90213461,-23.33328258,-46.55341987,0.55836972,0.93133322,0.10044855,0.89955145,0.00929105,0.99070895,0.00004468,0.00019310,0.00000269,0.00015018,0.00007587,0.00033671,0.05231142,0.00002245,inf
