Y,A,A_rep,A_hid,L,Q,K,W,P,r,taua,abar,tauk,taul,WtaxRev,KtaxRev,WtaxRev_lost,KtaxRev_lost,G,lump_sum,ylbar,WtaxPct,ShelterPct,ShelterPctP99,TaxEvasionP99,ConcealPctP99,gini,p90,p99,p999,p9999,gini_total,p90_total,p99_total,p999_total,p9999_total,welfare,welfare0,approval,approval0,conceal_share_e,conceal_share_n,evasion_share_e,evasion_share_n,conceal_frac_e,conceal_frac_n,evasion_frac_e,evasion_frac_n,shelter_pct_e,shelter_pct_n,detection_rate,detection_revenue,wtax_evasion_elast
64.53800871,2.65399435,2.14458201,0.50941234,30.23055271,238.40215591,51.92668760,1.23903510,0.16344778,0.03830808,0.00000000,0.00000000,0.47499999,0.18574527,0.00000000,9.41532603,0.00000000,3.27385780,9.36881528,0.00448416,1.08945147,0.00000000,0.45626964,64.36666611,31.68794655,59.75191162,0.78233974,0.35177263,0.69917738,0.85221065,0.92534395,0.82369085,0.28425281,0.56779758,0.73894071,0.89681954,-27.76263063,-56.73320841,0.19692232,0.00120058,0.29075614,0.70924386,0.94456327,0.05543673,0.16966393,0.20286160,0.23056241,0.01184859,1.58079710,0.18476140,0.43656210,0.31699184,-inf
