Y,A,A_rep,A_hid,L,Q,K,W,P,r,taua,abar,tauk,taul,WtaxRev,KtaxRev,WtaxRev_lost,KtaxRev_lost,G,lump_sum,ylbar,WtaxPct,ShelterPct,ShelterPctP99,TaxEvasionP99,ConcealPctP99,gini,p90,p99,p999,p9999,gini_total,p90_total,p99_total,p999_total,p9999_total,welfare,welfare0,approval,approval0,conceal_share_e,conceal_share_n,evasion_share_e,evasion_share_n,conceal_frac_e,conceal_frac_n,evasion_frac_e,evasion_frac_n,shelter_pct_e,shelter_pct_n,detection_rate,detection_revenue,wtax_evasion_elast
76.36520229,3.23868194,3.21640378,0.02227815,30.21605582,363.22614633,69.65578049,1.46581854,0.13229876,0.02783786,0.00000000,0.00000000,0.20263158,0.18605389,0.00000000,5.11744333,0.00000000,0.09925303,9.29156816,-0.00148017,1.08952447,0.00000000,0.02071844,11.06842332,1.87849618,9.00639163,0.78250241,0.33232181,0.61413512,0.77511879,0.90424949,0.78399505,0.33003584,0.60991065,0.77016891,0.90113923,-22.97010225,-45.78416306,0.72224974,0.99432440,0.28887218,0.71112782,0.72002202,0.27997798,0.00609702,0.00725673,0.00969073,0.00198530,0.05187240,0.01319656,0.60379779,0.00623369,inf
