Y,A,A_rep,A_hid,L,Q,K,W,P,r,taua,abar,tauk,taul,WtaxRev,KtaxRev,WtaxRev_lost,KtaxRev_lost,G,lump_sum,ylbar,WtaxPct,ShelterPct,ShelterPctP99,TaxEvasionP99,ConcealPctP99,gini,p90,p99,p999,p9999,gini_total,p90_total,p99_total,p999_total,p9999_total,welfare,welfare0,approval,approval0,conceal_share_e,conceal_share_n,evasion_share_e,evasion_share_n,conceal_frac_e,conceal_frac_n,evasion_frac_e,evasion_frac_n,shelter_pct_e,shelter_pct_n,detection_rate,detection_revenue,wtax_evasion_elast
67.09807449,2.78488558,2.31430377,0.47058181,30.24637040,261.61008386,56.10191252,1.28671660,0.15619451,0.03492001,0.00000000,0.00000000,0.41578947,0.18578521,0.00000000,8.12365924,0.00000000,2.84596267,9.29156816,0.00150380,1.08952447,0.00000000,0.36943231,67.62681408,35.70540858,61.01894173,0.77416550,0.35943791,0.69928410,0.85772809,0.92823586,0.81202390,0.29870114,0.58293882,0.74711725,0.89694338,-26.75050919,-54.37628675,0.15523042,0.00076867,0.31204199,0.68795801,0.95317208,0.04682792,0.15972521,0.17353636,0.22515383,0.00890664,1.32942302,0.13765016,0.55910003,0.28734606,-inf
