Y,A,A_rep,A_hid,L,Q,K,W,P,r,taua,abar,tauk,taul,WtaxRev,KtaxRev,WtaxRev_lost,KtaxRev_lost,G,lump_sum,ylbar,WtaxPct,ShelterPct,ShelterPctP99,TaxEvasionP99,ConcealPctP99,gini,p90,p99,p999,p9999,gini_total,p90_total,p99_total,p999_total,p9999_total,welfare,welfare0,approval,approval0,conceal_share_e,conceal_share_n,evasion_share_e,evasion_share_n,conceal_frac_e,conceal_frac_n,evasion_frac_e,evasion_frac_n,shelter_pct_e,shelter_pct_n,detection_rate,detection_revenue,wtax_evasion_elast
61.62383165,1.46535948,0.46574034,0.99961914,30.87540784,198.91153701,54.95642340,1.15761535,0.18356104,0.02961390,0.12500000,0.00000000,0.25000000,0.18352600,5.82175448,5.20288710,12.49523977,0.80654772,9.29156816,0.00700856,1.08952447,31.91566975,0.91576402,96.46896973,17.80435506,57.84841062,0.97193400,0.02544599,0.32274131,0.39261492,0.58981454,0.98874560,0.00808759,0.10409619,0.43545766,0.74724691,-32.79053659,-65.70612098,0.07528597,0.00000000,0.36098523,0.63901477,0.39707236,0.60292764,0.50921805,0.84412242,0.28986319,0.36692422,1.79467465,0.70355802,0.10014797,0.31849582,15.34642513
