Y,A,A_rep,A_hid,L,Q,K,W,P,r,taua,abar,tauk,taul,WtaxRev,KtaxRev,WtaxRev_lost,KtaxRev_lost,G,lump_sum,ylbar,WtaxPct,ShelterPct,ShelterPctP99,TaxEvasionP99,ConcealPctP99,gini,p90,p99,p999,p9999,gini_total,p90_total,p99_total,p999_total,p9999_total,welfare,welfare0,approval,approval0,conceal_share_e,conceal_share_n,evasion_share_e,evasion_share_n,conceal_frac_e,conceal_frac_n,evasion_frac_e,evasion_frac_n,shelter_pct_e,shelter_pct_n,detection_rate,detection_revenue,wtax_evasion_elast
67.43060636,2.67984283,1.84090987,0.83893296,30.34379309,268.55655412,51.48910951,1.28890789,0.15330598,0.04298412,0.01928571,0.00000000,0.25000000,0.18580526,3.55032610,5.79748626,1.61794210,0.44773349,9.72119818,0.00868625,1.09364538,85.63639762,0.35578988,93.83746757,13.40511340,66.46911797,0.79938373,0.33088436,0.72245337,0.88904692,0.93521232,0.86159127,0.22730001,0.49634139,0.71336319,0.88972475,-26.82599391,-53.86925755,0.20090265,0.00127892,0.27840321,0.72159679,0.41355800,0.58644200,0.25181035,0.34546988,0.08400680,0.06985799,0.54943875,0.30903490,0.15083018,0.12422595,31.68675657
