Y,A,A_rep,A_hid,L,Q,K,W,P,r,taua,abar,tauk,taul,WtaxRev,KtaxRev,WtaxRev_lost,KtaxRev_lost,G,lump_sum,ylbar,WtaxPct,ShelterPct,ShelterPctP99,TaxEvasionP99,ConcealPctP99,gini,p90,p99,p999,p9999,gini_total,p90_total,p99_total,p999_total,p9999_total,welfare,welfare0,approval,approval0,conceal_share_e,conceal_share_n,evasion_share_e,evasion_share_n,conceal_frac_e,conceal_frac_n,evasion_frac_e,evasion_frac_n,shelter_pct_e,shelter_pct_n,detection_rate,detection_revenue,wtax_evasion_elast
70.46016544,3.08011123,3.08011123,0.00000000,30.21463871,297.87319678,59.47388875,1.35254258,0.14592760,0.03411477,0.00000000,0.00000000,0.21842105,0.18575083,0.00000000,5.81001833,0.00000000,0.00000000,9.18363957,-0.00516893,1.01507976,0.00000000,0.00000000,0.00000000,0.00000000,0.00000000,0.77714291,0.33967388,0.63253649,0.79683342,0.91706217,0.77714291,0.33967388,0.63253649,0.79683342,0.91706217,-23.70317388,-46.33306018,0.55985047,0.91913319,-nan,-nan,-nan,-nan,0.00000000,0.00000000,0.00000000,0.00000000,0.00000000,0.00000000,nan,0.00000000,inf
