Y,A,A_rep,A_hid,L,Q,K,W,P,r,taua,abar,tauk,taul,WtaxRev,KtaxRev,WtaxRev_lost,KtaxRev_lost,G,lump_sum,ylbar,WtaxPct,ShelterPct,ShelterPctP99,TaxEvasionP99,ConcealPctP99,gini,p90,p99,p999,p9999,gini_total,p90_total,p99_total,p999_total,p9999_total,welfare,welfare0,approval,approval0,conceal_share_e,conceal_share_n,evasion_share_e,evasion_share_n,conceal_frac_e,conceal_frac_n,evasion_frac_e,evasion_frac_n,shelter_pct_e,shelter_pct_n,detection_rate,detection_revenue,wtax_evasion_elast
75.90503676,3.30441901,3.28172060,0.02269841,30.15553496,360.27869218,67.69200037,1.45991995,0.13247034,0.02961390,0.00000000,0.00000000,0.20000000,0.18607134,0.00000000,5.14558593,0.00000000,0.08988657,9.29156816,-0.00252790,1.08952447,0.00000000,0.02017426,12.02050333,1.59136402,9.28795897,0.77601916,0.34015571,0.62163183,0.78055812,0.90753198,0.77755438,0.33781914,0.61736183,0.77554867,0.90425953,-22.94848166,-45.93912137,0.75128259,0.99932441,0.27688092,0.72311908,0.70640441,0.29359559,0.00591599,0.00732071,0.00869796,0.00186907,0.04977944,0.01302632,0.55562890,0.00535306,inf
