Y,A,A_rep,A_hid,L,Q,K,W,P,r,taua,abar,tauk,taul,WtaxRev,KtaxRev,WtaxRev_lost,KtaxRev_lost,G,lump_sum,ylbar,WtaxPct,ShelterPct,ShelterPctP99,TaxEvasionP99,ConcealPctP99,gini,p90,p99,p999,p9999,gini_total,p90_total,p99_total,p999_total,p9999_total,welfare,welfare0,approval,approval0,conceal_share_e,conceal_share_n,evasion_share_e,evasion_share_n,conceal_frac_e,conceal_frac_n,evasion_frac_e,evasion_frac_n,shelter_pct_e,shelter_pct_n,detection_rate,detection_revenue,wtax_evasion_elast
68.42762420,2.75868423,2.04466448,0.71401975,30.18914142,280.39627088,53.38340504,1.31464657,0.14964502,0.04100890,0.01500000,0.00000000,0.25000000,0.18607787,3.06699666,5.70232730,1.07102959,0.61524919,9.36881528,0.01364182,1.08945147,87.53686512,0.33137599,83.45625583,8.41805633,60.55036082,0.79410836,0.33517034,0.70511705,0.86699262,0.92166985,0.84695383,0.24841947,0.52265573,0.72103372,0.88864804,-25.63455297,-51.35989670,0.28185814,0.01308980,0.24338113,0.75661887,0.48472676,0.51527324,0.18513525,0.29683155,0.08353795,0.05166610,0.66630137,0.25051092,0.22031187,0.10820996,31.41448532
