Y,A,A_rep,A_hid,L,Q,K,W,P,r,taua,abar,tauk,taul,WtaxRev,KtaxRev,WtaxRev_lost,KtaxRev_lost,G,lump_sum,ylbar,WtaxPct,ShelterPct,ShelterPctP99,TaxEvasionP99,ConcealPctP99,gini,p90,p99,p999,p9999,gini_total,p90_total,p99_total,p999_total,p9999_total,welfare,welfare0,approval,approval0,conceal_share_e,conceal_share_n,evasion_share_e,evasion_share_n,conceal_frac_e,conceal_frac_n,evasion_frac_e,evasion_frac_n,shelter_pct_e,shelter_pct_n,detection_rate,detection_revenue,wtax_evasion_elast
68.99695656,2.79895038,2.05986821,0.73908216,30.20875859,284.96671313,55.11590608,1.32472618,0.14871050,0.03888169,0.01333333,0.00000000,0.25000000,0.18604472,2.74649089,5.55110602,0.98544286,0.72792625,9.29156816,0.01179627,1.08952447,87.99436694,0.30845423,86.33558549,12.42840516,65.81508159,0.78838827,0.34206591,0.71640302,0.88819247,0.93604480,0.84385921,0.25174104,0.52728712,0.72498365,0.89137682,-25.53411434,-51.12179343,0.27652403,0.01284218,0.26545558,0.73454442,0.55066470,0.44933530,0.20545554,0.29440323,0.09767273,0.04667983,0.65390433,0.22504804,0.29229659,0.12615961,33.13675304
