Y,A,A_rep,A_hid,L,Q,K,W,P,r,taua,abar,tauk,taul,WtaxRev,KtaxRev,WtaxRev_lost,KtaxRev_lost,G,lump_sum,ylbar,WtaxPct,ShelterPct,ShelterPctP99,TaxEvasionP99,ConcealPctP99,gini,p90,p99,p999,p9999,gini_total,p90_total,p99_total,p999_total,p9999_total,welfare,welfare0,approval,approval0,conceal_share_e,conceal_share_n,evasion_share_e,evasion_share_n,conceal_frac_e,conceal_frac_n,evasion_frac_e,evasion_frac_n,shelter_pct_e,shelter_pct_n,detection_rate,detection_revenue,wtax_evasion_elast
52.68952089,0.68127087,0.68127087,0.00000000,29.90239826,140.47869565,43.44903616,1.02198438,0.21463384,0.03609944,0.19736842,0.00000000,0.25000000,0.18509580,13.44613553,6.36840450,0.00000000,0.00000000,9.18363957,0.05632867,1.01507976,23.58388672,0.00000000,0.00000000,0.00000000,0.00000000,0.99294001,0.00377567,0.08027368,0.20769523,0.46608841,0.99294001,0.00377567,0.08027368,0.20769523,0.46608841,-29.04392986,-56.87378334,0.21618646,0.01061150,-nan,-nan,-nan,-nan,0.00000000,0.00000000,0.00000000,0.00000000,0.00000000,0.00000000,nan,0.00000000,7.94680318
