Y,A,A_rep,A_hid,L,Q,K,W,P,r,taua,abar,tauk,taul,WtaxRev,KtaxRev,WtaxRev_lost,KtaxRev_lost,G,lump_sum,ylbar,WtaxPct,ShelterPct,ShelterPctP99,TaxEvasionP99,ConcealPctP99,gini,p90,p99,p999,p9999,gini_total,p90_total,p99_total,p999_total,p9999_total,welfare,welfare0,approval,approval0,conceal_share_e,conceal_share_n,evasion_share_e,evasion_share_n,conceal_frac_e,conceal_frac_n,evasion_frac_e,evasion_frac_n,shelter_pct_e,shelter_pct_n,detection_rate,detection_revenue,wtax_evasion_elast
63.46978877,2.59249633,2.02436286,0.56813347,30.27674210,227.70676149,50.28395202,1.21586988,0.16740026,0.03961856,0.00000000,0.00000000,0.51052631,0.18566761,0.00000000,9.88984330,0.00000000,3.76388115,9.36881528,0.00510458,1.08945147,0.00000000,0.51769148,63.97687350,33.63423136,61.88893105,0.78758732,0.34767262,0.69992673,0.84927132,0.92312948,0.83360836,0.27148422,0.54977066,0.72802165,0.89358118,-28.45799825,-58.26206605,0.18945404,0.00141143,0.29220809,0.70779191,0.94642193,0.05357807,0.19412895,0.23145922,0.24985754,0.01308574,1.77523991,0.21406639,0.40493884,0.36614016,-inf
