Y,A,A_rep,A_hid,L,Q,K,W,P,r,taua,abar,tauk,taul,WtaxRev,KtaxRev,WtaxRev_lost,KtaxRev_lost,G,lump_sum,ylbar,WtaxPct,ShelterPct,ShelterPctP99,TaxEvasionP99,ConcealPctP99,gini,p90,p99,p999,p9999,gini_total,p90_total,p99_total,p999_total,p9999_total,welfare,welfare0,approval,approval0,conceal_share_e,conceal_share_n,evasion_share_e,evasion_share_n,conceal_frac_e,conceal_frac_n,evasion_frac_e,evasion_frac_n,shelter_pct_e,shelter_pct_n,detection_rate,detection_revenue,wtax_evasion_elast
82.24110452,3.48751540,3.48751540,0.00000000,30.62396027,427.46227712,79.66013677,1.55759217,0.12305648,0.02330006,0.00000000,0.00000000,0.09999999,0.18559468,0.00000000,2.45627686,0.00000000,0.00000000,9.38401305,-0.02195427,1.08919905,0.00000000,0.00000000,0.00000000,0.00000000,0.00000000,0.77640727,0.33277584,0.60080447,0.76233335,0.89911315,0.77640727,0.33277584,0.60080447,0.76233335,0.89911315,-22.80305892,-44.99430832,0.57993497,0.94992993,-nan,-nan,-nan,-nan,0.00000000,0.00000000,0.00000000,0.00000000,0.00000000,0.00000000,-nan,0.00000000,inf
