Y,A,A_rep,A_hid,L,Q,K,W,P,r,taua,abar,tauk,taul,WtaxRev,KtaxRev,WtaxRev_lost,KtaxRev_lost,G,lump_sum,ylbar,WtaxPct,ShelterPct,ShelterPctP99,TaxEvasionP99,ConcealPctP99,gini,p90,p99,p999,p9999,gini_total,p90_total,p99_total,p999_total,p9999_total,welfare,welfare0,approval,approval0,conceal_share_e,conceal_share_n,evasion_share_e,evasion_share_n,conceal_frac_e,conceal_frac_n,evasion_frac_e,evasion_frac_n,shelter_pct_e,shelter_pct_n,detection_rate,detection_revenue,wtax_evasion_elast
66.44105988,2.74401979,2.23979692,0.50422286,30.32581289,254.14592992,55.10434176,1.27076060,0.15874501,0.03560950,0.00000000,0.00000000,0.43947368,0.18565680,0.00000000,8.46027762,0.00000000,3.15528866,9.26471875,-0.00082547,1.08954006,0.00000000,0.40238532,69.83272133,37.21541140,61.67639291,0.77533303,0.35777217,0.70188817,0.85859459,0.92745438,0.81626503,0.29203047,0.57511497,0.74174011,0.89548150,-27.43597169,-55.87148014,0.00333948,0.00082605,0.31376904,0.68623096,0.95415702,0.04584298,0.17450535,0.18831654,0.23910560,0.00962174,1.44038288,0.15176904,0.53401439,0.00000000,-inf
