Y,A,A_rep,A_hid,L,Q,K,W,P,r,taua,abar,tauk,taul,WtaxRev,KtaxRev,WtaxRev_lost,KtaxRev_lost,G,lump_sum,ylbar,WtaxPct,ShelterPct,ShelterPctP99,TaxEvasionP99,ConcealPctP99,gini,p90,p99,p999,p9999,gini_total,p90_total,p99_total,p999_total,p9999_total,welfare,welfare0,approval,approval0,conceal_share_e,conceal_share_n,evasion_share_e,evasion_share_n,conceal_frac_e,conceal_frac_n,evasion_frac_e,evasion_frac_n,shelter_pct_e,shelter_pct_n,detection_rate,detection_revenue,wtax_evasion_elast
77.85208625,3.30548489,3.29738756,0.00809733,30.13266479,383.79269426,71.36778257,1.49857987,0.12835968,0.02745444,0.00000000,0.00000000,0.15000000,0.20335638,0.00000000,3.80811093,0.00000000,0.00885681,9.29156816,0.00000000,1.08952447,0.00000000,0.00281863,0.84036179,0.07701837,8.85135681,0.78772834,0.32156126,0.59336761,0.75896115,0.89911508,0.78824795,0.32077354,0.59191406,0.75710198,0.89707568,-22.43218062,-44.66890066,0.95268668,0.99950647,0.14005588,0.85994412,0.05473253,0.94526747,0.00104669,0.00313378,0.00007474,0.00057775,0.00193144,0.00303283,0.06505760,0.00025606,inf
