Y,A,A_rep,A_hid,L,Q,K,W,P,r,taua,abar,tauk,taul,WtaxRev,KtaxRev,WtaxRev_lost,KtaxRev_lost,G,lump_sum,ylbar,WtaxPct,ShelterPct,ShelterPctP99,TaxEvasionP99,ConcealPctP99,gini,p90,p99,p999,p9999,gini_total,p90_total,p99_total,p999_total,p9999_total,welfare,welfare0,approval,approval0,conceal_share_e,conceal_share_n,evasion_share_e,evasion_share_n,conceal_frac_e,conceal_frac_n,evasion_frac_e,evasion_frac_n,shelter_pct_e,shelter_pct_n,detection_rate,detection_revenue,wtax_evasion_elast
78.31617690,3.32643348,3.32611368,0.00031980,30.11445401,390.12026587,71.94475041,1.50840309,0.12723645,0.02729012,0.00000000,0.00000000,0.13333333,0.20864367,0.00000000,3.38077879,0.00000000,0.00107629,9.29156816,0.00000000,1.08952447,0.00000000,0.00016581,0.11737319,0.01004423,4.74290260,0.78952305,0.31793472,0.58653309,0.75336482,0.89577598,0.78954312,0.31790416,0.58647671,0.75329239,0.89572093,-22.30783069,-44.41166485,0.95565474,0.99953360,0.08417985,0.91582015,0.00363390,0.99636610,0.00002464,0.00013110,0.00000063,0.00007327,0.00003353,0.00019775,0.06070945,0.00001499,inf
