Y,A,A_rep,A_hid,L,Q,K,W,P,r,taua,abar,tauk,taul,WtaxRev,KtaxRev,WtaxRev_lost,KtaxRev_lost,G,lump_sum,ylbar,WtaxPct,ShelterPct,ShelterPctP99,TaxEvasionP99,ConcealPctP99,gini,p90,p99,p999,p9999,gini_total,p90_total,p99_total,p999_total,p9999_total,welfare,welfare0,approval,approval0,conceal_share_e,conceal_share_n,evasion_share_e,evasion_share_n,conceal_frac_e,conceal_frac_n,evasion_frac_e,evasion_frac_n,shelter_pct_e,shelter_pct_n,detection_rate,detection_revenue,wtax_evasion_elast
68.98045672,2.79565688,2.14999020,0.64566668,30.15991810,286.23670472,54.46874477,1.32656912,0.14808320,0.03991747,0.01285714,0.00000000,0.25000000,0.18611295,2.76427305,5.76305682,0.83014286,0.59483340,9.38401305,0.01297359,1.08919905,88.50866810,0.28803143,58.95067924,6.46489426,67.32902621,0.78932739,0.33912238,0.70200166,0.86735557,0.92494747,0.83762435,0.26080088,0.53992769,0.73080099,0.89171325,-25.30972988,-50.71745472,0.29812862,0.01351098,0.22725626,0.77274374,0.50844489,0.49155511,0.15551694,0.26938193,0.07556570,0.04242447,0.59838632,0.21309871,0.49217338,0.11838653,32.38391188
