Y,A,A_rep,A_hid,L,Q,K,W,P,r,taua,abar,tauk,taul,WtaxRev,KtaxRev,WtaxRev_lost,KtaxRev_lost,G,lump_sum,ylbar,WtaxPct,ShelterPct,ShelterPctP99,TaxEvasionP99,ConcealPctP99,gini,p90,p99,p999,p9999,gini_total,p90_total,p99_total,p999_total,p9999_total,welfare,welfare0,approval,approval0,conceal_share_e,conceal_share_n,evasion_share_e,evasion_share_n,conceal_frac_e,conceal_frac_n,evasion_frac_e,evasion_frac_n,shelter_pct_e,shelter_pct_n,detection_rate,detection_revenue,wtax_evasion_elast
58.49261289,2.32632721,1.40855868,0.91776853,30.73168581,180.01326640,44.74732007,1.10394489,0.19061508,0.04281051,0.00000000,0.00000000,0.69999999,0.18481497,0.00000000,11.35507671,0.00000000,7.06474017,9.29156816,0.00019242,1.08952447,0.00000000,0.87928858,62.14629698,44.89839631,70.10541453,0.82457599,0.29905236,0.69945151,0.83478605,0.90652880,0.89249315,0.18108902,0.43076899,0.66758163,0.87284106,-33.42170273,-69.02264420,0.04396315,0.00203799,0.33884509,0.66115491,0.96460240,0.03539760,0.39342027,0.39507682,0.35978054,0.01626165,2.99931861,0.36742415,0.30817546,0.67712763,-inf
