Y,A,A_rep,A_hid,L,Q,K,W,P,r,taua,abar,tauk,taul,WtaxRev,KtaxRev,WtaxRev_lost,KtaxRev_lost,G,lump_sum,ylbar,WtaxPct,ShelterPct,ShelterPctP99,TaxEvasionP99,ConcealPctP99,gini,p90,p99,p999,p9999,gini_total,p90_total,p99_total,p999_total,p9999_total,welfare,welfare0,approval,approval0,conceal_share_e,conceal_share_n,evasion_share_e,evasion_share_n,conceal_frac_e,conceal_frac_n,evasion_frac_e,evasion_frac_n,shelter_pct_e,shelter_pct_n,detection_rate,detection_revenue,wtax_evasion_elast
69.87811860,3.05633618,3.05633618,0.00000000,30.05277668,294.86903033,58.14760735,1.34864745,0.14605440,0.03532610,0.00000000,0.00000000,0.21052631,0.19875603,0.00000000,5.62424166,0.00000000,0.00000000,9.18363957,0.00000000,1.01507976,0.00000000,0.00000000,0.00000000,0.00000000,0.00000000,0.78201401,0.33145694,0.62264916,0.79064106,0.91481789,0.78201401,0.33145694,0.62264916,0.79064106,0.91481789,-23.46962787,-45.99974275,0.98260818,0.98992404,-nan,-nan,-nan,-nan,0.00000000,0.00000000,0.00000000,0.00000000,0.00000000,0.00000000,nan,0.00000000,inf
