Y,A,A_rep,A_hid,L,Q,K,W,P,r,taua,abar,tauk,taul,WtaxRev,KtaxRev,WtaxRev_lost,KtaxRev_lost,G,lump_sum,ylbar,WtaxPct,ShelterPct,ShelterPctP99,TaxEvasionP99,ConcealPctP99,gini,p90,p99,p999,p9999,gini_total,p90_total,p99_total,p999_total,p9999_total,welfare,welfare0,approval,approval0,conceal_share_e,conceal_share_n,evasion_share_e,evasion_share_n,conceal_frac_e,conceal_frac_n,evasion_frac_e,evasion_frac_n,shelter_pct_e,shelter_pct_n,detection_rate,detection_revenue,wtax_evasion_elast
91.40335016,1.27254331,1.27254331,0.00000000,30.47813380,760.63801934,22.17370467,1.74262639,0.08157633,0.24323716,0.00000000,0.00000000,0.77499999,0.18414883,0.00000000,26.66019958,0.00000000,0.00000000,21.96204079,0.02169252,2.43012614,0.00000000,0.00000000,0.00000000,0.00000000,0.00000000,0.80010523,0.34850524,0.73817324,0.85163461,0.86815980,0.80010523,0.34850524,0.73817324,0.85163461,0.86815980,-12.83843296,-27.33034389,0.20150476,0.00000000,-nan,-nan,-nan,-nan,0.00000000,0.00000000,0.00000000,0.00000000,0.00000000,0.00000000,nan,0.00000000,-inf
