Y,A,A_rep,A_hid,L,Q,K,W,P,r,taua,abar,tauk,taul,WtaxRev,KtaxRev,WtaxRev_lost,KtaxRev_lost,G,lump_sum,ylbar,WtaxPct,ShelterPct,ShelterPctP99,TaxEvasionP99,ConcealPctP99,gini,p90,p99,p999,p9999,gini_total,p90_total,p99_total,p999_total,p9999_total,welfare,welfare0,approval,approval0,conceal_share_e,conceal_share_n,evasion_share_e,evasion_share_n,conceal_frac_e,conceal_frac_n,evasion_frac_e,evasion_frac_n,shelter_pct_e,shelter_pct_n,detection_rate,detection_revenue,wtax_evasion_elast
84.01421560,3.55207541,3.55207541,0.00000000,30.83390094,445.82413284,82.73737503,1.58034166,0.12104022,0.02209548,0.00000000,0.00000000,0.07499999,0.18531277,0.00000000,1.81799230,0.00000000,0.00000000,9.72119818,-0.03367335,1.09364538,0.00000000,0.00000000,0.00000000,0.00000000,0.00000000,0.77192987,0.33540128,0.60022724,0.76144678,0.89866158,0.77192987,0.33540128,0.60022724,0.76144678,0.89866158,-23.21288553,-45.75383159,0.44762326,0.74517231,-nan,-nan,-nan,-nan,0.00000000,0.00000000,0.00000000,0.00000000,0.00000000,0.00000000,-nan,0.00000000,inf
