Y,A,A_rep,A_hid,L,Q,K,W,P,r,taua,abar,tauk,taul,WtaxRev,KtaxRev,WtaxRev_lost,KtaxRev_lost,G,lump_sum,ylbar,WtaxPct,ShelterPct,ShelterPctP99,TaxEvasionP99,ConcealPctP99,gini,p90,p99,p999,p9999,gini_total,p90_total,p99_total,p999_total,p9999_total,welfare,welfare0,approval,approval0,conceal_share_e,conceal_share_n,evasion_share_e,evasion_share_n,conceal_frac_e,conceal_frac_n,evasion_frac_e,evasion_frac_n,shelter_pct_e,shelter_pct_n,detection_rate,detection_revenue,wtax_evasion_elast
72.84636140,3.05909516,2.79344277,0.26565239,30.13827716,324.79339574,63.42380489,1.40187689,0.13956564,0.03154655,0.00214286,0.00000000,0.25000000,0.18610042,0.59859486,5.91147945,0.05692551,0.55391460,9.26471875,0.00372502,1.08954006,92.84818714,0.11505900,32.96901243,8.24103899,58.86178763,0.77519226,0.34748739,0.66177882,0.83225140,0.92743883,0.79465148,0.31731152,0.60436228,0.76492682,0.89985582,-23.90494480,-47.91299979,0.46346782,0.21022181,0.23642404,0.76357596,0.85871849,0.14128151,0.06256588,0.09869652,0.06114290,0.00587893,0.40486420,0.04508784,0.60775799,0.00000000,39.80492744
