Y,A,A_rep,A_hid,L,Q,K,W,P,r,taua,abar,tauk,taul,WtaxRev,KtaxRev,WtaxRev_lost,KtaxRev_lost,G,lump_sum,ylbar,WtaxPct,ShelterPct,ShelterPctP99,TaxEvasionP99,ConcealPctP99,gini,p90,p99,p999,p9999,gini_total,p90_total,p99_total,p999_total,p9999_total,welfare,welfare0,approval,approval0,conceal_share_e,conceal_share_n,evasion_share_e,evasion_share_n,conceal_frac_e,conceal_frac_n,evasion_frac_e,evasion_frac_n,shelter_pct_e,shelter_pct_n,detection_rate,detection_revenue,wtax_evasion_elast
67.38385646,2.68830092,1.75186410,0.93643682,30.31427663,268.00199849,52.00366332,1.28940404,0.15350242,0.04201071,0.02000000,0.00000000,0.25000000,0.18588362,3.50372812,5.39277824,1.87287360,0.75740358,9.29156816,0.01227589,1.08952447,84.48071860,0.44962624,94.92524482,14.39018322,67.13051681,0.80153623,0.32901966,0.73343499,0.88392038,0.92985267,0.86992608,0.21440967,0.47800923,0.70036270,0.88214942,-26.63053908,-53.31955398,0.22592778,0.00188359,0.28667172,0.71332828,0.47290720,0.52709280,0.28636875,0.38151638,0.12111187,0.07970241,0.84976559,0.35301577,0.20468617,0.15475326,31.22114709
