Y,A,A_rep,A_hid,L,Q,K,W,P,r,taua,abar,tauk,taul,WtaxRev,KtaxRev,WtaxRev_lost,KtaxRev_lost,G,lump_sum,ylbar,WtaxPct,ShelterPct,ShelterPctP99,TaxEvasionP99,ConcealPctP99,gini,p90,p99,p999,p9999,gini_total,p90_total,p99_total,p999_total,p9999_total,welfare,welfare0,approval,approval0,conceal_share_e,conceal_share_n,evasion_share_e,evasion_share_n,conceal_frac_e,conceal_frac_n,evasion_frac_e,evasion_frac_n,shelter_pct_e,shelter_pct_n,detection_rate,detection_revenue,wtax_evasion_elast
60.17101566,2.41724442,1.71563186,0.70161256,30.42065002,197.37957210,46.04200851,1.14720765,0.18048273,0.04278681,0.00000000,0.00000000,0.59999999,0.18531162,0.00000000,10.95529001,0.00000000,5.11798578,9.38401305,0.00347140,1.08919905,0.00000000,0.72323302,53.33451719,39.19549249,68.85791218,0.80075195,0.33292640,0.71190702,0.85416417,0.92600674,0.85768217,0.23629701,0.51045635,0.71687019,0.89560658,-30.92098369,-63.80483165,0.14426478,0.00195845,0.30985058,0.69014942,0.95730874,0.04269126,0.26986201,0.30044535,0.29747002,0.01404404,2.48788062,0.29717286,0.64248621,0.67983846,-inf
