Y,A,A_rep,A_hid,L,Q,K,W,P,r,taua,abar,tauk,taul,WtaxRev,KtaxRev,WtaxRev_lost,KtaxRev_lost,G,lump_sum,ylbar,WtaxPct,ShelterPct,ShelterPctP99,TaxEvasionP99,ConcealPctP99,gini,p90,p99,p999,p9999,gini_total,p90_total,p99_total,p999_total,p9999_total,welfare,welfare0,approval,approval0,conceal_share_e,conceal_share_n,evasion_share_e,evasion_share_n,conceal_frac_e,conceal_frac_n,evasion_frac_e,evasion_frac_n,shelter_pct_e,shelter_pct_n,detection_rate,detection_revenue,wtax_evasion_elast
75.58166682,3.31390485,3.31390485,0.00000000,30.56584950,347.81603247,67.86463927,1.43418913,0.13615252,0.02907326,0.00000000,0.00000000,0.12368421,0.18536025,0.00000000,3.14538949,0.00000000,0.00000000,9.18363957,-0.02269359,1.01507976,0.00000000,0.00000000,0.00000000,0.00000000,0.00000000,0.76992525,0.34307846,0.62365269,0.78905319,0.91378794,0.76992525,0.34307846,0.62365269,0.78905319,0.91378794,-23.42667949,-45.34381901,0.48518301,0.75109533,-nan,-nan,-nan,-nan,0.00000000,0.00000000,0.00000000,0.00000000,0.00000000,0.00000000,nan,0.00000000,inf
