Y,A,A_rep,A_hid,L,Q,K,W,P,r,taua,abar,tauk,taul,WtaxRev,KtaxRev,WtaxRev_lost,KtaxRev_lost,G,lump_sum,ylbar,WtaxPct,ShelterPct,ShelterPctP99,TaxEvasionP99,ConcealPctP99,gini,p90,p99,p999,p9999,gini_total,p90_total,p99_total,p999_total,p9999_total,welfare,welfare0,approval,approval0,conceal_share_e,conceal_share_n,evasion_share_e,evasion_share_n,conceal_frac_e,conceal_frac_n,evasion_frac_e,evasion_frac_n,shelter_pct_e,shelter_pct_n,detection_rate,detection_revenue,wtax_evasion_elast
68.90908893,2.78184235,2.15630612,0.62553624,30.19421493,285.09012882,54.14964869,1.32354724,0.14844698,0.04034259,0.01333333,0.00000000,0.25000000,0.18604218,2.87507476,6.13558903,0.83404830,0.25452276,9.72119818,0.01124245,1.09364538,88.49546905,0.20210414,71.94494417,8.89376601,62.05599949,0.79222487,0.33468172,0.69425378,0.87689660,0.93935881,0.83864548,0.25942384,0.53817399,0.73358321,0.89839724,-25.51043213,-51.18747453,0.27083861,0.01186867,0.24760161,0.75239839,0.39255891,0.60744109,0.16450021,0.25574756,0.04437531,0.03984392,0.26815882,0.18615576,0.15159212,0.08015534,32.54515654
