Y,A,A_rep,A_hid,L,Q,K,W,P,r,taua,abar,tauk,taul,WtaxRev,KtaxRev,WtaxRev_lost,KtaxRev_lost,G,lump_sum,ylbar,WtaxPct,ShelterPct,ShelterPctP99,TaxEvasionP99,ConcealPctP99,gini,p90,p99,p999,p9999,gini_total,p90_total,p99_total,p999_total,p9999_total,welfare,welfare0,approval,approval0,conceal_share_e,conceal_share_n,evasion_share_e,evasion_share_n,conceal_frac_e,conceal_frac_n,evasion_frac_e,evasion_frac_n,shelter_pct_e,shelter_pct_n,detection_rate,detection_revenue,wtax_evasion_elast
177.99813133,3.30322437,3.30322437,0.00000000,30.40920238,3711.94139900,108.28254950,3.39477881,0.03806903,0.06670440,0.00000000,0.00000000,0.12500000,0.18527180,0.00000000,3.19067608,0.00000000,0.00000000,21.96204079,-0.06359132,2.43012614,0.00000000,0.00000000,0.00000000,0.00000000,0.00000000,0.66643193,0.47630761,0.73312543,0.79119461,0.79922354,0.66643193,0.47630761,0.73312543,0.79119461,0.79922354,-5.97919485,-11.63565158,0.42753758,0.72337083,-nan,-nan,-nan,-nan,0.00000000,0.00000000,0.00000000,0.00000000,0.00000000,0.00000000,nan,0.00000000,inf
