Y,A,A_rep,A_hid,L,Q,K,W,P,r,taua,abar,tauk,taul,WtaxRev,KtaxRev,WtaxRev_lost,KtaxRev_lost,G,lump_sum,ylbar,WtaxPct,ShelterPct,ShelterPctP99,TaxEvasionP99,ConcealPctP99,gini,p90,p99,p999,p9999,gini_total,p90_total,p99_total,p999_total,p9999_total,welfare,welfare0,approval,approval0,conceal_share_e,conceal_share_n,evasion_share_e,evasion_share_n,conceal_frac_e,conceal_frac_n,evasion_frac_e,evasion_frac_n,shelter_pct_e,shelter_pct_n,detection_rate,detection_revenue,wtax_evasion_elast
63.56697058,2.63053752,2.10555529,0.52498223,30.31397170,226.86700262,51.85928718,1.21632970,0.16822906,0.03703652,0.00000000,0.00000000,0.46315789,0.18542487,0.00000000,9.69363869,0.00000000,2.74491921,9.72119818,-0.00618456,1.09364538,0.00000000,0.37265015,75.97750312,32.09634587,66.97586981,0.76649922,0.37373780,0.74137176,0.90332878,0.94731396,0.81275365,0.29915011,0.59539340,0.76626343,0.91203343,-29.16073117,-60.18377122,0.00557945,0.00098542,0.35325442,0.64674558,0.96817503,0.03182497,0.21281623,0.19301150,0.20031497,0.00578052,1.28427792,0.15254485,0.45658769,0.25534578,-inf
