Y,A,A_rep,A_hid,L,Q,K,W,P,r,taua,abar,tauk,taul,WtaxRev,KtaxRev,WtaxRev_lost,KtaxRev_lost,G,lump_sum,ylbar,WtaxPct,ShelterPct,ShelterPctP99,TaxEvasionP99,ConcealPctP99,gini,p90,p99,p999,p9999,gini_total,p90_total,p99_total,p999_total,p9999_total,welfare,welfare0,approval,approval0,conceal_share_e,conceal_share_n,evasion_share_e,evasion_share_n,conceal_frac_e,conceal_frac_n,evasion_frac_e,evasion_frac_n,shelter_pct_e,shelter_pct_n,detection_rate,detection_revenue,wtax_evasion_elast
79.46204944,3.36983335,3.36184857,0.00798478,30.42854551,396.51609319,74.83989243,1.51462892,0.12721851,0.02538497,0.00000000,0.00000000,0.15000000,0.18582320,0.00000000,3.75986279,0.00000000,0.00975593,9.38401305,-0.01167777,1.08919905,0.00000000,0.00301038,0.77795097,0.08416582,8.66739714,0.77935211,0.33287030,0.60676810,0.76773700,0.90225804,0.77987458,0.33208157,0.60533037,0.76591788,0.90034453,-22.82882173,-45.25540023,0.62686663,0.96511447,0.17617150,0.82382850,0.15357755,0.84642245,0.00127851,0.00289838,0.00023770,0.00060746,0.00278713,0.00306428,0.03035840,0.00016494,inf
