Y,A,A_rep,A_hid,L,Q,K,W,P,r,taua,abar,tauk,taul,WtaxRev,KtaxRev,WtaxRev_lost,KtaxRev_lost,G,lump_sum,ylbar,WtaxPct,ShelterPct,ShelterPctP99,TaxEvasionP99,ConcealPctP99,gini,p90,p99,p999,p9999,gini_total,p90_total,p99_total,p999_total,p9999_total,welfare,welfare0,approval,approval0,conceal_share_e,conceal_share_n,evasion_share_e,evasion_share_n,conceal_frac_e,conceal_frac_n,evasion_frac_e,evasion_frac_n,shelter_pct_e,shelter_pct_n,detection_rate,detection_revenue,wtax_evasion_elast
69.69637679,2.84628428,2.28327332,0.56301097,30.13650289,293.54328522,55.99702080,1.34136224,0.14626206,0.03836994,0.01052632,0.00000000,0.25000000,0.18614249,2.40344563,5.81260626,0.59264313,0.58793882,9.36881528,0.01202758,1.08945147,89.63738114,0.24160669,55.31648680,6.93852326,62.75399334,0.78620090,0.34277759,0.69240564,0.86205757,0.92314248,0.82822428,0.27497426,0.55552308,0.73805151,0.89404017,-24.94744781,-49.99324712,0.31504566,0.01362816,0.22083173,0.77916827,0.56250259,0.43749741,0.13030101,0.23184790,0.07082579,0.03194694,0.54028449,0.16949330,0.29258266,0.08330381,32.68699084
