Y,A,A_rep,A_hid,L,Q,K,W,P,r,taua,abar,tauk,taul,WtaxRev,KtaxRev,WtaxRev_lost,KtaxRev_lost,G,lump_sum,ylbar,WtaxPct,ShelterPct,ShelterPctP99,TaxEvasionP99,ConcealPctP99,gini,p90,p99,p999,p9999,gini_total,p90_total,p99_total,p999_total,p9999_total,welfare,welfare0,approval,approval0,conceal_share_e,conceal_share_n,evasion_share_e,evasion_share_n,conceal_frac_e,conceal_frac_n,evasion_frac_e,evasion_frac_n,shelter_pct_e,shelter_pct_n,detection_rate,detection_revenue,wtax_evasion_elast
71.92619390,2.99673822,2.67122780,0.32551042,30.11183053,316.15511460,61.00535981,1.38542792,0.14119169,0.03371133,0.00428571,0.00000000,0.25000000,0.18615144,1.14481189,6.00414982,0.13950446,0.47393863,9.38401305,0.00715939,1.08919905,92.10748822,0.13271028,34.91306441,4.55821276,59.91336324,0.77860876,0.34648214,0.66704227,0.84129217,0.92448472,0.80256480,0.30884670,0.59464948,0.75796667,0.89789224,-24.08167078,-48.26554800,0.45807114,0.20784368,0.21525572,0.78474428,0.74796560,0.25203440,0.07097175,0.12711916,0.05223888,0.01022306,0.40755101,0.06635217,0.87899630,0.05752338,37.19054874
