Y,A,A_rep,A_hid,L,Q,K,W,P,r,taua,abar,tauk,taul,WtaxRev,KtaxRev,WtaxRev_lost,KtaxRev_lost,G,lump_sum,ylbar,WtaxPct,ShelterPct,ShelterPctP99,TaxEvasionP99,ConcealPctP99,gini,p90,p99,p999,p9999,gini_total,p90_total,p99_total,p999_total,p9999_total,welfare,welfare0,approval,approval0,conceal_share_e,conceal_share_n,evasion_share_e,evasion_share_n,conceal_frac_e,conceal_frac_n,evasion_frac_e,evasion_frac_n,shelter_pct_e,shelter_pct_n,detection_rate,detection_revenue,wtax_evasion_elast
39.56332850,1.50340706,1.50340706,0.00000000,29.79387327,74.57659840,17.79293893,0.77019397,0.28495920,0.10787385,0.00000000,0.00000000,0.72368420,0.18491436,0.00000000,24.95403962,0.00000000,0.00000000,9.18363957,0.00820230,1.01507976,0.00000000,0.00000000,0.00000000,0.00000000,0.00000000,0.80488619,0.33028104,0.71329230,0.86544882,0.94954998,0.80488619,0.33028104,0.71329230,0.86544882,0.94954998,-42.37929189,-92.65849838,0.23899974,0.00761906,-nan,-nan,-nan,-nan,0.00000000,0.00000000,0.00000000,0.00000000,0.00000000,0.00000000,nan,0.00000000,-inf
