Y,A,A_rep,A_hid,L,Q,K,W,P,r,taua,abar,tauk,taul,WtaxRev,KtaxRev,WtaxRev_lost,KtaxRev_lost,G,lump_sum,ylbar,WtaxPct,ShelterPct,ShelterPctP99,TaxEvasionP99,ConcealPctP99,gini,p90,p99,p999,p9999,gini_total,p90_total,p99_total,p999_total,p9999_total,welfare,welfare0,approval,approval0,conceal_share_e,conceal_share_n,evasion_share_e,evasion_share_n,conceal_frac_e,conceal_frac_n,evasion_frac_e,evasion_frac_n,shelter_pct_e,shelter_pct_n,detection_rate,detection_revenue,wtax_evasion_elast
59.71171974,2.17974414,0.88344977,1.29629438,31.00267670,203.43921366,38.53037766,1.13420042,0.17720727,0.06186709,0.06000000,0.00000000,0.25000000,0.18452234,5.30069868,4.78341617,7.77776637,0.71103715,9.36881528,-0.00594892,1.08945147,69.18056976,1.14003900,97.75003234,16.64768316,64.45120535,0.87181045,0.21847522,0.71564000,0.74829918,0.85325047,0.94509744,0.08854795,0.30700780,0.61617427,0.86048976,-33.77463880,-68.57929916,0.00531456,0.00403901,0.29816788,0.70183212,0.34736878,0.65263122,0.48333426,0.65923157,0.22653147,0.25333299,1.92301316,0.95099610,0.06656692,0.18336943,23.45476591
