Y,A,A_rep,A_hid,L,Q,K,W,P,r,taua,abar,tauk,taul,WtaxRev,KtaxRev,WtaxRev_lost,KtaxRev_lost,G,lump_sum,ylbar,WtaxPct,ShelterPct,ShelterPctP99,TaxEvasionP99,ConcealPctP99,gini,p90,p99,p999,p9999,gini_total,p90_total,p99_total,p999_total,p9999_total,welfare,welfare0,approval,approval0,conceal_share_e,conceal_share_n,evasion_share_e,evasion_share_n,conceal_frac_e,conceal_frac_n,evasion_frac_e,evasion_frac_n,shelter_pct_e,shelter_pct_n,detection_rate,detection_revenue,wtax_evasion_elast
60.14534053,2.40773150,1.63849625,0.76923525,30.56695827,196.17581216,46.30413820,1.14284528,0.18166996,0.04235855,0.00000000,0.00000000,0.62499999,0.18501821,0.00000000,10.97378193,0.00000000,5.60671890,9.36881528,0.00118810,1.08945147,0.00000000,0.76993197,61.81937886,39.18970741,66.26327829,0.80554424,0.32800700,0.70991512,0.84166541,0.91853352,0.86666126,0.22321698,0.48856167,0.70257596,0.88758419,-31.59601825,-65.11366817,0.07293125,0.00189537,0.32465906,0.67534094,0.95760191,0.04239809,0.30951934,0.32450856,0.31544429,0.01532807,2.64383049,0.31749404,0.31817165,0.57446243,-inf
