Y,A,A_rep,A_hid,L,Q,K,W,P,r,taua,abar,tauk,taul,WtaxRev,KtaxRev,WtaxRev_lost,KtaxRev_lost,G,lump_sum,ylbar,WtaxPct,ShelterPct,ShelterPctP99,TaxEvasionP99,ConcealPctP99,gini,p90,p99,p999,p9999,gini_total,p90_total,p99_total,p999_total,p9999_total,welfare,welfare0,approval,approval0,conceal_share_e,conceal_share_n,evasion_share_e,evasion_share_n,conceal_frac_e,conceal_frac_n,evasion_frac_e,evasion_frac_n,shelter_pct_e,shelter_pct_n,detection_rate,detection_revenue,wtax_evasion_elast
78.57396296,3.58536368,3.58501407,0.00034961,30.26399552,392.64968213,70.07263632,1.50584652,0.12691115,0.02961390,0.00000000,0.00000000,0.13333333,0.18586368,0.00000000,3.50657351,0.00000000,0.00118981,9.29156816,-0.01571272,1.08952447,0.00000000,0.00017742,0.15682964,0.01410090,6.46784067,0.76245629,0.35091283,0.62377326,0.77920559,0.90845812,0.76247929,0.35087862,0.62371244,0.77912961,0.90840479,-22.66129638,-45.48154778,0.62231114,0.98410954,0.09717945,0.90282055,0.00622045,0.99377955,0.00003009,0.00012851,0.00000124,0.00008581,0.00004030,0.00021053,0.06678029,0.00001593,inf
