Y,A,A_rep,A_hid,L,Q,K,W,P,r,taua,abar,tauk,taul,WtaxRev,KtaxRev,WtaxRev_lost,KtaxRev_lost,G,lump_sum,ylbar,WtaxPct,ShelterPct,ShelterPctP99,TaxEvasionP99,ConcealPctP99,gini,p90,p99,p999,p9999,gini_total,p90_total,p99_total,p999_total,p9999_total,welfare,welfare0,approval,approval0,conceal_share_e,conceal_share_n,evasion_share_e,evasion_share_n,conceal_frac_e,conceal_frac_n,evasion_frac_e,evasion_frac_n,shelter_pct_e,shelter_pct_n,detection_rate,detection_revenue,wtax_evasion_elast
72.58044632,3.06077334,3.02600430,0.03476904,30.10977576,321.99151296,63.36920310,1.39811171,0.14014801,0.03132078,0.00000000,0.00000000,0.27368421,0.18607049,0.00000000,7.11649514,0.00000000,0.15970244,9.72119818,0.00166223,1.09364538,0.00000000,0.03462247,14.05605584,1.60028534,17.05079676,0.78293540,0.33384748,0.62791149,0.78608370,0.90999978,0.78539281,0.33005512,0.62077989,0.77808783,0.90370769,-23.95058451,-48.20980714,0.31430078,0.01358563,0.28152377,0.71847623,0.79892653,0.20107347,0.00985564,0.01208196,0.01438432,0.00221012,0.11373648,0.01552102,0.45650159,0.00579679,-inf
