Y,A,A_rep,A_hid,L,Q,K,W,P,r,taua,abar,tauk,taul,WtaxRev,KtaxRev,WtaxRev_lost,KtaxRev_lost,G,lump_sum,ylbar,WtaxPct,ShelterPct,ShelterPctP99,TaxEvasionP99,ConcealPctP99,gini,p90,p99,p999,p9999,gini_total,p90_total,p99_total,p999_total,p9999_total,welfare,welfare0,approval,approval0,conceal_share_e,conceal_share_n,evasion_share_e,evasion_share_n,conceal_frac_e,conceal_frac_n,evasion_frac_e,evasion_frac_n,shelter_pct_e,shelter_pct_n,detection_rate,detection_revenue,wtax_evasion_elast
65.36324651,2.53849178,1.35081991,1.18767188,30.57662156,245.85838592,48.14339168,1.23986259,0.16089555,0.04639550,0.03157895,0.00000000,0.25000000,0.18541280,4.26574713,5.13304379,3.75054283,0.81032470,9.26471875,0.00694918,1.08954006,79.27518584,0.67805170,96.66166929,17.93039825,70.53005492,0.82377765,0.29890964,0.75351261,0.85909189,0.91179978,0.90481891,0.15906023,0.40116704,0.65943118,0.86777722,-28.85409248,-57.87594758,0.14539380,0.00217511,0.30706617,0.69293383,0.41840443,0.58159557,0.39955854,0.50621444,0.16897207,0.14134444,1.18994844,0.55445829,0.14271514,0.00000000,28.73317447
