Y,A,A_rep,A_hid,L,Q,K,W,P,r,taua,abar,tauk,taul,WtaxRev,KtaxRev,WtaxRev_lost,KtaxRev_lost,G,lump_sum,ylbar,WtaxPct,ShelterPct,ShelterPctP99,TaxEvasionP99,ConcealPctP99,gini,p90,p99,p999,p9999,gini_total,p90_total,p99_total,p999_total,p9999_total,welfare,welfare0,approval,approval0,conceal_share_e,conceal_share_n,evasion_share_e,evasion_share_n,conceal_frac_e,conceal_frac_n,evasion_frac_e,evasion_frac_n,shelter_pct_e,shelter_pct_n,detection_rate,detection_revenue,wtax_evasion_elast
64.66564878,2.50135635,1.47095933,1.03039702,30.42658652,242.77078469,45.84940804,1.23267839,0.16099924,0.05013819,0.03157895,0.00000000,0.25000000,0.18562656,4.64513479,5.44535690,3.25388536,0.63351166,9.36881528,0.01227255,1.08945147,79.79855446,0.68808151,97.82315130,13.40380076,57.22330071,0.82975363,0.28927516,0.71451029,0.82262886,0.89443007,0.89854336,0.17011250,0.42040683,0.67066433,0.87055638,-28.35498679,-56.99726205,0.19016629,0.00258166,0.27622687,0.72377313,0.37559908,0.62440092,0.32145197,0.46151475,0.13067366,0.12820821,1.17379711,0.57080933,0.10314953,0.14951838,26.83279127
