Y,A,A_rep,A_hid,L,Q,K,W,P,r,taua,abar,tauk,taul,WtaxRev,KtaxRev,WtaxRev_lost,KtaxRev_lost,G,lump_sum,ylbar,WtaxPct,ShelterPct,ShelterPctP99,TaxEvasionP99,ConcealPctP99,gini,p90,p99,p999,p9999,gini_total,p90_total,p99_total,p999_total,p9999_total,welfare,welfare0,approval,approval0,conceal_share_e,conceal_share_n,evasion_share_e,evasion_share_n,conceal_frac_e,conceal_frac_n,evasion_frac_e,evasion_frac_n,shelter_pct_e,shelter_pct_n,detection_rate,detection_revenue,wtax_evasion_elast
61.96863910,2.67511461,2.67511461,0.00000000,29.72144406,222.95388978,46.31441528,1.20929281,0.16657330,0.04499825,0.00000000,0.00000000,0.36842105,0.18624411,0.00000000,10.54573891,0.00000000,0.00000000,9.18363957,0.01570026,1.01507976,0.00000000,0.00000000,0.00000000,0.00000000,0.00000000,0.78859651,0.33455619,0.64997031,0.81259245,0.92421142,0.78859651,0.33455619,0.64997031,0.81259245,0.92421142,-25.07780761,-49.97961021,0.37907148,0.04300913,-nan,-nan,-nan,-nan,0.00000000,0.00000000,0.00000000,0.00000000,0.00000000,0.00000000,nan,0.00000000,-inf
