Y,A,A_rep,A_hid,L,Q,K,W,P,r,taua,abar,tauk,taul,WtaxRev,KtaxRev,WtaxRev_lost,KtaxRev_lost,G,lump_sum,ylbar,WtaxPct,ShelterPct,ShelterPctP99,TaxEvasionP99,ConcealPctP99,gini,p90,p99,p999,p9999,gini_total,p90_total,p99_total,p999_total,p9999_total,welfare,welfare0,approval,approval0,conceal_share_e,conceal_share_n,evasion_share_e,evasion_share_n,conceal_frac_e,conceal_frac_n,evasion_frac_e,evasion_frac_n,shelter_pct_e,shelter_pct_n,detection_rate,detection_revenue,wtax_evasion_elast
71.51531339,3.01057920,2.59865906,0.41192014,30.42727277,302.74153762,63.93230272,1.36319623,0.14596660,0.02942018,0.00000000,0.00000000,0.32105263,0.18557192,0.00000000,6.06835580,0.00000000,2.19207697,9.38401305,-0.01091782,1.08919905,0.00000000,0.22884641,82.66850864,50.45871001,64.30918927,0.76388416,0.36530772,0.69485825,0.87041267,0.94513050,0.79605631,0.31532478,0.60016691,0.76329817,0.90336274,-25.95263450,-52.33121741,0.00298782,0.00003487,0.40589042,0.59410958,0.97693884,0.02306116,0.16698763,0.12179403,0.21573535,0.00352232,0.88271873,0.07097412,0.06695060,0.06729060,-inf
