Y,A,A_rep,A_hid,L,Q,K,W,P,r,taua,abar,tauk,taul,WtaxRev,KtaxRev,WtaxRev_lost,KtaxRev_lost,G,lump_sum,ylbar,WtaxPct,ShelterPct,ShelterPctP99,TaxEvasionP99,ConcealPctP99,gini,p90,p99,p999,p9999,gini_total,p90_total,p99_total,p999_total,p9999_total,welfare,welfare0,approval,approval0,conceal_share_e,conceal_share_n,evasion_share_e,evasion_share_n,conceal_frac_e,conceal_frac_n,evasion_frac_e,evasion_frac_n,shelter_pct_e,shelter_pct_n,detection_rate,detection_revenue,wtax_evasion_elast
62.88501758,2.42855201,2.42855201,0.00000000,29.93650057,224.53831291,51.85686048,1.21835850,0.16796248,0.03609944,0.00000000,0.00000000,0.39210526,0.18616465,0.00000000,10.57992155,0.00000000,0.00000000,9.18363957,0.01942858,1.01507976,0.00000000,0.00000000,0.00000000,0.00000000,0.00000000,0.81397014,0.30026758,0.61970336,0.79102724,0.91216099,0.81397014,0.30026758,0.61970336,0.79102724,0.91216099,-25.23478308,-49.68513433,0.36772418,0.01582999,-nan,-nan,-nan,-nan,0.00000000,0.00000000,0.00000000,0.00000000,0.00000000,0.00000000,nan,0.00000000,-inf
