Y,A,A_rep,A_hid,L,Q,K,W,P,r,taua,abar,tauk,taul,WtaxRev,KtaxRev,WtaxRev_lost,KtaxRev_lost,G,lump_sum,ylbar,WtaxPct,ShelterPct,ShelterPctP99,TaxEvasionP99,ConcealPctP99,gini,p90,p99,p999,p9999,gini_total,p90_total,p99_total,p999_total,p9999_total,welfare,welfare0,approval,approval0,conceal_share_e,conceal_share_n,evasion_share_e,evasion_share_n,conceal_frac_e,conceal_frac_n,evasion_frac_e,evasion_frac_n,shelter_pct_e,shelter_pct_n,detection_rate,detection_revenue,wtax_evasion_elast
65.28376370,2.53177284,1.33517363,1.19659921,30.58846009,244.99195205,47.97590612,1.23784200,0.16120514,0.04661070,0.03214286,0.00000000,0.25000000,0.18538596,4.29162943,5.12406662,3.84621167,0.81043770,9.26471875,0.00668365,1.08954006,79.07126046,0.68738642,96.63621770,18.15853926,70.69112892,0.82489530,0.29674687,0.75389453,0.85748170,0.91092002,0.90621826,0.15649453,0.39778494,0.65738244,0.86703895,-28.95781987,-58.09039188,0.14310352,0.00218004,0.30718307,0.69281693,0.41620754,0.58379246,0.40333973,0.51160303,0.17089248,0.14437663,1.20166230,0.56321859,0.14067468,0.00000000,28.61588856
