Y,A,A_rep,A_hid,L,Q,K,W,P,r,taua,abar,tauk,taul,WtaxRev,KtaxRev,WtaxRev_lost,KtaxRev_lost,G,lump_sum,ylbar,WtaxPct,ShelterPct,ShelterPctP99,TaxEvasionP99,ConcealPctP99,gini,p90,p99,p999,p9999,gini_total,p90_total,p99_total,p999_total,p9999_total,welfare,welfare0,approval,approval0,conceal_share_e,conceal_share_n,evasion_share_e,evasion_share_n,conceal_frac_e,conceal_frac_n,evasion_frac_e,evasion_frac_n,shelter_pct_e,shelter_pct_n,detection_rate,detection_revenue,wtax_evasion_elast
67.16566297,2.79242857,2.40220978,0.39021879,30.16005532,263.78542233,55.90322645,1.29166685,0.15518686,0.03530543,0.00000000,0.00000000,0.40000000,0.18587961,0.00000000,8.33457307,0.00000000,2.31088735,9.38401305,0.00295952,1.08919905,0.00000000,0.33065997,51.20804831,25.67199007,56.65116720,0.77413517,0.35821318,0.69333100,0.85333389,0.92847482,0.80544601,0.30815585,0.59804849,0.76126712,0.90336113,-26.37903894,-53.65731965,0.21860392,0.00088343,0.29338957,0.70661043,0.94347441,0.05652559,0.12493375,0.14697481,0.18636805,0.00870667,1.19653238,0.12160194,1.04412782,0.28615291,-inf
