Y,A,A_rep,A_hid,L,Q,K,W,P,r,taua,abar,tauk,taul,WtaxRev,KtaxRev,WtaxRev_lost,KtaxRev_lost,G,lump_sum,ylbar,WtaxPct,ShelterPct,ShelterPctP99,TaxEvasionP99,ConcealPctP99,gini,p90,p99,p999,p9999,gini_total,p90_total,p99_total,p999_total,p9999_total,welfare,welfare0,approval,approval0,conceal_share_e,conceal_share_n,evasion_share_e,evasion_share_n,conceal_frac_e,conceal_frac_n,evasion_frac_e,evasion_frac_n,shelter_pct_e,shelter_pct_n,detection_rate,detection_revenue,wtax_evasion_elast
68.73212916,2.99691824,2.99691824,0.00000000,30.11917081,281.63045828,56.67842979,1.32381454,0.14967008,0.03609944,0.00000000,0.00000000,0.23333333,0.18594775,0.00000000,6.30054629,0.00000000,0.00000000,9.18363957,0.00000000,1.01507976,0.00000000,0.00000000,0.00000000,0.00000000,0.00000000,0.77950949,0.33764289,0.63573828,0.80001667,0.91848469,0.77950949,0.33764289,0.63573828,0.80001667,0.91848469,-inf,-inf,0.00000000,0.00000000,-nan,-nan,-nan,-nan,0.00000000,0.00000000,0.00000000,0.00000000,0.00000000,0.00000000,nan,0.00000000,-nan
