Y,A,A_rep,A_hid,L,Q,K,W,P,r,taua,abar,tauk,taul,WtaxRev,KtaxRev,WtaxRev_lost,KtaxRev_lost,G,lump_sum,ylbar,WtaxPct,ShelterPct,ShelterPctP99,TaxEvasionP99,ConcealPctP99,gini,p90,p99,p999,p9999,gini_total,p90_total,p99_total,p999_total,p9999_total,welfare,welfare0,approval,approval0,conceal_share_e,conceal_share_n,evasion_share_e,evasion_share_n,conceal_frac_e,conceal_frac_n,evasion_frac_e,evasion_frac_n,shelter_pct_e,shelter_pct_n,detection_rate,detection_revenue,wtax_evasion_elast
68.10828779,2.73464603,1.87821082,0.85643522,30.28649144,275.28182221,53.29346958,1.30430677,0.15143502,0.04073712,0.01714286,0.00000000,0.25000000,0.18593134,3.21978990,5.46683137,1.46817463,0.73846878,9.26471875,0.01141676,1.08954006,86.12428531,0.39072759,92.24155045,13.40712086,66.36230418,0.79517548,0.33679020,0.72676549,0.88700097,0.93368588,0.85873076,0.23131440,0.49920673,0.71098721,0.88616013,-26.22489405,-52.50296700,0.23672862,0.00901815,0.27694952,0.72305048,0.49676279,0.50323721,0.25111278,0.34592944,0.10953237,0.06525955,0.76592279,0.30013969,0.23128445,0.00000000,31.82813052
