Y,A,A_rep,A_hid,L,Q,K,W,P,r,taua,abar,tauk,taul,WtaxRev,KtaxRev,WtaxRev_lost,KtaxRev_lost,G,lump_sum,ylbar,WtaxPct,ShelterPct,ShelterPctP99,TaxEvasionP99,ConcealPctP99,gini,p90,p99,p999,p9999,gini_total,p90_total,p99_total,p999_total,p9999_total,welfare,welfare0,approval,approval0,conceal_share_e,conceal_share_n,evasion_share_e,evasion_share_n,conceal_frac_e,conceal_frac_n,evasion_frac_e,evasion_frac_n,shelter_pct_e,shelter_pct_n,detection_rate,detection_revenue,wtax_evasion_elast
62.77623088,2.56057422,1.86616184,0.69441239,30.47983949,217.95686027,50.51610584,1.19448560,0.17220834,0.03822480,0.00000000,0.00000000,0.54999999,0.18031296,0.00000000,9.85561070,0.00000000,4.70057387,9.29156816,0.00000000,1.08952447,0.00000000,0.62563619,69.09371948,42.33804687,65.19306144,0.78766703,0.35045895,0.71941441,0.86556147,0.92657464,0.84453887,0.25541888,0.52827016,0.72104084,0.89240487,-29.74614914,-60.96159987,0.00451724,0.00126746,0.33843198,0.66156802,0.96104549,0.03895451,0.27443732,0.26956432,0.29732906,0.01216988,2.19607226,0.24646686,0.38911851,0.47329931,-inf
