Y,A,A_rep,A_hid,L,Q,K,W,P,r,taua,abar,tauk,taul,WtaxRev,KtaxRev,WtaxRev_lost,KtaxRev_lost,G,lump_sum,ylbar,WtaxPct,ShelterPct,ShelterPctP99,TaxEvasionP99,ConcealPctP99,gini,p90,p99,p999,p9999,gini_total,p90_total,p99_total,p999_total,p9999_total,welfare,welfare0,approval,approval0,conceal_share_e,conceal_share_n,evasion_share_e,evasion_share_n,conceal_frac_e,conceal_frac_n,evasion_frac_e,evasion_frac_n,shelter_pct_e,shelter_pct_n,detection_rate,detection_revenue,wtax_evasion_elast
72.60097574,3.06785962,2.92717506,0.14068456,30.13837661,321.12444273,63.96939766,1.39717490,0.14052772,0.03058026,0.00000000,0.00000000,0.27368421,0.18603831,0.00000000,6.47198122,0.00000000,0.70543309,9.36881528,0.00070791,1.08945147,0.00000000,0.13034582,37.67793960,8.20109449,33.53532887,0.77683468,0.34341662,0.64730448,0.80732575,0.91741177,0.78701601,0.32766837,0.61772373,0.77600190,0.90386847,-24.09138192,-48.43910841,0.24855750,0.00084888,0.31914464,0.68085536,0.92430265,0.07569735,0.04485732,0.04634193,0.07347282,0.00370280,0.50262861,0.04046110,0.61827271,0.05674300,-inf
