Y,A,A_rep,A_hid,L,Q,K,W,P,r,taua,abar,tauk,taul,WtaxRev,KtaxRev,WtaxRev_lost,KtaxRev_lost,G,lump_sum,ylbar,WtaxPct,ShelterPct,ShelterPctP99,TaxEvasionP99,ConcealPctP99,gini,p90,p99,p999,p9999,gini_total,p90_total,p99_total,p999_total,p9999_total,welfare,welfare0,approval,approval0,conceal_share_e,conceal_share_n,evasion_share_e,evasion_share_n,conceal_frac_e,conceal_frac_n,evasion_frac_e,evasion_frac_n,shelter_pct_e,shelter_pct_n,detection_rate,detection_revenue,wtax_evasion_elast
59.73879186,2.39204713,1.53560998,0.85643715,30.62356964,191.04053984,46.25356804,1.13141826,0.18452830,0.04169879,0.00000000,0.00000000,0.65263157,0.18503417,0.00000000,10.90598587,0.00000000,6.29748935,9.29156816,0.00120775,1.08952447,0.00000000,0.80913646,60.41282648,44.41966051,68.10635308,0.81266188,0.31851742,0.70948153,0.84249268,0.91347940,0.87863464,0.20448168,0.46134127,0.68269742,0.87826288,-32.12258914,-66.18142645,0.08264943,0.00186559,0.33730017,0.66269983,0.96346371,0.03653629,0.35690452,0.35861350,0.34185533,0.01495879,2.78489794,0.33210452,0.32651426,0.60715790,-inf
