Y,A,A_rep,A_hid,L,Q,K,W,P,r,taua,abar,tauk,taul,WtaxRev,KtaxRev,WtaxRev_lost,KtaxRev_lost,G,lump_sum,ylbar,WtaxPct,ShelterPct,ShelterPctP99,TaxEvasionP99,ConcealPctP99,gini,p90,p99,p999,p9999,gini_total,p90_total,p99_total,p999_total,p9999_total,welfare,welfare0,approval,approval0,conceal_share_e,conceal_share_n,evasion_share_e,evasion_share_n,conceal_frac_e,conceal_frac_n,evasion_frac_e,evasion_frac_n,shelter_pct_e,shelter_pct_n,detection_rate,detection_revenue,wtax_evasion_elast
152.08976578,2.48396056,1.36660160,1.11735896,31.06173354,2497.64712871,70.00833754,2.84073950,0.04648174,0.10429202,0.00000000,0.00000000,0.69999999,0.18345162,0.00000000,6.11150924,0.00000000,6.30506909,22.31094916,-0.04962954,2.50702088,0.00000000,7.61352193,15.00733165,43.42464373,11.00359381,0.78081687,0.39765087,0.76015362,0.79096576,0.85781576,0.84925476,0.24479327,0.72705636,0.85145686,0.91998875,-8.85475462,-16.65687644,0.03165000,0.01631054,0.20399365,0.79600635,0.35692152,0.64307848,0.41484189,0.45976694,0.28494830,0.19989657,8.09831726,7.49647194,1.35803368,1.71699973,-inf
