Y,A,A_rep,A_hid,L,Q,K,W,P,r,taua,abar,tauk,taul,WtaxRev,KtaxRev,WtaxRev_lost,KtaxRev_lost,G,lump_sum,ylbar,WtaxPct,ShelterPct,ShelterPctP99,TaxEvasionP99,ConcealPctP99,gini,p90,p99,p999,p9999,gini_total,p90_total,p99_total,p999_total,p9999_total,welfare,welfare0,approval,approval0,conceal_share_e,conceal_share_n,evasion_share_e,evasion_share_n,conceal_frac_e,conceal_frac_n,evasion_frac_e,evasion_frac_n,shelter_pct_e,shelter_pct_n,detection_rate,detection_revenue,wtax_evasion_elast
77.57293131,3.28855312,3.27304575,0.01550737,30.30300669,375.99161139,71.62098171,1.48473599,0.13027824,0.02689973,0.00000000,0.00000000,0.18333333,0.18595981,0.00000000,4.65019351,0.00000000,0.02772756,9.38401305,-0.00545491,1.08919905,0.00000000,0.01069613,1.50470865,0.19166595,8.93300785,0.78109529,0.33303562,0.61109554,0.77175596,0.90343785,0.78212634,0.33146517,0.60821388,0.76814584,0.90099490,-22.91671042,-45.57924725,0.67400562,0.98597017,0.18626773,0.81373227,0.29287632,0.70712368,0.00269437,0.00569315,0.00116396,0.00141635,0.01576805,0.00947156,0.32169934,0.00177785,inf
