Y,A,A_rep,A_hid,L,Q,K,W,P,r,taua,abar,tauk,taul,WtaxRev,KtaxRev,WtaxRev_lost,KtaxRev_lost,G,lump_sum,ylbar,WtaxPct,ShelterPct,ShelterPctP99,TaxEvasionP99,ConcealPctP99,gini,p90,p99,p999,p9999,gini_total,p90_total,p99_total,p999_total,p9999_total,welfare,welfare0,approval,approval0,conceal_share_e,conceal_share_n,evasion_share_e,evasion_share_n,conceal_frac_e,conceal_frac_n,evasion_frac_e,evasion_frac_n,shelter_pct_e,shelter_pct_n,detection_rate,detection_revenue,wtax_evasion_elast
76.66110929,3.24893773,3.22279689,0.02614084,30.26996205,365.60477765,70.20075964,1.46887544,0.13203319,0.02753269,0.00000000,0.00000000,0.20000000,0.18597753,0.00000000,4.98722230,0.00000000,0.14953181,9.38401305,-0.00421206,1.08919905,0.00000000,0.02193487,16.08096099,4.72601689,9.95101470,0.78106276,0.33362927,0.61520813,0.77620997,0.90488801,0.78282038,0.33094490,0.61025821,0.77038302,0.90122683,-23.10959888,-46.05244510,0.67194079,0.98509912,0.36462631,0.63537369,0.82277858,0.17722142,0.00899809,0.00758535,0.01681233,0.00189883,0.05755603,0.01333442,0.07213479,0.00238452,inf
