Y,A,A_rep,A_hid,L,Q,K,W,P,r,taua,abar,tauk,taul,WtaxRev,KtaxRev,WtaxRev_lost,KtaxRev_lost,G,lump_sum,ylbar,WtaxPct,ShelterPct,ShelterPctP99,TaxEvasionP99,ConcealPctP99,gini,p90,p99,p999,p9999,gini_total,p90_total,p99_total,p999_total,p9999_total,welfare,welfare0,approval,approval0,conceal_share_e,conceal_share_n,evasion_share_e,evasion_share_n,conceal_frac_e,conceal_frac_n,evasion_frac_e,evasion_frac_n,shelter_pct_e,shelter_pct_n,detection_rate,detection_revenue,wtax_evasion_elast
81.03122521,3.43193344,3.43186091,0.00007253,30.57710534,413.04205343,77.49473289,1.53702849,0.12504918,0.02423973,0.00000000,0.00000000,0.12500000,0.18562446,0.00000000,3.10486241,0.00000000,0.00021026,9.54610830,-0.01974884,1.09207376,0.00000000,0.00002175,0.02208534,0.00427438,5.75604566,0.77695290,0.33358132,0.60365415,0.76443511,0.89984482,0.77695750,0.33357427,0.60364139,0.76441895,0.89982872,-22.98764735,-45.49531711,0.56065370,0.93961463,0.08467160,0.91532840,0.00006741,0.99993259,0.00000547,0.00002874,0.00000000,0.00001569,0.00000357,0.00002614,0.09080858,0.00000468,inf
