Y,A,A_rep,A_hid,L,Q,K,W,P,r,taua,abar,tauk,taul,WtaxRev,KtaxRev,WtaxRev_lost,KtaxRev_lost,G,lump_sum,ylbar,WtaxPct,ShelterPct,ShelterPctP99,TaxEvasionP99,ConcealPctP99,gini,p90,p99,p999,p9999,gini_total,p90_total,p99_total,p999_total,p9999_total,welfare,welfare0,approval,approval0,conceal_share_e,conceal_share_n,evasion_share_e,evasion_share_n,conceal_frac_e,conceal_frac_n,evasion_frac_e,evasion_frac_n,shelter_pct_e,shelter_pct_n,detection_rate,detection_revenue,wtax_evasion_elast
59.12436512,2.09105419,0.54025024,1.55080395,31.53093883,185.51856035,36.39157285,1.08756859,0.18751780,0.06535148,0.09333333,0.00000000,0.25000000,0.18306298,5.04233545,4.44956184,14.47416992,0.89628112,9.26471875,-0.02390742,1.08954006,54.56626513,1.42181211,96.88893085,24.35015336,71.92754197,0.92051651,0.12134100,0.59338055,0.63975149,0.78953494,0.97550109,0.03134998,0.19485530,0.55248272,0.84073474,-39.46682548,-80.90534249,0.00509165,0.00408112,0.30821540,0.69178460,0.34364833,0.65635167,0.60305539,0.82623033,0.33379017,0.40374548,2.38898751,1.18829528,0.06744124,0.00000000,19.81447064
