Y,A,A_rep,A_hid,L,Q,K,W,P,r,taua,abar,tauk,taul,WtaxRev,KtaxRev,WtaxRev_lost,KtaxRev_lost,G,lump_sum,ylbar,WtaxPct,ShelterPct,ShelterPctP99,TaxEvasionP99,ConcealPctP99,gini,p90,p99,p999,p9999,gini_total,p90_total,p99_total,p999_total,p9999_total,welfare,welfare0,approval,approval0,conceal_share_e,conceal_share_n,evasion_share_e,evasion_share_n,conceal_frac_e,conceal_frac_n,evasion_frac_e,evasion_frac_n,shelter_pct_e,shelter_pct_n,detection_rate,detection_revenue,wtax_evasion_elast
58.46997198,2.07893813,2.07893813,0.00000000,29.84913635,185.88424554,48.21593957,1.13613219,0.18511422,0.03609944,0.00000000,0.00000000,0.48684210,0.18620201,0.00000000,13.29804201,0.00000000,0.00000000,9.18363957,0.02663936,1.01507976,0.00000000,0.00000000,0.00000000,0.00000000,0.00000000,0.83338876,0.27737480,0.61161415,0.78766676,0.90943164,0.83338876,0.27737480,0.61161415,0.78766676,0.90943164,-26.79147515,-53.22824108,0.32126244,0.01237928,-nan,-nan,-nan,-nan,0.00000000,0.00000000,0.00000000,0.00000000,0.00000000,0.00000000,nan,0.00000000,-inf
