Y,A,A_rep,A_hid,L,Q,K,W,P,r,taua,abar,tauk,taul,WtaxRev,KtaxRev,WtaxRev_lost,KtaxRev_lost,G,lump_sum,ylbar,WtaxPct,ShelterPct,ShelterPctP99,TaxEvasionP99,ConcealPctP99,gini,p90,p99,p999,p9999,gini_total,p90_total,p99_total,p999_total,p9999_total,welfare,welfare0,approval,approval0,conceal_share_e,conceal_share_n,evasion_share_e,evasion_share_n,conceal_frac_e,conceal_frac_n,evasion_frac_e,evasion_frac_n,shelter_pct_e,shelter_pct_n,detection_rate,detection_revenue,wtax_evasion_elast
76.81119840,3.36889900,3.36889900,0.00000000,30.65364555,360.35331688,69.91825997,1.45334791,0.13402741,0.02799946,0.00000000,0.00000000,0.09999999,0.18525091,0.00000000,2.51558710,0.00000000,0.00000000,9.18363957,-0.02756497,1.01507976,0.00000000,0.00000000,0.00000000,0.00000000,0.00000000,0.76838706,0.34308202,0.62141367,0.78725770,0.91310143,0.76838706,0.34308202,0.62141367,0.78725770,0.91310143,-23.42762690,-45.24801248,0.46658342,0.74521374,-nan,-nan,-nan,-nan,0.00000000,0.00000000,0.00000000,0.00000000,0.00000000,0.00000000,nan,0.00000000,inf
