Y,A,A_rep,A_hid,L,Q,K,W,P,r,taua,abar,tauk,taul,WtaxRev,KtaxRev,WtaxRev_lost,KtaxRev_lost,G,lump_sum,ylbar,WtaxPct,ShelterPct,ShelterPctP99,TaxEvasionP99,ConcealPctP99,gini,p90,p99,p999,p9999,gini_total,p90_total,p99_total,p999_total,p9999_total,welfare,welfare0,approval,approval0,conceal_share_e,conceal_share_n,evasion_share_e,evasion_share_n,conceal_frac_e,conceal_frac_n,evasion_frac_e,evasion_frac_n,shelter_pct_e,shelter_pct_n,detection_rate,detection_revenue,wtax_evasion_elast
63.91752592,2.51916349,2.51916349,0.00000000,29.96260064,234.14855342,52.70843731,1.23728703,0.16440131,0.03609944,0.00000000,0.00000000,0.36842105,0.18612651,0.00000000,9.92704852,0.00000000,0.00000000,9.18363957,0.01688595,1.01507976,0.00000000,0.00000000,0.00000000,0.00000000,0.00000000,0.80851480,0.30670989,0.62173700,0.79237390,0.91311005,0.80851480,0.30670989,0.62173700,0.79237390,0.91311005,-24.94031850,-49.03703663,0.38794564,0.13669548,-nan,-nan,-nan,-nan,0.00000000,0.00000000,0.00000000,0.00000000,0.00000000,0.00000000,nan,0.00000000,-inf
