Y,A,A_rep,A_hid,L,Q,K,W,P,r,taua,abar,tauk,taul,WtaxRev,KtaxRev,WtaxRev_lost,KtaxRev_lost,G,lump_sum,ylbar,WtaxPct,ShelterPct,ShelterPctP99,TaxEvasionP99,ConcealPctP99,gini,p90,p99,p999,p9999,gini_total,p90_total,p99_total,p999_total,p9999_total,welfare,welfare0,approval,approval0,conceal_share_e,conceal_share_n,evasion_share_e,evasion_share_n,conceal_frac_e,conceal_frac_n,evasion_frac_e,evasion_frac_n,shelter_pct_e,shelter_pct_n,detection_rate,detection_revenue,wtax_evasion_elast
83.63694354,3.54552436,3.54552436,0.00000000,30.72752466,443.30532372,82.13267906,1.57868809,0.12111245,0.02230000,0.00000000,0.00000000,0.07499999,0.18548153,0.00000000,1.82047728,0.00000000,0.00000000,9.38401305,-0.02735390,1.08919905,0.00000000,0.00000000,0.00000000,0.00000000,0.00000000,0.77442782,0.33320802,0.59892869,0.76067885,0.89840235,0.77442782,0.33320802,0.59892869,0.76067885,0.89840235,-22.81658059,-44.92012378,0.55792553,0.93455701,-nan,-nan,-nan,-nan,0.00000000,0.00000000,0.00000000,0.00000000,0.00000000,0.00000000,-nan,0.00000000,inf
