Y,A,A_rep,A_hid,L,Q,K,W,P,r,taua,abar,tauk,taul,WtaxRev,KtaxRev,WtaxRev_lost,KtaxRev_lost,G,lump_sum,ylbar,WtaxPct,ShelterPct,ShelterPctP99,TaxEvasionP99,ConcealPctP99,gini,p90,p99,p999,p9999,gini_total,p90_total,p99_total,p999_total,p9999_total,welfare,welfare0,approval,approval0,conceal_share_e,conceal_share_n,evasion_share_e,evasion_share_n,conceal_frac_e,conceal_frac_n,evasion_frac_e,evasion_frac_n,shelter_pct_e,shelter_pct_n,detection_rate,detection_revenue,wtax_evasion_elast
151.86072327,2.50829754,1.76434839,0.74394915,30.59535935,2544.88494565,71.31008863,2.88130079,0.04566214,0.10133504,0.02666667,0.00000000,0.25000000,0.18478492,4.70492893,5.02413439,1.98386437,0.31422088,22.31094916,0.01830946,2.50702088,86.30621685,3.28269719,78.67369387,4.53322283,8.55724885,0.71707312,0.46829006,0.73032575,0.73461015,0.82174275,0.79328486,0.32947928,0.66987639,0.77653987,0.86480661,-7.37834668,-14.12295304,0.15139957,0.00771674,0.20744334,0.79255666,0.21214348,0.78785652,0.26151501,0.30738775,0.07223562,0.08508870,3.41369956,3.25106770,0.44304626,0.26788136,24.07295296
