Y,A,A_rep,A_hid,L,Q,K,W,P,r,taua,abar,tauk,taul,WtaxRev,KtaxRev,WtaxRev_lost,KtaxRev_lost,G,lump_sum,ylbar,WtaxPct,ShelterPct,ShelterPctP99,TaxEvasionP99,ConcealPctP99,gini,p90,p99,p999,p9999,gini_total,p90_total,p99_total,p999_total,p9999_total,welfare,welfare0,approval,approval0,conceal_share_e,conceal_share_n,evasion_share_e,evasion_share_n,conceal_frac_e,conceal_frac_n,evasion_frac_e,evasion_frac_n,shelter_pct_e,shelter_pct_n,detection_rate,detection_revenue,wtax_evasion_elast
61.58074439,2.25710772,0.88891943,1.36818829,31.15082384,208.23720791,40.40061168,1.14657239,0.17602150,0.05822140,0.05789474,0.00000000,0.25000000,0.18419622,5.14637570,4.87843273,7.92109024,0.80218820,9.72119818,-0.01191944,1.09364538,70.02254735,0.98110595,96.77942670,23.42228948,72.42290596,0.86717153,0.22565377,0.73725084,0.79629389,0.87427202,0.94520144,0.08886949,0.29655443,0.60660500,0.85301429,-34.54544889,-70.22267595,0.00420764,0.00297962,0.30882295,0.69117705,0.36470480,0.63529520,0.50488039,0.66585460,0.24026193,0.25798587,1.58801938,0.83457152,0.09092950,0.23665538,24.10868803
