Y,A,A_rep,A_hid,L,Q,K,W,P,r,taua,abar,tauk,taul,WtaxRev,KtaxRev,WtaxRev_lost,KtaxRev_lost,G,lump_sum,ylbar,WtaxPct,ShelterPct,ShelterPctP99,TaxEvasionP99,ConcealPctP99,gini,p90,p99,p999,p9999,gini_total,p90_total,p99_total,p999_total,p9999_total,welfare,welfare0,approval,approval0,conceal_share_e,conceal_share_n,evasion_share_e,evasion_share_n,conceal_frac_e,conceal_frac_n,evasion_frac_e,evasion_frac_n,shelter_pct_e,shelter_pct_n,detection_rate,detection_revenue,wtax_evasion_elast
69.42596288,3.03354780,3.03354780,0.00000000,30.07346906,289.69097280,57.57600008,1.33900915,0.14744258,0.03561616,0.00000000,0.00000000,0.22631579,0.19352270,0.00000000,6.07145531,0.00000000,0.00000000,9.18363957,0.00000000,1.01507976,0.00000000,0.00000000,0.00000000,0.00000000,0.00000000,0.78092326,0.33410849,0.62790280,0.79442547,0.91624865,0.78092326,0.33410849,0.62790280,0.79442547,0.91624865,-23.62719242,-46.32209020,0.98950942,0.99364609,-nan,-nan,-nan,-nan,0.00000000,0.00000000,0.00000000,0.00000000,0.00000000,0.00000000,nan,0.00000000,inf
