Y,A,A_rep,A_hid,L,Q,K,W,P,r,taua,abar,tauk,taul,WtaxRev,KtaxRev,WtaxRev_lost,KtaxRev_lost,G,lump_sum,ylbar,WtaxPct,ShelterPct,ShelterPctP99,TaxEvasionP99,ConcealPctP99,gini,p90,p99,p999,p9999,gini_total,p90_total,p99_total,p999_total,p9999_total,welfare,welfare0,approval,approval0,conceal_share_e,conceal_share_n,evasion_share_e,evasion_share_n,conceal_frac_e,conceal_frac_n,evasion_frac_e,evasion_frac_n,shelter_pct_e,shelter_pct_n,detection_rate,detection_revenue,wtax_evasion_elast
56.19376337,0.84877315,0.84877315,0.00000000,29.98834713,165.95224125,46.33901644,1.08683650,0.19702869,0.03609944,0.13333334,0.00000000,0.25000000,0.18529549,11.31697584,6.20657682,0.00000000,0.00000000,9.18363957,0.05599237,1.01507976,29.34468334,0.00000000,0.00000000,0.00000000,0.00000000,0.98742897,0.01039288,0.12852316,0.29391612,0.56646888,0.98742897,0.01039288,0.12852316,0.29391612,0.56646888,-27.46216294,-53.23412555,0.31951958,0.16953587,-nan,-nan,-nan,-nan,0.00000000,0.00000000,0.00000000,0.00000000,0.00000000,0.00000000,nan,0.00000000,10.22327132
