Y,A,A_rep,A_hid,L,Q,K,W,P,r,taua,abar,tauk,taul,WtaxRev,KtaxRev,WtaxRev_lost,KtaxRev_lost,G,lump_sum,ylbar,WtaxPct,ShelterPct,ShelterPctP99,TaxEvasionP99,ConcealPctP99,gini,p90,p99,p999,p9999,gini_total,p90_total,p99_total,p999_total,p9999_total,welfare,welfare0,approval,approval0,conceal_share_e,conceal_share_n,evasion_share_e,evasion_share_n,conceal_frac_e,conceal_frac_n,evasion_frac_e,evasion_frac_n,shelter_pct_e,shelter_pct_n,detection_rate,detection_revenue,wtax_evasion_elast
58.34497892,0.99104363,0.99104363,0.00000000,30.07852887,182.48907595,48.11260625,1.12505164,0.18780760,0.03609944,0.10000000,0.00000000,0.25000000,0.18544920,9.91043672,6.13794512,0.00000000,0.00000000,9.18363957,0.05359592,1.01507976,38.03989472,0.00000000,0.00000000,0.00000000,0.00000000,0.98104873,0.02046631,0.17518198,0.36492295,0.63568415,0.98104873,0.02046631,0.17518198,0.36492295,0.63568415,-26.76167438,-51.60431925,0.34787973,0.18459030,-nan,-nan,-nan,-nan,0.00000000,0.00000000,0.00000000,0.00000000,0.00000000,0.00000000,nan,0.00000000,12.05788167
