Y,A,A_rep,A_hid,L,Q,K,W,P,r,taua,abar,tauk,taul,WtaxRev,KtaxRev,WtaxRev_lost,KtaxRev_lost,G,lump_sum,ylbar,WtaxPct,ShelterPct,ShelterPctP99,TaxEvasionP99,ConcealPctP99,gini,p90,p99,p999,p9999,gini_total,p90_total,p99_total,p999_total,p9999_total,welfare,welfare0,approval,approval0,conceal_share_e,conceal_share_n,evasion_share_e,evasion_share_n,conceal_frac_e,conceal_frac_n,evasion_frac_e,evasion_frac_n,shelter_pct_e,shelter_pct_n,detection_rate,detection_revenue,wtax_evasion_elast
57.11694712,0.90489711,0.90489711,0.00000000,30.02513964,172.95233305,47.09991030,1.10332951,0.19295399,0.03609944,0.11842105,0.00000000,0.25000000,0.18535171,10.71588677,6.17354647,0.00000000,0.00000000,9.18363957,0.05507936,1.01507976,32.47955472,0.00000000,0.00000000,0.00000000,0.00000000,0.98517708,0.01378776,0.14643966,0.32236691,0.59549347,0.98517708,0.01378776,0.14643966,0.32236691,0.59549347,-27.15026141,-52.50768565,0.33225492,0.17572861,-nan,-nan,-nan,-nan,0.00000000,0.00000000,0.00000000,0.00000000,0.00000000,0.00000000,nan,0.00000000,10.96974398
