Y,A,A_rep,A_hid,L,Q,K,W,P,r,taua,abar,tauk,taul,WtaxRev,KtaxRev,WtaxRev_lost,KtaxRev_lost,G,lump_sum,ylbar,WtaxPct,ShelterPct,ShelterPctP99,TaxEvasionP99,ConcealPctP99,gini,p90,p99,p999,p9999,gini_total,p90_total,p99_total,p999_total,p9999_total,welfare,welfare0,approval,approval0,conceal_share_e,conceal_share_n,evasion_share_e,evasion_share_n,conceal_frac_e,conceal_frac_n,evasion_frac_e,evasion_frac_n,shelter_pct_e,shelter_pct_n,detection_rate,detection_revenue,wtax_evasion_elast
73.23387024,3.56311237,3.56311237,0.00000000,30.24534825,331.13654025,60.39089218,1.40437385,0.13788992,0.03609944,0.00000000,0.00000000,0.12368421,0.18547396,0.00000000,3.40050482,0.00000000,0.00000000,9.18363957,-0.02588467,1.01507976,0.00000000,0.00000000,0.00000000,0.00000000,0.00000000,0.74519319,0.37148959,0.65316817,0.81040006,0.92553003,0.74519319,0.37148959,0.65316817,0.81040006,0.92553003,-23.31577351,-46.13345686,0.46879615,0.77552636,-nan,-nan,-nan,-nan,0.00000000,0.00000000,0.00000000,0.00000000,0.00000000,0.00000000,nan,0.00000000,inf
