Y,A,A_rep,A_hid,L,Q,K,W,P,r,taua,abar,tauk,taul,WtaxRev,KtaxRev,WtaxRev_lost,KtaxRev_lost,G,lump_sum,ylbar,WtaxPct,ShelterPct,ShelterPctP99,TaxEvasionP99,ConcealPctP99,gini,p90,p99,p999,p9999,gini_total,p90_total,p99_total,p999_total,p9999_total,welfare,welfare0,approval,approval0,conceal_share_e,conceal_share_n,evasion_share_e,evasion_share_n,conceal_frac_e,conceal_frac_n,evasion_frac_e,evasion_frac_n,shelter_pct_e,shelter_pct_n,detection_rate,detection_revenue,wtax_evasion_elast
70.47231576,3.20389779,3.20389779,0.00000000,30.15736109,300.37944306,58.11345465,1.35535583,0.14485750,0.03609944,0.00000000,0.00000000,0.20263158,0.18573672,0.00000000,5.49903328,0.00000000,0.00000000,9.18363957,-0.00874564,1.01507976,0.00000000,0.00000000,0.00000000,0.00000000,0.00000000,0.76657799,0.35216994,0.64289894,0.80384589,0.92108275,0.76657799,0.35216994,0.64289894,0.80384589,0.92108275,-23.60887797,-46.39952961,0.49568001,0.78025201,-nan,-nan,-nan,-nan,0.00000000,0.00000000,0.00000000,0.00000000,0.00000000,0.00000000,nan,0.00000000,inf
