Y,A,A_rep,A_hid,L,Q,K,W,P,r,taua,abar,tauk,taul,WtaxRev,KtaxRev,WtaxRev_lost,KtaxRev_lost,G,lump_sum,ylbar,WtaxPct,ShelterPct,ShelterPctP99,TaxEvasionP99,ConcealPctP99,gini,p90,p99,p999,p9999,gini_total,p90_total,p99_total,p999_total,p9999_total,welfare,welfare0,approval,approval0,conceal_share_e,conceal_share_n,evasion_share_e,evasion_share_n,conceal_frac_e,conceal_frac_n,evasion_frac_e,evasion_frac_n,shelter_pct_e,shelter_pct_n,detection_rate,detection_revenue,wtax_evasion_elast
70.51820022,2.88610816,2.46715387,0.41895429,30.11074320,302.82499347,57.02394076,1.35826443,0.14388892,0.03779617,0.00857143,0.00000000,0.25000000,0.18618563,2.11470327,6.39351522,0.35910367,0.10270828,9.72119818,0.01173868,1.09364538,90.52821201,0.10002431,23.79311253,2.61720126,67.03187880,0.78831491,0.33734705,0.66640589,0.84770970,0.92926655,0.81891749,0.28837695,0.56968452,0.74395537,0.89715573,-24.48653777,-49.09069716,0.35363386,0.01423264,0.19599298,0.80400702,0.29384694,0.70615306,0.08574269,0.17466982,0.01478672,0.02045893,0.11395275,0.09666140,0.10046341,0.02360650,32.37694272
