Y,A,A_rep,A_hid,L,Q,K,W,P,r,taua,abar,tauk,taul,WtaxRev,KtaxRev,WtaxRev_lost,KtaxRev_lost,G,lump_sum,ylbar,WtaxPct,ShelterPct,ShelterPctP99,TaxEvasionP99,ConcealPctP99,gini,p90,p99,p999,p9999,gini_total,p90_total,p99_total,p999_total,p9999_total,welfare,welfare0,approval,approval0,conceal_share_e,conceal_share_n,evasion_share_e,evasion_share_n,conceal_frac_e,conceal_frac_n,evasion_frac_e,evasion_frac_n,shelter_pct_e,shelter_pct_n,detection_rate,detection_revenue,wtax_evasion_elast
68.62025406,2.77070306,1.98209025,0.78861282,30.25039331,280.75411109,54.29593918,1.31568952,0.14989608,0.03973240,0.01500000,0.00000000,0.25000000,0.18598847,2.97313530,5.51742527,1.18291920,0.73219379,9.26471875,0.01131209,1.08954006,87.40756084,0.34182540,89.20412038,12.76996077,65.77251875,0.79115392,0.34027764,0.72073235,0.88855360,0.93518097,0.85011667,0.24342594,0.51565176,0.71924126,0.88922743,-25.86327744,-51.78040039,0.25168758,0.01135347,0.27016774,0.72983226,0.52420178,0.47579822,0.22423617,0.31614279,0.10232674,0.05447116,0.69722749,0.25601638,0.26372135,0.00000000,32.35041191
