Y,A,A_rep,A_hid,L,Q,K,W,P,r,taua,abar,tauk,taul,WtaxRev,KtaxRev,WtaxRev_lost,KtaxRev_lost,G,lump_sum,ylbar,WtaxPct,ShelterPct,ShelterPctP99,TaxEvasionP99,ConcealPctP99,gini,p90,p99,p999,p9999,gini_total,p90_total,p99_total,p999_total,p9999_total,welfare,welfare0,approval,approval0,conceal_share_e,conceal_share_n,evasion_share_e,evasion_share_n,conceal_frac_e,conceal_frac_n,evasion_frac_e,evasion_frac_n,shelter_pct_e,shelter_pct_n,detection_rate,detection_revenue,wtax_evasion_elast
67.99645128,2.91559399,2.91559399,0.00000000,30.30114628,272.95353618,54.05046405,1.30148315,0.15234058,0.03931593,0.00526316,0.00000000,0.25000000,0.16148293,1.53452317,6.85674446,0.00000000,0.00000000,9.18363957,0.00000000,1.01507976,92.91382960,0.00000000,0.00000000,0.00000000,0.00000000,0.78474404,0.33483018,0.63890775,0.80024080,0.91821644,0.78474404,0.33483018,0.63890775,0.80024080,0.91821644,-24.40561968,-47.64068519,0.15472120,0.20344976,-nan,-nan,-nan,-nan,0.00000000,0.00000000,0.00000000,0.00000000,0.00000000,0.00000000,nan,0.00000000,7.25256241
