Y,A,A_rep,A_hid,L,Q,K,W,P,r,taua,abar,tauk,taul,WtaxRev,KtaxRev,WtaxRev_lost,KtaxRev_lost,G,lump_sum,ylbar,WtaxPct,ShelterPct,ShelterPctP99,TaxEvasionP99,ConcealPctP99,gini,p90,p99,p999,p9999,gini_total,p90_total,p99_total,p999_total,p9999_total,welfare,welfare0,approval,approval0,conceal_share_e,conceal_share_n,evasion_share_e,evasion_share_n,conceal_frac_e,conceal_frac_n,evasion_frac_e,evasion_frac_n,shelter_pct_e,shelter_pct_n,detection_rate,detection_revenue,wtax_evasion_elast
65.74033682,2.53297736,1.32179413,1.21118323,30.85011732,245.80556087,48.60057585,1.23597093,0.16185643,0.04604040,0.03555555,0.00000000,0.25000000,0.16275128,4.69971237,5.11438948,4.30642915,0.81904871,9.29156816,0.00000000,1.08952447,78.83080958,0.72762740,96.63934707,18.74371857,70.85402633,0.82307125,0.30203890,0.76692432,0.85841920,0.91099007,0.90614426,0.15761422,0.40047205,0.66021849,0.86825486,-29.61125944,-59.17583854,0.00905796,0.00209666,0.31198413,0.68801587,0.41182935,0.58817065,0.41392431,0.51436515,0.18453110,0.16469384,1.28224543,0.59371927,0.13602454,0.21388043,25.90775398
