Y,A,A_rep,A_hid,L,Q,K,W,P,r,taua,abar,tauk,taul,WtaxRev,KtaxRev,WtaxRev_lost,KtaxRev_lost,G,lump_sum,ylbar,WtaxPct,ShelterPct,ShelterPctP99,TaxEvasionP99,ConcealPctP99,gini,p90,p99,p999,p9999,gini_total,p90_total,p99_total,p999_total,p9999_total,welfare,welfare0,approval,approval0,conceal_share_e,conceal_share_n,evasion_share_e,evasion_share_n,conceal_frac_e,conceal_frac_n,evasion_frac_e,evasion_frac_n,shelter_pct_e,shelter_pct_n,detection_rate,detection_revenue,wtax_evasion_elast
58.90556440,1.03595700,1.03595700,0.00000000,30.10364578,186.93698010,48.57514679,1.13491941,0.18554783,0.03609944,0.09210526,0.00000000,0.25000000,0.18550683,9.54170926,6.12585350,0.00000000,0.00000000,9.18363957,0.05285304,1.01507976,40.65603316,0.00000000,0.00000000,0.00000000,0.00000000,0.97840821,0.02569169,0.19109999,0.38640617,0.65474650,0.97840821,0.02569169,0.19109999,0.38640617,0.65474650,-26.58721865,-51.20156976,0.35569980,0.18487958,-nan,-nan,-nan,-nan,0.00000000,0.00000000,0.00000000,0.00000000,0.00000000,0.00000000,nan,0.00000000,12.59008496
