Y,A,A_rep,A_hid,L,Q,K,W,P,r,taua,abar,tauk,taul,WtaxRev,KtaxRev,WtaxRev_lost,KtaxRev_lost,G,lump_sum,ylbar,WtaxPct,ShelterPct,ShelterPctP99,TaxEvasionP99,ConcealPctP99,gini,p90,p99,p999,p9999,gini_total,p90_total,p99_total,p999_total,p9999_total,welfare,welfare0,approval,approval0,conceal_share_e,conceal_share_n,evasion_share_e,evasion_share_n,conceal_frac_e,conceal_frac_n,evasion_frac_e,evasion_frac_n,shelter_pct_e,shelter_pct_n,detection_rate,detection_revenue,wtax_evasion_elast
79.43785755,3.36907277,3.36219617,0.00687660,30.42299402,396.34377768,74.78779692,1.51444086,0.12722923,0.02541433,0.00000000,0.00000000,0.15000000,0.18582771,0.00000000,3.76176163,0.00000000,0.00885473,9.36881528,-0.01145355,1.08945147,0.00000000,0.00274300,0.62615977,0.07128147,8.34185243,0.77958529,0.33254801,0.60641090,0.76737670,0.90198484,0.78003483,0.33186925,0.60517316,0.76581041,0.90032437,-22.81499301,-45.23153405,0.62904385,0.96606027,0.13236179,0.86763821,0.03444275,0.96555725,0.00082741,0.00262950,0.00004838,0.00062884,0.00184033,0.00296094,0.05209199,0.00026849,inf
