Y,A,A_rep,A_hid,L,Q,K,W,P,r,taua,abar,tauk,taul,WtaxRev,KtaxRev,WtaxRev_lost,KtaxRev_lost,G,lump_sum,ylbar,WtaxPct,ShelterPct,ShelterPctP99,TaxEvasionP99,ConcealPctP99,gini,p90,p99,p999,p9999,gini_total,p90_total,p99_total,p999_total,p9999_total,welfare,welfare0,approval,approval0,conceal_share_e,conceal_share_n,evasion_share_e,evasion_share_n,conceal_frac_e,conceal_frac_n,evasion_frac_e,evasion_frac_n,shelter_pct_e,shelter_pct_n,detection_rate,detection_revenue,wtax_evasion_elast
67.18234456,2.92304651,2.92304651,0.00000000,30.15834875,265.11356706,54.71838817,1.29199938,0.15451773,0.03716992,0.00000000,0.00000000,0.29736842,0.17080855,0.00000000,8.14428928,0.00000000,0.00000000,9.18363957,0.00000000,1.01507976,0.00000000,0.00000000,0.00000000,0.00000000,0.00000000,0.77654461,0.34482263,0.65184070,0.81097024,0.92288015,0.77654461,0.34482263,0.65184070,0.81097024,0.92288015,-24.45445192,-48.06614507,0.04218226,0.00000000,-nan,-nan,-nan,-nan,0.00000000,0.00000000,0.00000000,0.00000000,0.00000000,0.00000000,nan,0.00000000,-inf
