Y,A,A_rep,A_hid,L,Q,K,W,P,r,taua,abar,tauk,taul,WtaxRev,KtaxRev,WtaxRev_lost,KtaxRev_lost,G,lump_sum,ylbar,WtaxPct,ShelterPct,ShelterPctP99,TaxEvasionP99,ConcealPctP99,gini,p90,p99,p999,p9999,gini_total,p90_total,p99_total,p999_total,p9999_total,welfare,welfare0,approval,approval0,conceal_share_e,conceal_share_n,evasion_share_e,evasion_share_n,conceal_frac_e,conceal_frac_n,evasion_frac_e,evasion_frac_n,shelter_pct_e,shelter_pct_n,detection_rate,detection_revenue,wtax_evasion_elast
55.51880405,0.81138975,0.81138975,0.00000000,29.96524174,160.90410305,45.78231981,1.07460786,0.20014966,0.03609944,0.14473684,0.00000000,0.25000000,0.18525287,11.74379898,6.23382059,0.00000000,0.00000000,9.18363957,0.05641818,1.01507976,27.73668587,0.00000000,0.00000000,0.00000000,0.00000000,0.98882519,0.00849031,0.11666029,0.27443232,0.54568898,0.98882519,0.00849031,0.11666029,0.27443232,0.54568898,-27.71853279,-53.82687390,0.30850844,0.16632955,-nan,-nan,-nan,-nan,0.00000000,0.00000000,0.00000000,0.00000000,0.00000000,0.00000000,nan,0.00000000,9.72257413
