Y,A,A_rep,A_hid,L,Q,K,W,P,r,taua,abar,tauk,taul,WtaxRev,KtaxRev,WtaxRev_lost,KtaxRev_lost,G,lump_sum,ylbar,WtaxPct,ShelterPct,ShelterPctP99,TaxEvasionP99,ConcealPctP99,gini,p90,p99,p999,p9999,gini_total,p90_total,p99_total,p999_total,p9999_total,welfare,welfare0,approval,approval0,conceal_share_e,conceal_share_n,evasion_share_e,evasion_share_n,conceal_frac_e,conceal_frac_n,evasion_frac_e,evasion_frac_n,shelter_pct_e,shelter_pct_n,detection_rate,detection_revenue,wtax_evasion_elast
75.91004312,3.21887420,3.18948921,0.02938499,30.19993208,358.11777465,68.95886221,1.45787486,0.13319888,0.02815678,0.00000000,0.00000000,0.21052631,0.18605966,0.00000000,5.28030889,0.00000000,0.15593478,9.29156816,-0.00096817,1.08952447,0.00000000,0.03306102,14.74642827,2.38427257,10.81834381,0.78209484,0.33310766,0.61687768,0.77659557,0.90500346,0.78407672,0.33006673,0.61124658,0.77044112,0.90082239,-23.07050215,-46.03373289,0.72918234,0.99581358,0.32992818,0.67007182,0.80510825,0.19489175,0.00924141,0.00907460,0.01665457,0.00216295,0.10523964,0.01563406,0.64613727,0.00920424,inf
