Y,A,A_rep,A_hid,L,Q,K,W,P,r,taua,abar,tauk,taul,WtaxRev,KtaxRev,WtaxRev_lost,KtaxRev_lost,G,lump_sum,ylbar,WtaxPct,ShelterPct,ShelterPctP99,TaxEvasionP99,ConcealPctP99,gini,p90,p99,p999,p9999,gini_total,p90_total,p99_total,p999_total,p9999_total,welfare,welfare0,approval,approval0,conceal_share_e,conceal_share_n,evasion_share_e,evasion_share_n,conceal_frac_e,conceal_frac_n,evasion_frac_e,evasion_frac_n,shelter_pct_e,shelter_pct_n,detection_rate,detection_revenue,wtax_evasion_elast
72.52478113,3.10121946,2.86772686,0.23349260,29.65221686,328.30359427,64.57185949,1.41842854,0.13786670,0.02974464,0.01578947,0.00000000,0.25000000,0.18328548,4.52798985,5.77048441,0.36867253,0.65258108,9.36881528,0.00000000,1.08945147,91.71417721,0.18514613,58.96380655,5.32084458,32.08638911,0.77213528,0.35222791,0.66616909,0.82001886,0.91640730,0.78918414,0.32570847,0.61606228,0.77526356,0.90189934,-inf,-inf,0.00000000,0.00000000,0.20827851,0.79172149,0.58860970,0.41139030,0.04758491,0.08890864,0.06011780,0.02394089,0.54583994,0.09805947,0.72656905,0.22212819,4.93794315
