Y,A,A_rep,A_hid,L,Q,K,W,P,r,taua,abar,tauk,taul,WtaxRev,KtaxRev,WtaxRev_lost,KtaxRev_lost,G,lump_sum,ylbar,WtaxPct,ShelterPct,ShelterPctP99,TaxEvasionP99,ConcealPctP99,gini,p90,p99,p999,p9999,gini_total,p90_total,p99_total,p999_total,p9999_total,welfare,welfare0,approval,approval0,conceal_share_e,conceal_share_n,evasion_share_e,evasion_share_n,conceal_frac_e,conceal_frac_n,evasion_frac_e,evasion_frac_n,shelter_pct_e,shelter_pct_n,detection_rate,detection_revenue,wtax_evasion_elast
71.60627730,3.34511101,3.34511101,0.00000000,30.19276462,312.80298541,59.04823399,1.37554299,0.14191575,0.03609944,0.00000000,0.00000000,0.17105263,0.18563711,0.00000000,4.66232814,0.00000000,0.00000000,9.18363957,-0.01520164,1.01507976,0.00000000,0.00000000,0.00000000,0.00000000,0.00000000,0.75804072,0.36044398,0.64726947,0.80665092,0.92284344,0.75804072,0.36044398,0.64726947,0.80665092,0.92284344,-23.46657343,-46.21451704,0.48560270,0.77930356,-nan,-nan,-nan,-nan,0.00000000,0.00000000,0.00000000,0.00000000,0.00000000,0.00000000,nan,0.00000000,inf
