Y,A,A_rep,A_hid,L,Q,K,W,P,r,taua,abar,tauk,taul,WtaxRev,KtaxRev,WtaxRev_lost,KtaxRev_lost,G,lump_sum,ylbar,WtaxPct,ShelterPct,ShelterPctP99,TaxEvasionP99,ConcealPctP99,gini,p90,p99,p999,p9999,gini_total,p90_total,p99_total,p999_total,p9999_total,welfare,welfare0,approval,approval0,conceal_share_e,conceal_share_n,evasion_share_e,evasion_share_n,conceal_frac_e,conceal_frac_n,evasion_frac_e,evasion_frac_n,shelter_pct_e,shelter_pct_n,detection_rate,detection_revenue,wtax_evasion_elast
64.52592004,2.67446854,2.21082145,0.46364710,30.26094035,236.05430211,52.86762307,1.23599651,0.16464714,0.03659803,0.00000000,0.00000000,0.43947368,0.18553612,0.00000000,9.44841153,0.00000000,2.38080540,9.72119818,-0.00509540,1.09364538,0.00000000,0.31886346,75.98038738,28.94406937,64.33526686,0.76650562,0.36993375,0.73057170,0.89593552,0.94659571,0.80671587,0.30580187,0.60540411,0.77148330,0.91303013,-28.43772497,-58.55248263,0.00701674,0.00085407,0.34387799,0.65612201,0.96719028,0.03280972,0.18064893,0.16977055,0.18122178,0.00518224,1.11808048,0.12589885,0.49510656,0.20772291,-inf
