Y,A,A_rep,A_hid,L,Q,K,W,P,r,taua,abar,tauk,taul,WtaxRev,KtaxRev,WtaxRev_lost,KtaxRev_lost,G,lump_sum,ylbar,WtaxPct,ShelterPct,ShelterPctP99,TaxEvasionP99,ConcealPctP99,gini,p90,p99,p999,p9999,gini_total,p90_total,p99_total,p999_total,p9999_total,welfare,welfare0,approval,approval0,conceal_share_e,conceal_share_n,evasion_share_e,evasion_share_n,conceal_frac_e,conceal_frac_n,evasion_frac_e,evasion_frac_n,shelter_pct_e,shelter_pct_n,detection_rate,detection_revenue,wtax_evasion_elast
66.69605506,2.76759935,2.35379708,0.41380227,30.18226728,258.95315072,55.10493827,1.28165969,0.15668276,0.03593353,0.00000000,0.00000000,0.41578947,0.18585456,0.00000000,8.55624040,0.00000000,2.52292391,9.36881528,0.00319209,1.08945147,0.00000000,0.35628703,58.63717648,28.33356784,55.54414858,0.77606823,0.35626265,0.69263688,0.85027246,0.92612411,0.80926606,0.30299544,0.59091751,0.75432897,0.90049025,-26.64877267,-54.24984066,0.20573673,0.00092951,0.29059284,0.70940716,0.94302564,0.05697436,0.13242038,0.15786548,0.19740150,0.00953374,1.27274261,0.13501610,0.50747729,0.24194285,-inf
