Y,A,A_rep,A_hid,L,Q,K,W,P,r,taua,abar,tauk,taul,WtaxRev,KtaxRev,WtaxRev_lost,KtaxRev_lost,G,lump_sum,ylbar,WtaxPct,ShelterPct,ShelterPctP99,TaxEvasionP99,ConcealPctP99,gini,p90,p99,p999,p9999,gini_total,p90_total,p99_total,p999_total,p9999_total,welfare,welfare0,approval,approval0,conceal_share_e,conceal_share_n,evasion_share_e,evasion_share_n,conceal_frac_e,conceal_frac_n,evasion_frac_e,evasion_frac_n,shelter_pct_e,shelter_pct_n,detection_rate,detection_revenue,wtax_evasion_elast
66.85168233,2.80395723,2.80395723,0.00000000,30.04356326,262.67989561,55.12786385,1.29059402,0.15504383,0.03609944,0.00000000,0.00000000,0.29736842,0.18598971,0.00000000,8.01456658,0.00000000,0.00000000,9.18363957,0.00760893,1.01507976,0.00000000,0.00000000,0.00000000,0.00000000,0.00000000,0.79133190,0.32630330,0.63040848,0.79652993,0.91607184,0.79133190,0.32630330,0.63040848,0.79652993,0.91607184,-24.23074267,-47.53665501,0.47256152,0.21058695,-nan,-nan,-nan,-nan,0.00000000,0.00000000,0.00000000,0.00000000,0.00000000,0.00000000,nan,0.00000000,-inf
