Y,A,A_rep,A_hid,L,Q,K,W,P,r,taua,abar,tauk,taul,WtaxRev,KtaxRev,WtaxRev_lost,KtaxRev_lost,G,lump_sum,ylbar,WtaxPct,ShelterPct,ShelterPctP99,TaxEvasionP99,ConcealPctP99,gini,p90,p99,p999,p9999,gini_total,p90_total,p99_total,p999_total,p9999_total,welfare,welfare0,approval,approval0,conceal_share_e,conceal_share_n,evasion_share_e,evasion_share_n,conceal_frac_e,conceal_frac_n,evasion_frac_e,evasion_frac_n,shelter_pct_e,shelter_pct_n,detection_rate,detection_revenue,wtax_evasion_elast
51.84435305,1.76969630,1.76969630,0.00000000,31.38869411,142.32376203,21.83058869,0.95796867,0.20872369,0.11861215,0.08947369,0.00000000,0.25000000,0.01252852,15.83412500,8.28793735,0.00000000,0.00000000,9.18363957,0.00000000,1.01507976,79.57327689,0.00000000,0.00000000,0.00000000,0.00000000,0.86398842,0.24087848,0.57786397,0.74351924,0.89738497,0.86398842,0.24087848,0.57786397,0.74351924,0.89738497,-34.83785800,-69.85948135,0.01980728,0.00000000,-nan,-nan,-nan,-nan,0.00000000,0.00000000,0.00000000,0.00000000,0.00000000,0.00000000,nan,0.00000000,8.62825043
