Y,A,A_rep,A_hid,L,Q,K,W,P,r,taua,abar,tauk,taul,WtaxRev,KtaxRev,WtaxRev_lost,KtaxRev_lost,G,lump_sum,ylbar,WtaxPct,ShelterPct,ShelterPctP99,TaxEvasionP99,ConcealPctP99,gini,p90,p99,p999,p9999,gini_total,p90_total,p99_total,p999_total,p9999_total,welfare,welfare0,approval,approval0,conceal_share_e,conceal_share_n,evasion_share_e,evasion_share_n,conceal_frac_e,conceal_frac_n,evasion_frac_e,evasion_frac_n,shelter_pct_e,shelter_pct_n,detection_rate,detection_revenue,wtax_evasion_elast
71.68621698,2.98068116,2.58512859,0.39555257,30.12231354,313.33778441,60.64427381,1.38032371,0.14185863,0.03392867,0.00500000,0.00000000,0.25000000,0.18614337,1.29256427,5.84459090,0.19777628,0.59204136,9.29156816,0.00769905,1.08952447,91.75968255,0.15197639,47.38758066,9.15492231,64.08228912,0.77750342,0.34976340,0.67775549,0.85484561,0.93146569,0.80691466,0.30334790,0.58788314,0.75424750,0.89785726,-24.20245157,-48.48862236,0.40986870,0.19166976,0.22593497,0.77406503,0.75246909,0.24753091,0.09061953,0.15351546,0.06707376,0.01285218,0.44896272,0.08027140,0.48867625,0.05987086,35.69514400
