Y,A,A_rep,A_hid,L,Q,K,W,P,r,taua,abar,tauk,taul,WtaxRev,KtaxRev,WtaxRev_lost,KtaxRev_lost,G,lump_sum,ylbar,WtaxPct,ShelterPct,ShelterPctP99,TaxEvasionP99,ConcealPctP99,gini,p90,p99,p999,p9999,gini_total,p90_total,p99_total,p999_total,p9999_total,welfare,welfare0,approval,approval0,conceal_share_e,conceal_share_n,evasion_share_e,evasion_share_n,conceal_frac_e,conceal_frac_n,evasion_frac_e,evasion_frac_n,shelter_pct_e,shelter_pct_n,detection_rate,detection_revenue,wtax_evasion_elast
73.76213914,3.12251401,3.00414131,0.11837270,30.16310383,333.70172106,65.78137634,1.41843557,0.13790911,0.02961390,0.00000000,0.00000000,0.24210526,0.18607899,0.00000000,5.83959833,0.00000000,0.46179980,9.29156816,0.00000000,1.08952447,0.00000000,0.09973883,30.78440975,6.69809338,33.64388173,0.77732954,0.34203793,0.64029141,0.80055179,0.91648046,0.78573419,0.32907147,0.61606267,0.77452644,0.90255333,-inf,-inf,0.00000000,0.00000000,0.31202435,0.68797565,0.91250956,0.08749044,0.03625730,0.03870940,0.05132928,0.00284066,0.38376144,0.03116382,0.68049595,0.03794460,-nan
