Y,A,A_rep,A_hid,L,Q,K,W,P,r,taua,abar,tauk,taul,WtaxRev,KtaxRev,WtaxRev_lost,KtaxRev_lost,G,lump_sum,ylbar,WtaxPct,ShelterPct,ShelterPctP99,TaxEvasionP99,ConcealPctP99,gini,p90,p99,p999,p9999,gini_total,p90_total,p99_total,p999_total,p9999_total,welfare,welfare0,approval,approval0,conceal_share_e,conceal_share_n,evasion_share_e,evasion_share_n,conceal_frac_e,conceal_frac_n,evasion_frac_e,evasion_frac_n,shelter_pct_e,shelter_pct_n,detection_rate,detection_revenue,wtax_evasion_elast
64.56405923,2.48128360,1.21453017,1.26675343,30.68520899,237.43254135,46.65506798,1.22032340,0.16398854,0.04825027,0.03684211,0.00000000,0.25000000,0.18519121,4.47458492,5.02770234,4.66698638,0.83677006,9.26471875,0.00415710,1.08954006,77.10960499,0.76901406,96.65603975,19.19650055,71.51842412,0.83376828,0.28306198,0.75795379,0.84491743,0.90286711,0.91693397,0.13855221,0.37134852,0.64340166,0.86238093,-29.84917162,-59.95681919,0.11155133,0.00239727,0.31068553,0.68931447,0.40552515,0.59447485,0.43673259,0.55260641,0.19015089,0.16905336,1.33988594,0.63118158,0.12915413,0.00000000,27.73109827
