Y,A,A_rep,A_hid,L,Q,K,W,P,r,taua,abar,tauk,taul,WtaxRev,KtaxRev,WtaxRev_lost,KtaxRev_lost,G,lump_sum,ylbar,WtaxPct,ShelterPct,ShelterPctP99,TaxEvasionP99,ConcealPctP99,gini,p90,p99,p999,p9999,gini_total,p90_total,p99_total,p999_total,p9999_total,welfare,welfare0,approval,approval0,conceal_share_e,conceal_share_n,evasion_share_e,evasion_share_n,conceal_frac_e,conceal_frac_n,evasion_frac_e,evasion_frac_n,shelter_pct_e,shelter_pct_n,detection_rate,detection_revenue,wtax_evasion_elast
74.15702877,3.14178973,3.04585523,0.09593450,30.16111330,338.24072425,66.37611412,1.42601292,0.13698226,0.02932109,0.00000000,0.00000000,0.24210526,0.18605610,0.00000000,5.84982890,0.00000000,0.44666207,9.29156816,-0.00003550,1.08952447,0.00000000,0.08582044,28.13944086,6.26878886,31.47388054,0.77846563,0.34010086,0.63498826,0.79450059,0.91489386,0.78520045,0.32971588,0.61563493,0.77388231,0.90192929,-23.58198452,-47.24423330,0.77343984,0.99749292,0.31956990,0.68043010,0.90812522,0.09187478,0.02992554,0.03082987,0.04946655,0.00288339,0.32709443,0.02756674,0.67839725,0.03003161,inf
