Y,A,A_rep,A_hid,L,Q,K,W,P,r,taua,abar,tauk,taul,WtaxRev,KtaxRev,WtaxRev_lost,KtaxRev_lost,G,lump_sum,ylbar,WtaxPct,ShelterPct,ShelterPctP99,TaxEvasionP99,ConcealPctP99,gini,p90,p99,p999,p9999,gini_total,p90_total,p99_total,p999_total,p9999_total,welfare,welfare0,approval,approval0,conceal_share_e,conceal_share_n,evasion_share_e,evasion_share_n,conceal_frac_e,conceal_frac_n,evasion_frac_e,evasion_frac_n,shelter_pct_e,shelter_pct_n,detection_rate,detection_revenue,wtax_evasion_elast
56.84302571,2.24679434,1.25077662,0.99601772,30.80120268,166.73199370,42.78273005,1.07037301,0.19846428,0.04433303,0.00000000,0.00000000,0.74999999,0.19187274,0.00000000,11.69609618,0.00000000,7.96112416,9.29156816,0.00000000,1.08952447,0.00000000,0.95659497,68.20423827,44.99481977,74.24273383,0.84166649,0.27501805,0.68182742,0.82923946,0.89921705,0.91032303,0.15313097,0.38799064,0.65184808,0.86961521,-35.02480164,-72.63683396,0.00763520,0.00226445,0.34139427,0.65860573,0.96529125,0.03470875,0.44209482,0.44393665,0.37837667,0.01767378,3.19790970,0.41544730,0.29006331,0.74248032,-inf
