Y,A,A_rep,A_hid,L,Q,K,W,P,r,taua,abar,tauk,taul,WtaxRev,KtaxRev,WtaxRev_lost,KtaxRev_lost,G,lump_sum,ylbar,WtaxPct,ShelterPct,ShelterPctP99,TaxEvasionP99,ConcealPctP99,gini,p90,p99,p999,p9999,gini_total,p90_total,p99_total,p999_total,p9999_total,welfare,welfare0,approval,approval0,conceal_share_e,conceal_share_n,evasion_share_e,evasion_share_n,conceal_frac_e,conceal_frac_n,evasion_frac_e,evasion_frac_n,shelter_pct_e,shelter_pct_n,detection_rate,detection_revenue,wtax_evasion_elast
72.96838399,3.52582709,3.52582709,0.00000000,30.23668333,328.10086489,60.17154536,1.39967468,0.13853260,0.03609944,0.00000000,0.00000000,0.13157894,0.18550024,0.00000000,3.61152081,0.00000000,0.00000000,9.18363957,-0.02402641,1.01507976,0.00000000,0.00000000,0.00000000,0.00000000,0.00000000,0.74729366,0.36901198,0.65217526,0.80978364,0.92509614,0.74729366,0.36901198,0.65217526,0.80978364,0.92509614,-23.33612896,-46.13131947,0.47287651,0.77694383,-nan,-nan,-nan,-nan,0.00000000,0.00000000,0.00000000,0.00000000,0.00000000,0.00000000,nan,0.00000000,inf
